Iteration,Global SPAI CG,Global SPAI MR,Global SPAI LOMR,Inner-outer MINRES,Inner-outer MR,Inner-outer LOMR
0,1.0,1.0,1.0,1.0,1.0,1.0
1,1.5244234262327638,1.3986934144837966,1.3128460737851684,1.0392976187903902,1.8884958395797045,1.8884958395797045
2,1.3268591890803714,1.138489946901965,1.228320804886889,1.1685902393011598,1.977525723987351,1.977525723987351
3,1.1408679007711349,0.9359888294543169,0.9760028124537962,1.1997243793859322,2.6535853090268455,2.6535853090268455
4,1.2123777421099968,0.6726792866002482,1.1264138697025154,1.1956543809678677,1.8937871504810797,1.8937871504810797
5,0.9325811711444381,0.5364696093291196,0.8565137324463105,0.9274530278598417,1.5209273768862952,1.5209273768862952
6,1.1548915044176333,0.43266489615016646,0.9759616765753356,0.7665773848915438,1.9050490359487395,1.9050490359487395
7,1.126253174478152,0.42911289652526363,0.951402019632346,0.7800953352084046,1.7159682553677653,1.7159682553677653
8,1.397255581451079,0.43443279121096223,0.9365742887981877,0.6548144601883636,1.2407367708700445,1.2407367708700445
9,1.0896560600465217,0.46668177835010527,0.9314963642330206,0.5851999298430155,1.259438924959404,1.259438924959404
10,1.06321634699851,0.4790643177230286,0.8383000997662602,0.580584863994189,1.3763492156761767,1.3763492156761734
11,1.027322165727178,0.5338019286280056,0.8417784419571677,0.5030042815466158,1.263795127139242,1.2637951271392376
12,1.107894693158897,0.5393056953479648,0.8899510311903384,0.42896788494944765,1.1262498030078631,1.126249803007863
13,1.0682740426295465,0.564413259125057,0.9311047467915565,0.4332600373115623,1.1820491873732744,1.1820491873732826
14,1.0342213889223193,0.5107311886942859,0.9130033991337446,0.42864924912170405,1.273879545250526,1.2738795452505225
15,1.0035145503832938,0.46854817850497693,0.8897746424627243,0.385068541602231,1.1958150770004463,1.1958150770004294
16,0.9993745539469682,0.48231997889200257,0.8923306291366194,0.35365419752416993,1.0868198951255403,1.0868198951255226
17,0.8970324801441205,0.46692798423300824,0.8768081305110728,0.37706129272205624,1.1475778445055296,1.147577844505522
18,0.9193360780091604,0.48301401135626315,0.830087617549966,0.3643010807426802,1.161848865213675,1.1618488652136625
19,0.9105552889883426,0.4651593922726761,0.8349984135972615,0.34358089595360575,0.9823724163844975,0.982372416384465
20,0.9587680899076344,0.48922283816146633,0.8027882702848569,0.35167121803615725,0.9036983706362078,0.9036983706361843
21,0.957722594100994,0.4681945614890014,0.7695835813395776,0.3609590104526076,0.973769061008432,0.9737690610084142
22,0.9754675990972489,0.4853249380730377,0.7970341897826833,0.33803102677886576,0.9633693821626772,0.9633693821626467
23,0.9935239900990606,0.46682838793964904,0.7825277748430439,0.3387911253559624,0.8597276065295175,0.8597276065294994
24,0.9939555760471702,0.4866751359017316,0.8052928768161843,0.3515590305020594,0.7833044220740144,0.7833044220740097
25,0.9942776696344946,0.4646207354546097,0.8329863216868423,0.36186528942514007,0.8054669737606944,0.805466973760678
26,0.9929428185748017,0.49068597000970104,0.8360180061037177,0.3465319954010345,0.8518205533809596,0.851820553380997
27,0.9782566981830274,0.4661957616069876,0.8685325742118398,0.3684097262265234,0.8030774383754898,0.8030774383755954
28,0.9376282266566661,0.48737761841950683,0.8155290829472899,0.378358874393061,0.7445887070541702,0.7445887070542869
29,0.9103184254349752,0.46702782191210945,0.8157311787181816,0.3678638765553255,0.7350008568288818,0.7350008568289345
30,0.9243433435740993,0.4853362011179472,0.8148812961370254,0.36351621771812154,0.76072881901595,0.7607288190159999
31,0.9411591009730911,0.4695704435774736,0.8124574261256017,0.39217075282037656,0.7755220796727644,0.7755220796726822
32,0.9192006971754911,0.48289305245226594,0.8079137422438377,0.3852948899827695,0.7366362498091479,0.7366362498087516
33,0.8677788022691666,0.47276731421433255,0.8006594831011966,0.38328000413798863,0.6903100813255822,0.690310081325052
34,0.843699123270616,0.4852147674350851,0.7902964885319904,0.4037042518348833,0.6806472489483328,0.6806472489479819
35,0.8675776325914387,0.47413500057835367,0.7771824940090091,0.4021823370871878,0.6996624812694248,0.6996624812691943
36,0.9016220939942048,0.48274122068693387,0.7632758756765445,0.40057896817222394,0.7178478741828342,0.717847874182631
37,0.9086860238559514,0.48077807711586384,0.7526950335843725,0.40328541488153263,0.716022911579991,0.7160229115798783
38,0.884833085365332,0.4842754940526995,0.7507687944696061,0.4003971302298025,0.6856191890056865,0.6856191890058487
39,0.8617711988596556,0.49723691186361335,0.7609748219964901,0.3902938290204861,0.6448833803401084,0.6448833803403569
40,0.8782857426553379,0.4928106931222013,0.7819239035412914,0.4024081939797371,0.6257053876644979,0.6257053876645821
41,0.9303138766146395,0.49272490666953117,0.8077386603921943,0.40039705478960946,0.6359992187429604,0.6359992187427896
42,0.9700725975464343,0.4941937502607393,0.8314427435241173,0.3846598294055514,0.6570361392260472,0.6570361392258818
43,0.9713615625689893,0.48397600172298255,0.8478571345692056,0.39542331686944593,0.6594286327661822,0.6594286327666854
44,0.95373276835661,0.4792231020474152,0.8542279332966377,0.39092383486087134,0.6358774815538071,0.635877481554934
45,0.9391900443710599,0.4800460117859411,0.8490629056843522,0.3803108286465717,0.606489019968728,0.6064890199700147
46,0.9455390806532905,0.4766449285768713,0.8340430654317127,0.38264394306137034,0.5905240384776943,0.5905240384785285
47,0.9747008963588721,0.4753702789411587,0.8109894613855398,0.38070489520834916,0.5950208560902033,0.5950208560905239
48,1.0125102226142244,0.4794838660926074,0.7837176719474147,0.3602984122396827,0.5901058882728757,0.5901058882684679
49,1.0348179618226376,0.481079061018175,0.7601339624170599,0.36456433912035335,0.5355381487216404,0.5355381487257249
50,1.025377738216325,0.48056791567833096,0.7530626413314522,0.3589710019871381,0.5410225295431228,0.5410225295604487
51,0.9896478432844251,0.4823876761821924,0.7763346390484066,0.3486151131982735,0.5236739608570788,0.5236739608655614
52,0.9454975734933339,0.48888034560795907,0.8358992324900348,0.3496123002171635,0.5051019047238852,0.5051019047117397
53,0.9189597615293681,0.49084132601183383,0.9240012756784599,0.34479015882271996,0.51712177111457,0.5171217711143061
54,0.9301062037223182,0.4863649340420718,1.022495789585835,0.33792741191182013,0.4923441922177706,0.49234419222948744
55,0.9653433165274888,0.48832130412243263,1.1099232949414002,0.3373707209079417,0.4876191437044002,0.4876191436578696
56,0.9880658995323546,0.4891717901678899,1.1668248751370809,0.3353939843522941,0.4755047901847573,0.4755047902804511
57,0.9723147983149758,0.4834497436773694,1.1799615895168085,0.33303202332829496,0.4385418592815013,0.4385418591985048
58,0.9215770683240997,0.47994885248215136,1.1484597674355022,0.3328604087907612,0.4541988638845798,0.45419886380826324
59,0.8765720251405338,0.4797574459288503,1.0765964012987002,0.33224216528028544,0.420592921292363,0.4205929215758656
60,0.8775636349749473,0.48002407480958287,0.9798130188596047,0.3299432677920348,0.4233105225919962,0.4233105222997716
61,0.9146513390425702,0.48154785065444533,0.8792257244213272,0.33063343411958535,0.4435637194561789,0.44356371992826227
62,0.949877271684741,0.4846079637644427,0.7933507974416122,0.3306526669865966,0.4219641388966631,0.42196413964742746
63,0.9582716960059223,0.4876745530813521,0.7320158639701453,0.33029374106895754,0.43170301810632644,0.4317030173000811
64,0.9362250730709315,0.4885489436689828,0.6959977589954359,0.3292606423426949,0.44300185017563454,0.44300185002682
65,0.9171324601480324,0.489103321819749,0.6807904715504536,0.32704551654591857,0.41719610907729543,0.41719610908452087
66,0.9305363660479018,0.49101888209739114,0.6803082194542421,0.3237375425201246,0.4235332547399576,0.4235332547952467
67,0.9701599849575282,0.4900905359775118,0.6885233883457899,0.3206356226632943,0.43270520275392144,0.4327052021172754
68,1.0038290418490194,0.4856172216713246,0.6997622836188253,0.3188119887985111,0.40471633389875805,0.4047163331262207
69,1.0034326797026554,0.4821523471448754,0.7088082103516409,0.3181747651049364,0.40447428003176356,0.40447428077599695
70,0.9823942348177567,0.48064163621357386,0.7113955091838068,0.3181183321507603,0.39613458216083036,0.3961345097893565
71,0.9499613377438463,0.48034908363149553,0.7061723791234095,0.31832683810489715,0.4037388424316561,0.40373885870584636
72,0.9184961648864459,0.48046483203100426,0.6907009695437397,0.31844098801902004,0.388724934411376,0.38872489201946553
73,0.9076880335005472,0.4799215231224366,0.6652593512515687,0.3179934207430684,0.40070873283503067,0.400708497326079
74,0.9336128350713933,0.47845976697517606,0.6340710874563016,0.31642249638309283,0.3923039612133103,0.392304296586817
75,0.9810882170393782,0.4782543302697859,0.605623297506436,0.31379384463686355,0.38878156044767376,0.3887811598100632
76,1.0120540086255092,0.47950220758580026,0.5907466312326894,0.3115531467168967,0.3957260320361013,0.3957262245307659
77,1.0011941242446096,0.47982281637802976,0.598152622971831,0.31090511252848413,0.3769224773671364,0.37692273877250665
78,0.9530922700451352,0.47956849976880117,0.6297719958703263,0.3115979758641471,0.37516532615909604,0.375164299159717
79,0.8930188478650306,0.4783177019042264,0.6798120831304257,0.3124668690523445,0.3744228756778766,0.3744233877161804
80,0.8595014508425296,0.480381912872626,0.7376243302870812,0.31276944041795474,0.37385814816832375,0.37388960318403064
81,0.877827522940609,0.4812630169381591,0.7908463147100222,0.3124698385420629,0.37720622038091645,0.3771660848982915
82,0.9347552565728099,0.4801931803747232,0.8273547301432833,0.311542776192574,0.3848788816800209,0.3849081113612932
83,0.9951600030695495,0.4781687263546459,0.8371230037479764,0.3110578769224849,0.37627250477024654,0.3762505283155872
84,1.0312078032141154,0.4789103899290168,0.813818081537666,0.3116550035501189,0.38517386408897075,0.3852084613131088
85,1.0307483347408626,0.48260702572756875,0.7625020761084166,0.31247850313621056,0.3713978484633821,0.37138316995666093
86,0.980157255782693,0.48565256017697894,0.6955677383014321,0.3126277084348981,0.38380106965982735,0.383827610563317
87,1.003265739905774,0.486449638791685,0.628586843288661,0.3123142223586632,0.37161674110478365,0.3716108431620395
88,1.0231266129640797,0.48604614044178124,0.5746794702602239,0.31164149360084414,0.3852891433538914,0.38528978959392435
89,1.0309519790530601,0.48883538478390576,0.5405101730149823,0.3110288743867773,0.3717326398088036,0.37174266279636375
90,1.0238708758230146,0.4881097651906257,0.5257870718736685,0.31101948086601294,0.3838408161531873,0.3838135813339963
91,1.003007236170563,0.48919750551212715,0.5257900899207899,0.3117059386267563,0.37298122940957407,0.3730024974701615
92,1.022343301056736,0.4944115821844498,0.5344383831087076,0.312576495261721,0.3828465214513919,0.3828000922616209
93,1.0645124275153883,0.48956382449654395,0.5459913189530242,0.31320039659287574,0.3847572276830417,0.38479834938691543
94,1.0412539346151581,0.48941852585308077,0.5554665784104611,0.31349134795332345,0.37505713919364125,0.37503474055017016
95,1.0566523064518738,0.4895352564922515,0.5586525353117464,0.31339767654199835,0.3871959958284013,0.3872160450565027
96,1.137774946288148,0.48859782573328053,0.551659450083231,0.3128529215005314,0.3761945199146098,0.37621928847406994
97,1.1565152711025675,0.48555834498097183,0.535229891901111,0.3121137890839625,0.39449264842800436,0.3944323753539686
98,1.1581756421039902,0.48215043862352064,0.5132704185716543,0.3117456435097019,0.3910369409807404,0.39111504734029284
99,1.1556246253586968,0.4815392775483856,0.4926981590971223,0.31210177207488027,0.39930502885029107,0.39922874291515664
100,1.142217910308453,0.483269854414195,0.48183675749009336,0.3127825247981971,0.3994680094276746,0.3995485636532842
101,1.1197580502035036,0.4852930346891608,0.4872093930206056,0.3131801175090001,0.3946849805621166,0.3946324165121446
102,1.0040633554145213,0.4866624051044066,0.5102140222471064,0.3130864522028263,0.4034855573339021,0.4034765756283181
103,0.9973566075141308,0.48732085012190085,0.5464981877870939,0.31284073216351954,0.3924353355081124,0.3924528509785854
104,0.9407851443460401,0.4875204667151909,0.5883689514022166,0.31354518006352733,0.39761451929580016,0.39758257063861957
105,0.8825785147573214,0.48753154600022847,0.6276115681810712,0.31344950423448276,0.394337562587297,0.39437384769712863
106,0.8820159896138675,0.4875269304245888,0.6570541988864226,0.31382986713016064,0.38678874720315065,0.3867403091664887
107,0.8649265782702504,0.48753534478376,0.6711619768738224,0.3136942040183668,0.39809669093381156,0.3980631614586798
108,0.8821745304766141,0.48510548431382106,0.6662212576347788,0.3139895410597449,0.388065103903546,0.3880715038188277
109,0.9011376588400568,0.4851245444195162,0.6438486975968383,0.3136694529623896,0.3912346194788583,0.39119877559529337
110,0.8847255522545531,0.48604703835098,0.6069478703265354,0.31421433844622965,0.3841339511375736,0.3840260830211185
111,0.8857673120000651,0.4861738998397566,0.5608773774099208,0.313926533096474,0.3893934424497703,0.389416706391071
112,0.948445000781585,0.48615428978434094,0.5131262996977308,0.31455780198335326,0.38758725747904693,0.38734735557176286
113,0.9310247700785671,0.486166372778524,0.47214032825603486,0.31430740287679454,0.3983301788323482,0.398329876111255
114,0.9467469754165824,0.4861454964201554,0.44519203537044116,0.3147668675658449,0.39888121761418716,0.3985248343057
115,0.9151051760432325,0.48629917536438555,0.43589135744696583,0.31437126864649495,0.40742423885004597,0.40743727706410865
116,0.9024990772747022,0.48708355954683313,0.4430772340930703,0.3148257996046191,0.40853908647102327,0.40802012052023123
117,0.8326120406329419,0.4863673208296892,0.4622639674204079,0.3143746903425213,0.4029842208075529,0.40319542194357877
118,0.8373797173224812,0.4853697046878891,0.4882146723673543,0.31495289335959076,0.40210611860924955,0.4008210165307094
119,0.8131825106523576,0.4851994559651626,0.5165632262886498,0.3145573431049529,0.4019531560689253,0.4025330874312587
120,0.8000264187968351,0.4852000556316792,0.5441372030614786,0.31516959602455114,0.41067126796097697,0.3976792298582693
121,0.7813896315973178,0.48519991452810846,0.5686713561810015,0.3147941118884229,0.4027150949241174,0.4048711789691136
122,0.8024518022344135,0.4852000000147243,0.5884644594962579,0.3153581824559651,0.40708029902554776,0.3999658491909609
123,0.8028780226998778,0.48519988937028946,0.6021940908821722,0.3149805327203191,0.4005352639593225,0.3968987911511965
124,0.793821132691745,0.485200222966738,0.6089391906028468,0.3156140965642895,0.40350479692871966,0.40142804846252966
125,0.8341700615756409,0.48519518695554875,0.6085004915471262,0.31531362671994034,0.3981452657893459,0.39286357011311784
126,0.8076056124104892,0.4851493259667751,0.6222011792161406,0.3159294547917594,0.40394573074253703,0.3998604480743539
127,0.8129101724260985,0.4849537280220403,0.6429459705570809,0.31574398388032704,0.3966630812406824,0.38762431209815923
128,0.7775002484450938,0.4844333138613929,0.6554940819837891,0.3162742058696765,0.39839505627559746,0.3892122319896579
129,0.767079641451263,0.48396710287461336,0.646085458784163,0.3160306070743508,0.40236985369427103,0.38829036738681105
130,0.7445143833385575,0.4842418327202947,0.617602515781557,0.3165334263482086,0.39102602446608514,0.38510111994099927
131,0.7463746841662935,0.48448531917963755,0.5875448349664096,0.31628423821425744,0.399146135223911,0.3920074270418367
132,0.7307084021676367,0.48453498464967126,0.570863290710213,0.31678684956447717,0.4056479599454739,0.3815787532383642
133,0.7557498318405482,0.4845364218099052,0.5712985316487874,0.31656894824267545,0.3926292564837832,0.39142680619083936
134,0.7343243516372627,0.48453617271909,0.5668788752273219,0.31699355699150344,0.3918695954339776,0.3776154400837913
135,0.7434527982596345,0.4845362923116562,0.5569310915944101,0.3168092977741394,0.3882761539024123,0.3870308626707915
136,0.7374007069994968,0.48453617214320466,0.5414294002195981,0.3171061930004967,0.38796683702538565,0.37178175365285016
137,0.7491862652943325,0.4845364250738986,0.5209604102335608,0.31683105121873784,0.38140465639463966,0.38129874755810034
138,0.6816025628029296,0.4845349360654534,0.49683623481689043,0.31728524574547734,0.3771786659580429,0.36636218199200077
139,0.6920252830463272,0.4844854953853631,0.47121848850148507,0.31700870924193736,0.3805242759864037,0.3766826986304046
140,0.6323123372856015,0.48421003383197814,0.4471500788730103,0.3175975193465582,0.3833358690272927,0.36897273072196823
141,0.6434096326835675,0.48392447216857476,0.4283166478500494,0.31745304037645633,0.3782141986455408,0.3780511639052824
142,0.6058586464485827,0.4842256326910334,0.41832730399103785,0.3179681431797641,0.3719166922104457,0.37055296297953055
143,0.5937993214065497,0.48423729319401054,0.41954491625153495,0.31804731132267133,0.37323474566079357,0.36438248545865615
144,0.5905840346272307,0.4842349040004635,0.43206572963747325,0.3183408375572579,0.3785498800969777,0.36443168047299407
145,0.5842765136045189,0.4842362354700881,0.45366292731241503,0.3183148516341467,0.3782052314905496,0.36134370407654454
146,0.5913175241873952,0.48423462515748605,0.4807421670016889,0.31855105936163847,0.3722915104392198,0.35674706243676196
147,0.5704044311546659,0.4842391056201239,0.5095327500259069,0.3183790589695233,0.36796173430266416,0.35346374543617315
148,0.5858929464995535,0.4841830943726824,0.5368715300122143,0.31862021045628713,0.37024860500082346,0.3536485153401742
149,0.5615131813681722,0.48384402579404995,0.5604959890562082,0.3184215660684653,0.3746570282766103,0.35684725369193976
150,0.544844406627633,0.48411031098423785,0.5790347557634306,0.31875650915013065,0.37454008174500913,0.36024469124480707
151,0.5546797542424878,0.4840557585601003,0.5918773740609575,0.31868823650463485,0.3841819788046084,0.3610081140944764
152,0.5335843848353093,0.4840730142157324,0.5990365170808349,0.31903124535168265,0.40184887964844385,0.35835438937672265
153,0.5505476500553288,0.48405907617830846,0.6010961130989579,0.31906663310698385,0.4066882941229984,0.35379085828442963
154,0.5546508942112218,0.4840840658652217,0.5996471971151252,0.31939929280682017,0.3924346136362065,0.35034599442074066
155,0.5521546219801594,0.48394871526867234,0.591965721122443,0.31936742172167093,0.38134241066292135,0.3503899549776972
156,0.6038460819839649,0.4840688499064048,0.5773999421669868,0.31952286637139404,0.3783795101062449,0.35364302296234196
157,0.6192923768216054,0.4839419341934501,0.5562802777065156,0.3193926673154872,0.38544988758642124,0.35746818661750346
158,0.6016994207533618,0.48396861730334256,0.5298892407296821,0.31950978632516525,0.403911184719216,0.35898441870016473
159,0.6290758704868642,0.4839518771344158,0.5004276030453201,0.3192377682941694,0.4238111136494363,0.3569025231274404
160,0.6621726066617143,0.48397599156835824,0.47080879869332615,0.3194634854682372,0.43451334122671975,0.35237484720109763
161,0.6379709267937229,0.483877647027129,0.4442318705008198,0.31927821488035446,0.434634592546508,0.34845548448246627
162,0.581335150087541,0.4840244402896683,0.42357275580616144,0.31956553205933996,0.42857589823936865,0.34792080104093454
163,0.57803916887036,0.4838636887578514,0.4107305083520112,0.3194437810965456,0.4204926653184199,0.35072708067862157
164,0.5985287424218044,0.48389216733674084,0.4061568942430363,0.31986201438258965,0.41340593753821153,0.35409301224820466
165,0.5752190097326481,0.4838759432894766,0.40878871870996664,0.31973675442049126,0.41101218949352913,0.35500377781570225
166,0.5116449636728277,0.48389809158475994,0.41640581272608174,0.3201020578200388,0.41583865409836757,0.3522793669462842
167,0.4872939290138434,0.48381121306433095,0.4262088510724318,0.3199696137121859,0.425069669039884,0.34696401695712314
168,0.5150727962089237,0.4839406144241769,0.4353997644667433,0.32028490147890587,0.43612750815857204,0.3418630795020033
169,0.5380078415329468,0.4838135163353545,0.44171826067443837,0.32012687169927667,0.4453437014099963,0.33985812223804945
170,0.5078399814602259,0.4838409429837676,0.4440079559207292,0.3204368251432554,0.44808055196708796,0.34166650733139603
171,0.47643183266018735,0.4838229414157731,0.44300805625182704,0.3203405731752231,0.44372121409605497,0.34511285274959236
172,0.49532940084833127,0.48385186558053855,0.4322402335906757,0.3206756411869863,0.43530263550252246,0.3469017449298937
173,0.5276108635908864,0.48371037126248306,0.43620307718309465,0.3206024230889808,0.4272286384621243,0.3451565207981095
174,0.5206451450379401,0.4838624868298855,0.4260907068786765,0.3209931157950706,0.4242613684624434,0.34050112705793173
175,0.4958076754996422,0.4837843694105117,0.4243818137796936,0.32090119876464845,0.4286303347486228,0.3357970248994815
176,0.48184195620094317,0.48380782511179976,0.4275035904347563,0.321302354362045,0.4399263183078541,0.33401877422481624
177,0.5041887943842266,0.4837881377158085,0.4310850339281534,0.32120842293108004,0.4533355577300362,0.3359564550143792
178,0.5552086257503362,0.4838298827472157,0.43139660047526956,0.32159465559852013,0.4607360404889431,0.33974935342211704
179,0.5986868672624885,0.48361878424459437,0.4280625806601943,0.32157548771637084,0.4612142637025214,0.3424369717080632
180,0.6030106574446248,0.4838506472384439,0.4227041678944696,0.32183918470425965,0.45694636855924,0.34203393270957255
181,0.5719335469824652,0.4837521191605859,0.4170505013919927,0.3220730000539092,0.44888533099307676,0.337666306829368
182,0.5254743280994365,0.48380663735172386,0.4121404658604962,0.32215792882977073,0.4408682969060405,0.333499862196286
183,0.4988803461579243,0.4837373754631859,0.4083514236211711,0.3223623883183619,0.4385559336512938,0.3337588727319778
184,0.5119645712886672,0.48391344224356353,0.4056803608046327,0.32277752524734354,0.4430389233515092,0.3381042842231193
185,0.5490897911310267,0.4837513679638176,0.4039831632019384,0.32275292269486955,0.4518362826579859,0.3424708554456105
186,0.5827183182988569,0.4837820010024616,0.4031020056397505,0.3231517672518904,0.4605291526828243,0.34286135266461704
187,0.5958635420642645,0.4837706973351986,0.4029066102728042,0.32316623742299677,0.4635684233511913,0.3377497017607713
188,0.583763687088362,0.4837819058216278,0.40342621260945627,0.3233539285770096,0.45987001484281914,0.33337884917572413
189,0.5470551004276462,0.48375213071749606,0.40403896939190354,0.3235569089812688,0.4527109864840431,0.33488590341823266
190,0.5024798522279755,0.48396728235261227,0.4046504850588875,0.3236308763094164,0.44646505869143366,0.33955510804247296
191,0.4800458095034971,0.48378051845319514,0.4054412101344783,0.323648673982175,0.4441942783425395,0.34109573787228703
192,0.49736780612480425,0.48377805971198656,0.40670612948869866,0.3241915981928679,0.44791066247892025,0.3372967516798226
193,0.5398214561421991,0.48377876228915395,0.40872386917480746,0.32436686815977517,0.45587217518091416,0.3319040657355066
194,0.5789054243866485,0.4837781859841706,0.4116689019718625,0.3243643040928802,0.4623529329699749,0.33087194670479225
195,0.5936613558143269,0.4837794055084,0.41556836561780347,0.3249206402889794,0.4652385618803687,0.33467451629288886
196,0.5784162125895589,0.48376746470434917,0.4202977839061949,0.32496695961206873,0.4633942939308091,0.3377101072989635
197,0.5371509164231616,0.4836741179401846,0.42560707718648205,0.32501648360876434,0.45301792524546597,0.3352849331716557
198,0.4870533903177543,0.48350990446771575,0.43116670895449344,0.3254442861338986,0.4392816270338363,0.32965967021925213
199,0.4508807884279191,0.48365234764487597,0.436623011551719,0.32565005858230245,0.43302349050810074,0.3267303934390738
200,0.44847939866451164,0.4837853853419233,0.44165192208748477,0.3256479135086113,0.43440973332119176,0.3289723446382135
201,0.48506830673362167,0.48379916531124323,0.44600178776334687,0.32574043430398536,0.4439068071333879,0.3330485639668582
202,0.5447427088255792,0.4837972549344717,0.44951870556006907,0.3260127318530203,0.45057719293920406,0.3340483613615208
203,0.6002063908708679,0.48379825949627986,0.4521520024698171,0.32609945750530983,0.4468229869315093,0.3312593734844032
204,0.628516373082438,0.48379694251773436,0.45394240862268825,0.3260958174123746,0.43726585634516074,0.3270473453620771
205,0.6201830811947786,0.4838019045196992,0.455000048398789,0.3261023760786957,0.43359421662581843,0.32559477694821953
206,0.582522093325026,0.48399912800606093,0.4554823105826231,0.326228413276171,0.4397230681219634,0.3283050921867869
207,0.5302393648757501,0.48386104060598656,0.4555838508868465,0.3265499704449653,0.4531909716862365,0.33227489752344685
208,0.48595883303902687,0.48381579381583856,0.45559258230995076,0.3268403772851167,0.4603070654706541,0.3333152355988168
209,0.4732365583880982,0.4838218507929992,0.4558642880463087,0.32692988358163216,0.45879926601137705,0.32993663832961134
210,0.497879609638569,0.48381882168709767,0.4566360901644479,0.3269284317181492,0.45361606389895953,0.325591449515262
211,0.5424034869638301,0.48382255531861734,0.4581121173087858,0.3269317398376628,0.44880009538731036,0.3247610996792971
212,0.5841336771995963,0.4838101021672303,0.46046633533172193,0.3269499273375978,0.4496171642928185,0.3279029297730872
213,0.6073814438334362,0.4839528390055825,0.4638323238913446,0.32699708948409484,0.4549721242191783,0.3310093522328558
214,0.6036699988063066,0.48382097488273695,0.46829056646329853,0.3270850392944151,0.4619465538915411,0.3302353694459381
215,0.5745153730830048,0.4838495842910386,0.47385832031664016,0.32720630462986844,0.46758180961282336,0.32581803096373757
216,0.5279158343126679,0.48383402790041324,0.48048507092905657,0.3273224224875874,0.46952875768979085,0.3220279268075905
217,0.48140043545633804,0.4838542926108874,0.4880550483453104,0.32739116717324385,0.4665788455486665,0.3224880593840769
218,0.45660089082604594,0.4837883300567563,0.49639686378976344,0.32741538229295925,0.46084021047248813,0.32626177878953194
219,0.46511254655766177,0.4839077257957669,0.5052990363204563,0.32743791759586116,0.4560387339967941,0.3285428492022742
220,0.49971755924377276,0.4838506768036131,0.5145291623303517,0.3274879977789762,0.4538474499840058,0.3260958259998146
221,0.5430808047090556,0.4838683049017681,0.5238538714899923,0.32755571015359347,0.45551639449775855,0.32157206432937924
222,0.5792745409427512,0.48385476316108716,0.533056600064945,0.32761330538230393,0.46159034066500626,0.3195422561555282
223,0.5976025073603157,0.4838793122739938,0.5419506334303515,0.32764558017802037,0.4681185378620202,0.3218665867138047
224,0.5929424969295892,0.4837654290969082,0.5503857975602072,0.3276565264970646,0.471762080356346,0.3264281277755499
225,0.5681731186607475,0.48387714675965826,0.5582484871780955,0.3276570448924008,0.47280880664631647,0.32895346827909405
226,0.5298457020757403,0.4838859438297328,0.5654561458767117,0.32765504851184735,0.47113859829805976,0.32732418550556475
227,0.48870098564009823,0.4838838079217719,0.5719484940954596,0.3276538333526988,0.4658738364076766,0.32426913538985924
228,0.4588238375493927,0.4838852377297583,0.5776783738622119,0.3276537375599373,0.4589549564693174,0.3243072669421947
229,0.4541321357985183,0.48388303921852344,0.5826048494621678,0.32765380934548693,0.4541157788879249,0.32819496230553286
230,0.4802558823310339,0.4838925098344891,0.586690251226347,0.3276530661954094,0.45308590367339485,0.3326359663100128
231,0.5288692114767585,0.4840378917234777,0.5899015067117896,0.32765102253755357,0.45573044140361696,0.3338832347458434
232,0.5826574347850584,0.4838884923657942,0.5922147752950203,0.32764835555324534,0.4605738321733525,0.33145881451459913
233,0.6245456491015268,0.48391251985163625,0.5936212489485557,0.32764788164337827,0.4655149905443102,0.328574709953866
234,0.6434194038455964,0.4839027882339183,0.5941298232670926,0.3276558408965142,0.46807458718459055,0.3289781124147699
235,0.6356898216280782,0.48391207348564674,0.5937361365051935,0.32768154105586034,0.46592804513213976,0.332790821947618
236,0.6042896350354678,0.48389193919760487,0.5926621824595072,0.32773171336119816,0.46106669151092633,0.3364094722312007
237,0.5572534624119329,0.4840185071363514,0.5910668658708289,0.32780167000236543,0.4565962037031864,0.3364533879635701
238,0.5070541165183422,0.4839177563631832,0.5891084232319751,0.3278749852959029,0.4546482562660393,0.3338361292464641
239,0.46985369689748935,0.4839278434465104,0.5869453958655216,0.32793494994559796,0.457480508146754,0.3312853950136481
240,0.4606448288458486,0.48392527391783413,0.584731529093021,0.32797398791266363,0.4630484513083673,0.33147991796033804
241,0.48326881997279625,0.4839269682461913,0.5826096641440771,0.32799335911528826,0.46902592041202457,0.334669670138055
242,0.526936238210476,0.48392451952027227,0.5807062599226039,0.32799885124670963,0.47330206181581813,0.33847240422680674
243,0.5752839184275955,0.4839334835735429,0.5791274033293664,0.32799790948315033,0.4734716725302335,0.3399429702359162
244,0.6152348199507021,0.4837814004086057,0.5779567699116697,0.328000056942093,0.4687613431343996,0.338272014226066
245,0.6391674355650576,0.4839351526045962,0.5772556352872331,0.3280111539960152,0.4610904705136243,0.3357210120066598
246,0.6439819659555174,0.4839463654369257,0.5770646631217846,0.3280353520000719,0.4560062824348068,0.3355264619445545
247,0.6321580441671182,0.4839443804719253,0.5774068515653201,0.3280704795485688,0.4570636032538517,0.3385468002101338
248,0.6034103412569892,0.4839453913403481,0.5782907882623408,0.3280990537505945,0.4626448465924562,0.34250806535858447
249,0.5613302447053748,0.4839442779906726,0.5797133225965851,0.3280882841318925,0.4724947136867209,0.3442557741530711
250,0.5146092729180044,0.4839470195726612,0.5816609508035443,0.3280190907480152,0.4804923178964036,0.3424956510644352
251,0.47722150096583715,0.4839231631365988,0.5841095976216467,0.32791760485547167,0.4784667910187645,0.3395942564329722
252,0.4637144887783584,0.4837690585639883,0.5870229716492867,0.32783406917412533,0.47240244183659913,0.33889287245970634
253,0.4794151282094155,0.483871915705275,0.5903501308827463,0.3277967683181758,0.46792764873210374,0.3413758552770837
254,0.5160878998546865,0.4839553019721009,0.5940231815760787,0.3278006800893866,0.46748483893621995,0.3447509553010228
255,0.5591912633064089,0.48396397344477055,0.5979560601658034,0.3278255053976874,0.47346745831371073,0.34597588288810666
256,0.5960029080728303,0.4839633280500299,0.6020451111813162,0.3278534652242701,0.4830686825829294,0.3440750345308259
257,0.6181563565474135,0.48396353829943145,0.6061717545872486,0.327875674840929,0.49143542489784586,0.34079284945566723
258,0.6215604871077904,0.48396338471995315,0.6102070647549637,0.3278902839557613,0.4962104298748738,0.3392248384406597
259,0.6089462832414232,0.4839636137194308,0.6140176888903792,0.32789862149525884,0.4964173825232223,0.34093456403596256
260,0.5803077493491193,0.4839628251152934,0.6174722944126352,0.32790268243275894,0.4920304728601328,0.34412549248183794
261,0.5386263538786624,0.4839782516188264,0.6204476548741706,0.3279041859470617,0.4845619420844165,0.3453519142329777
262,0.4898161930352593,0.4840917009432152,0.6228334695150035,0.3279044300076836,0.4775217841930472,0.3429974980058858
263,0.44252277937926354,0.4840867585246609,0.6245347780046056,0.32790435734554807,0.47473790979513586,0.3394661581039585
264,0.40722153333426736,0.4839717527467333,0.6254691698320183,0.3279044988711504,0.47736538040789045,0.33821241289684856
265,0.3935606878858687,0.48397437691292666,0.6255419763920964,0.3279062585630097,0.48438914306577735,0.34037092451424994
266,0.4056995159753825,0.4839737918082441,0.6280832230079849,0.3279115820135534,0.49399175347247565,0.3435631380887745
267,0.4396165391424097,0.48397410226252957,0.6329954158537063,0.32792286903912904,0.502274540209116,0.3443587375885839
268,0.4858930557016448,0.4839737779146249,0.6402360978008138,0.327942696002227,0.5053281360747333,0.34206152737520484
269,0.53414202950235,0.48397445242529835,0.6496920738000593,0.32797330848089534,0.5032453620667138,0.33904843712051025
270,0.5752973669880892,0.483970924282047,0.6611393302979577,0.32801435458390654,0.4982234457740652,0.3385147258763851
271,0.6024294132350693,0.4838580858436813,0.6742873179060842,0.32805619796701374,0.49243308652402923,0.34124710725397694
272,0.6112943599268362,0.48397394746972583,0.6888870401237757,0.3280819599647044,0.48838346128509125,0.3448232936331474
273,0.6005562212726636,0.4839799540974494,0.7048092372484192,0.3280889337127701,0.4884319817586448,0.3459278898973585
274,0.5729473891036726,0.4839791851462241,0.7219832344471122,0.3280891230422386,0.489359835595108,0.34363974023704386
275,0.533814976369466,0.48397946424432414,0.740191999033766,0.3280892709919945,0.49119728347826275,0.3407316830821573
276,0.4911063228841992,0.4839792628633215,0.7588658455462646,0.3280897561721362,0.49400517993875115,0.3406501424151505
277,0.4553813446878246,0.483979531968305,0.7770389923261849,0.32809863907174447,0.49780378834931277,0.34387186613129606
278,0.43841336310400064,0.48397882324168756,0.7934978356397459,0.32812699365360376,0.5024944614324957,0.3474067484690293
279,0.44808638702310094,0.4839839059013391,0.8070123308568616,0.32817017334085313,0.5078063213108985,0.3478792187102127
280,0.4823251940267489,0.48409835999737827,0.8165273312190184,0.32820886106925934,0.5133199997546322,0.34507719426259914
281,0.5298892577484223,0.48396693752211517,0.8212609697771044,0.3282324740972761,0.5185821163629616,0.34303049505034366
282,0.577120137381912,0.483983765852166,0.820694462198169,0.32824363372413334,0.5232468435013792,0.34484152167768456
283,0.6131183014991093,0.48398051788556845,0.8157993093795903,0.32824780108721013,0.5271521425982653,0.3488826904944062
284,0.6312531016946639,0.4839819202912325,0.8067945461862407,0.32824887470945857,0.5302985232238815,0.3506941311939836
285,0.628474933163314,0.48398080952885053,0.7939582545330298,0.3282489454382657,0.5327718987673471,0.3484642728950197
286,0.61039853707761,0.48398235897779596,0.7776460926256957,0.3282488830435801,0.5346654308158078,0.3459342471279205
287,0.5799194344580214,0.4839783182722088,0.7583160764497356,0.32824811856418523,0.536025363179099,0.3470393014414199
288,0.5414610613830078,0.4840035272795557,0.7365807460002749,0.32824494917160923,0.5368220160902766,0.35146036817937204
289,0.5017660631962827,0.48392309417191914,0.7132738612632405,0.32823350495751397,0.5369479089778731,0.3552892083112112
290,0.4700813593628457,0.483985252184991,0.6894872852144026,0.32821158440534437,0.5362589334644672,0.3552205019720743
291,0.45623080772388036,0.48398096118712197,0.6665239524557177,0.3281941313330971,0.5346718028853826,0.3530423502432766
292,0.4658061456972042,0.4839819533572957,0.6457440113564554,0.32819574658607226,0.5322816410335107,0.3519986384622183
293,0.4962012068759719,0.48398149483448016,0.6283387730165038,0.32820983468949916,0.5294011739241369,0.3540538691951061
294,0.5384390378713964,0.48398186156664774,0.6151113722409187,0.32822218192552993,0.5264591156059849,0.3578611681543755
295,0.5823007649961935,0.4839813700231344,0.6063442913076138,0.3282269182355546,0.523834554026857,0.36047510994908855
296,0.6195632158599053,0.48398252257814617,0.6017938207619205,0.3282264180924357,0.5217616851472948,0.36017833359697576
297,0.6446520530489227,0.48397692529348124,0.6007973205567729,0.3282272444004802,0.5203429652310745,0.3578297762148197
298,0.6542046743754484,0.48406884993006394,0.602442065253844,0.32823253526615337,0.5196095123930807,0.3569474379753058
299,0.6462524627729752,0.4839424439579635,0.6057388793315246,0.3282427605537364,0.5195546051739776,0.3593376645511664
300,0.6227665088814308,0.48398768238797846,0.6097615624588869,0.32825467539658787,0.519845238450859,0.36266700099190174
301,0.587054399522132,0.4839789546058586,0.6137367277088852,0.3282624795819783,0.5205401211605579,0.3634993908953161
302,0.5447441401388667,0.4839821850432,0.6170869957655599,0.3282604073658239,0.521680528045197,0.36139982708079876
303,0.5041383294094579,0.4839801555372178,0.6194421691405189,0.3282456295335898,0.5232889335114991,0.3592865819890075
304,0.47541551711178615,0.4839821995309781,0.6206412443643824,0.3282215532814328,0.5253555292271768,0.36013004106151053
305,0.46736581149001016,0.48397889588423826,0.6207662740843414,0.3281964073705229,0.5278264278146291,0.36352947274378744
306,0.4824651743217109,0.48398797893508494,0.6205199755623636,0.3281771716976068,0.5306019922262097,0.36625494972617056
307,0.5151592014868481,0.4839398714175789,0.6196786040366072,0.32816616963844875,0.5335493221167107,0.36595248028537297
308,0.555605471886622,0.48396679400379405,0.6180925480315466,0.32816198815643516,0.5365254814990005,0.363481811979662
309,0.5943355496006347,0.48398130441203907,0.6156375588138574,0.328161607715992,0.5394020841043558,0.36368521245988095
310,0.6243492628549931,0.48398025102803055,0.6122134576112348,0.32816183372200264,0.5420819241131282,0.36749481860848277
311,0.6412278334994919,0.48398046937968947,0.6077560673958314,0.32816061880207986,0.5445038124453062,0.37070776159345986
312,0.6426562012415202,0.48398038611250616,0.6022573023635497,0.32815556327241174,0.5466378356622201,0.3700395766471145
313,0.6282913662650075,0.4839804372421339,0.5957908795082677,0.3281442150214583,0.5484760695283216,0.36751851592884893
314,0.5991151575537109,0.48398038912745367,0.5885403781126883,0.3281244995122904,0.5500231681575682,0.3684767751119976
315,0.5580093577891218,0.483980458131932,0.5808249194618591,0.3280957223373792,0.551289153683843,0.37214925860605774
316,0.5101796934669841,0.4839803019595748,0.5731162922306643,0.3280604711129293,0.5522848583375264,0.37313761168419607
317,0.4634232583547206,0.48398091862344583,0.5660402763302406,0.3280269391119472,0.5530194514988547,0.3708971674195028
318,0.4275335398847598,0.48397522888633804,0.5603546035917975,0.3280088948857308,0.5534992234396653,0.36900188869807893
319,0.4116771206782844,0.48388742805018914,0.5568972000489176,0.328019354467958,0.5537269892516471,0.37103329200970725
320,0.41982896943946346,0.483966931734783,0.5565023741507173,0.3280602837801437,0.553701857331191,0.37451794264817095
321,0.44831209207525213,0.48397975494043266,0.5598905486128699,0.3281192676926262,0.5534195062653092,0.37439138608900513
322,0.4886273990115029,0.48398030210865767,0.5675479978134863,0.32817815962204705,0.5528734351025183,0.37151477563832325
323,0.5318197483198758,0.483980275579188,0.5796221706526651,0.32822427258294623,0.5520578284006459,0.371946819779111
324,0.5705132386961931,0.48398027978552577,0.5958589319266456,0.3282540943953601,0.5509726123913078,0.37637932831695364
325,0.5991085776388682,0.4839802785470012,0.6155976327830349,0.3282702145785658,0.5496308029269362,0.378836632328222
326,0.6136441716789893,0.48398027912470437,0.6378234543171682,0.32827715889431613,0.5480671860839906,0.3764597321215104
327,0.6119441653030306,0.4839802787254178,0.6612633262530941,0.3282790834909699,0.546345820468389,0.375810313586857
328,0.5936289458546038,0.48398027912359215,0.6845072330371268,0.32827909106050307,0.5445625499478711,0.3796183888395434
329,0.5610552441276656,0.4839802785508113,0.7061388590136745,0.3282790863322634,0.5428390830946445,0.3806094056165854
330,0.5190289909952497,0.48398027977092134,0.7248630943329232,0.32827910243098696,0.5413083373598834,0.3764988694440354
331,0.47445427631599446,0.4839802756598122,0.7396199502498846,0.32827921829331386,0.5400958124450812,0.37817942188732007
332,0.4358159474422065,0.48398030128564323,0.7496755597477831,0.3282795450578537,0.5393058220439864,0.38205504210485464
333,0.4120871635427862,0.48397978898670524,0.7546834652779668,0.32828022065215234,0.5390239122532307,0.37924696840581124
334,0.4101093351186097,0.4839674168694129,0.754717235283291,0.3282814066924775,0.5394020967181968,0.37667719613369166
335,0.43108665677158625,0.4838851238426115,0.7524006816713679,0.3282832862365364,0.5403380248050635,0.3801727691842403
336,0.46970454065100087,0.4838486358773157,0.7478514478805877,0.32828606168370617,0.5418026654542283,0.38174813145501213
337,0.5170120710317734,0.48392435559190133,0.7412226816243147,0.328289952296641,0.5437920842128567,0.3787824940571416
338,0.5638025094203857,0.48396429512014943,0.732699737174473,0.32829519083956565,0.5463097983443351,0.37772277698494283
339,0.6024931489735517,0.48397771953161967,0.7225059285348905,0.3283020187996409,0.5493435454496364,0.38158131801940953
340,0.6278958246080028,0.48398158318704193,0.7109133319987572,0.328310679626704,0.5528380799087836,0.3839243924659106
341,0.6373800732767086,0.4839825412667034,0.6982570539411449,0.3283214094316099,0.5566722508232284,0.3818664716477487
342,0.6305373252778846,0.4839827374359129,0.684950758877889,0.32833442466451007,0.560651804408004,0.38090870178609804
343,0.6091517212268269,0.48398276810371527,0.6714996999788387,0.3283499064931744,0.5645259157821338,0.38444226938056314
344,0.5762648443486132,0.48398277122053546,0.65850531909047,0.3283679819502157,0.5680245966614228,0.38533733088233607
345,0.536375284018186,0.4839827713431599,0.6466533132495527,0.32838870242071927,0.5709028996046482,0.3826168584068829
346,0.49597096846173455,0.48398277133920786,0.6366763528892128,0.32841202065251296,0.5729759160794081,0.38041180717349404
347,0.463859956755593,0.48398277133966344,0.629285669144667,0.3284377680904015,0.574137357401176,0.3827126735402859
348,0.44968254227121435,0.48398277133956646,0.6250745134182928,0.3284656348540448,0.5743652345462908,0.3850377805851193
349,0.45932256777586006,0.4839827713395984,0.6244102185185206,0.3284951550901839,0.5737215846928255,0.3825759249834044
350,0.4904778849619532,0.48398277133958323,0.6273442642356372,0.32852570095297584,0.5723482199889066,0.3798237963494028
351,0.5340449188887414,0.48398277133959333,0.633571907714162,0.3285564894878434,0.570453619946378,0.38232548087422324
352,0.5795256533540569,0.4839827713395841,0.6424591454596974,0.32858660827460295,0.5682854979549997,0.3856291990519555
353,0.618724270345297,0.4839827713395961,0.6531307093835852,0.32861506670106644,0.5660919509105199,0.38313146733539305
354,0.6465102801007465,0.4839827713395754,0.6645924371399256,0.3286408775357685,0.564084712680123,0.38009737679963945
355,0.6602084122446298,0.48398277133962514,0.6758553702103984,0.3286631653833745,0.5624200744400634,0.3823770329175678
356,0.6589192235070126,0.48398277133944906,0.6860369302140631,0.3286812853385504,0.5612037501138495,0.3835952704880898
357,0.6387365687647164,0.4839827713404593,0.6944282553510723,0.3286949229809536,0.5605142064000498,0.3789120004139525
358,0.6017007843220774,0.48398277132819606,0.7005282104338642,0.3287041447666186,0.5604374462811834,0.37684389781814737
359,0.5533812228135433,0.48398277444207066,0.7040504606068309,0.3287093803245374,0.5615630939926115,0.3797356964212819
360,0.5036145760332711,0.48398282317893,0.7049118661626931,0.3287113401612557,0.5638858436219683,0.3785352988971493
361,0.46573052120190767,0.48398321899066693,0.7032278586682498,0.32871089240077006,0.5672096885183265,0.3730787844082829
362,0.45221107086425594,0.48398547670064035,0.6991840001715519,0.32870893099457005,0.5711019957082129,0.37167420892691017
363,0.4674741148917171,0.4839956364982912,0.6930784370566474,0.3287062636415008,0.5750109908495774,0.37519319651179484
364,0.5050571249197072,0.4840323766466362,0.6852871595729868,0.3287035355973829,0.5784749672557951,0.37555485275224015
365,0.5528377007537628,0.48409682539514337,0.6762540486730368,0.32870119260981173,0.5812416423316651,0.37179598690946564
366,0.5989711566722485,0.48402673079579717,0.6665049260030934,0.32869947705595826,0.5832253023183339,0.37063851252734775
367,0.6340950357180342,0.483991414958569,0.6566788417862437,0.32869844723895747,0.5843849997399924,0.3738921262968414
368,0.6517255480533137,0.4839890681511713,0.6475559575047424,0.3286980095864847,0.5846250769978051,0.3758471393202127
369,0.6486865589893394,0.483989048412664,0.6400526263699042,0.32869795504157384,0.5837745246087583,0.373390739305958
370,0.6245640640980739,0.4839890494470984,0.6351588934887562,0.32869799005814565,0.5816855587928643,0.3702044033365739
371,0.5835190276355564,0.48398904932176223,0.6338133849648897,0.3286976231068253,0.5784485574607006,0.371454995212362
372,0.5330369001027705,0.48398904934677084,0.6367386168085748,0.32869650515379595,0.5745676803081158,0.37378434052052006
373,0.4832510778714909,0.4839890493395264,0.6442826896779776,0.3286944678268617,0.5708491412780633,0.3719794808704244
374,0.44650059085035987,0.48398904934238435,0.6563172298511998,0.32869157275079813,0.5680269935456768,0.36807222436426296
375,0.43518481147997534,0.4839890493409042,0.6722217637383655,0.32868815412385477,0.5664925640009058,0.3682605793603318
376,0.45554523686689247,0.48398904934188886,0.6909527152750377,0.3286848457849394,0.5663433880951763,0.37145789638006665
377,0.5020975745426925,0.4839890493410577,0.7111705622748039,0.3286825796079069,0.5684802390371687,0.37117995404239706
378,0.5605071044589313,0.4839890493419438,0.7313928102325433,0.32868253776638157,0.5710443652724582,0.36649285493966216
379,0.6149678089125468,0.48398904934074877,0.7501489203530214,0.3286860419020772,0.5716102657916395,0.3652224290159726
380,0.6531827392903341,0.4839890493428051,0.7661241333101639,0.3286943730048757,0.5682658231046219,0.36862206266874803
381,0.6682472205857395,0.48398904933821213,0.7782845948951511,0.3287085410206998,0.5621192261445055,0.3684994921145675
382,0.6588010856756135,0.4839890493519196,0.7859777479161101,0.32872905914017164,0.5571472773277044,0.3657822397394372
383,0.6261256666416017,0.4839890492944928,0.7890118575640303,0.3287558058155266,0.5560099845204309,0.3623984823607238
384,0.5767312896442482,0.4839890496642632,0.7878267208462942,0.3287880476029821,0.5582958778770786,0.36099469418227137
385,0.5225921230579299,0.4839890451784902,0.7810332423002603,0.3288246302968897,0.5606760416156891,0.3623095375469702
386,0.48105164868817896,0.48398929157218984,0.7692270553478834,0.32886425239947775,0.5587460804713881,0.36415861441620195
387,0.4690190849434566,0.4839956362161009,0.753896531559569,0.328905684940235,0.5520753975257037,0.3637936144607044
388,0.490694080444516,0.48405140865476937,0.7370679127533053,0.3289478467879419,0.5463503953242896,0.3609898242836666
389,0.5338143321866275,0.48399313583059167,0.72088828048357,0.3289897527805725,0.544868394009374,0.3574187175912295
390,0.5807634876386851,0.48399608429716995,0.7072183230085172,0.3290304313604032,0.5472543267272317,0.35548601198313773
391,0.6180503021944033,0.4839959162919853,0.6973405379064072,0.3290689020659462,0.5505886013325342,0.3561585034085452
392,0.6378118543250324,0.4839959357238862,0.6918513632403522,0.3291042374290548,0.5504051506562306,0.3578015655548543
393,0.6366018122507545,0.4839959322032088,0.6907376731626163,0.32913567249476633,0.5467800917640824,0.35781364118395464
394,0.6013353051759166,0.48399593310058436,0.6935689606150716,0.32916270517782287,0.542737754322555,0.35900652015890083
395,0.5430821958660951,0.48399593279691044,0.6997022970468189,0.32918514682726624,0.5401035761322474,0.3615010439781663
396,0.48710947066200744,0.4839959329286525,0.7084165862257057,0.3292031115963135,0.5400859720541294,0.3656944714279146
397,0.46375503098890913,0.4839959328569979,0.7189500695148465,0.3292169572462294,0.5388655235290022,0.3719284829528834
398,0.4866573509978539,0.48399593290516985,0.7304735068984778,0.3292272016127851,0.536943047530351,0.37974865774650474
399,0.5390199379016288,0.4839959328654785,0.7420597041832887,0.32923443878503966,0.5353402364857548,0.38723627654101206
400,0.5891119697606723,0.48399593290540266,0.7526998086457523,0.3292392714641843,0.5350488372690653,0.3918800807030831
401,0.6097851331578421,0.48399593285637166,0.7613830911943205,0.32924226613056223,0.5360260445945488,0.39276589071054807
402,0.5881607796901054,0.483995932930199,0.7672254030747111,0.32924392946866693,0.5370838973166155,0.3910440226294364
403,0.5343006361924587,0.48399593279270453,0.7696269586919535,0.3292446997121318,0.5368628511606466,0.3883253469741782
404,0.4752803917736241,0.48399593311408284,0.7685566793676439,0.32924494490102885,0.5354371102323678,0.38558801842946583
405,0.44309254722435265,0.48399593214948583,0.7622125815739205,0.3292449599300553,0.5329820482555669,0.38323194967464086
406,0.45367575003868665,0.48399593600342444,0.7503049180661343,0.3292449522182787,0.5299075931876671,0.38144448111082835
407,0.4956098878212627,0.4839959142432126,0.7334742319794195,0.3292449746022014,0.5268295643754356,0.3804290359615058
408,0.5436156357705709,0.4839961085154624,0.7131234349862011,0.3292451480339569,0.5244651030386122,0.38044862989225875
409,0.5735087849614846,0.4839925032245613,0.6910810672357622,0.3292456355636602,0.5233911791765377,0.3791587558655473
410,0.5686224349965133,0.48397315203917923,0.6691968289424124,0.32924663268649873,0.5237319325101104,0.3792158312610402
411,0.5427311412339412,0.4840029996844626,0.6490160004905783,0.3292483600974177,0.5249944654688661,0.38114634646435064
412,0.5059800499627928,0.4840042227138044,0.6316166774388419,0.3292510548100026,0.52623533551529,0.38243749129381965
413,0.4737366859039308,0.4840042202867885,0.6175985750477854,0.3292549569516635,0.5264570606593627,0.3817548155254995
414,0.4639276844275352,0.48400422040054286,0.6071563503089522,0.32926029014302977,0.5240416650340627,0.3801672418866783
415,0.4865616148037937,0.4840042203896265,0.600173502568836,0.3292672343678793,0.5203556025290688,0.3803171511664837
416,0.5332914090440752,0.48400422039126273,0.5963051661661976,0.3292758920456951,0.5177021091991777,0.38237879834249894
417,0.5831520450542012,0.4840042203909202,0.5950451028993253,0.32928625056709904,0.5175153467055393,0.38332900301636036
418,0.6166989447210155,0.4840042203910143,0.5957823912987659,0.3292981472000371,0.5192126700758912,0.38207424992407313
419,0.6231402964558023,0.48400422039098145,0.5978527721943286,0.3293112440303026,0.5206190331038426,0.38118833756805703
420,0.5944424968181173,0.4840042203909957,0.6005869319338031,0.3293250209513717,0.5196213704453179,0.3829030796935034
421,0.546247961515451,0.48400422039098845,0.6033569622225394,0.329338794300796,0.5167144583581886,0.3848711644725131
422,0.5000255854255414,0.4840042203909928,0.6056228007601626,0.3293517681334696,0.5135258736326671,0.38409730076720366
423,0.48028332837528775,0.48400422039098995,0.6069830431960956,0.3293631219610329,0.5117281653455565,0.3827771036128059
424,0.49971070523657896,0.48400422039099206,0.6072501053844737,0.3293721281626853,0.512013216512457,0.38416355984204853
425,0.5458092443833495,0.4840042203909905,0.6067937366552194,0.32937827437343853,0.513821824608148,0.38585254448133643
426,0.5940723451283307,0.48400422039099195,0.6052264600692512,0.32938135271806557,0.5158571254064014,0.3843855244972176
427,0.6262937430050037,0.4840042203909908,0.6022737181936967,0.3293814835984153,0.516830204875625,0.38322030694264864
428,0.6342509227215457,0.48400422039099167,0.5977358275482316,0.32937906737261247,0.5159730516032444,0.3849489100578128
429,0.6183956912974009,0.4840042203909908,0.5915191782426861,0.32937468586829605,0.5135330382417056,0.3853479784920768
430,0.5802005737119825,0.48400422039099217,0.5836767194206791,0.32936898946318216,0.5104662483665128,0.38411492235702904
431,0.5296971466495405,0.48400422039099,0.5744429523211527,0.3293626005757534,0.5080564086797291,0.38545206138348864
432,0.4873746280204337,0.4840042203909932,0.5642519814174881,0.3293560494542865,0.5072389784824122,0.38393844270827276
433,0.4766173722584686,0.48400422039098784,0.5537287285934893,0.3293497436681734,0.5080637377624522,0.3849961950729913
434,0.5040627560830164,0.4840042203909982,0.5436467677056288,0.3293439641139921,0.509745137351793,0.38467585936380194
435,0.553145434537717,0.48400422039097346,0.5348519627790039,0.3293388777695219,0.5112083243368696,0.3837765569957221
436,0.600090064132227,0.48400422039104585,0.52815909194825,0.32933455856856814,0.5116516467000229,0.38408272900170704
437,0.6259904791441636,0.48400422039077806,0.5242379203921536,0.3293310103079354,0.5109281849469076,0.38415721578748635
438,0.6201296063644812,0.4840042203920855,0.523512814387202,0.32932818800427294,0.508931979860606,0.38670016304126575
439,0.5797386601387545,0.4840042203831191,0.52610111286791,0.3293260160108332,0.5060274419170888,0.3893043026131321
440,0.5199448269149859,0.484004220480309,0.5318064688085806,0.32932440241007604,0.5029380214043625,0.38934818918418757
441,0.4677512122118826,0.48400421824539197,0.5401664557994058,0.3293232498580102,0.5005238542647045,0.386836344247648
442,0.4469885439751439,0.4840022155029251,0.5505373017104412,0.3293224633521972,0.49946146512712886,0.38454286759506473
443,0.462801511554093,0.4839617878573727,0.5621910217503509,0.3293219554789284,0.4999651137890941,0.3850916198802105
444,0.5013614453434689,0.4839534127994882,0.5744032883017761,0.32932164967029054,0.5017091366314391,0.38811607856777003
445,0.5425354602874181,0.48400208431660546,0.5865194594771855,0.3293214819311681,0.5039833425013555,0.3893528469198916
446,0.5688704172478178,0.48401568232850367,0.5979953673755588,0.3293214014126847,0.5059640991154478,0.3872487103789747
447,0.5698480853029924,0.4840185780949692,0.6084155174347482,0.3293213701263205,0.5069611332433077,0.3852448462900766
448,0.5478516558207532,0.48401912752008025,0.6174940328593592,0.3293213620147415,0.5065919641763605,0.38655203460020016
449,0.511230443953541,0.48401921881324866,0.6250641253604547,0.3293213615156867,0.5047442296840386,0.389364221536811
450,0.4778341568933863,0.48401923168417144,0.6310612577093435,0.32932136165528153,0.5018858149095105,0.3894355930836331
451,0.47084500107647637,0.484019233153899,0.6355042593849607,0.32932136151417873,0.4989889164785678,0.38668383153941455
452,0.5005008693981297,0.484019233279798,0.6384779916944207,0.3293213620349283,0.49718728878399654,0.3851605602161195
453,0.5481962444306235,0.48401923328675184,0.6401215989829613,0.32932136990061517,0.49713735676285564,0.387054832265146
454,0.584060201441455,0.4840192332869096,0.6406319473734601,0.32932139994217946,0.49853289243293086,0.38974300039306614
455,0.5915168330209579,0.4840192332869077,0.640347294607554,0.32932147709928294,0.5002754975028001,0.3898370090080451
456,0.570440703581038,0.48401923328690777,0.6386116353893836,0.32932163823962,0.5011574264328659,0.38724847280690483
457,0.5301328331835328,0.4840192332869079,0.6353355483700693,0.32932193403188803,0.5004947739114342,0.3851992856100926
458,0.4870411376608407,0.4840192332869079,0.6306031382355898,0.32932243104302167,0.4980372159171021,0.38638262789537764
459,0.46374957525271454,0.4840192332869079,0.6246111479230817,0.3293232142229522,0.4943405115133904,0.3897041089386103
460,0.4760313933595448,0.4840192332869079,0.6176352370671672,0.3293243899287745,0.49058428872701487,0.3923058608764904
461,0.5160761016195872,0.4840192332869079,0.609999212793907,0.32932608961059295,0.4881412871534048,0.392255263349617
462,0.5614394817353918,0.4840192332869079,0.6020439373470591,0.32932847421729305,0.48787790701415557,0.3900514355959943
463,0.5932592070242667,0.4840192332869079,0.5940973169995039,0.32933173925941234,0.4895435586929761,0.38762887391150286
464,0.600735660089469,0.4840192332869079,0.5864482076011761,0.32933612025541914,0.49178937460085015,0.3874570939774832
465,0.5833034423403418,0.4840192332869079,0.5793271930970019,0.32934189794104785,0.4928706520691855,0.3855425869330325
466,0.5413051723725624,0.4840192332869079,0.5728964543491718,0.3293494020789109,0.49136392487940933,0.3863442116133208
467,0.4880261056512912,0.4840192332869079,0.5672495910811086,0.32935901189993216,0.4874099834459681,0.3877427237388984
468,0.4475996441366559,0.4840192332869079,0.5624206078909019,0.32937115008779716,0.48203704971232486,0.3859757517627097
469,0.43937697521884506,0.4840192332869079,0.5583997393626003,0.3293862658055911,0.47682009003426334,0.38371373374001516
470,0.46214287022321554,0.4840192332869079,0.5551527683923952,0.32940480077702233,0.4733739922187807,0.3841665558410961
471,0.4989355979768972,0.4840192332869079,0.5526402237887271,0.32942713149116165,0.472673625594868,0.38534353161075346
472,0.5308853075317476,0.4840192332869079,0.5508333216060467,0.32945348150500786,0.4744200280475388,0.38396682175287855
473,0.5435848976173622,0.4840192332869079,0.549724520314596,0.32948380279568945,0.47696206347606945,0.3810210428437136
474,0.5295011195842231,0.4840192332869079,0.549331776142571,0.3295176370447063,0.47810580268299363,0.3794709722662939
475,0.49658347003036185,0.4840192332869079,0.5496967219980156,0.3295539885022331,0.4763434817673616,0.380380902451496
476,0.46107238236777,0.4840192332869079,0.5508778626921101,0.32959126641024744,0.47226824473966167,0.38158090982643783
477,0.4434973963349552,0.4840192332869079,0.552940404805878,0.32962737236346834,0.46774129434300465,0.38074437521758997
478,0.4579015604400822,0.4840192332869079,0.555944529615117,0.32965998916116085,0.46476533430346834,0.3781955519119737
479,0.4978953287344462,0.4840192332869079,0.559933826463061,0.32968704906248164,0.46444967584450303,0.37638276680649924
480,0.5405128893561811,0.4840192332869079,0.5649253053271105,0.32970723969276194,0.4665395431349559,0.3768532263576913
481,0.5647678902922004,0.4840192332869079,0.5709019807437008,0.32972032874459384,0.46963724767878223,0.3784923681333012
482,0.5609867437701702,0.4840192332869079,0.5778085456368397,0.32972714525854835,0.47194707863815294,0.379001744588455
483,0.5402924770100066,0.4840192332869079,0.585550209424459,0.32972923327619424,0.4721838258600681,0.37743549596699827
484,0.5086657088790971,0.4840192332869079,0.5939944221386317,0.3297283596677015,0.47066472792251346,0.3747091326050414
485,0.4754373575242805,0.4840192332869079,0.6029749816173995,0.3297260904127051,0.4676831310944173,0.37293696927581843
486,0.4538730282447609,0.4840192332869079,0.6122979287236424,0.32972355654676916,0.46408624328804626,0.3733837002135646
487,0.4557910464318442,0.4840192332869079,0.6217486520984887,0.32972141119005904,0.46098888617622924,0.37483218601207197
488,0.4819609739926064,0.4840192332869079,0.6310997084674301,0.32971991026678527,0.45936901557422044,0.3748805199782643
489,0.5209273198564897,0.4840192332869079,0.6401189746646316,0.32971904158671006,0.45970822886481405,0.37110664445056746
490,0.55773698178292,0.4840192332869079,0.648577852300199,0.3297186508801869,0.4618423194510236,0.37035511715645886
491,0.5803763331606829,0.4840192332869079,0.6562593335080936,0.3297185409896518,0.4650636265012255,0.3718443369672264
492,0.5806439446186005,0.4840192332869079,0.662965818088237,0.3297185394405925,0.46838362390217164,0.3688896721750911
493,0.5846971150685617,0.4840192332869079,0.6685266919280003,0.32971854026554415,0.4708272331023719,0.36706997917743184
494,0.5922863838319578,0.4840192332869079,0.6728059451107228,0.32971853825583897,0.4716822298999439,0.3692262674535732
495,0.6033096767036817,0.4840192332869079,0.6757108716678952,0.32971850786683626,0.4706945316129799,0.36812238109510553
496,0.6176794379795573,0.4840192332869079,0.6772056678239028,0.3297184078058669,0.46810777027035855,0.36582919437145184
497,0.635251819076413,0.4840192332869079,0.6773496860884601,0.3297181842581057,0.4647386162782307,0.3676965701372541
498,0.6557633646439901,0.4840192332869079,0.676796364769735,0.3297177745535926,0.46177165451891344,0.3695745519588971
499,0.6787723602715857,0.4840192332869079,0.6754261459566514,0.3297171118006066,0.46031608598189544,0.36754856788283263
500,0.7036127618079815,0.4840192332869079,0.6731720485428261,0.3297161307522845,0.4608762136879682,0.36801855438779113
501,0.7293742653279285,0.4840192332869079,0.6699871389946934,0.3297147750739455,0.46307025592999207,0.3711893319930088
502,0.7549247002113626,0.4840192332869079,0.6658384257791978,0.32971300610402904,0.4658168617206291,0.3710080033192318
503,0.7789883043753607,0.4840192332869079,0.6607056382134744,0.32971081309770356,0.46785167518910425,0.36923008673555785
504,0.8002826772715724,0.4840192332869079,0.65458163305762,0.32970822476838524,0.468234789468283,0.36961377421135494
505,0.817697888936199,0.4840192332869079,0.6474735186528177,0.3297053216645713,0.46663125305956304,0.3721420106783415
506,0.8304788632494636,0.4840192332869079,0.6394041400088422,0.3297022485189399,0.46332879321821213,0.3736040932275577
507,0.8383586820871441,0.4840192332869079,0.6304137400081474,0.32969922519878186,0.4591123032658443,0.372266278833303
508,0.841598172193908,0.4840192332869079,0.6205616705345288,0.3296965543437237,0.455032199896359,0.3700805416884843
509,0.8409180227809472,0.4840192332869079,0.6099280431713064,0.3296946233458146,0.45211795995250564,0.3701822384952185
510,0.8373497217472984,0.4840192332869079,0.5986152040814084,0.32969389822626594,0.45108917918324853,0.37200718203075045
511,0.8320586013001453,0.4840192332869079,0.586748899119031,0.3296949074316483,0.45213933281132124,0.3722048504417965
512,0.8261924076942851,0.4840192332869079,0.5744789657116457,0.32969821476777805,0.45486517484658046,0.36970825434247506
513,0.820786235007406,0.4840192332869079,0.5619793493421676,0.32970438255607704,0.45837019878878843,0.36714820330106607
514,0.8167258724123768,0.4840192332869079,0.5494471980278379,0.3297139282759557,0.46151212028119765,0.3673217462570128
515,0.8147522723169198,0.4840192332869079,0.5371007457501621,0.3297272798283886,0.4632329239867074,0.3691045309862433
516,0.8154930561432346,0.4840192332869079,0.5251756699313043,0.3297447354558372,0.4628972024833499,0.36889363703220207
517,0.8193033914600394,0.4840192332869079,0.5139196221803741,0.32976643388197785,0.4609523960826184,0.3662815539971681
518,0.826458314268933,0.4840192332869079,0.5035847170880801,0.32979233847942574,0.45813803020718546,0.36462087343979227
519,0.8370751775404448,0.4840192332869079,0.4944179537231114,0.32982223679067413,0.4554869068927466,0.36589526918446735
520,0.851072223067244,0.4840192332869079,0.48664985780521347,0.32985575427647845,0.453963124706371,0.36795593367601287
521,0.8681299631350811,0.4840192332869079,0.48048205163632585,0.32989237937106675,0.454085633847487,0.36756847973128914
522,0.8876679477087147,0.4840192332869079,0.4760749074871414,0.32993149605797684,0.45574856133759983,0.36527276451546853
523,0.9088504095686196,0.4840192332869079,0.4735367811477452,0.32997242015930967,0.45832946089114907,0.36474866126545874
524,0.9306305610289547,0.4840192332869079,0.47291639420704773,0.330014436056966,0.4609849115626248,0.3668001989528559
525,0.9518362137986567,0.4840192332869079,0.4741996252968789,0.3300568313056351,0.4629525017700399,0.36824510675447997
526,0.971289821863062,0.4840192332869079,0.47731129996222144,0.33009892731422413,0.4637477249368615,0.36674072173065814
527,0.9879457767095396,0.4840192332869079,0.4821217075724497,0.3301401048593307,0.4632786218569458,0.3643031467557667
528,1.001019736141992,0.4840192332869079,0.4884567840142837,0.33017982365499643,0.461354891589481,0.3644943074687538
529,1.0100824902869052,0.4840192332869079,0.4961104123360455,0.33021763559398365,0.458311122681907,0.36632538351288824
530,1.015096878965942,0.4840192332869079,0.5048572083632287,0.33025319165138334,0.45483970108515515,0.3658539839642053
531,1.0163900155440482,0.4840192332869079,0.5144644181348501,0.3302862428201428,0.4518323089084363,0.36288702251090665
532,1.0145701566504755,0.4840192332869079,0.5247020057425347,0.330316635808319,0.450125002429968,0.3603370036549346
533,1.01041146612421,0.4840192332869079,0.5353504899190451,0.3303443045236344,0.45018895182881685,0.3606945583763506
534,1.004735395817463,0.4840192332869079,0.5462064817660415,0.3303692585565211,0.45189631668369734,0.36223546599622664
535,0.9983132133440028,0.4840192332869079,0.5570861376000966,0.33039156992273516,0.45451566638935914,0.3613211260430733
536,0.991803390170458,0.4840192332869079,0.567826875131748,0.33041135924376297,0.4569819132236998,0.35803365303774726
537,0.9857252698165457,0.4840192332869079,0.57828773935284,0.33042878235596124,0.458308140469171,0.35543893967149803
538,0.9804610854298552,0.4840192332869079,0.5883487830435882,0.33044401809047846,0.4579299636277333,0.35576504698700895
539,0.9762739574622784,0.4840192332869079,0.5979097758953024,0.3304572577003301,0.4557600288499008,0.3575003077667215
540,0.9733293953427892,0.4840192332869079,0.6068884962863709,0.33046869616548813,0.45227831776497335,0.3572458898903994
541,0.9717094933927163,0.4840192332869079,0.6152188023598927,0.3304785254055266,0.44831738513809716,0.35462702386624634
542,0.9714046601237176,0.4840192332869079,0.6228486295836977,0.33048692928272394,0.44482707244542297,0.35156797680903695
543,0.9721052643909255,0.4840192332869079,0.6297380220295081,0.33049408018614485,0.4426424786611067,0.3504601078043183
544,0.9739364042677726,0.4840192332869079,0.6358572739358983,0.33050013694151953,0.4422761216104663,0.35168045306591106
545,0.9769206456044923,0.4840192332869079,0.6411852358872362,0.330505243781797,0.4437545401379064,0.35317988996224087
546,0.981012208319357,0.4840192332869079,0.6457078256540535,0.33050953012768286,0.4465443491929382,0.35265529886222874
547,0.9860931854755663,0.4840192332869079,0.6494167783422303,0.33051311095626185,0.44964096028551215,0.3497838965323565
548,0.9919663373008232,0.4840192332869079,0.6523086790424357,0.33051608757109474,0.4518764128541274,0.34611181208152497
549,0.9983519903441362,0.4840192332869079,0.6543843625550287,0.33051854862347413,0.4523888871180731,0.34388812616505166
550,1.0048933438578522,0.4840192332869079,0.6556489187152162,0.33052057126837003,0.4510482435694306,0.3442100454465833
551,1.011172789312298,0.4840192332869079,0.6561132873983113,0.3305222223681489,0.4483986015525209,0.34582302833329737
552,1.0167398367821858,0.4840192332869079,0.6558064934133987,0.33052355968175334,0.44546753356139074,0.3462355320878003
553,1.0211488490313698,0.4840192332869079,0.6546901739598243,0.33052463299670504,0.44331669398177803,0.3441621085427739
554,1.0240024047228102,0.4840192332869079,0.6527572709354142,0.33052548517653324,0.44268180805720947,0.34046472510563
555,1.0249943005665059,0.4840192332869079,0.6500078849412878,0.3305261531076934,0.44382766170198384,0.337229695133641
556,1.0239454691373187,0.4840192332869079,0.646446868255917,0.33052666853842627,0.4465842016301659,0.33618104957514144
557,1.0208267237977904,0.4840192332869079,0.6420836160718993,0.33052705880798094,0.4504652109402911,0.3374603057765178
558,1.0157641972526643,0.4840192332869079,0.6369325874676518,0.3305273474687772,0.4547937883060406,0.33943888211298784
559,1.009026221195779,0.4840192332869079,0.6310142334980262,0.33052755480686846,0.4588094842488152,0.33991963848422513
560,1.0009935638195604,0.4840192332869079,0.6243562232729054,0.3305276982678694,0.46177188891771315,0.33801102435723046
561,0.992117701580322,0.4840192332869079,0.6169949138023646,0.33052779279662237,0.4630897550805805,0.33494482160675454
562,0.9828735829196285,0.4840192332869079,0.6089770206794827,0.3305278510994689,0.4624582684687263,0.3329429515175143
563,0.9737138358816202,0.4840192332869079,0.6003614400451508,0.3305278838382171,0.4605574751859818,0.333309215742956
564,0.9650305711382685,0.4840192332869079,0.5912211545159382,0.3305278997648061,0.4581740610633708,0.33548110228928824
565,0.957129095585478,0.4840192332869079,0.5816451284903439,0.33052790580523417,0.4561785339763532,0.3375552168458606
566,0.9502154243689842,0.4840192332869079,0.571740061708195,0.33052790710034974,0.45526624579342967,0.3376879598562216
567,0.944396988450593,0.4840192332869079,0.5616318245327512,0.3305279070088765,0.45574717128964026,0.33492298388227687
568,0.9396938747033238,0.4840192332869079,0.5514663460248517,0.3305279070711655,0.45748803700685375,0.332455971000702
569,0.9360566572525949,0.4840192332869079,0.5414096713359854,0.3305279068899446,0.4600098870001546,0.33303281110900856
570,0.9333865216934659,0.4840192332869079,0.5316468579638158,0.33052790453441316,0.4626680745248333,0.3356427314360511
571,0.9315538749979058,0.4840192332869079,0.5223793573810352,0.330527896607931,0.4648355817981543,0.3368667126042909
572,0.9304127518403689,0.4840192332869079,0.513820553300673,0.33052787829471264,0.4660486212387576,0.3348034546946587
573,0.9298097910987838,0.4840192332869079,0.5061892293727885,0.3305278434078725,0.4661085138763224,0.33203067164154104
574,0.9295880958066882,0.4840192332869079,0.49970094378183993,0.33052778444722447,0.46543547289771087,0.3318622757858325
575,0.9295877330518847,0.4840192332869079,0.49455760498700513,0.33052769267176085,0.46413694130948585,0.334337776212253
576,0.929612767403636,0.4840192332869079,0.49093594396816537,0.3305275581903835,0.4624391174233668,0.3365488366751667
577,0.9296565611739581,0.4840192332869079,0.4889759848263741,0.33052737007382077,0.46065262664048817,0.33587782530257215
578,0.9297120124119069,0.4840192332869079,0.48877090262618084,0.3305271164904012,0.45911971392730844,0.333240017167593
579,0.9297716614568803,0.4840192332869079,0.4903596915950275,0.3305267848683387,0.4581446718715714,0.331390236611822
580,0.9298277018075968,0.4840192332869079,0.4937237693227094,0.3305263620873686,0.45792457537306186,0.3321339663765091
581,0.929871978258415,0.4840192332869079,0.49878804596118104,0.3305258347029334,0.4585034550742959,0.3345908116472522
582,0.9298959905068659,0.4840192332869079,0.5054262442861629,0.3305251892066518,0.45976643883518087,0.33641990647825826
583,0.9298909103995128,0.4840192332869079,0.5134695821881055,0.33052441232748414,0.4614738948315556,0.3359128264979414
584,0.9298476180635792,0.4840192332869079,0.522717506814404,0.33052349137885656,0.4633199548976772,0.3332983754534146
585,0.9297567607997628,0.4840192332869079,0.5329490755645166,0.330522414657986,0.46499447420469525,0.33045287070884877
586,0.9296088376063678,0.4840192332869079,0.5439337703410583,0.33052117190479646,0.4662330380720612,0.3295194153266059
587,0.9293943112216787,0.4840192332869079,0.555440889849411,0.3305197548291062,0.4668495893201877,0.33091570000997883
588,0.9291037484895714,0.4840192332869079,0.5672470612626521,0.33051815771624116,0.4667552080426866,0.3329310755715716
589,0.9287279886314808,0.4840192332869079,0.5791417533845605,0.33051637812287504,0.46589150251073147,0.33340744475830897
590,0.928258337643354,0.4840192332869079,0.5909309146837196,0.3305144176767458,0.46436157878845125,0.33155977833104555
591,0.9276867855521479,0.4840192332869079,0.6024389982475702,0.3305122829958966,0.4623742588554327,0.328233295765978
592,0.927006241707167,0.4840192332869079,0.6135096916431445,0.33050998674514703,0.4602182725010672,0.32543849543395004
593,0.9262107817106527,0.4840192332869079,0.6240056695598326,0.3305075488493097,0.4582219324156497,0.32489231299198523
594,0.925295898090058,0.4840192332869079,0.6338076548778028,0.3305049978836671,0.456698359627574,0.32652543087114316
595,0.9242587454757965,0.4840192332869079,0.6428130267905471,0.33050237266130256,0.45588416793913594,0.32844182416890294
596,0.9230983699762974,0.4840192332869079,0.6509341632122945,0.3304997240322345,0.4558868624240116,0.3284985773442093
597,0.921815911742961,0.4840192332869079,0.6580966532786118,0.33049711689811045,0.4566582975837182,0.32483548707324506
598,0.9204147694916569,0.4840192332869079,0.6642374629163025,0.3304946324244797,0.4580048809221021,0.3218569702967709
599,0.9189007160807819,0.4840192332869079,0.6693030723816629,0.33049237039536217,0.4596321036737727,0.3230028608167465
600,0.9172819552001716,0.4840192332869079,0.673247498039814,0.33049045159644985,0.46120892932987867,0.3247835506326007
601,0.9155691108280717,0.4840192332869079,0.6760298511866577,0.33048902002941644,0.4624333736127511,0.32230551996249984
602,0.9137751433505439,0.4840192332869079,0.6776101611390505,0.3304882446496941,0.4630854545947457,0.31812321374221686
603,0.9119151890467654,0.4840192332869079,0.6779366436935993,0.3304883201902768,0.4630670823718843,0.31764925297858965
604,0.9100063229121435,0.4840192332869079,0.6767483474731572,0.3304894665026363,0.4638092265418585,0.3199656508406898
605,0.9080672483583387,0.4840192332869079,0.6741443228268471,0.3304919257449992,0.4653432407273876,0.319005907364595
606,0.9061179209934626,0.4840192332869079,0.6701889975063884,0.33049595672414966,0.4676900550811946,0.314862146529382
607,0.90417911721635,0.4840192332869079,0.6649466918952883,0.33050182580257664,0.4708275225230941,0.31207356618677035
608,0.9022719615133088,0.4840192332869079,0.6584887326791131,0.33050979406387815,0.4746265685938109,0.3132344411670616
609,0.9004174288895959,0.4840192332869079,0.6508965501683411,0.33052010090388145,0.4787921086863229,0.3154384256549436
610,0.8986358405963706,0.4840192332869079,0.6422637039909155,0.33053294485290524,0.4828602323714308,0.3141797493233888
611,0.8969463720731069,0.4840192332869079,0.6326975391091252,0.3305484631462603,0.48629096222599166,0.3102087259007289
612,0.8953665917298533,0.4840192332869079,0.6223206680431408,0.33056671220219985,0.4886301213943146,0.3073984601630163
613,0.8939120478380137,0.4840192332869079,0.6112723069417056,0.3305876515698678,0.4896448404733136,0.3081078413390437
614,0.8925959184612368,0.4840192332869079,0.59970941299401,0.33061113392334085,0.48935003514655145,0.3105688460906031
615,0.8914287361977362,0.4840192332869079,0.5878075143062607,0.3306369032165208,0.4879317624352698,0.3110965259917311
616,0.8904181957455708,0.4840192332869079,0.5757610701872077,0.3306646021935851,0.48563917522453376,0.30780745647491325
617,0.8895690482114731,0.4840192332869079,0.5637831437981907,0.33069378919921477,0.4827077460043312,0.3036676459410704
618,0.8888830819485344,0.4840192332869079,0.552104112669343,0.33072396287347355,0.4793318041610545,0.30250185328944884
619,0.8883591858064971,0.4840192332869079,0.5409690962684197,0.3307545921175259,0.4756737299658677,0.30453327023748455
620,0.8879934872540026,0.4840192332869079,0.5306337638720601,0.33078514793233316,0.47188967901236584,0.3062627624327821
621,0.8877795550735252,0.4840192332869079,0.5213582302352283,0.33081513353441183,0.46815446746762623,0.3047826680802214
622,0.8877086543575664,0.4840192332869079,0.5133988855265551,0.33084410957817606,0.46467182150686814,0.3006505185094433
623,0.8877700403972517,0.4840192332869079,0.50699826615067,0.3308717122517288,0.4616611406561893,0.29708300781908187
624,0.8879512777314023,0.4840192332869079,0.5023734514877068,0.330897663232819,0.4593224100199827,0.2966777645020347
625,0.8882385710368016,0.4840192332869079,0.4997039128125129,0.3309217717166768,0.4577948469246347,0.29901083846849486
626,0.8886170955671178,0.4840192332869079,0.4991201278383511,0.3309439297143966,0.45713083917818553,0.3011394688124988
627,0.8890713163411481,0.4840192332869079,0.5006944537757734,0.33096410242282076,0.4572924739508926,0.30057483867647133
628,0.8895852870840153,0.4840192332869079,0.5044355968054557,0.3309823156559379,0.4583165814817471,0.29701789608121376
629,0.8901429218862635,0.4840192332869079,0.5102875041329192,0.330998642173537,0.4601001905644534,0.2941804949900793
630,0.8907282345302806,0.4840192332869079,0.5181327578641263,0.3310131883690983,0.46251496223841315,0.2949651435044724
631,0.8913255423286035,0.4840192332869079,0.5277997946145973,0.3310260823165911,0.4654191375331586,0.29800250712657483
632,0.8919196330365157,0.4840192332869079,0.5390727395439233,0.3310374637295925,0.4686382694734954,0.29949129826127596
633,0.8924958948756141,0.4840192332869079,0.5517024546921063,0.3310474760200516,0.47192693120771384,0.2976711202388874
634,0.8930404108817084,0.4840192332869079,0.5654175433819896,0.3310562603834636,0.47493680449404424,0.2940168027529173
635,0.8935400196075637,0.4840192332869079,0.579934404711254,0.3310639516792307,0.4772324815668795,0.29238082400970594
636,0.8939823445505829,0.4840192332869079,0.5949658451471053,0.3310706758009051,0.4783909000668451,0.2943816929541462
637,0.8943557942297893,0.4840192332869079,0.6102281118424956,0.33107654821676713,0.4781639387064774,0.2970908874287251
638,0.894649532652746,0.4840192332869079,0.625446457165168,0.33108167338413536,0.4766029625805237,0.29667935679791974
639,0.8948534124332026,0.4840192332869079,0.6403594701554313,0.33108614478282883,0.4740412581060674,0.29300323774462195
640,0.8949578320108346,0.4840192332869079,0.6547224422176352,0.3310900453616525,0.4709446482695214,0.2906822675053258
641,0.8949532564899131,0.4840192332869079,0.6683100049169078,0.3310934482388052,0.46774616460385177,0.2926551214546104
642,0.8948549984141616,0.4840192332869079,0.6809182178785523,0.33109641753856395,0.464761069542167,0.295843418962595
643,0.8946593169942313,0.4840192332869079,0.6923662168575327,0.33109900928085806,0.46218933483048735,0.29513821814029473
644,0.8943625249801554,0.4840192332869079,0.7024974696382562,0.3311012722673155,0.46015987553813087,0.29203209400037433
645,0.893961209399694,0.4840192332869079,0.7111806362764251,0.33110324892776005,0.4587726248832393,0.291560399874395
646,0.8934522789346162,0.4840192332869079,0.7183099881745787,0.3311049761060353,0.4581136493231521,0.2951082224071238
647,0.8928329836828457,0.4840192332869079,0.7238052923776809,0.3311064857745287,0.4582232415166546,0.299000364808351
648,0.8921009321056952,0.4840192332869079,0.7276109575029637,0.33110780567391435,0.4599105803095023,0.2988925638552568
649,0.8912541124373978,0.4840192332869079,0.7296938083660467,0.33110895987926536,0.4628720967463709,0.2971929103973486
650,0.8902909213384087,0.4840192332869079,0.7300360954079131,0.3311099692965315,0.4660818193883811,0.29528942966714505
651,0.8892102009203039,0.4840192332869079,0.7285225869881305,0.3311108520949492,0.4684176005511267,0.2946275827811347
652,0.8880112844346943,0.4840192332869079,0.7252512979311887,0.3311116240816673,0.46926222273576496,0.2958907770778563
653,0.8866940503582583,0.4840192332869079,0.7203235061733322,0.33111229902502404,0.46860099495893853,0.2987833287133806
654,0.8852589841453696,0.4840192332869079,0.7138546057840897,0.3311128889327053,0.4668857541397296,0.3024026849201573
655,0.8837072464969326,0.4840192332869079,0.7059739623331673,0.33111340429060604,0.46489783963819187,0.3057272896201828
656,0.8820407465880026,0.4840192332869079,0.6968232371633941,0.33111385426769446,0.46350285876437897,0.30792340845216687
657,0.8802622183046104,0.4840192332869079,0.686554565157421,0.3311142468916247,0.4632657168034164,0.30847167717509216
658,0.878375297167721,0.4840192332869079,0.6753289895761992,0.33111458919927916,0.4639965784666418,0.3071136382915522
659,0.8763845952805572,0.4840192332869079,0.663315298524803,0.3311148873658944,0.4657249431183632,0.30445420090491715
660,0.8742957713389489,0.4840192332869079,0.6506892935859282,0.33111514681593124,0.46821997645622426,0.3015018585708271
661,0.8721155925094939,0.4840192332869079,0.6376334476588904,0.3311153723184083,0.47104134957200505,0.29941448991900593
662,0.8698519848246496,0.4840192332869079,0.6243368491771782,0.3311155680690216,0.4736358425721956,0.2989917193019675
663,0.867514068685054,0.4840192332869079,0.610995274935515,0.33111573776103154,0.47550417328380395,0.3002064815921136
664,0.865112176113874,0.4840192332869079,0.5978111811085267,0.33111588464659564,0.4763739023452033,0.30219697397294404
665,0.8626578465900915,0.4840192332869079,0.5849933529470542,0.3311160115899692,0.47626167336307546,0.3037846741336957
666,0.860163798607998,0.4840192332869079,0.5727559137320712,0.3311161211137731,0.4753932674727367,0.30410929426093564
667,0.8576438745747508,0.4840192332869079,0.5613163739600899,0.33111621543934294,0.47407604683815263,0.3031001597269849
668,0.855112957266505,0.4840192332869079,0.5508924193906868,0.3311162965220099,0.4726218044501124,0.30091300618432715
669,0.8525868568092163,0.4840192332869079,0.5416972124480226,0.33111636608203443,0.47133232033378125,0.29812698886837163
670,0.8500821680176524,0.4840192332869079,0.5339331346516312,0.3311164256317964,0.4704975432535413,0.2955408283077922
671,0.847616098892012,0.4840192332869079,0.5277841350138549,0.33111647649975223,0.47034586729177735,0.29391016313851015
672,0.8452062721041302,0.4840192332869079,0.5234071517097622,0.33111651985159146,0.4708381225699733,0.29368342630035627
673,0.8428705023649388,0.4840192332869079,0.5209233871750502,0.3311165567089558,0.4720084828445343,0.29483891738329177
674,0.840626553605712,0.4840192332869079,0.520410453125385,0.33111658796603105,0.4737182887250668,0.2969056714594378
675,0.8384918808769684,0.4840192332869079,0.5218964665447616,0.33111661440427514,0.47570412102162535,0.29915522620830803
676,0.8364833627181898,0.4840192332869079,0.5253570082496428,0.3311166367055067,0.47768079256176216,0.30085942918913616
677,0.8346170304274265,0.4840192332869079,0.5307154622833951,0.3311166554635471,0.4794283113644235,0.3015026972009533
678,0.8329078011159388,0.4840192332869079,0.5378467300282438,0.33111667119458266,0.480813312250497,0.30092627137272604
679,0.8313692216315417,0.4840192332869079,0.5465838013753338,0.33111668434638897,0.48176044365538967,0.2990519665014914
680,0.8300132303496508,0.4840192332869079,0.5567263013018948,0.33111669530654414,0.4822135630419995,0.2961529182244251
681,0.8288499434529041,0.4840192332869079,0.5680499858728958,0.3311167044097394,0.48211456862187485,0.29274911476469645
682,0.8278874716555384,0.4840192332869079,0.5803162287018986,0.33111671194428244,0.4814133502974083,0.2894989934636034
683,0.8271317724021842,0.4840192332869079,0.5932807497717794,0.33111671815787863,0.4801115988627294,0.28706250466590344
684,0.8265865414244685,0.4840192332869079,0.6067011066090661,0.3311167232627659,0.4783213948396214,0.28594690577879106
685,0.826253146229299,0.4840192332869079,0.6203427217014914,0.3311167274402685,0.476289311874467,0.28636128811530587
686,0.8261306026874727,0.4840192332869079,0.6339834192053097,0.33111673084483056,0.4743427014470215,0.28811989744078753
687,0.8262155944637563,0.4840192332869079,0.6474165771622855,0.33111673360758304,0.47278279683278013,0.29063792872636757
688,0.8265025336534981,0.4840192332869079,0.6604530763568014,0.3311167358394919,0.4718041470683309,0.2930520587901263
689,0.826983659734811,0.4840192332869079,0.6729222592324102,0.3311167376341302,0.4714835890599419,0.2944709582360076
690,0.8276491728677214,0.4840192332869079,0.6846721178997669,0.3311167390701158,0.47179687766094197,0.2943032705654063
691,0.8284873967167263,0.4840192332869079,0.6955689219093633,0.33111674021324744,0.4727717186063641,0.2929651886051677
692,0.8294849653687568,0.4840192332869079,0.705496483049559,0.33111674111837297,0.47436234342777395,0.2909351500422024
693,0.8306270285750766,0.4840192332869079,0.7143552422537229,0.33111674183101875,0.47643936378746604,0.288894325091993
694,0.8318974694571382,0.4840192332869079,0.7220613586458055,0.3311167423888055,0.47876022491039516,0.2875138415597843
695,0.8332791289624935,0.4840192332869079,0.728545992212943,0.3311167428226763,0.48098666342026414,0.2872414192569822
696,0.8347540317058129,0.4840192332869079,0.733755021863242,0.33111674315795653,0.48277869491661846,0.28817725072121664
697,0.8363036083425498,0.4840192332869079,0.7376495955938629,0.331116743415267,0.48391561763063945,0.2900767614393253
698,0.8379089102556744,0.4840192332869079,0.7402084087183362,0.33111674361130594,0.4843506761751009,0.2924549875100564
699,0.8395508130454106,0.4840192332869079,0.7414346297103698,0.33111674375951733,0.48417111701055493,0.2947339989994239
700,0.8412102060569965,0.4840192332869079,0.7413842476616915,0.33111674387065965,0.4835217345142591,0.296381640401128
701,0.8428681659254351,0.4840192332869079,0.7434164989682117,0.33111674395328616,0.4825541007264822,0.29701441404748197
702,0.8445061128285165,0.4840192332869079,0.7475315937094071,0.33111674401415137,0.48141703772254607,0.29644463243432495
703,0.8461059487958251,0.4840192332869079,0.7535670517378811,0.3311167440585499,0.4802714082481136,0.2948177726951845
704,0.8476501780042609,0.4840192332869079,0.7612341541933815,0.33111674409060055,0.47930221875425844,0.29246261190483563
705,0.8491220094874017,0.4840192332869079,0.7701252396626279,0.33111674411348063,0.47870087845752995,0.28984460873588935
706,0.8505054430883046,0.4840192332869079,0.7797216873543743,0.33111674412961994,0.4786053461571031,0.2874762251285482
707,0.8517853397859934,0.4840192332869079,0.7894107918037088,0.3311167441408591,0.47895540797413505,0.28581602127315064
708,0.8529474777144905,0.4840192332869079,0.7985155284492612,0.33111674414857845,0.4797601531369485,0.28517906018173134
709,0.8539785952470715,0.4840192332869079,0.806338258571772,0.3311167441538013,0.4809496164152668,0.28567954816753494
710,0.8548664223794292,0.4840192332869079,0.8122160983875907,0.3311167441572784,0.482409129373634,0.2872176522422942
711,0.8555997011557084,0.4840192332869079,0.8155821986459525,0.3311167441595528,0.48401656414674393,0.2895088930209173
712,0.8561681945625786,0.4840192332869079,0.8160243646202061,0.33111674416101206,0.4856663289742285,0.29214356814233133
713,0.85656267944712,0.4840192332869079,0.813331272957314,0.33111674416192877,0.4872733022430515,0.29466055823032256
714,0.8567749043548233,0.4840192332869079,0.8075177123251224,0.33111674416249137,0.4887622981966324,0.2966236442622463
715,0.8567974004764901,0.4840192332869079,0.7988237968884588,0.331116744162828,0.4900527974558104,0.2976934791950822
716,0.8566180318019014,0.4840192332869079,0.787688130202951,0.3311167441630235,0.4910484705736422,0.29768817738264525
717,0.8562327568712083,0.4840192332869079,0.7746999808103872,0.33111674416313364,0.49164066267091966,0.2973560401788571
718,0.8556383608459038,0.4840192332869079,0.760539183122127,0.33111674416319326,0.4917324037506382,0.29672109976121314
719,0.8548327457714586,0.4840192332869079,0.7459137704463726,0.33111674416322434,0.49127907431828816,0.29582150092288695
720,0.853815004173115,0.4840192332869079,0.7315042122937788,0.3311167441632398,0.4903251582976226,0.294709699297192
721,0.8525854565873723,0.4840192332869079,0.7179202452171185,0.3311167441632471,0.48900999396052874,0.2934509700854796
722,0.8511456791716181,0.4840192332869079,0.7056726985594188,0.3311167441632502,0.4875341126071686,0.292120749487281
723,0.8494985277998995,0.4840192332869079,0.6951594135772421,0.33111674416325143,0.4861074141507494,0.2908008310478045
724,0.8476481602085103,0.4840192332869079,0.6866620010941376,0.331116744163252,0.48490959103741144,0.2895745045223383
725,0.8456000560364487,0.4840192332869079,0.6803490127014713,0.33111674416325215,0.48407585444396695,0.2885209017493507
726,0.8433610338074934,0.4840192332869079,0.6762808352152387,0.33111674416325215,0.48369946120141194,0.28770901952995026
727,0.8409392634529242,0.4840192332869079,0.6744107400462779,0.33111674416325215,0.48382981057005126,0.28719206036172834
728,0.8383442726986858,0.4840192332869079,0.674562677220436,0.33111674416325215,0.4845887980287117,0.2870028056276429
729,0.8355869454761714,0.4840192332869079,0.6791793880623019,0.33111674416325215,0.4859853160758108,0.2871506678813785
730,0.8326795104395345,0.4840192332869079,0.6865054441999874,0.33111674416325215,0.4879255240849058,0.2876208539688185
731,0.8296355176768048,0.4840192332869079,0.6937672409526164,0.33111674416325215,0.49020269220697094,0.28837575288293327
732,0.8264698017846618,0.4840192332869079,0.6979444804319055,0.33111674416325215,0.49252738860238965,0.2893583230416448
733,0.8231984296364555,0.4840192332869079,0.6967405321175658,0.33111674416325215,0.4945964837475898,0.29049698181743105
734,0.8198386314083752,0.4840192332869079,0.6893906061425531,0.33111674416325215,0.4961669400440199,0.29171135736307313
735,0.816408713736643,0.4840192332869079,0.6769122962459296,0.33111674416325215,0.49709876269995895,0.2929182637365848
736,0.8129279542544117,0.4840192332869079,0.6616853757365951,0.33111674416325215,0.49736029096922574,0.2940373750744373
737,0.8094164771936627,0.4840192332869079,0.6466156418254672,0.33111674416325215,0.4970143145117898,0.2949962486839671
738,0.8058951102255287,0.4840192332869079,0.6342980685376779,0.33111674416325215,0.49620392562137927,0.2957345280326362
739,0.8023852232403268,0.4840192332869079,0.6264464986068902,0.33111674416325215,0.49514089674962797,0.2962073238878992
740,0.7989085503221208,0.4840192332869079,0.623591267044798,0.33111674416325215,0.4940849594401371,0.29638803212656545
741,0.7954869967354757,0.4840192332869079,0.624929626509272,0.33111674416325215,0.4933020690904113,0.29627299376002664
742,0.7921424332958126,0.4840192332869079,0.6291575329480394,0.33111674416325215,0.49300411571126146,0.295857674983521
743,0.788896481019431,0.4840192332869079,0.6332840523559553,0.33111674416325215,0.49327342646319045,0.2951657530539153
744,0.7857702894236002,0.4840192332869079,0.6341050732620672,0.33111674416325215,0.49421240408879963,0.2942415375264794
745,0.78278431224968,0.4840192332869079,0.6296716690797812,0.33111674416325215,0.495757199788743,0.2931471255314168
746,0.7799580846919679,0.4840192332869079,0.6201450160397977,0.33111674416325215,0.4977037666517999,0.29195865286229894
747,0.7773100064126701,0.4840192332869079,0.607537408248078,0.33111674416325215,0.4997474769209391,0.2907612623951435
748,0.7748571346927596,0.4840192332869079,0.5946674115398517,0.33111674416325215,0.5015463378736065,0.28964291237101947
749,0.7726149919975857,0.4840192332869079,0.5840870361315513,0.33111674416325215,0.5027995882793357,0.28868744308646355
750,0.7705973920186608,0.4840192332869079,0.5774374904879817,0.33111674416325215,0.5033257750598722,0.2879675636607929
751,0.7688162878894541,0.4840192332869079,0.5751336724382294,0.33111674416325215,0.5031165781750365,0.2875385676925885
752,0.767281645771186,0.4840192332869079,0.5761836349321118,0.33111674416325215,0.5023465858192755,0.28743358001534036
753,0.766001346380134,0.4840192332869079,0.5788340395362324,0.33111674416325215,0.5013342037459442,0.28766095204770786
754,0.7649811163037273,0.4840192332869079,0.5800055127927737,0.33111674416325215,0.5004609875022946,0.2882040923621113
755,0.7642244901580443,0.4840192332869079,0.5773588069474918,0.33111674416325215,0.5000622898217785,0.2890236266237026
756,0.7637328038082122,0.4840192332869079,0.5706584708643786,0.33111674416325215,0.5003015386948392,0.29006143383148936
757,0.7635052180422824,0.4840192332869079,0.5615609416823605,0.33111674416325215,0.5013445761589008,0.29124589089967023
758,0.7635387712952018,0.4840192332869079,0.5523911271148672,0.33111674416325215,0.5030170242261409,0.2924976109922249
759,0.7638284592970674,0.4840192332869079,0.5451449692933839,0.33111674416325215,0.504896475065758,0.29373506185253334
760,0.7643673388987539,0.4840192332869079,0.5410684768704597,0.33111674416325215,0.5064786883463185,0.2948796395563125
761,0.7651466528315979,0.4840192332869079,0.5403269254633509,0.33111674416325215,0.5073505811880842,0.29585998136981523
762,0.7661559718015278,0.4840192332869079,0.5416729824556004,0.33111674416325215,0.5073266724293305,0.29661547063684607
763,0.7673833501088347,0.4840192332869079,0.5437117609246579,0.33111674416325215,0.5065480330956116,0.29709897163229604
764,0.7688154909213069,0.4840192332869079,0.5446532570504481,0.33111674416325215,0.5054806084689295,0.2972787343968191
765,0.7704379174017136,0.4840192332869079,0.5433701995421995,0.33111674416325215,0.504721801476696,0.2971377081330637
766,0.7722351460853981,0.4840192332869079,0.5398245450491482,0.33111674416325215,0.5046919582798842,0.2966900959358701
767,0.7741908592001251,0.4840192332869079,0.5347234938228174,0.33111674416325215,0.5050579885402207,0.2959649517417305
768,0.7762880729956221,0.4840192332869079,0.5290180014234275,0.33111674416325215,0.5058533044115204,0.29500911566485144
769,0.7785092995806556,0.4840192332869079,0.5237165756686057,0.33111674416325215,0.507087550242879,0.2938859049009586
770,0.7808367002277236,0.4840192332869079,0.5198423378778029,0.33111674416325215,0.5087489309053023,0.2926721322602118
771,0.7832522285779782,0.4840192332869079,0.5181497916798802,0.33111674416325215,0.51079808354256,0.2914535004460877
772,0.7857377626431192,0.4840192332869079,0.5186484638618826,0.33111674416325215,0.5131576706066585,0.29031846958628044
773,0.7882752249410895,0.4840192332869079,0.5211245471384962,0.33111674416325215,0.5157021775522912,0.28935098087040323
774,0.7908466905066103,0.4840192332869079,0.5236879182114715,0.33111674416325215,0.5182549608234037,0.2886227601742506
775,0.7934344828772635,0.4840192332869079,0.5245442596986638,0.33111674416325215,0.5206005296778835,0.28818620013298074
776,0.7960212584657322,0.4840192332869079,0.5229012361349854,0.33111674416325215,0.5225165180824807,0.2880689077531226
777,0.7985900799863594,0.4840192332869079,0.5190870651038082,0.33111674416325215,0.5238207504654564,0.28827083106936074
778,0.8011244798091696,0.4840192332869079,0.5145151323692133,0.33111674416325215,0.5244179202734096,0.2887644551081918
779,0.8036085142685065,0.4840192332869079,0.5112261813260268,0.33111674416325215,0.5243257359499074,0.2894979965963796
780,0.8060268100593849,0.4840192332869079,0.5106706294559455,0.33111674416325215,0.5236679057483451,0.2904009987962502
781,0.8083646039163636,0.4840192332869079,0.5123229420792788,0.33111674416325215,0.522637645046457,0.2913913865090914
782,0.8106077767916555,0.4840192332869079,0.5157584439017688,0.33111674416325215,0.5214491556351859,0.2923829598358135
783,0.8127428837360878,0.4840192332869079,0.5198139402991095,0.33111674416325215,0.520296705316488,0.29329245824491207
784,0.814757180643395,0.4840192332869079,0.5230929481054115,0.33111674416325215,0.5193324190804028,0.29404562214476965
785,0.81663864895053,0.4840192332869079,0.5244199182078345,0.33111674416325215,0.5186625861467256,0.2945820208185585
786,0.8183760192999594,0.4840192332869079,0.5231943029384724,0.33111674416325215,0.5183548397330814,0.29485879811093246
787,0.819958795071419,0.4840192332869079,0.5196374039735039,0.33111674416325215,0.5184441370884082,0.2948546065471613
788,0.8213772765900947,0.4840192332869079,0.5148067643437948,0.33111674416325215,0.5190168438583064,0.29551753484114673
789,0.8226225867321556,0.4840192332869079,0.5102582857920992,0.33111674416325215,0.5200968303864577,0.2968331651301829
790,0.8236866986096558,0.4840192332869079,0.5074445313204192,0.33111674416325215,0.5216613541818294,0.2987927746034233
791,0.8245624661019773,0.4840192332869079,0.5071262300945995,0.33111674416325215,0.5236158984971164,0.3013802599630075
792,0.8252436584236318,0.4840192332869079,0.5084863017287766,0.33111674416325215,0.5257665024652264,0.3045468729365259
793,0.8257250013973437,0.4840192332869079,0.511530897566381,0.33111674416325215,0.5278142845352444,0.30818147900714027
794,0.8260022338093636,0.4840192332869079,0.5159271813900123,0.33111674416325215,0.5294028134657581,0.31208691303414193
795,0.8260722192970577,0.4840192332869079,0.5210817851404754,0.33111674416325215,0.5302276447357777,0.31597662096484497
796,0.8259337592599059,0.4840192332869079,0.5262256950656654,0.33111674416325215,0.5301627851101915,0.31950269217143235
797,0.8255848837482651,0.4840192332869079,0.5305320225984315,0.33111674416325215,0.5293182229475335,0.3223136181105799
798,0.8250250631553826,0.4840192332869079,0.533262379222495,0.33111674416325215,0.5279807483583931,0.32412347778855616
799,0.8242549728504193,0.4840192332869079,0.5339183925150423,0.33111674416325215,0.5264844050842867,0.3247662027696055
800,0.8232764765665803,0.4840192332869079,0.5323574142775614,0.33111674416325215,0.5251023306286202,0.32421649450622
801,0.8220926373649015,0.4840192332869079,0.5288321666002094,0.33111674416325215,0.524009020087741,0.3225766925273953
802,0.8207077330175468,0.4840192332869079,0.5239380836502103,0.33111674416325215,0.5232982146869843,0.3200429588979002
803,0.8191272692474418,0.4840192332869079,0.5184855452969652,0.33111674416325215,0.5230166315137251,0.316866868272247
804,0.8173579878289731,0.4840192332869079,0.5133373587184163,0.33111674416325215,0.5231786540355798,0.3133224923649749
805,0.8154078676578865,0.4840192332869079,0.5092548686799503,0.33111674416325215,0.5238262491456238,0.3096814763157482
806,0.8132861173466133,0.4840192332869079,0.5067817193336315,0.33111674416325215,0.5249174650714106,0.30619434569071224
807,0.8110031581438005,0.4840192332869079,0.5061669058009111,0.33111674416325215,0.5262955477824488,0.3030761195372413
808,0.8085705961543362,0.4840192332869079,0.5071728235822586,0.33111674416325215,0.5276826489894996,0.30049630869241756
809,0.8060011830000334,0.4840192332869079,0.5099363954214466,0.33111674416325215,0.5287582069169801,0.29857502726933827
810,0.8033087642321702,0.4840192332869079,0.5142909524992089,0.33111674416325215,0.5292896572222867,0.297386718797668
811,0.8005082149940522,0.4840192332869079,0.5198338861853906,0.33111674416325215,0.5292124223410446,0.29697116776590154
812,0.7976153626379835,0.4840192332869079,0.5259595511029702,0.33111674416325215,0.5286061954544701,0.29735106397703376
813,0.794646896227013,0.4840192332869079,0.5319196341442488,0.33111674416325215,0.5276174614195787,0.29853181099087933
814,0.7916202630961409,0.4840192332869079,0.5369212660500443,0.33111674416325215,0.526400362133214,0.3005282130819532
815,0.7885535529076367,0.4840192332869079,0.5402556816327027,0.33111674416325215,0.5251002154826104,0.30336481101571894
816,0.785465369906734,0.4840192332869079,0.5414321945257377,0.33111674416325215,0.5238634375244534,0.30706827407127557
817,0.7823746943621371,0.4840192332869079,0.5402809178962573,0.33111674416325215,0.5228455552251543,0.31164710302635834
818,0.7793007344542904,0.4840192332869079,0.5369916189726248,0.33111674416325215,0.522193240644897,0.317057691313954
819,0.7762627701459968,0.4840192332869079,0.5320757565725803,0.33111674416325215,0.5219961410473167,0.3231607886768154
820,0.7732799908265926,0.4840192332869079,0.5262645581698582,0.33111674416325215,0.5222285861031506,0.3296816853090349
821,0.770371328753673,0.4840192332869079,0.5203747770302939,0.33111674416325215,0.5228293753453792,0.3361981005862327
822,0.7675552905161078,0.4840192332869079,0.5151775586409763,0.33111674416325215,0.5236414644899864,0.3421819339635831
823,0.7648497888995245,0.4840192332869079,0.511295724782309,0.33111674416325215,0.5244737151465805,0.3471024267204241
824,0.7622719776418708,0.4840192332869079,0.5091376824222169,0.33111674416325215,0.5251420045480694,0.3505600032082608
825,0.7598380916143177,0.4840192332869079,0.5088546913829717,0.33111674416325215,0.5254825669609234,0.3523889299427859
826,0.757563294945539,0.4840192332869079,0.5100314386186463,0.33111674416325215,0.5253530236799709,0.35267676179488533
827,0.7554615395213752,0.4840192332869079,0.5126664803353785,0.33111674416325215,0.5246456481054983,0.35169851969166005
828,0.7535454361358295,0.4840192332869079,0.5165939951257456,0.33111674416325215,0.5233261988332986,0.34981114011857833
829,0.7518261403451356,0.4840192332869079,0.5215099207466769,0.33111674416325215,0.5214840167665566,0.3473618577064086
830,0.7503132547894639,0.4840192332869079,0.5269859771046241,0.33111674416325215,0.5193498422339072,0.344638417024643
831,0.7490147494052055,0.4840192332869079,0.5324960711404196,0.33111674416325215,0.5172447031147708,0.34185948951230294
832,0.7479369005661796,0.4840192332869079,0.5374612596425147,0.33111674416325215,0.5154795470116939,0.3391893948399358
833,0.7470842497786411,0.4840192332869079,0.5413126891554471,0.33111674416325215,0.5142706651545977,0.33676119882810573
834,0.7464595821283999,0.4840192332869079,0.5435650116397128,0.33111674416325215,0.513713164188694,0.3346976916773262
835,0.7460639242553471,0.4840192332869079,0.5438869749912266,0.33111674416325215,0.5138020477410085,0.3331245567006417
836,0.7458965612277083,0.4840192332869079,0.5421537152128488,0.33111674416325215,0.5143419736872205,0.3321728162368065
837,0.7459550713206077,0.4840192332869079,0.5384682349027027,0.33111674416325215,0.5152075264855692,0.33196943055809514
838,0.7462353773841206,0.4840192332869079,0.5331469768396943,0.33111674416325215,0.5162502735586884,0.33261104971369543
839,0.7467318132250047,0.4840192332869079,0.5266735460131536,0.33111674416325215,0.517297028428407,0.3341666727091835
840,0.7474372032304052,0.4840192332869079,0.5196320065044707,0.33111674416325215,0.5181628288432649,0.33664454241653974
841,0.748342953333905,0.4840192332869079,0.5126342817664962,0.33111674416325215,0.5186768372223358,0.33998472885922254
842,0.7494391513636235,0.4840192332869079,0.5062545417924758,0.33111674416325215,0.5187111922530493,0.3440635488863122
843,0.7507146748145492,0.4840192332869079,0.5009784546938948,0.33111674416325215,0.5181996608541377,0.34870713211228566
844,0.7521573041460122,0.4840192332869079,0.4971690946563971,0.33111674416325215,0.517139676553725,0.3537075779046807
845,0.7537538398112231,0.4840192332869079,0.4950461798108814,0.33111674416325215,0.5155819702062229,0.3588364936546485
846,0.7554902213687639,0.4840192332869079,0.4946711419046376,0.33111674416325215,0.5136174679058938,0.3638551767780438
847,0.7573516471950483,0.4840192332869079,0.4958701158628472,0.33111674416325215,0.5113688048323026,0.3685249598945151
848,0.7593226935014058,0.4840192332869079,0.4984859815480031,0.33111674416325215,0.5089874272125973,0.3726224555642423
849,0.7613874315497762,0.4840192332869079,0.50220251139882,0.33111674416325215,0.5066513949394496,0.37596147114156164
850,0.7635295421484537,0.4840192332869079,0.5065657377803285,0.33111674416325215,0.5045564008705162,0.37841744475784717
851,0.7657324266868759,0.4840192332869079,0.5110142713712463,0.33111674416325215,0.5028947792863285,0.3799452084489593
852,0.7679793141307703,0.4840192332869079,0.5149319150137692,0.33111674416325215,0.5018245553294411,0.38058122186000265
853,0.7702533635423816,0.4840192332869079,0.5177218429317733,0.33111674416325215,0.50144018068846,0.3804281748618743
854,0.7725377618128794,0.4840192332869079,0.5188921791313824,0.33111674416325215,0.5017809902756556,0.37962852528115487
855,0.7748158163945236,0.4840192332869079,0.5181354782257559,0.33111674416325215,0.5026156004669196,0.3783378562196923
856,0.7770710428989404,0.4840192332869079,0.5153826390056572,0.33111674416325215,0.5037330591594745,0.37670676516889157
857,0.7792872474856886,0.4840192332869079,0.5108169781153223,0.33111674416325215,0.504915798285781,0.37487432704510787
858,0.781448604003217,0.4840192332869079,0.5048450783962669,0.33111674416325215,0.5059438715372666,0.3729710845847679
859,0.783539725863057,0.4840192332869079,0.4980331713760103,0.33111674416325215,0.5066017335576165,0.3711267200282179
860,0.7855457326274577,0.4840192332869079,0.4910261028496695,0.33111674416325215,0.5066959641957421,0.3694765371265693
861,0.7874523112685596,0.4840192332869079,0.48446725302217425,0.33111674416325215,0.5060891666026056,0.3681609460662333
862,0.7892457720079799,0.4840192332869079,0.4789323775438161,0.33111674416325215,0.5047429022095501,0.36731374257722366
863,0.79091309855705,0.4840192332869079,0.4748813059191464,0.33111674416325215,0.5027488671228275,0.36703841282015054
864,0.7924419924248217,0.4840192332869079,0.4726233783377167,0.33111674416325215,0.5003257512559961,0.36736071152478095
865,0.7938209106915685,0.4840192332869079,0.4722920671516067,0.33111674416325215,0.4977762894859812,0.36834562500147916
866,0.7950390961491893,0.4840192332869079,0.47399428297019847,0.33111674416325215,0.4954225078929178,0.3699752584688637
867,0.7960865977329452,0.4840192332869079,0.47712277807631626,0.33111674416325215,0.49354591581745605,0.372173693873572
868,0.7969542770723549,0.4840192332869079,0.4808023687134526,0.33111674416325215,0.49234825900199664,0.37483283285216784
869,0.7976337919435624,0.4840192332869079,0.4839969008857851,0.33111674416325215,0.4919321222923362,0.3778393139968949
870,0.7981175331526595,0.4840192332869079,0.48571514359568774,0.33111674416325215,0.49229882683534093,0.38109212488720573
871,0.7983984399761257,0.4840192332869079,0.4852536949592488,0.33111674416325215,0.4932866521263698,0.38450640979189565
872,0.798469332277518,0.4840192332869079,0.48239273964139917,0.33111674416325215,0.4946520612389896,0.3880050629523995
873,0.798315587214401,0.4840192332869079,0.4774679243170247,0.33111674416325215,0.4960835984302758,0.3915028196420959
874,0.7979398517372236,0.4840192332869079,0.471291698645955,0.33111674416325215,0.49724154189391584,0.39488903250208857
875,0.7973429430081326,0.4840192332869079,0.464961682689157,0.33111674416325215,0.4978150011179782,0.3980170808570684
876,0.796526110683072,0.4840192332869079,0.45962863126665604,0.33111674416325215,0.4975931667847759,0.4007097976168056
877,0.7954914297496759,0.4840192332869079,0.4562772139052205,0.33111674416325215,0.4965367965055285,0.4027874673096902
878,0.794241929318318,0.4840192332869079,0.4555201574985426,0.33111674416325215,0.4948171258362194,0.40411401493605426
879,0.7927816446153592,0.4840192332869079,0.45758339849832147,0.33111674416325215,0.4927835781860457,0.4046417927172722
880,0.7911156384641155,0.4840192332869079,0.4603349665938902,0.33111674416325215,0.4908566327319273,0.40442978555497233
881,0.7892500082141344,0.4840192332869079,0.4613338323633534,0.33111674416325215,0.48940040621479364,0.4036243910865604
882,0.7871918848270525,0.4840192332869079,0.4590680311250036,0.33111674416325215,0.4886450136950304,0.4024160345291039
883,0.7849494273120742,0.4840192332869079,0.4539323535919942,0.33111674416325215,0.48867847611268683,0.4009968100312674
884,0.782531814124371,0.4840192332869079,0.448142695834786,0.33111674416325215,0.48942161722265776,0.39953654285604245
885,0.7799492323121684,0.4840192332869079,0.4446378973604108,0.33111674416325215,0.4907476154993051,0.39817919225924203
886,0.7772128646923167,0.4840192332869079,0.4452833294925972,0.33111674416325215,0.49241234053946303,0.3970515612018399
887,0.7743348749746783,0.4840192332869079,0.44753285661373937,0.33111674416325215,0.4940385437406278,0.3962742239110705
888,0.7713283904663452,0.4840192332869079,0.44927829118732393,0.33111674416325215,0.4951898069955779,0.39596614414199616
889,0.7682074817336585,0.4840192332869079,0.44871223510802904,0.33111674416325215,0.4955602767355504,0.39623378583367747
890,0.7649871383696225,0.4840192332869079,0.4452837623524762,0.33111674416325215,0.4951457145136393,0.3971817854398192
891,0.7616832398035877,0.4840192332869079,0.4400856082671126,0.33111674416325215,0.49421619083875756,0.39885717299512513
892,0.7583125199022505,0.4840192332869079,0.43542599962951706,0.33111674416325215,0.49312790442876525,0.4012259651925667
893,0.7548925239532075,0.4840192332869079,0.4337816583252959,0.33111674416325215,0.49217360885546385,0.40416498526487704
894,0.7514415565042041,0.4840192332869079,0.43572985358872834,0.33111674416325215,0.4915589912015466,0.4074820893562607
895,0.7479786184641621,0.4840192332869079,0.43557987802406417,0.33111674416325215,0.4914406546486123,0.4109573487962124
896,0.7445233318681331,0.4840192332869079,0.43121702321314304,0.33111674416325215,0.4919400709365821,0.4143847644417567
897,0.7410958507794884,0.4840192332869079,0.427953945461458,0.33111674416325215,0.49304784390978723,0.41759686896352877
898,0.7377167569599412,0.4840192332869079,0.42984908633587693,0.33111674416325215,0.4945238766406323,0.42046821730188805
899,0.7344069391902749,0.4840192332869079,0.42711843312951514,0.33111674416325215,0.49592414096175197,0.4229056155236569
900,0.7311874554776809,0.4840192332869079,0.42441499413803807,0.33111674416325215,0.49685169173434174,0.42483666210626525
901,0.7280793778407941,0.4840192332869079,0.4242936783718271,0.33111674416325215,0.49718605065088284,0.42620560285697834
902,0.7251036199167322,0.4840192332869079,0.42279379249758897,0.33111674416325215,0.49704852290001883,0.42698005972628145
903,0.7222807482751329,0.4840192332869079,0.418626538423186,0.33111674416325215,0.4966350314810204,0.427165517344793
904,0.7196307790345507,0.4840192332869079,0.417558930845552,0.33111674416325215,0.4961247972907696,0.42681843873347747
905,0.71717296213127,0.4840192332869079,0.4193415942033046,0.33111674416325215,0.4956841880006909,0.426047686810012
906,0.7149255563570276,0.4840192332869079,0.4199854667337298,0.33111674416325215,0.49548495012379734,0.4250004940675983
907,0.7129055990214559,0.4840192332869079,0.41667963150579934,0.33111674416325215,0.49565693388793935,0.42383949456888625
908,0.7111286747637935,0.4840192332869079,0.41857818067348385,0.33111674416325215,0.4962110126426759,0.42272231799627713
909,0.7096086885912889,0.4840192332869079,0.4161636083777019,0.33111674416325215,0.49695745235611977,0.42179088355834876
910,0.7083576486146962,0.4840192332869079,0.4131422421037912,0.33111674416325215,0.49763158995568546,0.4211684098330213
911,0.7073854641454397,0.4840192332869079,0.4136750018686432,0.33111674416325215,0.498055668372163,0.4209539430204286
912,0.7066997647844749,0.4840192332869079,0.4157617343943057,0.33111674416325215,0.4981716351069438,0.4211805814888766
913,0.7063057458521945,0.4840192332869079,0.4154594611893673,0.33111674416325215,0.4979974626275729,0.42198586866460147
914,0.7062060449798687,0.4840192332869079,0.4140764404313738,0.33111674416325215,0.4976103652419906,0.42341594056533993
915,0.7064006539208274,0.4840192332869079,0.41188155282227684,0.33111674416325215,0.49716403937147946,0.4253957998544798
916,0.7068868686755309,0.4840192332869079,0.4091447865044082,0.33111674416325215,0.4968641938371497,0.42771626693907194
917,0.7076592799054653,0.4840192332869079,0.4061606482282995,0.33111674416325215,0.4968584020967501,0.4300875075610956
918,0.708709804394864,0.4840192332869079,0.4032385357691972,0.33111674416325215,0.4969736453937339,0.4322369819706044
919,0.7100277570718944,0.4840192332869079,0.4006819615647539,0.33111674416325215,0.49721167766081686,0.4339845404645369
920,0.7115999618892188,0.4840192332869079,0.39876247390314856,0.33111674416325215,0.49756840593063084,0.4352537774979492
921,0.7134108987505751,0.4840192332869079,0.3976935088677982,0.33111674416325215,0.49803539858160845,0.43603630538239285
922,0.7154428827092708,0.4840192332869079,0.3976095558260629,0.33111674416325215,0.49859953930456596,0.4363474205693817
923,0.71767627089722,0.4840192332869079,0.398555019671954,0.33111674416325215,0.4992418426562368,0.43619737699071776
924,0.7200896920951447,0.4840192332869079,0.4004848676268705,0.33111674416325215,0.49993642788858167,0.4355853191403905
925,0.7226602935355451,0.4840192332869079,0.4032762555598604,0.33111674416325215,0.5006508772001876,0.43451628664684083
926,0.7253639994345915,0.4840192332869079,0.4067478949895814,0.33111674416325215,0.5013489224607921,0.4330378424756024
927,0.7281757758588843,0.4840192332869079,0.4106827546598609,0.33111674416325215,0.501995407757319,0.4312804022733373
928,0.7310698968198014,0.4840192332869079,0.4148499457399284,0.33111674416325215,0.5025621143817434,0.42946729846435366
929,0.7340202069173709,0.4840192332869079,0.41902286952102363,0.33111674416325215,0.5030322090815086,0.427865615241472
930,0.7370003763898386,0.4840192332869079,0.42299222954118837,0.33111674416325215,0.5034015431002723,0.4266968167956113
931,0.7399841450272323,0.4840192332869079,0.42657377476436403,0.33111674416325215,0.5036765717921816,0.42607031904825
932,0.7429455520429444,0.4840192332869079,0.429611363837983,0.33111674416325215,0.5038701793986282,0.42597910999860256
933,0.7458591496369167,0.4840192332869079,0.4319759940517697,0.33111674416325215,0.5039972289027039,0.4262878769468882
934,0.7487001986032435,0.4840192332869079,0.43356036745403226,0.33111674416325215,0.5040711831244985,0.42697467269970124
935,0.7514448449156313,0.4840192332869079,0.4342627410190163,0.33111674416325215,0.5041023005083958,0.4280075137570667
936,0.7540702767535535,0.4840192332869079,0.4338826883025766,0.33111674416325215,0.5040972857415458,0.42936070223347
937,0.7565548619025231,0.4840192332869079,0.43281338986137596,0.33111674416325215,0.5040600362620884,0.4310156179563516
938,0.7588782658702655,0.4840192332869079,0.43117820604928603,0.33111674416325215,0.5039931149136262,0.4329537946418405
939,0.7610215514064911,0.4840192332869079,0.4290701684787197,0.33111674416325215,0.5038995750893288,0.43514532474905343
940,0.7629672603995401,0.4840192332869079,0.42657287987240444,0.33111674416325215,0.50378466474493,0.43753569986320834
941,0.764699479352011,0.4840192332869079,0.4237667154589102,0.33111674416325215,0.5036568295643884,0.44003545853299614
942,0.7662038898142062,0.4840192332869079,0.42073158117890597,0.33111674416325215,0.503527547372271,0.4425179550603041
943,0.7674678052846238,0.4840192332869079,0.41754838439065495,0.33111674416325215,0.5034099913057266,0.4448290961186945
944,0.7684801961791307,0.4840192332869079,0.4142998077851941,0.33111674416325215,0.5033171479759603,0.44680808260365357
945,0.7692317045427264,0.4840192332869079,0.4110705654741872,0.33111674416325215,0.5032603773348802,0.4483122365041226
946,0.769714650289535,0.4840192332869079,0.4079471876291966,0.33111674416325215,0.5032494051454173,0.4492363456621738
947,0.7699230312270029,0.4840192332869079,0.40501733774944454,0.33111674416325215,0.5033042277007792,0.4495201431160553
948,0.7698525236548354,0.4840192332869079,0.40236866241775165,0.33111674416325215,0.5034255655050404,0.44914422632799805
949,0.7695003849648635,0.4840192332869079,0.40008719031316864,0.33111674416325215,0.5036126156105761,0.4481200719938189
950,0.7688655580755391,0.4840192332869079,0.3982553282973479,0.33111674416325215,0.5038604261900214,0.4464810364994957
951,0.7679486161069526,0.4840192332869079,0.3969495426110458,0.33111674416325215,0.5041556229031363,0.4442790555865309
952,0.7667517417422602,0.4840192332869079,0.39623785672144124,0.33111674416325215,0.5044716973853032,0.44158825494642145
953,0.7652787082093528,0.4840192332869079,0.396177336522011,0.33111674416325215,0.5047678907404941,0.4385132094751196
954,0.7635348607193737,0.4840192332869079,0.39681175964376714,0.33111674416325215,0.5049967167712531,0.435196659684173
955,0.7615270982338775,0.4840192332869079,0.3981696704600659,0.33111674416325215,0.5051211573482928,0.43181990796967923
956,0.7592638553971192,0.4840192332869079,0.4002630008576839,0.33111674416325215,0.50513315209236,0.42859047355404556
957,0.7567550842731473,0.4840192332869079,0.40308638907974903,0.33111674416325215,0.5050591686800942,0.42571694293706763
958,0.7540122352966508,0.4840192332869079,0.40661726104432216,0.33111674416325215,0.5049468229687522,0.4233784173202563
959,0.7510482366146656,0.4840192332869079,0.4108166616320869,0.33111674416325215,0.5048424464736002,0.4217004661008018
960,0.7478774707772523,0.4840192332869079,0.4156307508377776,0.33111674416325215,0.5047749477768962,0.4207469425450026
961,0.7445157475378075,0.4840192332869079,0.42099282331945187,0.33111674416325215,0.5047523393782051,0.4205288798993423
962,0.7409802713547669,0.4840192332869079,0.4268256772883686,0.33111674416325215,0.5047669632470803,0.42102365666945984
963,0.7372896020519917,0.4840192332869079,0.43304415162943954,0.33111674416325215,0.504802859638364,0.422197423403289
964,0.7334636070006207,0.4840192332869079,0.43955766516694916,0.33111674416325215,0.5048415575402269,0.42401917771385556
965,0.7295234031355925,0.4840192332869079,0.44627262229275133,0.33111674416325215,0.5048656405573346,0.4264667029753368
966,0.7254912871202436,0.4840192332869079,0.4530945869373947,0.33111674416325215,0.5048608582103227,0.42952193872872396
967,0.7213906520270146,0.4840192332869079,0.45993016517300017,0.33111674416325215,0.5048115253576549,0.43315616215623354
968,0.7172458890158693,0.4840192332869079,0.46668857066095837,0.33111674416325215,0.5047107264146095,0.4373067753011424
969,0.7130822726690658,0.4840192332869079,0.4732828739979227,0.33111674416325215,0.5045644258682331,0.44185059809628463
970,0.7089258288854582,0.4840192332869079,0.4796309559553614,0.33111674416325215,0.5043968502042773,0.44658349587350105
971,0.7048031845531088,0.4840192332869079,0.4856561961055034,0.33111674416325215,0.5042476487278893,0.4512201581041996
972,0.7007413986079466,0.4840192332869079,0.4912879334600658,0.33111674416325215,0.5041598403548502,0.45542524606312335
973,0.696767774548906,0.4840192332869079,0.4964617356677263,0.33111674416325215,0.5041680676299951,0.45887394934820397
974,0.6929096550139271,0.4840192332869079,0.5011195087525391,0.33111674416325215,0.5042931341982382,0.46132132450165486
975,0.6891941996200434,0.4840192332869079,0.5052094700248082,0.33111674416325215,0.5045388336025196,0.46265023222605517
976,0.6856481479231199,0.4840192332869079,0.5086859900052446,0.33111674416325215,0.5048855370228797,0.46287799605521424
977,0.6822975700413941,0.4840192332869079,0.5115092760362183,0.33111674416325215,0.505283561332621,0.46212519316457656
978,0.6791676081880663,0.4840192332869079,0.5136447910672696,0.33111674416325215,0.5056598647285732,0.4605676686195261
979,0.6762822130415245,0.4840192332869079,0.515062058963659,0.33111674416325215,0.5059464997850863,0.4583941150405973
980,0.6736638795112436,0.4840192332869079,0.5157314592913607,0.33111674416325215,0.5061125692924271,0.45578114894697597
981,0.671333386992698,0.4840192332869079,0.5156086694798662,0.33111674416325215,0.5061715783963896,0.452886499579907
982,0.6693095496036111,0.4840192332869079,0.514873204385507,0.33111674416325215,0.5061651154702388,0.44985467817639707
983,0.6676089821162164,0.4840192332869079,0.5135534954016747,0.33111674416325215,0.5061475877912254,0.44682800708403486
984,0.6662458873110327,0.4840192332869079,0.5116708015544464,0.33111674416325215,0.5062161064726256,0.44395656263094896
985,0.6652318702519731,0.4840192332869079,0.5092457391657699,0.33111674416325215,0.5064551538763505,0.4414017786401841
986,0.6645757845090083,0.4840192332869079,0.5063000196186832,0.33111674416325215,0.506891296758918,0.43933019916789917
987,0.6642836146381081,0.4840192332869079,0.5028571582347244,0.33111674416325215,0.5074485762249096,0.43789690389559477
988,0.6643583982918778,0.4840192332869079,0.4989428411880588,0.33111674416325215,0.5079728235954306,0.43722217644617806
989,0.6648001902186323,0.4840192332869079,0.4945851491416869,0.33111674416325215,0.5083412601571602,0.4373655814233921
990,0.6656060691682092,0.4840192332869079,0.48981470908492586,0.33111674416325215,0.5085332402117545,0.4384257537297327
991,0.6667701874259148,0.4840192332869079,0.4846648025026941,0.33111674416325215,0.5085970471662705,0.44035009393784597
992,0.6682838614131337,0.4840192332869079,0.4791714403512555,0.33111674416325215,0.5086005237232823,0.443009257850316
993,0.6701357005945203,0.4840192332869079,0.47337340707355874,0.33111674416325215,0.5086169565694549,0.44622732618525907
994,0.6723117708802597,0.4840192332869079,0.46731227155515465,0.33111674416325215,0.508711578528393,0.4498091171660543
995,0.6747957878579137,0.4840192332869079,0.46103236037183404,0.33111674416325215,0.5089039055332979,0.4535580142441536
996,0.6775693345659293,0.4840192332869079,0.4545806870149039,0.33111674416325215,0.5091434393136801,0.45728306108770683
997,0.6806120981460906,0.4840192332869079,0.4480068296112509,0.33111674416325215,0.5093500887246577,0.4607986980829342
998,0.6839021195835664,0.4840192332869079,0.44136274883823384,0.33111674416325215,0.5094870324675012,0.4639221878537251
999,0.6874160508436171,0.4840192332869079,0.4347025372614927,0.33111674416325215,0.5095711601914795,0.4664732578591795
1000,0.6911294140141925,0.4840192332869079,0.42808209128559427,0.33111674416325215,0.5096281620461096,0.4682789267344013
1001,0.6950168575260165,0.4840192332869079,0.42155869746583663,0.33111674416325215,0.5096651446216893,0.46918460092321546
1002,0.6990524051048574,0.4840192332869079,0.4151905263040788,0.33111674416325215,0.5096771266970093,0.4690707066292625
1003,0.7032096937728131,0.4840192332869079,0.40903602909355846,0.33111674416325215,0.5096609016955268,0.46787260345618126
1004,0.7074621979178004,0.4840192332869079,0.4031532371298099,0.33111674416325215,0.5096248139948384,0.46560043079297725
1005,0.7117834371593085,0.4840192332869079,0.39759896783976423,0.33111674416325215,0.5095771052225221,0.46235480329434436
1006,0.7161471664263209,0.4840192332869079,0.392427949122094,0.33111674416325215,0.5095307082496668,0.4583337992241479
1007,0.7205275473092182,0.4840192332869079,0.38769188122272297,0.33111674416325215,0.5095061008260989,0.45382672004035357
1008,0.7248993003366635,0.4840192332869079,0.3834384642557613,0.33111674416325215,0.5095203766336379,0.4491914495962668
1009,0.729237838351547,0.4840192332869079,0.3797104281312087,0.33111674416325215,0.5095735276088069,0.44481579850697317
1010,0.7335193816117659,0.4840192332869079,0.3765446089575496,0.33111674416325215,0.5096451356788609,0.44106874306520627
1011,0.7377210556197222,0.4840192332869079,0.37397112056322107,0.33111674416325215,0.5097033997892423,0.43825263914679063
1012,0.741820972988402,0.4840192332869079,0.37201267030797286,0.33111674416325215,0.5097206042985619,0.4365687679245341
1013,0.745798300882042,0.4840192332869079,0.3706840638995191,0.33111674416325215,0.5096868388763585,0.43610400258559817
1014,0.7496333157256365,0.4840192332869079,0.369991934250166,0.33111674416325215,0.5096315438341483,0.4368379191647883
1015,0.7533074469588248,0.4840192332869079,0.36993471514909787,0.33111674416325215,0.509597891709879,0.43866215494477107
1016,0.7568033116127668,0.4840192332869079,0.3705028632238772,0.33111674416325215,0.5096058477181176,0.44140100283306366
1017,0.7601047414067155,0.4840192332869079,0.3716793135075409,0.33111674416325215,0.509637923770801,0.44482498891283334
1018,0.7631968038813272,0.4840192332869079,0.3734401373300388,0.33111674416325215,0.5096696462319328,0.4486548636481394
1019,0.7660658187845604,0.4840192332869079,0.37575535835505935,0.33111674416325215,0.5096827169282413,0.45255988133218933
1020,0.7686993704588732,0.4840192332869079,0.37858987482346157,0.33111674416325215,0.5096616567130723,0.45615962998432347
1021,0.771086316259113,0.4840192332869079,0.3819044339433782,0.33111674416325215,0.5096134680411131,0.4590415004675417
1022,0.7732167898843515,0.4840192332869079,0.3856566074559064,0.33111674416325215,0.5095510913974377,0.46080377630435165
1023,0.7750821965594192,0.4840192332869079,0.38980172456282364,0.33111674416325215,0.5094949560611425,0.4611249293620832
1024,0.7766751933899779,0.4840192332869079,0.39429372810846297,0.33111674416325215,0.5094848202131392,0.4598440639777048
1025,0.7779896407577684,0.4840192332869079,0.3990859306044567,0.33111674416325215,0.5094760349272472,0.45702315465437976
1026,0.7790204930897702,0.4840192332869079,0.4041316570458661,0.33111674416325215,0.5093859396653885,0.4529603526218203
1027,0.7797635486478501,0.4840192332869079,0.4093847705423831,0.33111674416325215,0.5092567509380413,0.44814100672658624
1028,0.7802148065488594,0.4840192332869079,0.4148000840460437,0.33111674416325215,0.5092330110789975,0.4431409231643188
1029,0.7803682766138366,0.4840192332869079,0.4203336667304229,0.33111674416325215,0.5092038492614754,0.43851698587560606
1030,0.7801977539918284,0.4840192332869079,0.4259430569700409,0.33111674416325215,0.5090397704776732,0.434721060996164
1031,0.7797426496861308,0.4840192332869079,0.4315873956533251,0.33111674416325215,0.508968282063424,0.4320564357112044
1032,0.7790231933845909,0.4840192332869079,0.43722749408229955,0.33111674416325215,0.5089481585399199,0.43067413662703796
1033,0.7780570835250074,0.4840192332869079,0.44282585031685534,0.33111674416325215,0.5087619487429655,0.4305866600288454
1034,0.7768617970298414,0.4840192332869079,0.44834662682295684,0.33111674416325215,0.5087462839179739,0.4313222475196243
1035,0.7754553001336705,0.4840192332869079,0.4537556009355015,0.33111674416325215,0.5086539729647898,0.43291746882074233
1036,0.7738563172660265,0.4840192332869079,0.4590200981361028,0.33111674416325215,0.5084591445002347,0.4353936093933918
1037,0.7720844232874975,0.4840192332869079,0.46410891660111236,0.33111674416325215,0.5084574423669077,0.4387589687921127
1038,0.7701600467503565,0.4840192332869079,0.4689922499697976,0.33111674416325215,0.5084504571799002,0.44299322909467015
1039,0.7681044200144825,0.4840192332869079,0.47364161384580544,0.33111674416325215,0.5083826126267496,0.44802184933168715
1040,0.7659394932265474,0.4840192332869079,0.47802978016614883,0.33111674416325215,0.5082043124917518,0.45368511403140865
1041,0.7636878213234262,0.4840192332869079,0.48213072219949193,0.33111674416325215,0.5078969270405713,0.4597111551259399
1042,0.7613724296584469,0.4840192332869079,0.4859195714643313,0.33111674416325215,0.5075105620849231,0.4657084253625932
1043,0.7590166621694039,0.4840192332869079,0.4893725860915365,0.33111674416325215,0.5071660051528194,0.471195425375789
1044,0.7566440152334921,0.4840192332869079,0.4924671277143989,0.33111674416325215,0.5069686896184921,0.47567691628934766
1045,0.7542779600477907,0.4840192332869079,0.4951816400545572,0.33111674416325215,0.5069185192801269,0.47875347343133207
1046,0.7519417563193357,0.4840192332869079,0.4974956151343288,0.33111674416325215,0.506925957540193,0.4802248468108812
1047,0.7496582601305699,0.4840192332869079,0.49938951766890366,0.33111674416325215,0.5068630870912411,0.48013877895485296
1048,0.7474497289952199,0.4840192332869079,0.5008446001470511,0.33111674416325215,0.506596808395499,0.4787602471067238
1049,0.7453376272903439,0.4840192332869079,0.5018424267470406,0.33111674416325215,0.5061202386367144,0.47647868416487965
1050,0.743342435407733,0.4840192332869079,0.5023634631689168,0.33111674416325215,0.5056096540044601,0.47370008254787854
1051,0.741483466083598,0.4840192332869079,0.502380823122362,0.33111674416325215,0.5052817355114958,0.4707673679009155
1052,0.7397786914152146,0.4840192332869079,0.5053034580089285,0.33111674416325215,0.5051868479564717,0.4679263854183078
1053,0.7382445840363385,0.4840192332869079,0.5102449792855663,0.33111674416325215,0.505194465973867,0.46532999165939165
1054,0.7368959757833996,0.4840192332869079,0.5159676031525301,0.33111674416325215,0.5050814444753902,0.46306245507239313
1055,0.7357459369306649,0.4840192332869079,0.5210499254763313,0.33111674416325215,0.504692309980046,0.46116864297668486
1056,0.7348056786998839,0.4840192332869079,0.5241848153672723,0.33111674416325215,0.5041748590322094,0.4596793009681543
1057,0.7340844812608333,0.4840192332869079,0.5245159602179856,0.33111674416325215,0.5038151740583678,0.45862937870595366
1058,0.7335896488437026,0.4840192332869079,0.521873728334993,0.33111674416325215,0.5037149242130745,0.4580691838113899
1059,0.7333264929001511,0.4840192332869079,0.5167959907006018,0.33111674416325215,0.5037204780807716,0.4580697810127585
1060,0.7332983435017616,0.4840192332869079,0.5103291540636222,0.33111674416325215,0.5035698444597106,0.45811488333519157
1061,0.733506588382816,0.4840192332869079,0.5037154688437009,0.33111674416325215,0.5031785295999996,0.45820463548528667
1062,0.7339507382528346,0.4840192332869079,0.49810212900214756,0.33111674416325215,0.502758670804635,0.4583397100318836
1063,0.7346285162587145,0.4840192332869079,0.49435377190285623,0.33111674416325215,0.5025376226127033,0.45852111895415765
1064,0.7355359688011819,0.4840192332869079,0.49297423098290216,0.33111674416325215,0.5025201186957093,0.45875015870463526
1065,0.736667594336961,0.4840192332869079,0.49411092969656306,0.33111674416325215,0.5024852873264509,0.4590283803673447
1066,0.7380164863525785,0.4840192332869079,0.4974460633598186,0.33111674416325215,0.5022473693528362,0.45935756643447767
1067,0.7395744863970791,0.4840192332869079,0.502376947489392,0.33111674416325215,0.5018579744587837,0.4597397085380256
1068,0.74133234292028,0.4840192332869079,0.5080533235577652,0.33111674416325215,0.5015210439259756,0.4601769836538772
1069,0.7432798716833002,0.4840192332869079,0.5134818684887865,0.33111674416325215,0.5013983616834253,0.4606717273469984
1070,0.7454061136837727,0.4840192332869079,0.5176845547204258,0.33111674416325215,0.5014115840828252,0.46122640305186113
1071,0.7476994868567943,0.4840192332869079,0.5198859354503114,0.33111674416325215,0.5012985100506939,0.46184356659682646
1072,0.7501479282556907,0.4840192332869079,0.519676794378861,0.33111674416325215,0.5009524575524295,0.4625258253271181
1073,0.7527390239606364,0.4840192332869079,0.5170960634490332,0.33111674416325215,0.5005330840003317,0.46327579131719904
1074,0.755460124581546,0.4840192332869079,0.5125997231161844,0.33111674416325215,0.5003259474153413,0.46409602831853425
1075,0.7582984448861226,0.4840192332869079,0.5069314533668001,0.33111674416325215,0.5003481980422549,0.4649889922790656
1076,0.7612411467659604,0.4840192332869079,0.5009469264271706,0.33111674416325215,0.5002546829388547,0.46595696550586996
1077,0.7642754054255273,0.4840192332869079,0.4954508667449257,0.33111674416325215,0.4998485242267227,0.46700198482746275
1078,0.7673884593150819,0.4840192332869079,0.4910848555361662,0.33111674416325215,0.4993466047108184,0.46812576444775555
1079,0.7705676449063891,0.4840192332869079,0.488272778544006,0.33111674416325215,0.499174924859121,0.4693296145657475
1080,0.7738004179103345,0.4840192332869079,0.48720737218382365,0.33111674416325215,0.49921861263706935,0.4706143572541272
1081,0.77707436294311,0.4840192332869079,0.4878369820159724,0.33111674416325215,0.4989204687716294,0.47198024153054036
1082,0.7803771939519109,0.4840192332869079,0.490135164012733,0.33111674416325215,0.49829854204870705,0.473426859995285
1083,0.7836967479059818,0.4840192332869079,0.49378821212024304,0.33111674416325215,0.4980571138896611,0.47495306982030255
1084,0.7870209743429357,0.4840192332869079,0.49829564690047234,0.33111674416325215,0.4981054881256098,0.47655692122271087
1085,0.7903379233366237,0.4840192332869079,0.5030267105484177,0.33111674416325215,0.4975911661031945,0.4782355968041123
1086,0.7936357343286048,0.4840192332869079,0.5072973783193303,0.33111674416325215,0.49702553570173014,0.47998536524575264
1087,0.796902628051402,0.4840192332869079,0.5104659290862833,0.33111674416325215,0.49710570831097783,0.4818015527828128
1088,0.8001269034821407,0.4840192332869079,0.5120314467064283,0.33111674416325215,0.49663850149449434,0.48367853560881746
1089,0.8032969414161485,0.4840192332869079,0.5117130785116518,0.33111674416325215,0.49601691474801035,0.4856097558645422
1090,0.8064012158593926,0.4840192332869079,0.5094899036576753,0.33111674416325215,0.4961133290400504,0.4875877631415022
1091,0.8094283140245955,0.4840192332869079,0.5055914809524884,0.33111674416325215,0.49535267762489904,0.4896042824936997
1092,0.8123669652966565,0.4840192332869079,0.5004434479608034,0.33111674416325215,0.4951988773943313,0.4916503088391683
1093,0.8152060791256688,0.4840192332869079,0.49458487214493274,0.33111674416325215,0.4946816222717002,0.4937162264021881
1094,0.8179347914257831,0.4840192332869079,0.48857953560058714,0.33111674416325215,0.4944484107752692,0.4957919505730073
1095,0.8205425187186802,0.4840192332869079,0.48294065245520346,0.33111674416325215,0.49377126570025354,0.4978670883325187
1096,0.8230190189722506,0.4840192332869079,0.4780800974685258,0.33111674416325215,0.49384673621218006,0.49993111229778164
1097,0.8253544578566808,0.4840192332869079,0.4742834402350411,0.33111674416325215,0.4929431350314994,0.5019735425799569
1098,0.8275394789778326,0.4840192332869079,0.471704845158083,0.33111674416325215,0.4928864801422393,0.5039841300850814
1099,0.8295652765567855,0.4840192332869079,0.47037277634972413,0.33111674416325215,0.4926260948514724,0.5059530346839696
1100,0.8314236690102977,0.4840192332869079,0.47019482070068186,0.33111674416325215,0.491737998654909,0.5078709918553852
1101,0.8331071719590448,0.4840192332869079,0.4708174505608211,0.33111674416325215,0.49161262600856154,0.5097294619590651
1102,0.8346090693682385,0.4840192332869079,0.47218376266911644,0.33111674416325215,0.49165069997188177,0.5115207571825658
1103,0.8359234818527895,0.4840192332869079,0.4741549007501299,0.33111674416325215,0.49101270588086704,0.5132381423603412
1104,0.8370454317612321,0.4840192332869079,0.4765374643029187,0.33111674416325215,0.49022014727032315,0.5148759071959768
1105,0.83797090575392,0.4840192332869079,0.47909754494263485,0.33111674416325215,0.48996413158693347,0.5164294088286234
1106,0.8386969179505783,0.4840192332869079,0.48157679457673763,0.33111674416325215,0.4901139458577456,0.5178950850706726
1107,0.8392215827398201,0.4840192332869079,0.48371197894301854,0.33111674416325215,0.4900797548701213,0.5192704399127889
1108,0.8395442258057731,0.4840192332869079,0.48525671359771577,0.33111674416325215,0.48940933786108826,0.5205540039686617
1109,0.839665653174811,0.4840192332869079,0.48600284950849043,0.33111674416325215,0.48874476418576046,0.5217452733620348
1110,0.8395896738214048,0.4840192332869079,0.48579859735956366,0.33111674416325215,0.48863506943732493,0.5228446311146205
1111,0.8393124641483557,0.4840192332869079,0.4845608516719208,0.33111674416325215,0.4888020689336657,0.5238532553720008
1112,0.8388350622301484,0.4840192332869079,0.4822801225694164,0.33111674416325215,0.48871946534854055,0.5247730188238366
1113,0.8381601550920815,0.4840192332869079,0.47901772107179535,0.33111674416325215,0.4881099905792278,0.5256063834698154
1114,0.837291687869358,0.4840192332869079,0.47489605950262187,0.33111674416325215,0.4874695537260808,0.526356294500011
1115,0.8362347147710051,0.4840192332869079,0.4700838658497635,0.33111674416325215,0.48728935817661656,0.5270260765492494
1116,0.8349953064753586,0.4840192332869079,0.4647786263196984,0.33111674416325215,0.4874425129876082,0.5276193350011242
1117,0.8335804746743183,0.4840192332869079,0.4591886420854427,0.33111674416325215,0.4874989338469764,0.5281398644057108
1118,0.8319981020195805,0.4840192332869079,0.4535167855584536,0.33111674416325215,0.487292503957765,0.5285915654757083
1119,0.8302568736105422,0.4840192332869079,0.44794748810088886,0.33111674416325215,0.486788711234919,0.528978371569828
1120,0.8283662090269907,0.4840192332869079,0.44263781367080385,0.33111674416325215,0.4861415702159312,0.529304185081437
1121,0.8263361951070521,0.4840192332869079,0.43771278604676545,0.33111674416325215,0.4855973716098564,0.5295728237376734
1122,0.8241775201970518,0.4840192332869079,0.4332645335138639,0.33111674416325215,0.48533351681903686,0.5297879764845802
1123,0.8219014108050433,0.4840192332869079,0.42935436400889765,0.33111674416325215,0.4853547584604413,0.5299531683861539
1124,0.8195195716140843,0.4840192332869079,0.42601663197919204,0.33111674416325215,0.4855142437781797,0.5300717337938343
1125,0.8170441297178945,0.4840192332869079,0.4232632247631653,0.33111674416325215,0.4856204503022202,0.5301467969390639
1126,0.8144875837628676,0.4840192332869079,0.421087668920555,0.33111674416325215,0.4855514083627761,0.5301812590546603
1127,0.8118627584367732,0.4840192332869079,0.4194681897738015,0.33111674416325215,0.4851996376564408,0.5301777911298302
1128,0.8091827644517144,0.4840192332869079,0.41836946974200623,0.33111674416325215,0.48461301464055934,0.5301388314379755
1129,0.806460963841824,0.4840192332869079,0.41774320974498214,0.33111674416325215,0.48395711759927806,0.5300665870361352
1130,0.8037109400502479,0.4840192332869079,0.4175275296043956,0.33111674416325215,0.4834219386925533,0.5299630385113301
1131,0.8009464719316721,0.4840192332869079,0.41764064342925405,0.33111674416325215,0.4831322498790177,0.5298299473349469
1132,0.7981815104635575,0.4840192332869079,0.4180528100451071,0.33111674416325215,0.4831038778150633,0.5296688652757339
1133,0.7954301566595294,0.4840192332869079,0.4186785519630298,0.33111674416325215,0.483249879483353,0.5294811454103968
1134,0.7927066389300693,0.4840192332869079,0.4194122210345606,0.33111674416325215,0.4834228914438818,0.5292679543547407
1135,0.7900252879559339,0.4840192332869079,0.42013824961014273,0.33111674416325215,0.4834795743388656,0.5290302854153476
1136,0.7874005070438662,0.4840192332869079,0.4207410285989877,0.33111674416325215,0.483359175845692,0.5287689724302513
1137,0.7848467359346332,0.4840192332869079,0.4211152428008344,0.33111674416325215,0.48304550494494886,0.5284847041259302
1138,0.7823784061389122,0.4840192332869079,0.42117564513513106,0.33111674416325215,0.4826072946622767,0.528178038866626
1139,0.7800098860912494,0.4840192332869079,0.4208649342404281,0.33111674416325215,0.4821623702829403,0.5278494197103161
1140,0.7777554147351828,0.4840192332869079,0.42015861259641807,0.33111674416325215,0.48182080140045586,0.5274991897136546
1141,0.7756290225769591,0.4840192332869079,0.41906618994209266,0.33111674416325215,0.48164327403411705,0.5271276074461524
1142,0.7736444397586086,0.4840192332869079,0.4176286791664913,0.33111674416325215,0.48163227785704343,0.5267348626821813
1143,0.7718149912853105,0.4840192332869079,0.4159128658803393,0.33111674416325215,0.48174693572524974,0.5263210922386998
1144,0.7701534801735803,0.4840192332869079,0.4140032276075848,0.33111674416325215,0.48192413724033967,0.5258863959176383
1145,0.7686720599381408,0.4840192332869079,0.4119925980338657,0.33111674416325215,0.48209586668586657,0.5254308524956413
1146,0.7673820984754203,0.4840192332869079,0.4099727219343109,0.33111674416325215,0.48220165784625496,0.524954535681513
1147,0.7662940359978255,0.4840192332869079,0.4080257556481483,0.33111674416325215,0.48219932429820206,0.5244575299346744
1148,0.7654172401927725,0.4840192332869079,0.4062175711478033,0.33111674416325215,0.4818332809434439,0.5239399460079162
1149,0.7647598621934296,0.4840192332869079,0.4045934524321833,0.33111674416325215,0.48157143922900386,0.5234019360466492
1150,0.7643286972279713,0.4840192332869079,0.40317646280069985,0.33111674416325215,0.48166055753218795,0.5228437080468863
1151,0.7641290539405616,0.4840192332869079,0.40196844246888375,0.33111674416325215,0.4818170359335646,0.5222655394476338
1152,0.7641646363378513,0.4840192332869079,0.4009533007900956,0.33111674416325215,0.4817178233022624,0.5216677896126306
1153,0.7644374421059525,0.4840192332869079,0.40010202694708774,0.33111674416325215,0.4813911218018589,0.5210509109437365
1154,0.7649476806708616,0.4840192332869079,0.39937868156922746,0.33111674416325215,0.4811528328526891,0.5204154583658113
1155,0.7656937138558316,0.4840192332869079,0.39874656313771595,0.33111674416325215,0.48117800437803265,0.5197620969323655
1156,0.7666720213467282,0.4840192332869079,0.3981737701984056,0.33111674416325215,0.48133991708873514,0.5190916073236472
1157,0.7678771924425762,0.4840192332869079,0.3976374975636413,0.33111674416325215,0.48140912037737715,0.5184048890446109
1158,0.7693019447799334,0.4840192332869079,0.3971265998960664,0.33111674416325215,0.481266774294628,0.5177029611788869
1159,0.7709371699154508,0.4840192332869079,0.3966422115088623,0.33111674416325215,0.48099467615126273,0.5169869606150892
1160,0.7727720048697172,0.4840192332869079,0.3961965010661469,0.33111674416325215,0.48078121231032084,0.5162581377313128
1161,0.7747939280129137,0.4840192332869079,0.39580992815466687,0.33111674416325215,0.4807438241917881,0.515517849599406
1162,0.7769888770393898,0.4840192332869079,0.3955076119986804,0.33111674416325215,0.4808554882738484,0.514767550848861
1163,0.7793413862574182,0.4840192332869079,0.395315586605326,0.33111674416325215,0.48100448228780646,0.5140087824068579
1164,0.7818347400274807,0.4840192332869079,0.3952578640368347,0.33111674416325215,0.4810793437498266,0.5132431584019185
1165,0.7844511389245197,0.4840192332869079,0.3953575667027646,0.33111674416325215,0.4810238865247684,0.5124723515797737
1166,0.7871718750757176,0.4840192332869079,0.3956241129828082,0.33111674416325215,0.4808647608750105,0.5116980776279618
1167,0.7899775131276903,0.4840192332869079,0.39606349516921535,0.33111674416325215,0.48069402287398444,0.5109220788376584
1168,0.7928480734119338,0.4840192332869079,0.39667933995641086,0.33111674416325215,0.4806039617465555,0.5101461075455989
1169,0.7957632140875709,0.4840192332869079,0.3974753625420625,0.33111674416325215,0.48062771842887064,0.5093719097951154
1170,0.7987024093260674,0.4840192332869079,0.39845770472324865,0.33111674416325215,0.4807357637255374,0.5086012096338123
1171,0.8016451209431339,0.4840192332869079,0.39963652101514585,0.33111674416325215,0.4808718013352152,0.5078356944278635
1172,0.8045709612584983,0.4840192332869079,0.4010264347455654,0.33111674416325215,0.480985738053739,0.50707700152181
1173,0.807459845356178,0.4840192332869079,0.4026457251177792,0.33111674416325215,0.4810468225850546,0.5063267065112375
1174,0.8102921313099862,0.4840192332869079,0.40451432447125035,0.33111674416325215,0.4810447816139206,0.5055863133273544
1175,0.8130487473173361,0.4840192332869079,0.4066508791505139,0.33111674416325215,0.4809789200282286,0.5048572462609662
1176,0.8157113050372786,0.4840192332869079,0.4090692449064983,0.33111674416325215,0.48089849070362256,0.5041408439821353
1177,0.8182621987460137,0.4840192332869079,0.41177484680848825,0.33111674416325215,0.48086575196414466,0.5034383555441383
1178,0.820684690195337,0.4840192332869079,0.4147613391962742,0.33111674416325215,0.48091443627444647,0.502750938298759
1179,0.8229629792756786,0.4840192332869079,0.4180079616040069,0.33111674416325215,0.4810279025455517,0.5020796575965348
1180,0.8250822607298708,0.4840192332869079,0.42147791187381456,0.33111674416325215,0.4811584301588311,0.5014254881015722
1181,0.827028767209722,0.4840192332869079,0.42511795887634174,0.33111674416325215,0.4812619514294025,0.5007893165166681
1182,0.8287897988637428,0.4840192332869079,0.428859405772903,0.33111674416325215,0.4813169108181359,0.5001719454907608
1183,0.8303537392858009,0.4840192332869079,0.4326204013070474,0.33111674416325215,0.48132373762984015,0.4995740984667571
1184,0.8317100568087553,0.4840192332869079,0.43630948989439894,0.33111674416325215,0.4812972838147949,0.4989964252227462
1185,0.8328492882338223,0.4840192332869079,0.43983019699586207,0.33111674416325215,0.4812626125027826,0.4984395078624232
1186,0.8337629976326008,0.4840192332869079,0.44308636715616934,0.33111674416325215,0.48124991211560286,0.4979038670200071
1187,0.8344436910823388,0.4840192332869079,0.44598790910431474,0.33111674416325215,0.4812876136030487,0.4973899680597929
1188,0.8348846304115879,0.4840192332869079,0.4484565564209789,0.33111674416325215,0.4813912082064655,0.49689822706949843
1189,0.8350793207973322,0.4840192332869079,0.45043122622865833,0.33111674416325215,0.4815535003570314,0.4964290164686533
1190,0.8350189260366502,0.4840192332869079,0.45187255746373145,0.33111674416325215,0.48174474258978045,0.4959826700774211
1191,0.834720954445184,0.4840192332869079,0.4527662417547084,0.33111674416325215,0.48192483018871995,0.49555948751659507
1192,0.8341888045837836,0.4840192332869079,0.4531248307140068,0.33111674416325215,0.48206020664413074,0.49515973783534506
1193,0.8334253648789055,0.4840192332869079,0.45298781710463515,0.33111674416325215,0.4821353798563647,0.49478366228893056
1194,0.8324339565608857,0.4840192332869079,0.45241994076560477,0.33111674416325215,0.4821547563562052,0.4944314762134311
1195,0.831218597759687,0.4840192332869079,0.4515078514190266,0.33111674416325215,0.48213758404412044,0.4941033699678553
1196,0.8297841133033907,0.4840192332869079,0.4503554488149655,0.33111674416325215,0.48211562769532496,0.4937995089348843
1197,0.8281361924588542,0.4840192332869079,0.4490783900887865,0.33111674416325215,0.48211793597695257,0.49352003258867705
1198,0.8262814254684567,0.4840192332869079,0.4477983816969201,0.33111674416325215,0.48216884605603727,0.4932650526495874
1199,0.8242273304500758,0.4840192332869079,0.44663795620781455,0.33111674416325215,0.48228457066528196,0.49303465034794297
1200,0.8219823754332188,0.4840192332869079,0.4457165397605459,0.33111674416325215,0.4824693585902683,0.4928288728062813
1201,0.8195559974258814,0.4840192332869079,0.4451491254193835,0.33111674416325215,0.48271284202683545,0.4926477285105382
1202,0.8169586189968062,0.4840192332869079,0.4450528364425922,0.33111674416325215,0.4829907167979578,0.4924911817534057
1203,0.8142016620785095,0.4840192332869079,0.44578061117072243,0.33111674416325215,0.48326979377091456,0.4923591457489685
1204,0.8112975582212956,0.4840192332869079,0.4473856886403922,0.33111674416325215,0.4835162859999791,0.4922514737204541
1205,0.8082597542179039,0.4840192332869079,0.4498923046286502,0.33111674416325215,0.48370441305151485,0.4921679463369186
1206,0.8051027118087665,0.4840192332869079,0.45328943334708177,0.33111674416325215,0.4838222486084234,0.4921082514152413
1207,0.8018419000390825,0.4840192332869079,0.45753118360450495,0.33111674416325215,0.4838732545299957,0.4920719437896759
1208,0.7984937787570736,0.4840192332869079,0.46253629564391335,0.33111674416325215,0.48387401371365985,0.492058336365304
1209,0.7950757717120694,0.4840192332869079,0.4681869579971644,0.33111674416325215,0.48394193529344465,0.4920659051483946
1210,0.7916062277299502,0.4840192332869079,0.4743282637483673,0.33111674416325215,0.4841117421577446,0.49209705882120947
1211,0.7881043685129477,0.4840192332869079,0.48076973997514133,0.33111674416325215,0.48440676561130624,0.4921522516694771
1212,0.7845902217330654,0.4840192332869079,0.4872900875257517,0.33111674416325215,0.4848286841582443,0.4922315637037244
1213,0.7810845382662018,0.4840192332869079,0.4936457609776333,0.33111674416325215,0.48534768948326934,0.4923348747575337
1214,0.7776086926501917,0.4840192332869079,0.49958342303617637,0.33111674416325215,0.48590296587490645,0.49246191891277835
1215,0.7741845661464755,0.4840192332869079,0.5048557018764772,0.33111674416325215,0.48642005880258216,0.49261230927076743
1216,0.770834412142726,0.4840192332869079,0.5092391145364661,0.33111674416325215,0.4868371978704951,0.49278555255629125
1217,0.7675807040513609,0.4840192332869079,0.5125525387201265,0.33111674416325215,0.4871229973888503,0.4929810597954187
1218,0.7644459663325041,0.4840192332869079,0.5146742759925653,0.33111674416325215,0.48727825572115274,0.49319815550150314
1219,0.761452589792393,0.4840192332869079,0.5155556256723227,0.33111674416325215,0.48733024857377555,0.49343608639996717
1220,0.7586226328681126,0.4840192332869079,0.5152290580560616,0.33111674416325215,0.487329144381581,0.4936940301073259
1221,0.7559776111911362,0.4840192332869079,0.5138095865770204,0.33111674416325215,0.48734810183612687,0.4939711038749808
1222,0.7535382783051184,0.4840192332869079,0.5114887744929921,0.33111674416325215,0.48745651687659747,0.49426637334489176
1223,0.7513244009730593,0.4840192332869079,0.5085218671811532,0.33111674416325215,0.4876870990921105,0.49457886117467986
1224,0.7493545330171625,0.4840192332869079,0.5052096277690556,0.33111674416325215,0.4880160195895842,0.49490755534385317
1225,0.7476457920610794,0.4840192332869079,0.5018773473332637,0.33111674416325215,0.4883784149383386,0.4952514169356187
1226,0.7462136438580121,0.4840192332869079,0.49885403698078856,0.33111674416325215,0.48870851049843095,0.495609387191664
1227,0.7450716990606493,0.4840192332869079,0.49645508314763265,0.33111674416325215,0.488959825257376,0.4959803936548785
1228,0.7442315272959754,0.4840192332869079,0.49497278521105453,0.33111674416325215,0.4891055937264677,0.49636335524320907
1229,0.7437024932327103,0.4840192332869079,0.49469050652100904,0.33111674416325215,0.4891485953996795,0.49675718613354636
1230,0.7434916189641095,0.4840192332869079,0.4965488081373646,0.33111674416325215,0.48914108787755356,0.49716079837506494
1231,0.7436034764780203,0.4840192332869079,0.5003688757770649,0.33111674416325215,0.4891696697361564,0.49757310319468073
1232,0.7440401132653646,0.4840192332869079,0.5058208504155394,0.33111674416325215,0.4892878241507342,0.49799301100151677
1233,0.7448010132554298,0.4840192332869079,0.5124197208224915,0.33111674416325215,0.4894985884813878,0.498419430141215
1234,0.7458830942995182,0.4840192332869079,0.519561212595522,0.33111674416325215,0.48976035534187,0.4988512644937041
1235,0.7472807423994564,0.4840192332869079,0.526572318921704,0.33111674416325215,0.48999093999647286,0.4992874100490645
1236,0.7489858818442979,0.4840192332869079,0.5327760179553566,0.33111674416325215,0.4901006339375421,0.49972675063509425
1237,0.7509880794277727,0.4840192332869079,0.53756688651327,0.33111674416325215,0.49008046181320647,0.5001681530068839
1238,0.7532746800176634,0.4840192332869079,0.5404890521512804,0.33111674416325215,0.49005712388564926,0.5006104615429846
1239,0.7558309699762649,0.4840192332869079,0.5413038506557598,0.33111674416325215,0.4901488880615455,0.5010524928243012
1240,0.7586403643187343,0.4840192332869079,0.5400333360355904,0.33111674416325215,0.49039638416999726,0.5014930304001647
1241,0.7616846130623023,0.4840192332869079,0.5369684309558015,0.33111674416325215,0.49071544197858114,0.5019308200702826
1242,0.7649440219711203,0.4840192332869079,0.5326370697153521,0.33111674416325215,0.4909236648834245,0.5023645660301775
1243,0.7683976828347835,0.4840192332869079,0.5277367578775627,0.33111674416325215,0.4909226437959421,0.5027929282396182
1244,0.7720237085195174,0.4840192332869079,0.5230446915946761,0.33111674416325215,0.4909049705776807,0.5032145213762966
1245,0.775799468278285,0.4840192332869079,0.5193238859079049,0.33111674416325215,0.4908746712668242,0.5036279157281438
1246,0.7797018191733852,0.4840192332869079,0.517245963462597,0.33111674416325215,0.490835375339743,0.5040316403545261
1247,0.783707329923599,0.4840192332869079,0.5173786499470853,0.33111674416325215,0.4907906158487993,0.5044241888064985
1248,0.7877924940085524,0.4840192332869079,0.5184683794284091,0.33111674416325215,0.4907438747886489,0.5048040276369845
1249,0.7919339294182217,0.4840192332869079,0.5204353569153771,0.33111674416325215,0.49069858210531087,0.5051696078516064
1250,0.7961085630009733,0.4840192332869079,0.5232103030819019,0.33111674416325215,0.4906581033775643,0.5055193793493994
1251,0.8002937979184757,0.4840192332869079,0.5267158007190066,0.33111674416325215,0.49062572470019505,0.5058518082808325
1252,0.8044676632437882,0.4840192332869079,0.5308622317241091,0.33111674416325215,0.49060463602152465,0.5061653971113278
1253,0.8086089452275315,0.4840192332869079,0.5355467085354086,0.33111674416325215,0.4905979116874721,0.506458707026873
1254,0.8126973001977442,0.4840192332869079,0.5406532573107985,0.33111674416325215,0.49060848626467535,0.5067303821616178
1255,0.8167133494466542,0.4840192332869079,0.5460538833700681,0.33111674416325215,0.49063912400062454,0.5069791749748214
1256,0.8206387567896898,0.4840192332869079,0.5516104382359633,0.33111674416325215,0.4906923811929373,0.507203971967123
1257,0.8244562897584572,0.4840192332869079,0.5571772540120409,0.33111674416325215,0.4907705620827649,0.5074038188155556
1258,0.8281498656115027,0.4840192332869079,0.5626044862900647,0.33111674416325215,0.4908756704639625,0.5075779439346307
1259,0.8317045835173121,0.4840192332869079,0.5677420605690292,0.33111674416325215,0.491009360761976,0.5077257794474018
1260,0.8351067443867267,0.4840192332869079,0.5724440677190845,0.33111674416325215,0.49117289356727717,0.5078469785832046
1261,0.8383438599114024,0.4840192332869079,0.5765734100002229,0.33111674416325215,0.49136710115110543,0.507941428611548
1262,0.8414046524062507,0.4840192332869079,0.5800064655967757,0.33111674416325215,0.4915923680283496,0.5080092585733551
1263,0.8442790470632598,0.4840192332869079,0.582637520056572,0.33111674416325215,0.4918486299984611,0.5080508412753388
1264,0.8469581582092942,0.4840192332869079,0.5843827099995828,0.33111674416325215,0.4921353923925373,0.5080667892594883
1265,0.8494342711313503,0.4840192332869079,0.5851832395925766,0.33111674416325215,0.4924517649138283,0.5080579447320036
1266,0.8517008210033755,0.4840192332869079,0.5850076638998661,0.33111674416325215,0.4927965071939208,0.5080253637160175
1267,0.8537523704409858,0.4840192332869079,0.5838530840147773,0.33111674416325215,0.4931680768241771,0.5079702949603843
1268,0.8555845872613521,0.4840192332869079,0.5817451637481117,0.33111674416325215,0.493564670842663,0.5078941543736517
1269,0.8571942242046051,0.4840192332869079,0.5787369518064246,0.33111674416325215,0.49398425274757535,0.5077984959416801
1270,0.858579102822239,0.4840192332869079,0.5749065707832022,0.33111674416325215,0.494424559836018,0.5076849802170628
1271,0.8597381047770215,0.4840192332869079,0.5703539082703218,0.33111674416325215,0.4948830893473509,0.5075553415317136
1272,0.8606711762318292,0.4840192332869079,0.5651965095167767,0.33111674416325215,0.49535706563099313,0.5074113550796776
1273,0.8613793571469859,0.4840192332869079,0.5595649197457037,0.33111674416325215,0.4958433935726776,0.5072548049499097
1274,0.8618648651617876,0.4840192332869079,0.5535977533255987,0.33111674416325215,0.49633860536406327,0.5070874540676947
1275,0.862131329600037,0.4840192332869079,0.5474367740031061,0.33111674416325215,0.4968388083802163,0.5069110168412588
1276,0.8621846496485459,0.4840192332869079,0.5412222546414491,0.33111674416325215,0.4973396417595115,0.5067271351215495
1277,0.8620435440016754,0.4840192332869079,0.5350888474209294,0.33111674416325215,0.49783624870360665,0.5065373578831358
1278,0.8617057538914682,0.4840192332869079,0.5291621390243662,0.33111674416325215,0.4983232708769413,0.5063431248366547
1279,0.8611730449276435,0.4840192332869079,0.5235559944739507,0.33111674416325215,0.4987948706886609,0.5061457540000773
1280,0.8604488241180376,0.4840192332869079,0.5183707142913104,0.33111674416325215,0.49924478650715454,0.5059464330963027
1281,0.8595376607295454,0.4840192332869079,0.5136919504784663,0.33111674416325215,0.4996664245868741,0.5057462145141799
1282,0.8584451068397784,0.4840192332869079,0.5095902568342158,0.33111674416325215,0.5000529891579426,0.5055460134718521
1283,0.8571776083506794,0.4840192332869079,0.5061210988310885,0.33111674416325215,0.5003976481682011,0.5053466089555064
1284,0.855742451734601,0.4840192332869079,0.5033251299257399,0.33111674416325215,0.5006937257918328,0.5051486469711439
1285,0.8541477266994342,0.4840192332869079,0.5012285740142469,0.33111674416325215,0.5009349020610327,0.5049526456382567
1286,0.8524022959439271,0.4840192332869079,0.4998436931418527,0.33111674416325215,0.5011153773314946,0.5047590016677513
1287,0.8505157674059478,0.4840192332869079,0.49916985090900906,0.33111674416325215,0.5012298886986415,0.5045679977970985
1288,0.8484984662861099,0.4840192332869079,0.49919949446363127,0.33111674416325215,0.5012730960308848,0.5043798107986387
1289,0.84636140506402,0.4840192332869079,0.4996081755005019,0.33111674416325215,0.5012323719721902,0.5041945197277088
1290,0.8441162502394876,0.4840192332869079,0.5003644585709945,0.33111674416325215,0.5011280276901249,0.5040121141319135
1291,0.8417752848465618,0.4840192332869079,0.5014395809058838,0.33111674416325215,0.5009706687621321,0.5038325019983156
1292,0.8393513660053512,0.4840192332869079,0.502803410399268,0.33111674416325215,0.5007698730667784,0.5036555172692065
1293,0.8368578769452899,0.4840192332869079,0.5044234033251291,0.33111674416325215,0.5005350279162354,0.5034809268078054
1294,0.8343086730801952,0.4840192332869079,0.5062642391675058,0.33111674416325215,0.5002754544959133,0.5033084367417583
1295,0.8317180218546832,0.4840192332869079,0.5082877487284853,0.33111674416325215,0.5000003799319096,0.5031376981541891
1296,0.8291005362214833,0.4840192332869079,0.510453035049063,0.33111674416325215,0.49971887388035163,0.5029683121292885
1297,0.8264711017545101,0.4840192332869079,0.5127167544045971,0.33111674416325215,0.49943978376910864,0.5027998341922323
1298,0.8238447975554302,0.4840192332869079,0.5150335430932996,0.33111674416325215,0.49917168078814933,0.5026317782120309
1299,0.8212368112723528,0.4840192332869079,0.5173565790323149,0.33111674416325215,0.4989228198204256,0.5024636198612132
1300,0.8186623487173089,0.4840192332869079,0.519638264952721,0.33111674416325215,0.4987011077549925,0.5022947997484788
1301,0.8161365387421498,0.4840192332869079,0.52183101569616,0.33111674416325215,0.4985140625072409,0.5021247263599717
1302,0.8136743342070779,0.4840192332869079,0.5238881272822937,0.33111674416325215,0.49836873214149185,0.5019527789617856
1303,0.8112904100477571,0.4840192332869079,0.525764700841963,0.33111674416325215,0.4982715369634588,0.5017783106306201
1304,0.8089990596104734,0.4840192332869079,0.5274185906863817,0.33111674416325215,0.4982280053123468,0.5016006515908314
1305,0.8068140905738321,0.4840192332869079,0.5288113430339724,0.33111674416325215,0.4982423987105332,0.5014191130437429
1306,0.8047487219032444,0.4840192332869079,0.5299090904646369,0.33111674416325215,0.498317256945305,0.5012329916780346
1307,0.8028154833838311,0.4840192332869079,0.5306833671570547,0.33111674416325215,0.49845292343980824,0.5010415750470069
1308,0.8010261193414281,0.4840192332869079,0.531111811458075,0.33111674416325215,0.49864712114307336,0.5008441479879402
1309,0.7993914981836915,0.4840192332869079,0.5311787253370958,0.33111674416325215,0.49889463444249016,0.5006400002389696
1310,0.7979215293684824,0.4840192332869079,0.5308754647286603,0.33111674416325215,0.499187122471386,0.500428435378126
1311,0.7966250893309291,0.4840192332869079,0.5302006405341034,0.33111674416325215,0.4995130617087475,0.5002087811659378
1312,0.795509957771918,0.4840192332869079,0.5291601169459402,0.33111674416325215,0.49985780779483324,0.49998040131615906
1313,0.7945827655296464,0.4840192332869079,0.5277668015270213,0.33111674416325215,0.5002037848805887,0.49974270864844117
1314,0.793848955025392,0.4840192332869079,0.526040229819829,0.33111674416325215,0.5005308483906528,0.49949517949279676
1315,0.7933127540003561,0.4840192332869079,0.524005955837385,0.33111674416325215,0.5008169015446103,0.49923736912059263
1316,0.7929771629507228,0.4840192332869079,0.5216947682216688,0.33111674416325215,0.5010388352368605,0.49896892787420527
1317,0.7928439563334209,0.4840192332869079,0.5191417597519584,0.33111674416325215,0.5011737003316651,0.4986896175627831
1318,0.7929136972679387,0.4840192332869079,0.5163852848371863,0.33111674416325215,0.5011990568579526,0.4983993275918559
1319,0.7931857651136098,0.4840192332869079,0.5134658452290903,0.33111674416325215,0.5010517830885799,0.4980980902082735
1320,0.7936583949712205,0.4840192332869079,0.510424948062819,0.33111674416325215,0.5007590848182744,0.4977860941784616
1321,0.7943287278565524,0.4840192332869079,0.5073039821290122,0.33111674416325215,0.500366408077056,0.49746369618659014
1322,0.7951928700344261,0.4840192332869079,0.5041431577418295,0.33111674416325215,0.49993271420695007,0.49713142924828224
1323,0.7962459597960913,0.4840192332869079,0.5009805525388421,0.33111674416325215,0.49952159411579605,0.4967900074911117
1324,0.7974822398191261,0.4840192332869079,0.4978513000306043,0.33111674416325215,0.49919274765915317,0.49644032675819644
1325,0.7988951331732389,0.4840192332869079,0.4947869498944859,0.33111674416325215,0.49899448940775304,0.4960834606443055
1326,0.8004773210302424,0.4840192332869079,0.4918150192674474,0.33111674416325215,0.4989564875533979,0.495720651768894
1327,0.8022208202014981,0.4840192332869079,0.48895874322359795,0.33111674416325215,0.49908226126530825,0.4953532983164465
1328,0.8041170587576494,0.4840192332869079,0.4862370209776176,0.33111674416325215,0.49934300402262866,0.4949829361163938
1329,0.8061569481769726,0.4840192332869079,0.4836645429895192,0.33111674416325215,0.4996767591662749,0.4946112167747897
1330,0.8083309507111407,0.4840192332869079,0.48125207393159797,0.33111674416325215,0.4999972620996216,0.4942398825889376
1331,0.8106291409396439,0.4840192332869079,0.4790068582088403,0.33111674416325215,0.5002127845316828,0.4938707391563017
1332,0.8130412607941333,0.4840192332869079,0.4769331090286638,0.33111674416325215,0.5002483932219467,0.49350562671541304
1333,0.8155567676583709,0.4840192332869079,0.47503253929323297,0.33111674416325215,0.5000260470886265,0.4931463913189639
1334,0.8181648754748939,0.4840192332869079,0.4733048929718973,0.33111674416325215,0.4996193112720327,0.4927948569337074
1335,0.8208545891029789,0.4840192332869079,0.4717484389717402,0.33111674416325215,0.49916840582091204,0.49245279949024984
1336,0.8236147324619707,0.4840192332869079,0.4703603954926206,0.33111674416325215,0.498833441376643,0.49212192377642794
1337,0.8264339712489157,0.4840192332869079,0.4691372608682373,0.33111674416325215,0.4987294309511373,0.4918038438935811
1338,0.8293008312308896,0.4840192332869079,0.4680750362498395,0.33111674416325215,0.4988636406095808,0.49150006779178307
1339,0.8322037132736471,0.4840192332869079,0.4671693353658623,0.33111674416325215,0.4991157811694574,0.4912119861855281
1340,0.83513090637485,0.4840192332869079,0.4664153860549418,0.33111674416325215,0.4992874646413107,0.49094086594276404
1341,0.8380706000199535,0.4840192332869079,0.4658079361669271,0.33111674416325215,0.49919354165948143,0.49068784785318337
1342,0.8410108971721258,0.4840192332869079,0.4653410809596832,0.33111674416325215,0.4988187041577138,0.49045394852977936
1343,0.8439398291467173,0.4840192332869079,0.46500802620426124,0.33111674416325215,0.49826521192363854,0.4902400660924123
1344,0.8468453735101755,0.4840192332869079,0.46480077687979066,0.33111674416325215,0.4977221592556988,0.4900469892350324
1345,0.8497154759889521,0.4840192332869079,0.46470962335907506,0.33111674416325215,0.49737788812773454,0.4898754093055119
1346,0.8525380771832064,0.4840192332869079,0.464721371004455,0.33111674416325215,0.497318213632868,0.48972593516069873
1347,0.8553011446610644,0.4840192332869079,0.46489089585353904,0.33111674416325215,0.49747670719904385,0.4895991108751192
1348,0.8579927107704279,0.4840192332869079,0.4651969501806461,0.33111674416325215,0.49766616070739084,0.48949543708069715
1349,0.8606009162551036,0.4840192332869079,0.4656076986833044,0.33111674416325215,0.4976604001077919,0.48941539839803194
1350,0.8631140595081072,0.4840192332869079,0.46608493080083363,0.33111674416325215,0.49756689129862325,0.48935950423404456
1351,0.8655206510437051,0.4840192332869079,0.46658722257881047,0.33111674416325215,0.4973816711387161,0.48932836831562865
1352,0.8678094725256397,0.4840192332869079,0.4670734066645871,0.33111674416325215,0.4971024863348252,0.48932296400817527
1353,0.8699696394535626,0.4840192332869079,0.46750629709686575,0.33111674416325215,0.4967302300492887,0.4893494224801856
1354,0.8719906663802299,0.4840192332869079,0.46785630807507994,0.33111674416325215,0.49626960384540353,0.48940643869006917
1355,0.8738625332986827,0.4840192332869079,0.4681045201113133,0.33111674416325215,0.49572942444122325,0.48949346250694953
1356,0.875575751579367,0.4840192332869079,0.4682447723128826,0.33111674416325215,0.49512253571225134,0.489610139232162
1357,0.8771214275061362,0.4840192332869079,0.46828446104652427,0.33111674416325215,0.4944652800255188,0.48975619950347354
1358,0.8784913209620138,0.4840192332869079,0.46824387605334183,0.33111674416325215,0.49377655503388274,0.48993141973343396
1359,0.8796778959406848,0.4840192332869079,0.4681540791993376,0.33111674416325215,0.4930765712985525,0.490135602077192
1360,0.8806743578070517,0.4840192332869079,0.468053504672281,0.33111674416325215,0.4923854949469971,0.4903685609677259
1361,0.8814746682607982,0.4840192332869079,0.4679836126081516,0.33111674416325215,0.49172218086670916,0.49063011193241257
1362,0.8820735186064669,0.4840192332869079,0.46798404510030617,0.33111674416325215,0.49110316770490453,0.4909200611397048
1363,0.8824662091408577,0.4840192332869079,0.46808780252001575,0.33111674416325215,0.49054203065684,0.4912381951778357
1364,0.8826482401461296,0.4840192332869079,0.46831697126461846,0.33111674416325215,0.49004910042984184,0.4915842710315054
1365,0.88261322766946,0.4840192332869079,0.46867948850950536,0.33111674416325215,0.48963148524139277,0.49195800644463133
1366,0.8823868544915121,0.4840192332869079,0.46916732855934806,0.33111674416325215,0.4892932935679676,0.4923590709650668
1367,0.8819736140356489,0.4840192332869079,0.4697563493995577,0.33111674416325215,0.4890359499227309,0.492787078012593
1368,0.8813772259158016,0.4840192332869079,0.47040786399243906,0.33111674416325215,0.4888585151060866,0.4932415783171461
1369,0.8806016127053624,0.4840192332869079,0.4710718196467297,0.33111674416325215,0.4887579536854359,0.4937220550508591
1370,0.8796511416095393,0.4840192332869079,0.47169130136848214,0.33111674416325215,0.4887293243337523,0.4942279209308129
1371,0.8785306990816579,0.4840192332869079,0.47220793870640937,0.33111674416325215,0.4887658963938958,0.49475851750344624
1372,0.8772457046664913,0.4840192332869079,0.4725677015793404,0.33111674416325215,0.488859215462881,0.4953131167401427
1373,0.8758020962773216,0.4840192332869079,0.47272652449340785,0.33111674416325215,0.4889991509786919,0.49589092498088955
1374,0.8742062997373782,0.4840192332869079,0.4726552021255363,0.33111674416325215,0.4891739599102658,0.49649108916398565
1375,0.8724651888423123,0.4840192332869079,0.47234305257510245,0.33111674416325215,0.4893703932482359,0.49711270518006906
1376,0.8705860395710812,0.4840192332869079,0.47179994728136854,0.33111674416325215,0.4895738563373202,0.4977548280939755
1377,0.8685764808924192,0.4840192332869079,0.4710564567376654,0.33111674416325215,0.4897686083119532,0.49841648389367965
1378,0.8664444440323724,0.4840192332869079,0.4701620520405466,0.33111674416325215,0.48993793865485974,0.49909668235669735
1379,0.8641981117519253,0.4840192332869079,0.4691815183714307,0.33111674416325215,0.4900641337153157,0.49979443057460743
1380,0.8618458689871477,0.4840192332869079,0.46818994963562116,0.33111674416325215,0.4901274817446833,0.5005087466481005
1381,0.8593962560582041,0.4840192332869079,0.46726686168112574,0.33111674416325215,0.4900972669082288,0.5012386730587803
1382,0.8568579255227625,0.4840192332869079,0.46649002705091497,0.33111674416325215,0.4899981503262301,0.5019832892388066
1383,0.8542396036149882,0.4840192332869079,0.46592950097311986,0.33111674416325215,0.4898346693623685,0.5027417228927349
1384,0.8515500570635239,0.4840192332869079,0.46564165610138686,0.33111674416325215,0.48961023494319716,0.5035131596737915
1385,0.848798065915876,0.4840192332869079,0.4656591993612902,0.33111674416325215,0.48932838043012067,0.5042968508746473
1386,0.8459924028112076,0.4840192332869079,0.46670357451921124,0.33111674416325215,0.4889930201142452,0.5050921188556194
1387,0.8431418189398642,0.4840192332869079,0.47107742900746336,0.33111674416325215,0.48860850943495,0.5058983599962866
1388,0.8402550367092064,0.4840192332869079,0.47049776769126267,0.33111674416325215,0.4881796451272965,0.5067150450155639
1389,0.8373407489062097,0.4840192332869079,0.4735576712889342,0.33111674416325215,0.48771163794456096,0.5075417165570075
1390,0.8344076239137925,0.4840192332869079,0.4761464830297462,0.33111674416325215,0.4872100651053381,0.5083779839783503
1391,0.8314643163068439,0.4840192332869079,0.4751127051288675,0.33111674416325215,0.4866808031788762,0.5092235153160375
1392,0.8285194819329615,0.4840192332869079,0.4800975772274405,0.33111674416325215,0.4861299417302133,0.5100780264171887
1393,0.8255817963798086,0.4840192332869079,0.4820059001496114,0.33111674416325215,0.48556367981732873,0.5109412672444458
1394,0.8226599755534543,0.4840192332869079,0.4806178278516261,0.33111674416325215,0.48498820977729123,0.5118130053661626
1395,0.8197627969474715,0.4840192332869079,0.48437351178800203,0.33111674416325215,0.4844095948025152,0.5126930066488501
1396,0.8168991200774866,0.4840192332869079,0.48961358585759057,0.33111674416325215,0.4838336480823728,0.5135810131749967
1397,0.8140779044959398,0.4840192332869079,0.48940859902126727,0.33111674416325215,0.4832658215185469,0.51447671842217
1398,0.8113082237912609,0.4840192332869079,0.4954270678788385,0.33111674416325215,0.4827111111998712,0.5153797397640388
1399,0.8085992740173471,0.4840192332869079,0.4960063572699691,0.33111674416325215,0.4821739851321518,0.5162895883961618
1400,0.8059603750942277,0.4840192332869079,0.4962170964276985,0.33111674416325215,0.48165833648750767,0.5172056368547269
1401,0.8034009638685601,0.4840192332869079,0.4943009876662399,0.33111674416325215,0.48116746324454374,0.5181270843902542
1402,0.8009305777206841,0.4840192332869079,0.49587642146958955,0.33111674416325215,0.48070407287592926,0.519052920585366
1403,0.7985588278492095,0.4840192332869079,0.502027230405346,0.33111674416325215,0.48027030893732214,0.51998188776967
1404,0.7962953616486577,0.4840192332869079,0.5078236178473524,0.33111674416325215,0.4798677951137842,0.5209124429873755
1405,0.794149813912994,0.4840192332869079,0.5091079760220139,0.33111674416325215,0.47949769144555804,0.5218427205135021
1406,0.7921317469391282,0.4840192332869079,0.5071829149562989,0.33111674416325215,0.47916075695274574,0.5227704961877888
1407,0.7902505799594337,0.4840192332869079,0.5052429801112527,0.33111674416325215,0.47885741255625425,0.5236931551321029
1408,0.7885155086899911,0.4840192332869079,0.5067141996482666,0.33111674416325215,0.4785877979593735,0.5246076647217512
1409,0.7869354161298086,0.4840192332869079,0.5123326636627923,0.33111674416325215,0.4783518160520435,0.5255105549711219
1410,0.7855187760737193,0.4840192332869079,0.5195560810910733,0.33111674416325215,0.4781491586380803,0.5263979087396091
1411,0.7842735510960442,0.4840192332869079,0.5247188850303116,0.33111674416325215,0.47797930821334705,0.5272653643276614
1412,0.7832070870121715,0.4840192332869079,0.5259263659680482,0.33111674416325215,0.4778415125129566,0.5281081330720586
1413,0.7823260060206798,0.4840192332869079,0.5241321822498161,0.33111674416325215,0.4777347318010234,0.5289210344181512
1414,0.7816361008609063,0.4840192332869079,0.5210109684062381,0.33111674416325215,0.4776575632128789,0.5296985506002121
1415,0.7811422323833981,0.4840192332869079,0.5190603514947959,0.33111674416325215,0.4776081511668354,0.5304349024624248
1416,0.7808482329194747,0.4840192332869079,0.5202300601379944,0.33111674416325215,0.47758409675813646,0.5311241470808749
1417,0.7807568177500558,0.4840192332869079,0.5250075406249981,0.33111674416325215,0.4775823807760904,0.5317602967035744
1418,0.7808695068149416,0.4840192332869079,0.5322096164675428,0.33111674416325215,0.4775993134866136,0.5323374571450132
1419,0.7811865585770021,0.4840192332869079,0.5395755856260284,0.33111674416325215,0.47763051925293704,0.5328499822253413
1420,0.7817069176693622,0.4840192332869079,0.5448740760812377,0.33111674416325215,0.4776709558688572,0.5332926392423802
1421,0.782428177618499,0.4840192332869079,0.5468933707400756,0.33111674416325215,0.47771495773604994,0.5336607789522896
1422,0.7833465595651121,0.4840192332869079,0.5458445599706139,0.33111674416325215,0.4777562772291114,0.5339505022803871
1423,0.7844569075121881,0.4840192332869079,0.5423484651657139,0.33111674416325215,0.4777880673549858,0.5341588151610283
1424,0.7857527002309138,0.4840192332869079,0.5383521089796561,0.33111674416325215,0.4778026169231528,0.5342837626696153
1425,0.7872260795650458,0.4840192332869079,0.5359968125951384,0.33111674416325215,0.4777890611979263,0.5343245340710221
1426,0.7888678945069505,0.4840192332869079,0.5367718335246768,0.33111674416325215,0.4777442923837851,0.5342815316087421
1427,0.7906677600861861,0.4840192332869079,0.5410134618220465,0.33111674416325215,0.47766405678325347,0.5341563977546873
1428,0.7926141298241282,0.4840192332869079,0.5478368198275586,0.33111674416325215,0.477544372712955,0.5339519980980691
1429,0.7946943802731707,0.4840192332869079,0.5554906221702672,0.33111674416325215,0.47738165266931304,0.5336723598610587
1430,0.7968949059807791,0.4840192332869079,0.5620081783018804,0.33111674416325215,0.47717275273596776,0.5333225689215818
1431,0.799201223098747,0.4840192332869079,0.5658982545158416,0.33111674416325215,0.476915033413723,0.5329086309124691
1432,0.8015980797951763,0.4840192332869079,0.5666036478763479,0.33111674416325215,0.4766064490229598,0.5324373041840926
1433,0.8040695716174654,0.4840192332869079,0.5648310304457188,0.33111674416325215,0.4762456681421158,0.5319159139551591
1434,0.8065992599935435,0.4840192332869079,0.5609859007079947,0.33111674416325215,0.4758322196721307,0.5313521577096216
1435,0.8091702921389683,0.4840192332869079,0.5559782338046946,0.33111674416325215,0.475366652283072,0.5307539118017486
1436,0.8117655207517043,0.4840192332869079,0.5509371458428706,0.33111674416325215,0.47485068861467494,0.5301290483773138
1437,0.8143676220165715,0.4840192332869079,0.5469614858352786,0.33111674416325215,0.4742873504498163,0.5294852702559989
1438,0.8169592105996663,0.4840192332869079,0.5449180640767666,0.33111674416325215,0.47368102855765193,0.528829969548454
1439,0.8195229504822952,0.4840192332869079,0.5453108783981625,0.33111674416325215,0.4730374725397159,0.528170113719676
1440,0.8220416606574854,0.4840192332869079,0.5482237702593735,0.33111674416325215,0.472363682847919,0.5275121607656759
1441,0.8244984148842408,0.4840192332869079,0.553328709403872,0.33111674416325215,0.47166769906491973,0.5268620033149364
1442,0.8268766348604737,0.4840192332869079,0.5599515724181615,0.33111674416325215,0.4709582938584858,0.5262249399225911
1443,0.8291601763306435,0.4840192332869079,0.5671875352683178,0.33111674416325215,0.4702445976225548,0.525605670661887
1444,0.8313334077846813,0.4840192332869079,0.5740525871462916,0.33111674416325215,0.4695356909562211,0.5250083133518464
1445,0.8333812815263755,0.4840192332869079,0.5796476715591039,0.33111674416325215,0.4688402076797487,0.5244364363680365
1446,0.8352893969862778,0.4840192332869079,0.5833050505630178,0.33111674416325215,0.46816598866075493,0.5238931039117491
1447,0.8370440562167343,0.4840192332869079,0.5846921223216344,0.33111674416325215,0.4675198171707501,0.5233809297919519
1448,0.8386323115168145,0.4840192332869079,0.5839056903861357,0.33111674416325215,0.466907252506569,0.5229021361292076
1449,0.8400420050555144,0.4840192332869079,0.5807691908974989,0.33111674416325215,0.46633256370468174,0.5224586138499588
1450,0.8412618001096253,0.4840192332869079,0.5757152528100038,0.33111674416325215,0.46579875250694286,0.5220519823406152
1451,0.8422812029045467,0.4840192332869079,0.5694957112569091,0.33111674416325215,0.4653076462826024,0.5216836461224482
1452,0.8430905724794914,0.4840192332869079,0.5630185331539878,0.33111674416325215,0.4648600379216027,0.5213548468492974
1453,0.843681111659424,0.4840192332869079,0.5571874849580698,0.33111674416325215,0.46445585016076363,0.5210667092845788
1454,0.8440448174991733,0.4840192332869079,0.5527682544353197,0.33111674416325215,0.46409430509834043,0.5208202801390319
1455,0.8441742973273048,0.4840192332869079,0.5502976709510242,0.33111674416325215,0.46377408436195267,0.5206165586641711
1456,0.8440614756928659,0.4840192332869079,0.5500382703225045,0.33111674416325215,0.4634934703110766,0.5204565174812195
1457,0.8437046294764003,0.4840192332869079,0.5519709102601394,0.33111674416325215,0.46325046296329,0.5203411105658925
1458,0.843101162862039,0.4840192332869079,0.5558159800027115,0.33111674416325215,0.4630428706296545,0.5202712596027723
1459,0.8422491456875788,0.4840192332869079,0.5610766337664826,0.33111674416325215,0.4628683744666067,0.5202477812463786
1460,0.8411475131115754,0.4840192332869079,0.5671009667628577,0.33111674416325215,0.46272456847786936,0.5202708557149546
1461,0.8397961305676624,0.4840192332869079,0.573160557528043,0.33111674416325215,0.46260897724825617,0.5203426945554256
1462,0.8381958242629848,0.4840192332869079,0.5785396271464263,0.33111674416325215,0.4625190542233787,0.5204648941061761
1463,0.8363483997297212,0.4840192332869079,0.5826245644029208,0.33111674416325215,0.4624521639732197,0.5206389319201209
1464,0.834256655840425,0.4840192332869079,0.5849819877080511,0.33111674416325215,0.46240555274885875,0.5208662125872385
1465,0.8319243972846379,0.4840192332869079,0.5854237952572172,0.33111674416325215,0.46237631267841406,0.5211480601040712
1466,0.829356446830259,0.4840192332869079,0.5842713985090261,0.33111674416325215,0.46236134578981714,0.5214856928997285
1467,0.8265586579094777,0.4840192332869079,0.5814331799685691,0.33111674416325215,0.46235733407256074,0.5218801904153185
1468,0.823537927624998,0.4840192332869079,0.5770093379416039,0.33111674416325215,0.4623607201175379,0.5223324548870747
1469,0.8203022099746496,0.4840192332869079,0.5712361159408882,0.33111674416325215,0.46236769792035975,0.5228431705625086
1470,0.8168605288655809,0.4840192332869079,0.5644544152074653,0.33111674416325215,0.4623741995062812,0.5234127621344874
1471,0.8132229903014103,0.4840192332869079,0.5570745749941778,0.33111674416325215,0.4623757975712347,0.5240413540271703
1472,0.809400792963434,0.4840192332869079,0.5495380954684739,0.33111674416325215,0.46236525815284424,0.5247287320951024
1473,0.805406236264858,0.4840192332869079,0.5422800331142337,0.33111674416325215,0.46233720830016906,0.5254743092190304
1474,0.8012527248334619,0.4840192332869079,0.5356956896937656,0.33111674416325215,0.4622869036856796,0.5262770961621775
1475,0.7969547682734204,0.4840192332869079,0.5301142290506085,0.33111674416325215,0.46221028896599264,0.5271356788728329
1476,0.7925279749725724,0.4840192332869079,0.525780603406421,0.33111674416325215,0.46210401515063726,0.5280482031798029
1477,0.7879890386590785,0.4840192332869079,0.5228459638683821,0.33111674416325215,0.4619654315834264,0.5290123675325941
1478,0.783355716373486,0.4840192332869079,0.521365762764256,0.33111674416325215,0.4617925642177854,0.530025424101705
1479,0.7786467965113886,0.4840192332869079,0.5213041472301095,0.33111674416325215,0.461584095216735,0.5310841881955325
1480,0.7738820556110827,0.4840192332869079,0.5225430369844559,0.33111674416325215,0.4613393582899957,0.5321850555923269
1481,0.7690822026133569,0.4840192332869079,0.5248944256198607,0.33111674416325215,0.4610583605574784,0.533324027053024
1482,0.7642688094104512,0.4840192332869079,0.5281148076500044,0.33111674416325215,0.46074183616441616,0.534496738997116
1483,0.7594642266324079,0.4840192332869079,0.5319210314166247,0.33111674416325215,0.460391329995432,0.5356984991090704
1484,0.7546914837955746,0.4840192332869079,0.536007152005182,0.33111674416325215,0.4600093019954596,0.5369243255116483
1485,0.7499741731639222,0.4840192332869079,0.5400619323721096,0.33111674416325215,0.4595992342453421,0.5381689881025583
1486,0.745336316952483,0.4840192332869079,0.543786546863775,0.33111674416325215,0.4591657150135129,0.5394270507024806
1487,0.7408022178358072,0.4840192332869079,0.546911914428856,0.33111674416325215,0.4587144682847291,0.5406929127988483
1488,0.7363962931132891,0.4840192332869079,0.5492151913169607,0.33111674416325215,0.45825229627222563,0.5419608498779056
1489,0.7321428933252818,0.4840192332869079,0.5505360099954967,0.33111674416325215,0.4577869087423643,0.5432250515998832
1490,0.7280661066034738,0.4840192332869079,0.5507995293202597,0.33111674416325215,0.45732662799954377,0.544479657368139
1491,0.7241895505661671,0.4840192332869079,0.550178733798626,0.33111674416325215,0.4568799808156019,0.5457187891512156
1492,0.7205361541193556,0.4840192332869079,0.5485521801782862,0.33111674416325215,0.4564552137878234,0.5469365817159014
1493,0.7171279320782101,0.4840192332869079,0.5458786773007304,0.33111674416325215,0.4560597894121568,0.5481272107002623
1494,0.7139857560563809,0.4840192332869079,0.5421702628268357,0.33111674416325215,0.45569992945687354,0.5492849191816629
1495,0.7111291255538766,0.4840192332869079,0.5374888402686707,0.33111674416325215,0.45538026613990507,0.550404043562625
1496,0.7085759435770443,0.4840192332869079,0.5319441644704287,0.33111674416325215,0.4551036415123054,0.5514790396969892
1497,0.7063423014144095,0.4840192332869079,0.5256902938474804,0.33111674416325215,0.45487106749553424,0.5525045102036734
1498,0.704442277339894,0.4840192332869079,0.5189197655792391,0.33111674416325215,0.45468183149972635,0.5534752338621012
1499,0.7028877539949013,0.4840192332869079,0.5118553070553895,0.33111674416325215,0.45453371250003993,0.554386197852184
1500,0.7016882589954684,0.4840192332869079,0.504739183263911,0.33111674416325215,0.45442326335325245,0.5552326333960013
1501,0.7008508329128931,0.4840192332869079,0.4978205339608379,0.33111674416325215,0.4543461165688321,0.5560100550850672
1502,0.7003799281910634,0.4840192332869079,0.49134133595362955,0.33111674416325215,0.45429727960169847,0.5567143038471514
1503,0.7002773418093143,0.4840192332869079,0.4855219313149605,0.33111674416325215,0.45427139804901023,0.5573415931350274
1504,0.7005421836069263,0.4840192332869079,0.4805473410279493,0.33111674416325215,0.45426297760066725,0.5578885575254887
1505,0.701170881196157,0.4840192332869079,0.476555746391179,0.33111674416325215,0.45426656634044943,0.5583523025237368
1506,0.7021572213546027,0.4840192332869079,0.4736304676855635,0.33111674416325215,0.45427690783609653,0.5587304540024813
1507,0.7034924267582288,0.4840192332869079,0.4717964379760495,0.33111674416325215,0.454289084396587,0.559021205395512
1508,0.7051652659465089,0.4840192332869079,0.47102158070078004,0.33111674416325215,0.4542986869388491,0.559223360541086
1509,0.7071621935487115,0.4840192332869079,0.4712227748105309,0.33111674416325215,0.45430211769923073,0.5593363699579297
1510,0.7094675170846486,0.4840192332869079,0.4722754178195958,0.33111674416325215,0.4542979001795903,0.5593603583575596
1511,0.7120635861118222,0.4840192332869079,0.47402515274069174,0.33111674416325215,0.45428142379394604,0.5592961413645725
1512,0.7149309991385805,0.4840192332869079,0.4763002050305394,0.33111674416325215,0.45424848700043485,0.5591452297344501
1513,0.7180488235613076,0.4840192332869079,0.4789229650696836,0.33111674416325215,0.4541951459233099,0.5589098198168101
1514,0.7213948239026188,0.4840192332869079,0.48171984893260816,0.33111674416325215,0.45411795759802215,0.5585927695883609
1515,0.7249456938071626,0.4840192332869079,0.4845289425751973,0.33111674416325215,0.45401429028659346,0.5581975602394397
1516,0.7286772875650674,0.4840192332869079,0.4872053691579013,0.33111674416325215,0.4538826517795807,0.5577282439965155
1517,0.7325648473495676,0.4840192332869079,0.4896246500727715,0.33111674416325215,0.45372298495821256,0.5571893795502304
1518,0.7365832228430057,0.4840192332869079,0.49168454249442844,0.33111674416325215,0.45353687202601584,0.5565859570831899
1519,0.7407070804536822,0.4840192332869079,0.49330596379942704,0.33111674416325215,0.4533275953486993,0.5559233154068882
1520,0.7449110998676023,0.4840192332869079,0.4944337669929693,0.33111674416325215,0.4531000264348142,0.555207054085063
1521,0.7491701562111294,0.4840192332869079,0.4950387279521967,0.33111674416325215,0.4528603487654706,0.5544429436167284
1522,0.7534594866050227,0.4840192332869079,0.49512600573639504,0.33111674416325215,0.4526156531617212,0.5536368367668084
1523,0.7577548403544568,0.4840192332869079,0.4948511908735375,0.33111674416325215,0.45237346507197196,0.5527945839721075
1524,0.7620326124352407,0.4840192332869079,0.4941681217933283,0.33111674416325215,0.4521412663881984,0.5519219554362061
1525,0.7662699602994197,0.4840192332869079,0.4930573692155316,0.33111674416325215,0.45192606240400157,0.5510245720908573
1526,0.7704449043327776,0.4840192332869079,0.4915132689361683,0.33111674416325215,0.4517340245709991,0.5501078470830371
1527,0.774536412553797,0.4840192332869079,0.48954235616615693,0.33111674416325215,0.45157021993312557,0.5491769388880442
1528,0.7785244703512382,0.4840192332869079,0.48716377937392097,0.33111674416325215,0.4514384242163927,0.5482367165903939
1529,0.7823901362191297,0.4840192332869079,0.484410322157827,0.33111674416325215,0.45134100949676653,0.547291737350879
1530,0.7861155845672628,0.4840192332869079,0.48132958103946816,0.33111674416325215,0.4512788979264583,0.5463462356173246
1531,0.7896841367652325,0.4840192332869079,0.4779850223643045,0.33111674416325215,0.45125157710596525,0.545404123256345
1532,0.7930802816205976,0.4840192332869079,0.47445666573491646,0.33111674416325215,0.4512571768837722,0.5444689994924621
1533,0.7962896864969703,0.4840192332869079,0.470841128280374,0.33111674416325215,0.45129260888445033,0.5435441693393435
1534,0.7992992002431764,0.4840192332869079,0.4672507501141262,0.33111674416325215,0.45135376753295303,0.5426326690886416
1535,0.8020968490230722,0.4840192332869079,0.4638115277415565,0.33111674416325215,0.4514357850534247,0.5417372973727348
1536,0.8046718259925201,0.4840192332869079,0.46065962742777494,0.33111674416325215,0.45153332468749835,0.5408606503232009
1537,0.807014475536856,0.4840192332869079,0.4579363512115269,0.33111674416325215,0.4516408889175254,0.5400051593903994
1538,0.80911627240214,0.4840192332869079,0.4557815945622578,0.33111674416325215,0.4517531154617768,0.5391731304548352
1539,0.8109697954098792,0.4840192332869079,0.4543260627511796,0.33111674416325215,0.4518650348625392,0.5383667829334075
1540,0.8125686942818794,0.4840192332869079,0.4536827768526818,0.33111674416325215,0.45197226960075215,0.5375882876513525
1541,0.8139076458103011,0.4840192332869079,0.4539386484762644,0.33111674416325215,0.452071164237475,0.5368398023051454
1542,0.814982290571583,0.4840192332869079,0.45514706521355053,0.33111674416325215,0.45215884659396294,0.5361235033781718
1543,0.8157891286418515,0.4840192332869079,0.4573224390241577,0.33111674416325215,0.4522332290151157,0.5354416133889477
1544,0.8163253136250204,0.4840192332869079,0.4604374910095455,0.33111674416325215,0.4522929648470262,0.5347964223544343
1545,0.8165881214320835,0.4840192332869079,0.4644236961682237,0.33111674416325215,0.45233737844454547,0.5341903023456751
1546,0.8165726350276203,0.4840192332869079,0.46917486566003047,0.33111674416325215,0.4523663896823747,0.5336257140096413
1547,0.8163621534507767,0.4840192332869079,0.47455340978814575,0.33111674416325215,0.45238046607592924,0.5331052039412314
1548,0.8159628437448732,0.4840192332869079,0.4803985033375918,0.33111674416325215,0.4523807343325395,0.5326313918222757
1549,0.815379326908706,0.4840192332869079,0.48653522475489025,0.33111674416325215,0.45237747630720077,0.532206946300661
1550,0.8146160173992482,0.4840192332869079,0.4927837646906853,0.33111674416325215,0.45237050207783436,0.5318345486387157
1551,0.8136774691844376,0.4840192332869079,0.498967955510684,0.33111674416325215,0.45235973560975623,0.5315168431307984
1552,0.8125685162577481,0.4840192332869079,0.5049225991754875,0.33111674416325215,0.45234513839744994,0.5312563729252331
1553,0.8112943441566164,0.4840192332869079,0.5104993078784641,0.33111674416325215,0.452326689750416,0.5310554984260074
1554,0.8098605319144044,0.4840192332869079,0.5155707795264867,0.33111674416325215,0.4523043783919654,0.5309162902237704
1555,0.8082730791660061,0.4840192332869079,0.5200335895090312,0.33111674416325215,0.45227819784379075,0.530840367190055
1556,0.8065384248078141,0.4840192332869079,0.5238096905637961,0.33111674416325215,0.4522481434430773,0.530828519171728
1557,0.8046634602605962,0.4840192332869079,0.5268468883451617,0.33111674416325215,0.452214210190765,0.5308759753461516
1558,0.802655538849156,0.4840192332869079,0.5291186366057256,0.33111674416325215,0.45217639108668156,0.5309850691214342
1559,0.8005224820385933,0.4840192332869079,0.5306236722307035,0.33111674416325215,0.4521346757951105,0.5311569972128959
1560,0.798272582845381,0.4840192332869079,0.5313867176331252,0.33111674416325215,0.45208904957374263,0.5313922849026751
1561,0.7959146064972141,0.4840192332869079,0.531466030184773,0.33111674416325215,0.4520394924467989,0.5316908432488059
1562,0.7934577882670486,0.4840192332869079,0.5311220730078622,0.33111674416325215,0.45198597863102824,0.5320519699084029
1563,0.7909118283134194,0.4840192332869079,0.5303319827614812,0.33111674416325215,0.4519284762402799,0.5324743445948203
1564,0.7882868832998691,0.4840192332869079,0.5290983459921746,0.33111674416325215,0.4518669473042908,0.532956034051612
1565,0.7855935545297924,0.4840192332869079,0.5274353345981088,0.33111674416325215,0.45180134814186085,0.533494512379097
1566,0.7828428723130454,0.4840192332869079,0.525365581128984,0.33111674416325215,0.45173163012838397,0.5340866988880036
1567,0.7800462762739404,0.4840192332869079,0.5229190002689635,0.33111674416325215,0.4516577408929574,0.5347290134799091
1568,0.7772155913151935,0.4840192332869079,0.5201322211140007,0.33111674416325215,0.4515796259711804,0.5354174479465776
1569,0.7743629989682927,0.4840192332869079,0.5170482487919983,0.33111674416325215,0.45149723092644517,0.5361476503247223
1570,0.7715010038875878,0.4840192332869079,0.5137161987571259,0.33111674416325215,0.4514105039354879,0.5369150185191468
1571,0.7686423952833823,0.4840192332869079,0.5101910173976518,0.33111674416325215,0.4513193988138579,0.537714798840967
1572,0.7658002031388004,0.4840192332869079,0.5065331286503733,0.33111674416325215,0.45122387843482037,0.5385421849151572
1573,0.7629876491165304,0.4840192332869079,0.5028079577912601,0.33111674416325215,0.4511239184722704,0.5393924125802914
1574,0.7602180921349169,0.4840192332869079,0.4990852906146053,0.33111674416325215,0.4510195113760452,0.5402608468869711
1575,0.7575049686781321,0.4840192332869079,0.4954384330948071,0.33111674416325215,0.45091067046816397,0.5411430580258789
1576,0.7548617280018893,0.4840192332869079,0.4919431455155837,0.33111674416325215,0.4507974340326543,0.542034883890237
1577,0.7523017625033298,0.4840192332869079,0.4886763371566851,0.33111674416325215,0.45067986926116965,0.5429324779048567
1578,0.7498383336398599,0.4840192332869079,0.4857145234834295,0.33111674416325215,0.4505580759127454,0.5438323416469105
1579,0.7474844939046077,0.4840192332869079,0.4831320672348972,0.33111674416325215,0.45043218954949316,0.5447313425710785
1580,0.7452530054930244,0.4840192332869079,0.4809992468852214,0.33111674416325215,0.4503023842209913,0.5456267177854146
1581,0.7431562564224797,0.4840192332869079,0.47938021878750997,0.33111674416325215,0.45016887448820475,0.546516065279603
1582,0.7412061749903655,0.4840192332869079,0.4783309601784749,0.33111674416325215,0.4500319167020176,0.5473973242815032
1583,0.7394141435716658,0.4840192332869079,0.47789729583989643,0.33111674416325215,0.44989180948043295,0.5482687465258302
1584,0.7377909128591597,0.4840192332869079,0.47811311829805003,0.33111674416325215,0.4497488933603847,0.5491288601872407
1585,0.7363465177333339,0.4840192332869079,0.47899890747994384,0.33111674416325215,0.44960354963286725,0.5499764280923997
1586,0.7350901960096776,0.4840192332869079,0.4805606397790456,0.33111674416325215,0.44945619840169204,0.5508104016169916
1587,0.7340303113437252,0.4840192332869079,0.482789149663865,0.33111674416325215,0.4493072959346812,0.5516298714276863
1588,0.7331742815751772,0.4840192332869079,0.4856599726141506,0.33111674416325215,0.4491573313999157,0.5524340159754562
1589,0.7325285137587662,0.4840192332869079,0.4891336612597836,0.33111674416325215,0.44900682309757056,0.5532220484101537
1590,0.7320983470597662,0.4840192332869079,0.4931565327174799,0.33111674416325215,0.44885631430918316,0.553993162386651
1591,0.7318880045860926,0.4840192332869079,0.4976617792653822,0.33111674416325215,0.4487063688907159,0.5547464770853737
1592,0.7319005550884801,0.4840192332869079,0.5025708600269363,0.33111674416325215,0.4485575667337724,0.5554809816862412
1593,0.7321378852885273,0.4840192332869079,0.507795089421386,0.33111674416325215,0.4484104992114863,0.556195479523486
1594,0.7326006833963987,0.4840192332869079,0.513237347779691,0.33111674416325215,0.44826576471291474,0.5568885322158615
1595,0.7332884341619597,0.4840192332869079,0.5187938580616978,0.33111674416325215,0.4481239643534437,0.5575584042165963
1596,0.734199425572533,0.4840192332869079,0.5243559964722486,0.33111674416325215,0.447985697930006,0.5582030084619782
1597,0.7353307670753797,0.4840192332869079,0.5298121302212567,0.33111674416325215,0.4478515601701073,0.5588198541153089
1598,0.7366784189718402,0.4840192332869079,0.5350494993671765,0.33111674416325215,0.4477221373039162,0.5594059977981669
1599,0.7382372324109802,0.4840192332869079,0.539956179059148,0.33111674416325215,0.4475980039699899,0.5599580001608533
1600,0.7400009992110982,0.4840192332869079,0.5444231720712297,0.33111674416325215,0.4474797204484091,0.5604718901469797
1601,0.7419625105640361,0.4840192332869079,0.5483466895577693,0.33111674416325215,0.44736783020075116,0.5609431398205287
1602,0.7441136235350128,0.4840192332869079,0.5516306845205436,0.33111674416325215,0.44726285768483465,0.5613666531010502
1603,0.7464453341631827,0.4840192332869079,0.5541897229437502,0.33111674416325215,0.44716530640370655,0.5617367721334334
1604,0.7489478558971802,0.4840192332869079,0.5559523707648019,0.33111674416325215,0.4470756571429223,0.5620473052288943
1605,0.7516107020657327,0.4840192332869079,0.5568657307111045,0.33111674416325215,0.4469943663476876,0.5622915802696677
1606,0.7544227710846672,0.4840192332869079,0.5569050435957306,0.33111674416325215,0.4469218645916631,0.5624625270848637
1607,0.7573724331356146,0.4840192332869079,0.5563759567329665,0.33111674416325215,0.446858555091892,0.5625527915007975
1608,0.7604476171146513,0.4840192332869079,0.5552553319760883,0.33111674416325215,0.4468048122290653,0.5625548824904478
1609,0.7636358967364982,0.4840192332869079,0.5535333770741755,0.33111674416325215,0.44676098003885056,0.5624613520781215
1610,0.766924574786665,0.4840192332869079,0.5512092680567473,0.33111674416325215,0.4467273706478948,0.5622650054384433
1611,0.7703007646349014,0.4840192332869079,0.5482906626202456,0.33111674416325215,0.4467042626370708,0.5619591360755547
1612,0.7737514682533881,0.4840192332869079,0.5447938819011101,0.33111674416325215,0.4466918993241861,0.5615377782672389
1613,0.777263650117401,0.4840192332869079,0.5407442164902169,0.33111674416325215,0.446690486968437,0.560995966368036
1614,0.7808243065004324,0.4840192332869079,0.5361761727216503,0.33111674416325215,0.44670019290904817,0.5603299883927884
1615,0.7844205298060865,0.4840192332869079,0.5311335624657765,0.33111674416325215,0.4467211436604913,0.5595376198681008
1616,0.7880395677024782,0.4840192332869079,0.5256693705716468,0.33111674416325215,0.446753422996158,0.5586183235300106
1617,0.7916688769388099,0.4840192332869079,0.5198453512246334,0.33111674416325215,0.4467970700610434,0.5575734012613964
1618,0.7952961718265836,0.4840192332869079,0.5137313192706384,0.33111674416325215,0.4468520775616273,0.5564060867690481
1619,0.798909467458322,0.4840192332869079,0.5074041186201994,0.33111674416325215,0.446918390087361,0.5551215708023113
1620,0.8024971178141691,0.4840192332869079,0.5009462681547844,0.33111674416325215,0.4469959026227103,0.5537269549507147
1621,0.8060478489711681,0.4840192332869079,0.4944443058899888,0.33111674416325215,0.44708445931124774,0.5522311348243193
1622,0.809550787681733,0.4840192332869079,0.4879868735744751,0.33111674416325215,0.44718385253353515,0.5506446182273513
1623,0.8129954856274324,0.4840192332869079,0.4816626049933759,0.33111674416325215,0.4472938223582705,0.5489792882763296
1624,0.8163719396825999,0.4840192332869079,0.4755579002265241,0.33111674416325215,0.4474140564212038,0.5472481248408536
1625,0.8196706085405706,0.4840192332869079,0.4697546830151358,0.33111674416325215,0.44754419027860254,0.5454648998750969
1626,0.8228824260646974,0.4840192332869079,0.46432824724402805,0.33111674416325215,0.4476838082716145,0.5436438630032292
1627,0.8259988117280624,0.4840192332869079,0.45934529963352533,0.33111674416325215,0.4478324449249897,0.5417994331422579
1628,0.8290116785013065,0.4840192332869079,0.4548622979080013,0.33111674416325215,0.44798958688864476,0.5399459101700297
1629,0.8319134385386459,0.4840192332869079,0.4509241667196438,0.33111674416325215,0.4481546754140928,0.5380972179706467
1630,0.8346970069993757,0.4840192332869079,0.4475634483807569,0.33111674416325215,0.4483271093405175,0.5362666869732643
1631,0.8373558043274909,0.4840192332869079,0.44479991419271636,0.33111674416325215,0.44850624854812393,0.5344668809088304
1632,0.839883757297095,0.4840192332869079,0.44264062816295346,0.33111674416325215,0.44869141782025573,0.5327094692676885
1633,0.8422752991179435,0.4840192332869079,0.44108042213837206,0.33111674416325215,0.4488819110415685,0.5310051441006862
1634,0.8445253688860801,0.4840192332869079,0.44010271379817784,0.33111674416325215,0.4490769956481596,0.5293635775302712
1635,0.8466294106622266,0.4840192332869079,0.4396805797270139,0.33111674416325215,0.4492759172377085,0.5277934147000477
1636,0.8485833724699332,0.4840192332869079,0.439777986771198,0.33111674416325215,0.44947790424390394,0.526302295888659
1637,0.8503837055336388,0.4840192332869079,0.44035108629434705,0.33111674416325215,0.44968217258005205,0.5248969010857921
1638,0.8520273641355183,0.4840192332869079,0.4413494865216451,0.33111674416325215,0.44988793016177914,0.5235830103765757
1639,0.8535118065802363,0.4840192332869079,0.4427174355528244,0.33111674416325215,0.4500943812279798,0.5223655738897118
1640,0.8548349979571428,0.4840192332869079,0.4443948690104761,0.33111674416325215,0.4503007303921338,0.5212487857155047
1641,0.8559954157565205,0.4840192332869079,0.44631829893612046,0.33111674416325215,0.4505061863722039,0.520236156979968
1642,0.8569920600915446,0.4840192332869079,0.4484215422004666,0.33111674416325215,0.45070996536573077,0.519330584066234
1643,0.8578244716701326,0.4840192332869079,0.45063630575395863,0.33111674416325215,0.450911294056631,0.5185344087013495
1644,0.8584927636880515,0.4840192332869079,0.4528926614758371,0.33111674416325215,0.4511094122606915,0.5178494671482309
1645,0.8589976811929836,0.4840192332869079,0.45511945441600843,0.33111674416325215,0.4513035752370573,0.5172771258416606
1646,0.8593407226656038,0.4840192332869079,0.45724469378599464,0.33111674416325215,0.4514930557123857,0.5168182999813435
1647,0.8595244371140145,0.4840192332869079,0.459195973610473,0.33111674416325215,0.4516771456822231,0.5164734483908594
1648,0.8595534737774211,0.4840192332869079,0.46090095256135405,0.33111674416325215,0.4518551580701465,0.5162425271401768
1649,0.8594497957511004,0.4840192332869079,0.4622878688721173,0.33111674416325215,0.45202642833906737,0.5161248405709612
1650,0.8592091505555006,0.4840192332869079,0.46328589725192276,0.33111674416325215,0.4521903161608596,0.5161184366495224
1651,0.8588304991749822,0.4840192332869079,0.4638244663371719,0.33111674416325215,0.4523462072604459,0.5161958096663583
1652,0.8583139559687912,0.4840192332869079,0.46382564586060226,0.33111674416325215,0.4524935155593507,0.5163585624352879
1653,0.8576603494784872,0.4840192332869079,0.4638526288276629,0.33111674416325215,0.45263168575279933,0.5166073747840978
1654,0.8568710565162332,0.4840192332869079,0.4639042006414272,0.33111674416325215,0.45276019646587184,0.5169425889887962
1655,0.8559479213347259,0.4840192332869079,0.4639797276788176,0.33111674416325215,0.4528785641517897,0.5173643353769473
1656,0.8548932096889422,0.4840192332869079,0.4640787666688667,0.33111674416325215,0.45298634792562337,0.5178725687035929
1657,0.8537095796613393,0.4840192332869079,0.4642009679378616,0.33111674416325215,0.45308315558132156,0.5184670744274892
1658,0.8524000613710083,0.4840192332869079,0.46434603690141396,0.33111674416325215,0.4531686511411197,0.5191474617236096
1659,0.850968041674731,0.4840192332869079,0.4645137148391204,0.33111674416325215,0.45324256447822575,0.5199131497122637
1660,0.8494172517445946,0.4840192332869079,0.4647037678837897,0.33111674416325215,0.45330470393082867,0.5207633499604147
1661,0.8477517562821117,0.4840192332869079,0.4649159800946085,0.33111674416325215,0.45335497360955723,0.5216970469315854
1662,0.8459759435950455,0.4840192332869079,0.4651501487860236,0.33111674416325215,0.4533933988743625,0.522712977414876
1663,0.844094516027888,0.4840192332869079,0.4654060812016591,0.33111674416325215,0.4534201680073746,0.5238096096195972
1664,0.8421124803956058,0.4840192332869079,0.4656835920382824,0.33111674416325215,0.45343571225997026,0.5249851224170451
1665,0.840035138170081,0.4840192332869079,0.4659825015321019,0.33111674416325215,0.45344090723530145,0.5262373850776543
1666,0.8378680752343695,0.4840192332869079,0.4663026339309807,0.33111674416325215,0.45343800351744334,0.5275639377609359
1667,0.8356171510650532,0.4840192332869079,0.4666438162396251,0.33111674416325215,0.45342088465812713,0.5289619729546462
1668,0.8332884872354204,0.4840192332869079,0.46700587716280045,0.33111674416325215,0.4533871425140981,0.5304283180236016
1669,0.8308884551565598,0.4840192332869079,0.4673886461953435,0.33111674416325215,0.45333507166221276,0.5319594190161113
1670,0.8284236629925406,0.4840192332869079,0.46779195282304625,0.33111674416325215,0.45326333187254986,0.5335513258872608
1671,0.8259009417014529,0.4840192332869079,0.4682156258086999,0.33111674416325215,0.4531708686017164,0.5351996793336429
1672,0.8233273301672781,0.4840192332869079,0.4686594925445434,0.33111674416325215,0.4530569020842764,0.5368996994935371
1673,0.8207100593991297,0.4840192332869079,0.46912337845725083,0.33111674416325215,0.4529209415038769,0.5386461768489127
1674,0.8180565357847719,0.4840192332869079,0.46960710645506565,0.33111674416325215,0.4527628085153644,0.5404334657684593
1675,0.8153743233948261,0.4840192332869079,0.4701104964092246,0.33111674416325215,0.4525826622196883,0.5422554812499915
1676,0.8126711253429015,0.4840192332869079,0.4706333646636895,0.33111674416325215,0.45238102051514023,0.5441056995498292
1677,0.8099547642151734,0.4840192332869079,0.47117552356861014,0.33111674416325215,0.4521587740932852,0.5459771635179543
1678,0.8072331615907947,0.4840192332869079,0.47173678103401134,0.33111674416325215,0.4519171902980458,0.5478624935805434
1679,0.8045143166819976,0.4840192332869079,0.47231694010102493,0.33111674416325215,0.4516579050008442,0.5497539054135628
1680,0.8018062841299137,0.4840192332869079,0.47291579852862986,0.33111674416325215,0.4513829016798397,0.5516432354184732
1681,0.7991171509990539,0.4840192332869079,0.473533148394373,0.33111674416325215,0.45109447801643027,0.5535219751285333
1682,0.7964550130200916,0.4840192332869079,0.4741687757079511,0.33111674416325215,0.4507952014545433,0.5553813156261735
1683,0.7938279501371605,0.4840192332869079,0.47482246003685125,0.33111674416325215,0.4504878561880432,0.5572122029235868
1684,0.7912440014223497,0.4840192332869079,0.4754939741435246,0.33111674416325215,0.45017538482294595,0.5590054050374169
1685,0.7887111394265521,0.4840192332869079,0.47618308363377154,0.33111674416325215,0.44986082840078956,0.5607515911654073
1686,0.7862372440423397,0.4840192332869079,0.4768895466162072,0.33111674416325215,0.4495472685093553,0.5624414229450502
1687,0.7838300759611729,0.4840192332869079,0.47761311337281387,0.33111674416325215,0.44923777484595295,0.5640656572462593
1688,0.781497249814072,0.4840192332869079,0.4783535260407162,0.33111674416325215,0.4489353608918864,0.5656152593358429
1689,0.77924620709191,0.4840192332869079,0.4791105183054193,0.33111674416325215,0.44864294940307625,0.5670815245755739
1690,0.7770841889487596,0.4840192332869079,0.47988381510583483,0.33111674416325215,0.4483633483424743,0.5684562061133903
1691,0.7750182089992389,0.4840192332869079,0.4806731323514949,0.33111674416325215,0.4480992367965826,0.5697316453442162
1692,0.7730550262285055,0.4840192332869079,0.4814781766524187,0.33111674416325215,0.4478531594345658,0.5709009013065309
1693,0.7712011181413817,0.4840192332869079,0.482298645062144,0.33111674416325215,0.4476275272585178,0.5719578747007752
1694,0.7694626542848992,0.4840192332869079,0.4831342248344901,0.33111674416325215,0.44742462180085285,0.5728974219227123
1695,0.7678454702862182,0.4840192332869079,0.4839845931946468,0.33111674416325215,0.4472465995677381,0.5737154544487076
1696,0.7663550425551346,0.4840192332869079,0.4848494171252219,0.33111674416325215,0.44709549340965055,0.5744090191267857
1697,0.7649964638070277,0.4840192332869079,0.48572835316790386,0.33111674416325215,0.4469732076223114,0.5749763554339611
1698,0.7637744195678117,0.4840192332869079,0.4866210472414165,0.33111674416325215,0.4468815039506355,0.5754169265493232
1699,0.7626931658269347,0.4840192332869079,0.4875271344764646,0.33111674416325215,0.44682197630226056,0.5757314221299239
1700,0.7617565080073839,0.4840192332869079,0.48844623906836987,0.33111674416325215,0.44679601289897,0.5759217319033949
1701,0.7609677814226863,0.4840192332869079,0.48937797414812334,0.33111674416325215,0.44680474581997054,0.575990890526694
1702,0.7603298333897237,0.4840192332869079,0.4903219416725664,0.33111674416325215,0.44684898940772844,0.575942995509465
1703,0.7598450071625499,0.4840192332869079,0.4912777323344299,0.33111674416325215,0.44692917074620225,0.5757831012634121
1704,0.7595151278460537,0.4840192332869079,0.49224492549294874,0.33111674416325215,0.4470452572330468,0.5755170934216887
1705,0.7593414904391372,0.4840192332869079,0.4932230891257697,0.33111674416325215,0.44719668790813516,0.5751515483961988
1706,0.7593248501449513,0.4840192332869079,0.4942117798028612,0.33111674416325215,0.4473823163467438,0.5746935836514706
1707,0.7594654150707167,0.4840192332869079,0.49521054268312215,0.33111674416325215,0.4476003732234842,0.5741507043460377
1708,0.7597628414218254,0.4840192332869079,0.4962189115343695,0.33111674416325215,0.44784845580846905,0.5735306518313521
1709,0.7602162312745131,0.4840192332869079,0.4972364087773749,0.33111674416325215,0.44812354954710604,0.5728412590377325
1710,0.7608241329887088,0.4840192332869079,0.4982625455545929,0.33111674416325215,0.4484220836447133,0.5720903170731477
1711,0.7615845442981193,0.4840192332869079,0.4992968218242002,0.33111674416325215,0.4487400186771126,0.5712854564853738
1712,0.7624949180886688,0.4840192332869079,0.5003387264800445,0.33111674416325215,0.4490729603695584,0.570434045669294
1713,0.763552170849605,0.4840192332869079,0.5013877374980653,0.33111674416325215,0.4494162905936909,0.5695431079150824
1714,0.7647526937545415,0.4840192332869079,0.5024433221097175,0.33111674416325215,0.4497653049411197,0.5686192576570507
1715,0.7660923663029483,0.4840192332869079,0.5035049370028979,0.33111674416325215,0.4501153462161421,0.5676686556504382
1716,0.7675665724267972,0.4840192332869079,0.5045720285508255,0.33111674416325215,0.4504619247030498,0.566696982111249
1717,0.7691702189427424,0.4840192332869079,0.5056440330692912,0.33111674416325215,0.45080081861503873,0.565709426322094
1718,0.7708977562079006,0.4840192332869079,0.5067203771026466,0.33111674416325215,0.45112815107758186,0.5647106908389989
1719,0.7727432008174422,0.4840192332869079,0.5078004777388452,0.33111674416325215,0.451440442757549,0.563705008221355
1720,0.7747001601651948,0.4840192332869079,0.5088837429538058,0.33111674416325215,0.45173464145183434,0.562696168131079
1721,0.7767618586745629,0.4840192332869079,0.5099695719853057,0.33111674416325215,0.4520081314792276,0.561687552683057
1722,0.7789211654964819,0.4840192332869079,0.5110573557365524,0.33111674416325215,0.45225872665539985,0.5606821780496866
1723,0.7811706234639151,0.4840192332869079,0.5121464772095248,0.33111674416325215,0.4524846511504965,0.5596827405003907
1724,0.7835024790885856,0.4840192332869079,0.5132363119680996,0.33111674416325215,0.45268451283065797,0.5586916652669682
1725,0.7859087133850866,0.4840192332869079,0.5143262286309216,0.33111674416325215,0.4528572739682544,0.5577111568454645
1726,0.7883810733100514,0.4840192332869079,0.5154155893938909,0.33111674416325215,0.4530022247304045,0.5567432495569048
1727,0.7909111036094643,0.4840192332869079,0.5165037505820741,0.33111674416325215,0.4531189661397818,0.5557898573790201
1728,0.7934901788751194,0.4840192332869079,0.5175900632307644,0.33111674416325215,0.4532074126255696,0.5548528222194148
1729,0.7961095356213599,0.4840192332869079,0.5186738736953287,0.33111674416325215,0.4532678343482876,0.5539339599217828
1730,0.7987603042051891,0.4840192332869079,0.5197545242894056,0.33111674416325215,0.4533009951398668,0.5530351033784089
1731,0.8014335404262506,0.4840192332869079,0.5208313539509197,0.33111674416325215,0.4533086250983884,0.552158142164973
1732,0.804120256657656,0.4840192332869079,0.5219036989352925,0.33111674416325215,0.45329706992529145,0.5513050581209573
1733,0.8068114523738422,0.4840192332869079,0.5229708935351385,0.33111674416325215,0.4532620300738525,0.5504779562764419
1734,0.8094981439572239,0.4840192332869079,0.5240322708256363,0.33111674416325215,0.45320138720280756,0.5496790904818275
1735,0.8121713936810757,0.4840192332869079,0.5250871634346699,0.33111674416325215,0.45311360054863703,0.5489108830411334
1736,0.8148223377815874,0.4840192332869079,0.5261349043367352,0.33111674416325215,0.4529974406929612,0.548175937594169
1737,0.8174422135471444,0.4840192332869079,0.5271748276695072,0.33111674416325215,0.452851925766008,0.5474770444518885
1738,0.8200223853674806,0.4840192332869079,0.5282062695718628,0.33111674416325215,0.4526763252559885,0.5468171775776469
1739,0.8225543696992954,0.4840192332869079,0.5292285690420448,0.33111674416325215,0.4524701972561694,0.5461994824401111
1740,0.8250298589181949,0.4840192332869079,0.5302410688145621,0.33111674416325215,0.45223344623051537,0.5456272540550366
1741,0.8274407440394582,0.4840192332869079,0.5312431162543022,0.33111674416325215,0.4519663940280803,0.5451039046928127
1742,0.8297791363022181,0.4840192332869079,0.5322340642662454,0.33111674416325215,0.4516698580306373,0.5446329209580345
1743,0.8320373876234274,0.4840192332869079,0.5332132722190507,0.33111674416325215,0.45134522983499237,0.5442178102316103
1744,0.8342081099397807,0.4840192332869079,0.5341801068806996,0.33111674416325215,0.4509945467779367,0.5438620367570368
1745,0.8362841934680852,0.4840192332869079,0.5351339433642668,0.33111674416325215,0.4506205474766098,0.5435689478244173
1746,0.8382588239282452,0.4840192332869079,0.5360741660818061,0.33111674416325215,0.45022670185934255,0.5433416902085088
1747,0.8401254987892203,0.4840192332869079,0.5370001697042311,0.33111674416325215,0.4498172063779412,0.5431831150806746
1748,0.8418780426189857,0.4840192332869079,0.5379113601249875,0.33111674416325215,0.44939693665596847,0.5430956607540395
1749,0.8435106216477358,0.4840192332869079,0.5388071554252198,0.33111674416325215,0.4489713530110433,0.5430811468091716
1750,0.8450177576946268,0.4840192332869079,0.5396869868380603,0.33111674416325215,0.44854635904469775,0.5431387104178754
1751,0.8463943416714954,0.4840192332869079,0.5405502997095781,0.33111674416325215,0.44812811932650337,0.5432702035124795
1752,0.8476356469794398,0.4840192332869079,0.5413965544538644,0.33111674416325215,0.4477228481602234,0.5434766065045223
1753,0.8487373432895823,0.4840192332869079,0.5422252274996536,0.33111674416325215,0.44733658627304485,0.5437582253554649
1754,0.8496955115184038,0.4840192332869079,0.5430358122258305,0.33111674416325215,0.4469749848257585,0.5441147127454916
1755,0.8505066614310042,0.4840192332869079,0.5438278198831096,0.33111674416325215,0.4466431156480136,0.5445450752612373
1756,0.8511677546351152,0.4840192332869079,0.544600780499141,0.33111674416325215,0.44634532301978913,0.5450476892972832
1757,0.8516762389175,0.4840192332869079,0.5453542437642477,0.33111674416325215,0.4460851263671824,0.5456203313456407
1758,0.8520301088780152,0.4840192332869079,0.5460877798949881,0.33111674416325215,0.44586517617404825,0.5462602237276278
1759,0.8522280404152419,0.4840192332869079,0.5468009804727065,0.33111674416325215,0.44568725863750625,0.5469640947678139
1760,0.8522698311529802,0.4840192332869079,0.5474934592542374,0.33111674416325215,0.4455523392806112,0.5477282511929029
1761,0.8521614628950153,0.4840192332869079,0.5481648529519328,0.33111674416325215,0.44546063255237067,0.5485486597595428
1762,0.8518991569785827,0.4840192332869079,0.548814821980195,0.33111674416325215,0.44541168352070265,0.5494210346682123
1763,0.8514810506988542,0.4840192332869079,0.549443051165726,0.33111674416325215,0.44540444879458296,0.5503409271671726
1764,0.8509060574930707,0.4840192332869079,0.5500492504187487,0.33111674416325215,0.44543736626422253,0.5513038138590091
1765,0.850173648126911,0.4840192332869079,0.5506331553625035,0.33111674416325215,0.4455084065551198,0.5523051805505891
1766,0.8492837726059729,0.4840192332869079,0.551194527918389,0.33111674416325215,0.4456151027837718,0.553340598982187
1767,0.8482368238488233,0.4840192332869079,0.5517331568442025,0.33111674416325215,0.44575455895657135,0.5544057943731158
1768,0.8470336178451956,0.4840192332869079,0.5522488582230155,0.33111674416325215,0.4459234409669947,0.555496702369058
1769,0.8456753814467901,0.4840192332869079,0.5527414759003337,0.33111674416325215,0.44611795746603977,0.5566095146153678
1770,0.844163744047853,0.4840192332869079,0.5532108818673119,0.33111674416325215,0.4463338407144517,0.5577407127659806
1771,0.8425007313589594,0.4840192332869079,0.5536569765879142,0.33111674416325215,0.4465663395712627,0.558887091236831
1772,0.840688760328227,0.4840192332869079,0.5540796892680698,0.33111674416325215,0.4468102376024269,0.5600457694068364
1773,0.8387306346749025,0.4840192332869079,0.5544789780650232,0.33111674416325215,0.4470599084074362,0.5612141942518697
1774,0.8366295407136023,0.4840192332869079,0.5548548302352514,0.33111674416325215,0.44730941724149276,0.5623901345713592
1775,0.8343890432643061,0.4840192332869079,0.5552072622195062,0.33111674416325215,0.4475526727353858,0.5635716680444345
1776,0.8320130815093462,0.4840192332869079,0.555536319663729,0.33111674416325215,0.4477836253906131,0.5647571623489637
1777,0.8295059646966184,0.4840192332869079,0.5558420773747962,0.33111674416325215,0.4479965016252868,0.5659452515107147
1778,0.8268723676097158,0.4840192332869079,0.5561246392102696,0.33111674416325215,0.4481860551619106,0.5671348085397879
1779,0.8241173257370522,0.4840192332869079,0.5563841379015463,0.33111674416325215,0.44834781356735115,0.5683249152746885
1780,0.821246230077009,0.4840192332869079,0.5566207348100444,0.33111674416325215,0.4484782990409358,0.5695148302059886
1781,0.8182648215169076,0.4840192332869079,0.5568346196162964,0.33111674416325215,0.4485752121002915,0.5707039549038901
1782,0.8151791847215756,0.4840192332869079,0.557026009942079,0.33111674416325215,0.4486375928243511,0.571891799536829
1783,0.8119957414634039,0.4840192332869079,0.5571951509059505,0.33111674416325215,0.44866605857577174,0.573077947848713
1784,0.8087212433207215,0.4840192332869079,0.5573423146128401,0.33111674416325215,0.448663740707677,0.5742620218654378
1785,0.8053627636655415,0.4840192332869079,0.5574677995785814,0.33111674416325215,0.4487633923867259,0.5754436465301647
1786,0.8019276888556882,0.4840192332869079,0.5575719300905565,0.33111674416325215,0.44895510569875463,0.5766224144232368
1787,0.7984237085403214,0.4840192332869079,0.5576550555058714,0.33111674416325215,0.44920052374763086,0.5777978507072647
1788,0.7948588049822694,0.4840192332869079,0.5577175494887538,0.33111674416325215,0.4494442335242407,0.5789693784506573
1789,0.7912412412956499,0.4840192332869079,0.5577598091891172,0.33111674416325215,0.4496293157066972,0.5801362845228297
1790,0.7875795484933267,0.4840192332869079,0.5577822543644931,0.33111674416325215,0.44971515212169616,0.5812976863198789
1791,0.7838825112360718,0.4840192332869079,0.5577853264477861,0.33111674416325215,0.44969152036041804,0.5824524996682692
1792,0.7801591521742071,0.4840192332869079,0.5577694875635365,0.33111674416325215,0.4495821232926115,0.5835994083626532
1793,0.7764187147732791,0.4840192332869079,0.5577352194956249,0.33111674416325215,0.4494350467678417,0.5847368359177646
1794,0.7726706445182461,0.4840192332869079,0.5576830226095596,0.33111674416325215,0.4493048613092891,0.5858629202473287
1795,0.7689245683960505,0.4840192332869079,0.5576134147327076,0.33111674416325215,0.44923499740317546,0.5869754921174033
1796,0.7651902725645636,0.4840192332869079,0.5575269299960263,0.33111674416325215,0.44924578290045514,0.5880720583478646
1797,0.7614776781270072,0.4840192332869079,0.5574241176410244,0.33111674416325215,0.4494295846970194,0.5891497908424224
1798,0.7577968149452801,0.4840192332869079,0.5573055407958653,0.33111674416325215,0.44971624542683486,0.5902055226013803
1799,0.7541577934433643,0.4840192332869079,0.5571717752246541,0.33111674416325215,0.4499678695704994,0.5912357518979361
1800,0.7505707743732688,0.4840192332869079,0.5570234080540902,0.33111674416325215,0.4500727693403194,0.5922366557632863
1801,0.7470459365408658,0.4840192332869079,0.5568610364817775,0.33111674416325215,0.450016188911489,0.5932041138140423
1802,0.7435934425174527,0.4840192332869079,0.5566852664705678,0.33111674416325215,0.44988333546271914,0.5941337432556126
1803,0.7402234023948143,0.4840192332869079,0.5564967114333833,0.33111674416325215,0.4497946414830091,0.5950209455994819
1804,0.736945835676715,0.4840192332869079,0.5562959909130083,0.33111674416325215,0.44982560985632847,0.595860965238894
1805,0.7337706314377241,0.4840192332869079,0.5560837292613651,0.33111674416325215,0.4500175625732197,0.5966489595424644
1806,0.7307075069205676,0.4840192332869079,0.555860554322787,0.33111674416325215,0.4502907645310361,0.5973800795641251
1807,0.7277659647850822,0.4840192332869079,0.5556270961257747,0.33111674416325215,0.45051751171849885,0.5980495598561809
1808,0.724955249264509,0.4840192332869079,0.5553839855876792,0.33111674416325215,0.4506060965570951,0.5986528152457332
1809,0.7222843015272966,0.4840192332869079,0.5551318532366852,0.33111674416325215,0.450550125010996,0.5991855418372758
1810,0.7197617145836472,0.4840192332869079,0.5548713279553645,0.33111674416325215,0.45042277808307046,0.5996438189854634
1811,0.7173956881145046,0.4840192332869079,0.5546030357499698,0.33111674416325215,0.45032646838146584,0.6000242085927247
1812,0.7151939836352146,0.4840192332869079,0.5543275985494868,0.33111674416325215,0.4503324924440627,0.6003238478734115
1813,0.7131638804353314,0.4840192332869079,0.5540456330383097,0.33111674416325215,0.45056166973479383,0.6005405317268255
1814,0.7113121327586847,0.4840192332869079,0.5537577495262257,0.33111674416325215,0.450647908626092,0.6006727810979325
1815,0.7096449287025706,0.4840192332869079,0.5534645508591955,0.33111674416325215,0.45052044176296513,0.600719894179886
1816,0.7081678513207463,0.4840192332869079,0.5531666313741989,0.33111674416325215,0.4504723368736815,0.6006819780080046
1817,0.7068858424108404,0.4840192332869079,0.552864575901183,0.33111674416325215,0.4506150755684144,0.6005599588706273
1818,0.7058031694522866,0.4840192332869079,0.5525589588149061,0.33111674416325215,0.45080531597952467,0.6003555709598547
1819,0.7049233961356549,0.4840192332869079,0.5522503431392021,0.33111674416325215,0.45085314857387915,0.6000713237329921
1820,0.7042493568883601,0.4840192332869079,0.5519392797059256,0.33111674416325215,0.45074029598086185,0.5997104494761683
1821,0.7037831357557284,0.4840192332869079,0.5516263063705532,0.33111674416325215,0.45060435970309676,0.5992768334799815
1822,0.7035260499411226,0.4840192332869079,0.5513119472861189,0.33111674416325215,0.45058103853399095,0.5987749299881597
1823,0.7034786382455895,0.4840192332869079,0.5509967122368814,0.33111674416325215,0.450680037199851,0.5982096676157714
1824,0.7036406545778835,0.4840192332869079,0.5506810960328034,0.33111674416325215,0.4508366983828816,0.5975863482260997
1825,0.7040110666316286,0.4840192332869079,0.5503655779656322,0.33111674416325215,0.45095240274476744,0.5969105432998861
1826,0.7045880597499158,0.4840192332869079,0.5500506213270673,0.33111674416325215,0.4509607729551479,0.5961879916435912
1827,0.7053690459209212,0.4840192332869079,0.549736672989191,0.33111674416325215,0.4508586050870028,0.5954245018985799
1828,0.7063506777734506,0.4840192332869079,0.5494241630470568,0.33111674416325215,0.4506956294197493,0.5946258627772723
1829,0.7075288673706709,0.4840192332869079,0.5491135045230221,0.33111674416325215,0.45054206342005754,0.5937977633183602
1830,0.7088988095356558,0.4840192332869079,0.5488050931321468,0.33111674416325215,0.4504550268370248,0.5929457247749453
1831,0.7104550093853425,0.4840192332869079,0.5484993071076811,0.33111674416325215,0.4504570765384516,0.592075045076253
1832,0.7121913137013857,0.4840192332869079,0.5481965070854303,0.33111674416325215,0.4505738007489923,0.5911907561766073
1833,0.7141009457281147,0.4840192332869079,0.5478970360455041,0.33111674416325215,0.45056591376102545,0.5902975940553455
1834,0.7161765429598922,0.4840192332869079,0.5476012193097437,0.33111674416325215,0.45039875006171676,0.5893999806778619
1835,0.7184101974627267,0.4840192332869079,0.5473093645928793,0.33111674416325215,0.4502402873733251,0.5885020168797972
1836,0.7207934982677988,0.4840192332869079,0.5470217621052769,0.33111674416325215,0.4502207104631677,0.5876074848930901
1837,0.7233175753770086,0.4840192332869079,0.5467386847049306,0.33111674416325215,0.4503061890034339,0.5867198590864494
1838,0.7259731449318925,0.4840192332869079,0.5464603880961943,0.33111674416325215,0.4503877679970439,0.5858423234309893
1839,0.7287505551162008,0.4840192332869079,0.5461871110725867,0.33111674416325215,0.45036950523514513,0.5849777942086504
1840,0.7316398323878602,0.4840192332869079,0.545919075800867,0.33111674416325215,0.45023477896737857,0.5841289465399051
1841,0.7346307276666295,0.4840192332869079,0.5456564881434729,0.33111674416325215,0.45003905544429834,0.5832982434019597
1842,0.7377127621381829,0.4840192332869079,0.5453995380162995,0.33111674416325215,0.44986196054071104,0.582487965924642
1843,0.7408752723723231,0.4840192332869079,0.5451483997787369,0.33111674416325215,0.4497623806705892,0.5817002438760869
1844,0.7441074544912976,0.4840192332869079,0.5449032326528164,0.33111674416325215,0.4497562915751324,0.5809370853745248
1845,0.7473984071627175,0.4840192332869079,0.5446641811682826,0.33111674416325215,0.44981233610158206,0.5802004049788578
1846,0.7507371732293588,0.4840192332869079,0.5444313756303887,0.33111674416325215,0.4498953126833666,0.5794920494146931
1847,0.754112779824407,0.4840192332869079,0.5442049326072101,0.33111674416325215,0.44996392718281436,0.5788138202816198
1848,0.757514276854846,0.4840192332869079,0.5439849554332954,0.33111674416325215,0.44998428708951577,0.5781674931609128
1849,0.7609307737672352,0.4840192332869079,0.5437715347265022,0.33111674416325215,0.4499387435451816,0.5775548326007321
1850,0.7643514745387532,0.4840192332869079,0.5435647489149265,0.33111674416325215,0.44982808907537913,0.5769776024986226
1851,0.7677657108619494,0.4840192332869079,0.543364664770895,0.33111674416325215,0.4496680218417312,0.5764375714281752
1852,0.7711629735141138,0.4840192332869079,0.5431713379490892,0.33111674416325215,0.4494826489112713,0.5759365124647019
1853,0.7745329419215866,0.4840192332869079,0.5429848135259537,0.33111674416325215,0.4492978331623404,0.5754761970445114
1854,0.7778655119458777,0.4840192332869079,0.5428051265376759,0.33111674416325215,0.44913609030987495,0.5750583823227153
1855,0.7811508219323618,0.4840192332869079,0.5426323025141395,0.33111674416325215,0.44901353721676796,0.5746847913303441
1856,0.7843792770738783,0.4840192332869079,0.5424663580064154,0.33111674416325215,0.4489386431578142,0.574357084876213
1857,0.7875415721511086,0.4840192332869079,0.5423073011054977,0.33111674416325215,0.4489122678989144,0.5740768233769411
1858,0.7906287127195608,0.4840192332869079,0.5421551319501868,0.33111674416325215,0.44892820938713873,0.573845415111101
1859,0.793632034819755,0.4840192332869079,0.5420098432221986,0.33111674416325215,0.4489788968169831,0.5736640433861894
1860,0.7965432232933074,0.4840192332869079,0.5418714206268049,0.33111674416325215,0.4490508035890652,0.5735335543969556
1861,0.7993543287935841,0.4840192332869079,0.5417398433575331,0.33111674416325215,0.44912807503908986,0.573454252854279
1862,0.8020577835861525,0.4840192332869079,0.5416150845437286,0.33111674416325215,0.449194994410544,0.5734253952062173
1863,0.8046464162422265,0.4840192332869079,0.5414971116800726,0.33111674416325215,0.44923815412806883,0.5734426425541198
1864,0.8071134653388483,0.4840192332869079,0.5413858870374983,0.33111674416325215,0.4492480911403392,0.5735179487576818
1865,0.8094525922942433,0.4840192332869079,0.5412813680553664,0.33111674416325215,0.4492201708195128,0.5736560983109722
1866,0.8116578934880073,0.4840192332869079,0.5411835077152584,0.33111674416325215,0.44915465237778396,0.573860465306534
1867,0.8137239118470928,0.4840192332869079,0.5410922548973998,0.33111674416325215,0.44905603951206097,0.5741335973229161
1868,0.8156456481257373,0.4840192332869079,0.5410075547215595,0.33111674416325215,0.44893194819441085,0.5744773397341848
1869,0.8174185721800021,0.4840192332869079,0.540929348875432,0.33111674416325215,0.4487917732803702,0.5748928486229355
1870,0.8190386346519117,0.4840192332869079,0.540857575935138,0.33111674416325215,0.4486454069782835,0.5753805704396384
1871,0.8205022796637998,0.4840192332869079,0.5407921716848939,0.33111674416325215,0.4485021826842699,0.5759402157870394
1872,0.8218064594362674,0.4840192332869079,0.5407330694465945,0.33111674416325215,0.4483701239471821,0.5765707400022791
1873,0.8229486522948332,0.4840192332869079,0.5406802004359955,0.33111674416325215,0.44825549979530593,0.5772703374283122
1874,0.823926886560447,0.4840192332869079,0.5406334941721617,0.33111674416325215,0.44816263844668386,0.5780364532185527
1875,0.8247397748862384,0.4840192332869079,0.5405928789845486,0.33111674416325215,0.44809393096265693,0.5788658144232579
1876,0.82538656815861,0.4840192332869079,0.5405582826955554,0.33111674416325215,0.4480499537911952,0.5797544804015246
1877,0.825867249472217,0.4840192332869079,0.5405296336246929,0.33111674416325215,0.44802963059410267,0.5806979111335283
1878,0.8261827228144302,0.4840192332869079,0.5405068622145033,0.33111674416325215,0.4480302080790396,0.5816910507676065
1879,0.8263352871342394,0.4840192332869079,0.5404899039744849,0.33111674416325215,0.44801151872037315,0.582728422769884
1880,0.8263305319655615,0.4840192332869079,0.540478705671158,0.33111674416325215,0.44797064575646606,0.5838042323987983
1881,0.8272918443901748,0.4840192332869079,0.5404732418782359,0.33111674416325215,0.44790554174136366,0.5849124719325938
1882,0.8292368417220057,0.4840192332869079,0.5404735891072844,0.33111674416325215,0.44781489994662793,0.5860470241344193
1883,0.8321439642545163,0.4840192332869079,0.540477504088504,0.33111674416325215,0.44769825177139755,0.5872017598151691
1884,0.835961636738904,0.4840192332869079,0.5404848161571381,0.33111674416325215,0.44755609677583214,0.5883706259894029
1885,0.8406098505051701,0.4840192332869079,0.5404954127394591,0.33111674416325215,0.44739002539625844,0.5895477219367964
1886,0.8459808536812912,0.4840192332869079,0.5405092009475171,0.33111674416325215,0.44720281397483863,0.5907273613949751
1887,0.8519404221690295,0.4840192332869079,0.5405260974948007,0.33111674416325215,0.4469984754330429,0.5919041200364203
1888,0.8583304200458178,0.4840192332869079,0.5405460245479917,0.33111674416325215,0.44678224931763505,0.593072868251003
1889,0.8649730731265375,0.4840192332869079,0.5405689076004386,0.33111674416325215,0.4465605135814353,0.5942287900124172
1890,0.871677123627674,0.4840192332869079,0.5405946742240579,0.33111674416325215,0.4463405970953084,0.5953673892168957
1891,0.8782457396744784,0.4840192332869079,0.5406232532649706,0.33111674416325215,0.4461304676608407,0.5964844853308182
1892,0.8844857469391614,0.4840192332869079,0.540654574287791,0.33111674416325215,0.4459382698509445,0.5975762004713735
1893,0.8902174920037027,0.4840192332869079,0.540688567170321,0.33111674416325215,0.4457716983156401,0.5986389401847627
1894,0.8952844993631791,0.4840192332869079,0.540725161794792,0.33111674416325215,0.44563722233942277,0.5996693702007105
1895,0.8995620781711937,0.4840192332869079,0.540764287804136,0.33111674416325215,0.44553922577135346,0.6006643913547728
1896,0.9029641591544811,0.4840192332869079,0.5408058744038714,0.33111674416325215,0.4454791805280109,0.6016211147053704
1897,0.9054478514767694,0.4840192332869079,0.5408498501971405,0.33111674416325215,0.44545501177035896,0.6025368386521275
1898,0.907015452240651,0.4840192332869079,0.5408961430446287,0.33111674416325215,0.4454608228042226,0.6034090296031862
1899,0.9077138826985028,0.4840192332869079,0.5409446799437153,0.33111674416325215,0.445487126252413,0.604235307454306
1900,0.9076317484651699,0.4840192332869079,0.5409953869229231,0.33111674416325215,0.44552168863166386,0.6050134368399882
1901,0.9068944130788054,0.4840192332869079,0.5410481889488641,0.33111674416325215,0.4455510667752698,0.6057413248015805
1902,0.9056576130897475,0.4840192332869079,0.5411030098436707,0.33111674416325215,0.44556301784541613,0.6064170251923277
1903,0.9041002008754455,0.4840192332869079,0.541159772211436,0.33111674416325215,0.4455518530170443,0.6070387498073319
1904,0.902416561116251,0.4840192332869079,0.5412183973725921,0.33111674416325215,0.4454995684466521,0.6076048858910787
1905,0.9008091127936948,0.4840192332869079,0.541278805305421,0.33111674416325215,0.4453930337025189,0.6081140193427459
1906,0.8994810998796964,0.4840192332869079,0.541340914594121,0.33111674416325215,0.4452274308510226,0.6085649626192529
1907,0.8986295728338072,0.4840192332869079,0.5414046423829864,0.33111674416325215,0.44501128293815045,0.6089567860407854
1908,0.898437653312866,0.4840192332869079,0.5414699043363866,0.33111674416325215,0.4447690799139326,0.6092888509493062
1909,0.8990496832582383,0.4840192332869079,0.5415366146043176,0.33111674416325215,0.4445384379576364,0.6095608429753461
1910,0.9006167124341213,0.4840192332869079,0.5416046857933572,0.33111674416325215,0.4443600301952491,0.6097728035504414
1911,0.9032623119125505,0.4840192332869079,0.5416740289429172,0.33111674416325215,0.44426183121985174,0.6099251577782803
1912,0.9070787440257476,0.4840192332869079,0.5417445535067178,0.33111674416325215,0.4442435543950522,0.6100187368588346
1913,0.9121216121650294,0.4840192332869079,0.5418161673394342,0.33111674416325215,0.44427072388959177,0.6100547934515239
1914,0.9184048321770789,0.4840192332869079,0.5418887766885024,0.33111674416325215,0.4442882160646366,0.6100350086621859
1915,0.9258966334880093,0.4840192332869079,0.5419622861910685,0.33111674416325215,0.4442613742566416,0.6099614897310236
1916,0.9345172819681877,0.4840192332869079,0.5420365988760887,0.33111674416325215,0.4441425228822103,0.6098367579620593
1917,0.9441392017744634,0.4840192332869079,0.5421116161715966,0.33111674416325215,0.4439308666445329,0.6096637269382781
1918,0.9545900433416384,0.4840192332869079,0.5421872379171454,0.33111674416325215,0.44370993136947695,0.6094456715747144
1919,0.9656589731116807,0.4840192332869079,0.5422633623814529,0.33111674416325215,0.44359854997792875,0.6091861890366347
1920,0.9771060647824253,0.4840192332869079,0.5423398862852632,0.33111674416325215,0.44361222383262594,0.6088891529564651
1921,0.9886742120521412,0.4840192332869079,0.5424167048294445,0.33111674416325215,0.44361451933920215,0.6085586626920578
1922,1.0001025563224573,0.4840192332869079,0.5424937117283349,0.33111674416325215,0.44360058014173603,0.6081989895602758
1923,1.0111401423329902,0.4840192332869079,0.5425707992483512,0.33111674416325215,0.44356297583276283,0.6078145220446951
1924,1.0215584716255148,0.4840192332869079,0.5426478582518608,0.33111674416325215,0.44349527836909103,0.6074097119169113
1925,1.0311618480539295,0.4840192332869079,0.542724778246321,0.33111674416325215,0.4433925377654956,0.60698902304032
1926,1.0397948468538296,0.4840192332869079,0.5428014474386725,0.33111674416325215,0.4432522546973279,0.6065568843644853
1927,1.0473467621312946,0.4840192332869079,0.5428777527949802,0.33111674416325215,0.44307537210947945,0.606117648293758
1928,1.0537533451970953,0.4840192332869079,0.5429535801052877,0.33111674416325215,0.4428670281320778,0.6056755552542674
1929,1.058996422823023,0.4840192332869079,0.5430288140536681,0.33111674416325215,0.4426368123894059,0.6052347049163724
1930,1.0631020442222245,0.4840192332869079,0.5431033382934187,0.33111674416325215,0.4423983015448578,0.6047990341793062
1931,1.0661376926279351,0.4840192332869079,0.5431770355273597,0.33111674416325215,0.442167752397455,0.6043723017099625
1932,1.068208900421798,0.4840192332869079,0.5432497875931755,0.33111674416325215,0.44196199538902436,0.6039580785613211
1933,1.0694554117870665,0.4840192332869079,0.5433214755537311,0.33111674416325215,0.4417957676961368,0.6035597441843323
1934,1.070046896499683,0.4840192332869079,0.5433919797922877,0.33111674416325215,0.44167891518474894,0.6031804869906464
1935,1.070178151357586,0.4840192332869079,0.543461180112531,0.33111674416325215,0.441614042634273,0.6028233085176474
1936,1.0700637485051345,0.4840192332869079,0.5435289558433101,0.33111674416325215,0.4415952672407146,0.6024910301822209
1937,1.0699323427950054,0.4840192332869079,0.5435951859479904,0.33111674416325215,0.44160867940274057,0.6021863015710416
1938,1.0700231119926202,0.4840192332869079,0.5436597491382904,0.33111674416325215,0.4416348757095127,0.6019116091810458
1939,1.0705508840241365,0.4840192332869079,0.5437225239924856,0.33111674416325215,0.44165353941003854,0.6016692844580417
1940,1.0717128124238513,0.4840192332869079,0.5437833890778365,0.33111674416325215,0.44165030653732207,0.6014615098133931
1941,1.0736799894972042,0.4840192332869079,0.5438422230770938,0.33111674416325215,0.441627278037794,0.601290320862735
1942,1.0765889517249654,0.4840192332869079,0.5438989049189236,0.33111674416325215,0.4414385429514331,0.6011576019618694
1943,1.0805337235784307,0.4840192332869079,0.5439533139120858,0.33111674416325215,0.44128421321450795,0.6010650686115524
1944,1.0855593390250398,0.4840192332869079,0.5440053298831844,0.33111674416325215,0.441265946694756,0.6010142171175062
1945,1.0916577804415717,0.4840192332869079,0.544054833317806,0.33111674416325215,0.44128969556112846,0.6010061433564186
1946,1.0987671667336938,0.4840192332869079,0.5441017055048467,0.33111674416325215,0.4412914864991384,0.6010387755588276
1947,1.1067747492761641,0.4840192332869079,0.5441458286838221,0.33111674416325215,0.4412126678792503,0.6011142700925001
1948,1.1155238387134896,0.4840192332869079,0.5441870861949415,0.33111674416325215,0.44105224904463963,0.601234292793619
1949,1.1248242444062477,0.4840192332869079,0.5442253626317262,0.33111674416325215,0.4408607769995032,0.6014003072935723
1950,1.1344652610604111,0.4840192332869079,0.5442605439959309,0.33111674416325215,0.4406989956099421,0.6016136191861783
1951,1.1442298039260015,0.4840192332869079,0.544292517854532,0.33111674416325215,0.44060223067179854,0.6018753777520839
1952,1.153908083751093,0.4840192332869079,0.5443211734985254,0.33111674416325215,0.44057029506067985,0.6021865630654312
1953,1.16330929049136,0.4840192332869079,0.5443464021032826,0.33111674416325215,0.44057838220771556,0.6025479660116343
1954,1.17227011858521,0.4840192332869079,0.5443680968901883,0.33111674416325215,0.4405983448884685,0.6029601642199272
1955,1.180659542122499,0.4840192332869079,0.5443861532892926,0.33111674416325215,0.4405591541975757,0.6034234955914916
1956,1.1883799058806614,0.4840192332869079,0.5444004691026949,0.33111674416325215,0.440431629201243,0.6039380306848405
1957,1.1953649887443405,0.4840192332869079,0.5444109446683683,0.33111674416325215,0.44024698691970704,0.6045035451091795
1958,1.2015760935891173,0.4840192332869079,0.544417483024133,0.33111674416325215,0.4400666971505781,0.6051194930781016
1959,1.2069973547345738,0.4840192332869079,0.5444199900714805,0.33111674416325215,0.43994092155471676,0.6057849833114853
1960,1.2116313353872514,0.4840192332869079,0.5444183747389363,0.33111674416325215,0.4398853762077921,0.6064987585039133
1961,1.2154956795377374,0.4840192332869079,0.5444125491446585,0.33111674416325215,0.4398829407914637,0.6072591795800195
1962,1.218621184589161,0.4840192332869079,0.5444024287579521,0.33111674416325215,0.4398947670877178,0.6080642159149258
1963,1.2210512704396543,0.4840192332869079,0.5443879325593828,0.33111674416325215,0.43991551115546373,0.6089114426002715
1964,1.2228425091738944,0.4840192332869079,0.5443689831991659,0.33111674416325215,0.4399374474323699,0.6097980456764812
1965,1.224065682137718,0.4840192332869079,0.5443455071535094,0.33111674416325215,0.4399522735050481,0.6107208360277988
1966,1.2248067528326394,0.4840192332869079,0.5443174348785781,0.33111674416325215,0.43995230909876637,0.6116762723514424
1967,1.2251671766338974,0.4840192332869079,0.5442847009617552,0.33111674416325215,0.43993142863917,0.6126604932747682
1968,1.2252631259249045,0.4840192332869079,0.5442472442698671,0.33111674416325215,0.4398856876977162,0.6136693583189748
1969,1.2252237616946196,0.4840192332869079,0.5442050080940448,0.33111674416325215,0.43981360538869535,0.6146984970140641
1970,1.225189631544624,0.4840192332869079,0.5441579402908853,0.33111674416325215,0.439716117528885,0.6157433650807627
1971,1.2252903623167712,0.4840192332869079,0.544105993419591,0.33111674416325215,0.43959626579543065,0.6167993062363649
1972,1.2256437196838648,0.4840192332869079,0.5440491248747531,0.33111674416325215,0.4394587167594357,0.6178616178783631
1973,1.2263493237303758,0.4840192332869079,0.5439872970144536,0.33111674416325215,0.43930920726659994,0.618925618675264
1974,1.2274825016165039,0.4840192332869079,0.5439204772833655,0.33111674416325215,0.4391539950125188,0.6199867159663217
1975,1.2290895678904112,0.4840192332869079,0.5438486383305271,0.33111674416325215,0.438999365819034,0.6210404708524727
1976,1.2311853869755363,0.4840192332869079,0.5437717581214793,0.33111674416325215,0.43885122215135325,0.622082658952789
1977,1.2337537228889448,0.4840192332869079,0.5436898200444505,0.33111674416325215,0.4387147574034697,0.6231093249988827
1978,1.2367504562684672,0.4840192332869079,0.5436028130102881,0.33111674416325215,0.4385942097395931,0.6241168297302219
1979,1.2401092913495213,0.4840192332869079,0.5435107315458361,0.33111674416325215,0.4384926867590279,0.6251018879156276
1980,1.2437491745358975,0.4840192332869079,0.5434135758804666,0.33111674416325215,0.4384120550320118,0.6260615967347287
1981,1.2475823893835385,0.4840192332869079,0.5433113520254836,0.33111674416325215,0.438352893201144,0.626993454179848
1982,1.2515222349763546,0.4840192332869079,0.543204071846124,0.33111674416325215,0.4383145107273846,0.6278953675558465
1983,1.2554893403105956,0.4840192332869079,0.5430917531258861,0.33111674416325215,0.4382950334150316,0.6287656525376943
1984,1.2594159713979456,0.4840192332869079,0.5429744196229404,0.33111674416325215,0.4382915413010838,0.62960302357248
1985,1.2632480725788395,0.4840192332869079,0.5428521011183635,0.33111674416325215,0.4382998815825362,0.6304065766696769
1986,1.2669451632035242,0.4840192332869079,0.5427248334559792,0.33111674416325215,0.43831678364396737,0.6311757658028772
1987,1.2704785145583233,0.4840192332869079,0.542592658573572,0.33111674416325215,0.43833837550905635,0.63191037424642
1988,1.2738282180658136,0.4840192332869079,0.5424556245252746,0.33111674416325215,0.43836061441372476,0.6326104821957221
1989,1.2769798150660896,0.4840192332869079,0.5423137854949365,0.33111674416325215,0.4383795809861783,0.6332764319794639
1990,1.279921107841387,0.4840192332869079,0.5421672018002855,0.33111674416325215,0.4383917280348115,0.6339087920771383
1991,1.2826396432429783,0.4840192332869079,0.5420159398877346,0.33111674416325215,0.43839407844317885,0.6345083210204415
1992,1.2851211905619868,0.4840192332869079,0.5418600723176713,0.33111674416325215,0.43838436141241516,0.6350759320955229
1993,1.28734935581294,0.4840192332869079,0.541699677740111,0.33111674416325215,0.4383610818629347,0.6356126595883919
1994,1.2893063080028808,0.4840192332869079,0.5415348408605927,0.33111674416325215,0.43832352556936494,0.6361196271392613
1995,1.2909744523108964,0.4840192332869079,0.5413656523962279,0.33111674416325215,0.4382717096225793,0.6365980186026909
1996,1.2923387760564105,0.4840192332869079,0.5411922090218231,0.33111674416325215,0.43820629255150984,0.63704905165608
1997,1.2933895171914158,0.4840192332869079,0.5410146133060164,0.33111674416325215,0.4381284602820417,0.6374739542640449
1998,1.294124760268977,0.4840192332869079,0.5408329736373966,0.33111674416325215,0.438039803230025,0.6378739439931108
1999,1.2945525396253204,0.4840192332869079,0.5406474041405791,0.33111674416325215,0.4379421969408022,0.6382502100807366
2000,1.2946919261562324,0.4840192332869079,0.5404580245822498,0.33111674416325215,0.437837694765993,0.6386038980944422
2001,1.294570541853207,0.4840192332869079,0.5402649602671912,0.33111674416325215,0.4377284370374794,0.6389360969691252
2002,1.2942426208396645,0.4840192332869079,0.5400683419243466,0.33111674416325215,0.4376165777516735,0.6392478281813558
2003,1.2937636982134844,0.4840192332869079,0.539868305582982,0.33111674416325215,0.43750422729463856,0.6395400368060206
2004,1.2931924975912454,0.4840192332869079,0.5396649924390364,0.33111674416325215,0.43739340831006,0.6398135842005666
2005,1.2925881798934966,0.4840192332869079,0.5394585487117752,0.33111674416325215,0.4372860213170497,0.6400692420728602
2006,1.2920072440683372,0.4840192332869079,0.5392491254908768,0.33111674416325215,0.43718381689078484,0.6403076877081073
2007,1.2915008095377396,0.4840192332869079,0.539036878574112,0.33111674416325215,0.43708837186527805,0.6405295001565464
2008,1.2911126335327194,0.4840192332869079,0.5388219682957918,0.33111674416325215,0.437001067871518,0.6407351572152148
2009,1.2908780071257915,0.4840192332869079,0.5386045593461909,0.33111674416325215,0.4369230714085916,0.6409250330728267
2010,1.2908234950224722,0.4840192332869079,0.5383848205821671,0.33111674416325215,0.4368553154440872,0.6410993965258523
2011,1.2909673452676198,0.4840192332869079,0.5381629248292255,0.33111674416325215,0.43679848319183306,0.6412584097156103
2012,1.2913203148943044,0.4840192332869079,0.5379390486752987,0.33111674416325215,0.43675299520705296,0.6414021273801451
2013,1.2918866425728173,0.4840192332869079,0.5377133722565309,0.33111674416325215,0.43671900131995106,0.6415304966604518
2014,1.2926649404168016,0.4840192332869079,0.5374860790353834,0.33111674416325215,0.4366963794148258,0.6416433575477939
2015,1.2936488543782947,0.4840192332869079,0.5372573555713946,0.33111674416325215,0.43668474472388197,0.6417404441068518
2016,1.2948274328317075,0.4840192332869079,0.537027391284951,0.33111674416325215,0.43668348523159817,0.641821386657313
2017,1.296185225963504,0.4840192332869079,0.536796378214445,0.33111674416325215,0.4366925297233463,0.6418857151429851
2018,1.2977022014378703,0.4840192332869079,0.5365645107672138,0.33111674416325215,0.43671029935042727,0.6419328639606687
2019,1.2993535991503906,0.4840192332869079,0.536331985464682,0.33111674416325215,0.4367351157028218,0.6419621785583407
2020,1.301109860381539,0.4840192332869079,0.5360990006821323,0.33111674416325215,0.4367652042504016,0.6419729241403554
2021,1.3029367584295064,0.4840192332869079,0.5358657563835598,0.33111674416325215,0.4367987483614286,0.6419642968322951
2022,1.3047958340222756,0.4840192332869079,0.5356324538520804,0.33111674416325215,0.43683395157069327,0.6419354376549744
2023,1.3066452042366739,0.4840192332869079,0.5353992954163709,0.33111674416325215,0.4368690985209134,0.6418854496305733
2024,1.308440772106959,0.4840192332869079,0.535166484173644,0.33111674416325215,0.4369026094928193,0.6418134182883507
2025,1.3101378187465147,0.4840192332869079,0.534934223709668,0.33111674416325215,0.4369330850774549,0.6417184357475685
2026,1.3116929137803228,0.4840192332869079,0.534702717816354,0.33111674416325215,0.436959338786501,0.6415996284268061
2027,1.313066036881755,0.4840192332869079,0.5344721702074487,0.33111674416325215,0.4369804166143056,0.6414561882593236
2028,1.3142227674583113,0.4840192332869079,0.5342427842328733,0.33111674416325215,0.43699560374994434,0.6412874070839709
2029,1.3151363747311544,0.4840192332869079,0.5340147625922675,0.33111674416325215,0.43700441969043713,0.6410927136347642
2030,1.3157896261318576,0.4840192332869079,0.5337883070482932,0.33111674416325215,0.4370066038222945,0.6408717122790353
2031,1.3161761084781143,0.4840192332869079,0.5335636181402683,0.33111674416325215,0.43700209404298246,0.6406242223689897
2032,1.3163006716359524,0.4840192332869079,0.5333408948986966,0.33111674416325215,0.436991001158628,0.6403503167953379
2033,1.3161753570699162,0.4840192332869079,0.5331203345612711,0.33111674416325215,0.4369735816414541,0.6400503580902618
2034,1.3158450372967436,0.4840192332869079,0.5329021322909182,0.33111674416325215,0.4369502109243934,0.6397250302497135
2035,1.3153570895761402,0.4840192332869079,0.5326864808964612,0.33111674416325215,0.4369213588424903,0.6393753643621808
2036,1.3147649527516938,0.4840192332869079,0.5324735705564694,0.33111674416325215,0.436887568200939,0.6390027561700973
2037,1.3141265541347462,0.4840192332869079,0.5322635885468593,0.33111674416325215,0.4368494368490549,0.6386089738716741
2038,1.3135020232355812,0.4840192332869079,0.5320567189728138,0.33111674416325215,0.43680760313778816,0.638196154804479
2039,1.3129511899489323,0.4840192332869079,0.5318531425055637,0.33111674416325215,0.4367627342771067,0.6377667901322445
2040,1.3125310495230074,0.4840192332869079,0.5316530361245864,0.33111674416325215,0.4367155169019917,0.6373236972608329
2041,1.3122933057554007,0.4840192332869079,0.5314565728657457,0.33111674416325215,0.4366666490912201,0.6368699803988213
2042,1.3122820800538175,0.4840192332869079,0.5312639215759033,0.33111674416325215,0.43661683313456157,0.636408980399253
2043,1.3125318661843357,0.4840192332869079,0.5310752466745021,0.33111674416325215,0.4365667684759102,0.635944215709124
2044,1.3130658101859487,0.4840192332869079,0.5308907079226194,0.33111674416325215,0.4365171444356133,0.6354793168475461
2045,1.313894397800862,0.4840192332869079,0.5307104601999618,0.33111674416325215,0.43646863250214823,0.6350179572739916
2046,1.3150146343707076,0.4840192332869079,0.5305346532902601,0.33111674416325215,0.43642187815588535,0.6345637837504355
2047,1.3164098008778056,0.4840192332869079,0.5303634316755023,0.33111674416325215,0.4363774923284556,0.6341203493217337
2048,1.3180498607736224,0.4840192332869079,0.5301969343394157,0.33111674416325215,0.43633604270010307,0.6336910518369195
2049,1.319892571557757,0.4840192332869079,0.5300352945805998,0.33111674416325215,0.4362980450894974,0.6332790805334291
2050,1.321885319712941,0.4840192332869079,0.5298786398356677,0.33111674416325215,0.43626395519311717,0.6328873726496546
2051,1.323967646625184,0.4840192332869079,0.5297270915127535,0.33111674416325215,0.4362341608788518,0.6325185813754518
2052,1.3260743690917836,0.4840192332869079,0.5295807648356912,0.33111674416325215,0.4362089751121511,0.6321750557582171
2053,1.3281391280557524,0.4840192332869079,0.5294397686991638,0.33111674416325215,0.43618862933469515,0.6318588325152397
2054,1.3300981349418928,0.4840192332869079,0.529304205535086,0.33111674416325215,0.4361732665417333,0.6315716391147206
2055,1.3318938408978145,0.4840192332869079,0.5291741711904495,0.33111674416325215,0.4361629317568539,0.6313149070200604
2056,1.3334782442106852,0.4840192332869079,0.5290497548168434,0.33111674416325215,0.43615755203273526,0.6310897936753347
2057,1.3348155837004307,0.4840192332869079,0.5289310387718128,0.33111674416325215,0.4361568655767893,0.6308972116698007
2058,1.335884239834934,0.4840192332869079,0.528818098532218,0.33111674416325215,0.4361593783558732,0.630737863595819
2059,1.3366777678031019,0.4840192332869079,0.5287110026196888,0.33111674416325215,0.4361653616628021,0.6306122815206466
2060,1.337205094569879,0.4840192332869079,0.5286098125382704,0.33111674416325215,0.43617490064953374,0.630520871126318
2061,1.3374899923666705,0.4840192332869079,0.5285145827243042,0.33111674416325215,0.4361880034091487,0.6304639641262706
2062,1.3375699066711515,0.4840192332869079,0.528425360508569,0.33111674416325215,0.43620462543232835,0.6304418987775063
2063,1.3374923881255882,0.4840192332869079,0.5283421860906664,0.33111674416325215,0.43622467972679657,0.6304553210226408
2064,1.337332773650689,0.4840192332869079,0.5282650925256145,0.33111674416325215,0.43624804277113755,0.6305033702080832
2065,1.337163549798452,0.4840192332869079,0.52819410572257,0.33111674416325215,0.43627455901431655,0.6305858684858116
2066,1.337057382688015,0.4840192332869079,0.528129244455584,0.33111674416325215,0.43630404486464175,0.6307027764657712
2067,1.3370850258203564,0.4840192332869079,0.5280705203862549,0.33111674416325215,0.43633629253530387,0.6308541448822128
2068,1.3373124336673206,0.4840192332869079,0.5280179380981154,0.33111674416325215,0.4363710738824142,0.6310401028931386
2069,1.3377975337223988,0.4840192332869079,0.5279714951425694,0.33111674416325215,0.4364081442639183,0.6312608510681991
2070,1.3385868541790338,0.4840192332869079,0.5279311820961614,0.33111674416325215,0.4364472463923268,0.6315166520842902
2071,1.3397122217325919,0.4840192332869079,0.5278969826289296,0.33111674416325215,0.4364881141242998,0.6318078167738238
2072,1.3411878064370435,0.4840192332869079,0.5278688735835836,0.33111674416325215,0.43653047611484336,0.6321346844829739
2073,1.3430078484300363,0.4840192332869079,0.5278468250652059,0.33111674416325215,0.4365740592584187,0.6324975971929021
2074,1.3451454301681587,0.4840192332869079,0.5278308005411688,0.33111674416325215,0.4366185918412743,0.6328968671159833
2075,1.3475526382871312,0.4840192332869079,0.5278207569509245,0.33111674416325215,0.4366638063374908,0.6333327376827036
2076,1.3501623762567325,0.4840192332869079,0.527816644825314,0.33111674416325215,0.4367094417945682,0.6338053380555242
2077,1.35289193650328,0.4840192332869079,0.5278184084150158,0.33111674416325215,0.43675524577194424,0.6343146315785542
2078,1.3556482278300415,0.4840192332869079,0.5278259858277433,0.33111674416325215,0.4368009758164874,0.6348603589142865
2079,1.3583343098336098,0.4840192332869079,0.5278393091737769,0.33111674416325215,0.4368464004815123,0.6354419770373051
2080,1.3608566582179775,0.4840192332869079,0.5278583047194098,0.33111674416325215,0.43689129991875736,0.636058595744923
2081,1.3631324299621435,0.4840192332869079,0.527882893047865,0.33111674416325215,0.4369354660945435,0.6367089138886205
2082,1.3650959633461817,0.4840192332869079,0.5279129892272385,0.33111674416325215,0.43697870270042904,0.637391158095945
2083,1.3667038553547535,0.4840192332869079,0.5279485029850053,0.33111674416325215,0.43702082484369986,0.6381030272925899
2084,1.3679381883464248,0.4840192332869079,0.5279893388886223,0.33111674416325215,0.4370616586127754,0.6388416467860469
2085,1.3688077720927225,0.4840192332869079,0.5280353965317519,0.33111674416325215,0.4371010406162417,0.6396035359608435
2086,1.369347552340089,0.4840192332869079,0.5280865707256274,0.33111674416325215,0.43713881759132706,0.6403845936805442
2087,1.3696165571842025,0.4840192332869079,0.5281427516950729,0.33111674416325215,0.4371748461683065,0.6411801052170452
2088,1.3696949351714933,0.4840192332869079,0.5282038252786956,0.33111674416325215,0.43720899286212334,0.6419847738736963
2089,1.3696813704192776,0.4840192332869079,0.5282696731327604,0.33111674416325215,0.4372411343425012,0.6427927794073184
2090,1.3696856945605793,0.4840192332869079,0.528340172938261,0.33111674416325215,0.4372711580104045,0.6435978639022089
2091,1.3698026562687073,0.4840192332869079,0.5284151986107,0.33111674416325215,0.4372989628835442,0.6443934439788876
2092,1.3701197046596814,0.4840192332869079,0.5284946205121044,0.33111674416325215,0.4373244607685391,0.6451727462617798
2093,1.3707136873131671,0.4840192332869079,0.528578305664792,0.33111674416325215,0.437347577674042,0.6459289610641802
2094,1.371646802220452,0.4840192332869079,0.5286661179664213,0.33111674416325215,0.43736825539920954,0.6466554074894628
2095,1.3729625845178928,0.4840192332869079,0.528757918405863,0.33111674416325215,0.43738645321658914,0.6473457018130732
2096,1.3746823702528153,0.4840192332869079,0.5288535652794355,0.33111674416325215,0.43740214955864126,0.6479939202899778
2097,1.3768026884284454,0.4840192332869079,0.5289529144070639,0.33111674416325215,0.4374153436131684,0.6485947475542404
2098,1.3792940490062442,0.4840192332869079,0.5290558193479182,0.33111674416325215,0.4374260567348011,0.6491436025803882
2099,1.382101542484093,0.4840192332869079,0.5291621316151196,0.33111674416325215,0.4374343335869816,0.649636735699179
2100,1.385147516646692,0.4840192332869079,0.5292717008890907,0.33111674416325215,0.4374402429407722,0.6500712922473297
2101,1.3883363491933336,0.4840192332869079,0.5293843752291642,0.33111674416325215,0.43744387807227963,0.6504453408534504
2102,1.3915610264106673,0.4840192332869079,0.5295000012830541,0.33111674416325215,0.43744535671832485,0.6507578668554327
2103,1.394710935273994,0.4840192332869079,0.5296184244938282,0.33111674416325215,0.4374448205689819,0.6510087336462754
2104,1.3976800629648447,0.4840192332869079,0.5297394893040237,0.33111674416325215,0.43744243429458207,0.6511986166360008
2105,1.40037474405109,0.4840192332869079,0.5298630393565664,0.33111674416325215,0.43743838412266306,0.6513289158469763
2106,1.4027202255077929,0.4840192332869079,0.5299889176921753,0.33111674416325215,0.4374328759962868,0.6514016538620707
2107,1.4046655923402294,0.4840192332869079,0.5301169669429399,0.33111674416325215,0.4374261333584577,0.6514193659348249
2108,1.4061869156410673,0.4840192332869079,0.5302470295217883,0.33111674416325215,0.43741839461761645,0.6513849886307024
2109,1.4072887381833659,0.4840192332869079,0.5303789478075664,0.33111674416325215,0.43740991035606347,0.6513017525258981
2110,1.408004122394687,0.4840192332869079,0.530512564325483,0.33111674416325215,0.43740094034658167,0.6511730833923906
2111,1.4083934461433623,0.4840192332869079,0.5306477219226738,0.33111674416325215,0.4373917504423726,0.6510025150893761
2112,1.4085420262434298,0.4840192332869079,0.5307842639386741,0.33111674416325215,0.4373826094015514,0.6507936161862656
2113,1.4085567408700788,0.4840192332869079,0.5309220343705893,0.33111674416325215,0.4373737856992986,0.6505499312550804
2114,1.4085669047957057,0.4840192332869079,0.5310608780327901,0.33111674416325215,0.4373655443668203,0.6502749368504951
2115,1.4087164036616817,0.4840192332869079,0.5312006407109536,0.33111674416325215,0.43735814387237476,0.6499720114722083
2116,1.4091333157326824,0.4840192332869079,0.531341169310312,0.33111674416325215,0.4373518330144096,0.6496444182785817
2117,1.4099193537543215,0.4840192332869079,0.5314823119979701,0.33111674416325215,0.43734684769534954,0.6492952989752961
2118,1.4111385593326604,0.4840192332869079,0.5316239183391798,0.33111674416325215,0.4373434071571815,0.6489276771091022
2119,1.4128088245024253,0.4840192332869079,0.5317658394274712,0.33111674416325215,0.43734170812782325,0.6485444689205019
2120,1.4148984620313152,0.4840192332869079,0.531907928008562,0.33111674416325215,0.43734190707178044,0.648148499916411
2121,1.4173292989269304,0.4840192332869079,0.5320500385979773,0.33111674416325215,0.4373446472546575,0.6477425253843323
2122,1.4199865419709043,0.4840192332869079,0.5321920275923272,0.33111674416325215,0.4373502104421799,0.6473292531591385
2123,1.422734058825958,0.4840192332869079,0.5323337533742163,0.33111674416325215,0.4373588380266947,0.6469113670551213
2124,1.4254321936131458,0.4840192332869079,0.5324750764107546,0.33111674416325215,0.43737073866149767,0.6464915494796014
2125,1.4279544278338374,0.4840192332869079,0.5326158593456746,0.33111674416325215,0.43738608942066554,0.6460725018468958
2126,1.4301996091659872,0.4840192332869079,0.5327559670850534,0.33111674416325215,0.4374050361204875,0.6456569615153751
2127,1.43209811744358,0.4840192332869079,0.532895266876673,0.33111674416325215,0.4374276937063848,0.6452477140826319
2128,1.4336125842856506,0.4840192332869079,0.5330336283830438,0.33111674416325215,0.4374541469137828,0.6448476000042335
2129,1.4347355745860366,0.4840192332869079,0.533170923748145,0.33111674416325215,0.43748445123900614,0.6444595146608071
2130,1.435487064663748,0.4840192332869079,0.5333070276579381,0.33111674416325215,0.43751863419949427,0.6440864011957501
2131,1.4359134059511725,0.4840192332869079,0.5334418173947264,0.33111674416325215,0.43755669684046505,0.6437312356874405
2132,1.4360873896469346,0.4840192332869079,0.5335751728854357,0.33111674416325215,0.43759861543597645,0.643397004504867
2133,1.4361071915138186,0.4840192332869079,0.5337069767439175,0.33111674416325215,0.43764434332907753,0.6430866740142342
2134,1.4360926703091526,0.4840192332869079,0.5338371143073606,0.33111674416325215,0.43769381285576253,0.6428031531332541
2135,1.4361750578092298,0.4840192332869079,0.5339654736669341,0.33111674416325215,0.43774693729953323,0.6425492495270029
2136,1.4364677891182387,0.4840192332869079,0.534091945692766,0.33111674416325215,0.4378036128269964,0.6423276204280922
2137,1.4370445690515687,0.4840192332869079,0.5342164240533899,0.33111674416325215,0.4378637203596788,0.6421407189949958
2138,1.4379214283643205,0.4840192332869079,0.534338805229784,0.33111674416325215,0.4379271273429339,0.6419907364466889
2139,1.4390507046711778,0.4840192332869079,0.5344589885241424,0.33111674416325215,0.4379936893792251,0.6418795379080097
2140,1.440331647645626,0.4840192332869079,0.5345768760635145,0.33111674416325215,0.43806325170004096,0.64180858206449
2141,1.4416366022736145,0.4840192332869079,0.5346923727984578,0.33111674416325215,0.438135650458053,0.641778779685832
2142,1.4428449692771181,0.4840192332869079,0.5348053864968555,0.33111674416325215,0.43821071382871035,0.6417899303851046
2143,1.4438726974664875,0.4840192332869079,0.5349158277330385,0.33111674416325215,0.43828826291808565,0.6418464969219012
2144,1.4446860709790823,0.4840192332869079,0.5350236098723681,0.33111674416325215,0.4383681124812868,0.6419497120060411
2145,1.445295577369238,0.4840192332869079,0.535128649051423,0.33111674416325215,0.4384500714629177,0.6420999738233951
2146,1.4457353860211104,0.4840192332869079,0.5352308641539358,0.33111674416325215,0.43853394337774526,0.6422970300632596
2147,1.446040755041817,0.4840192332869079,0.5353301767826235,0.33111674416325215,0.4386195265557076,0.642540036837935
2148,1.446235222160188,0.4840192332869079,0.5354265112270397,0.33111674416325215,0.43870661428051866,0.6428275984504728
2149,1.4463320157134247,0.4840192332869079,0.5355197944275768,0.33111674416325215,0.4387949948552094,0.6431578075600825
2150,1.4463445386200005,0.4840192332869079,0.5356099559357304,0.33111674416325215,0.43888445163087003,0.6435282899938175
2151,1.446295536061756,0.4840192332869079,0.5356969278707158,0.33111674416325215,0.4389747630365114,0.6439362541419665
2152,1.4462116914998604,0.4840192332869079,0.5357806448725143,0.33111674416325215,0.4390657026482514,0.6443785433949606
2153,1.4461111050720084,0.4840192332869079,0.5358610440513879,0.33111674416325215,0.43915703933495454,0.6448516896358315
2154,1.445983308153683,0.4840192332869079,0.535938064933867,0.33111674416325215,0.4392485375149897,0.6453519658511355
2155,1.445778334267834,0.4840192332869079,0.5360116494051701,0.33111674416325215,0.4393399575549973,0.6458754362416834
2156,1.4454176655736954,0.4840192332869079,0.5360817416479376,0.33111674416325215,0.43943105633659213,0.6464180026780625
2157,1.444829307830686,0.4840192332869079,0.5361482880770782,0.33111674416325215,0.4395215880108967,0.6469754468684993
2158,1.4439932561274786,0.4840192332869079,0.5362112372704072,0.33111674416325215,0.4396113049539386,0.6475434681225345
2159,1.4429721932542394,0.4840192332869079,0.5362705398945847,0.33111674416325215,0.4396999589284503,0.6481177170535665
2160,1.4419053478247168,0.4840192332869079,0.536326148625629,0.33111674416325215,0.43978730244978037,0.6486938259309013
2161,1.4409623711522728,0.4840192332869079,0.5363780180629449,0.33111674416325215,0.439873090345694,0.6492674366447435
2162,1.4402778796553752,0.4840192332869079,0.5364261046353194,0.33111674416325215,0.4399570814921443,0.6498342273741652
2163,1.4398994082054044,0.4840192332869079,0.5364703664965984,0.33111674416325215,0.44003904069986466,0.6503899390469613
2164,1.439772984120265,0.4840192332869079,0.5365107634076212,0.33111674416325215,0.44011874072015245,0.650930402558449
2165,1.4397678158246656,0.4840192332869079,0.5365472565991574,0.33111674416325215,0.4401959643327124,0.651451567488109
2166,1.4397253295634926,0.4840192332869079,0.5365798086075415,0.33111674416325215,0.4402705064740865,0.6519495327396209
2167,1.4394889397742303,0.4840192332869079,0.5366083830693127,0.33111674416325215,0.44034217636217116,0.6524205791583609
2168,1.43891132503707,0.4840192332869079,0.5366329444511478,0.33111674416325215,0.4404107995706945,0.6528612037829495
2169,1.437862241836909,0.4840192332869079,0.5366534576711262,0.33111674416325215,0.4404762200073488,0.6532681549996371
2170,1.4362412066604415,0.4840192332869079,0.5366698875224365,0.33111674416325215,0.4405383017505067,0.6536384675273539
2171,1.4340108454356295,0.4840192332869079,0.5366821976967064,0.33111674416325215,0.4405969307020476,0.6539694959025962
2172,1.4312459444294063,0.4840192332869079,0.5366903488552566,0.33111674416325215,0.4406520160176397,0.6542589449873046
2173,1.4281675482553131,0.4840192332869079,0.536694293751416,0.33111674416325215,0.44070349128072456,0.654504896010811
2174,1.4251234651786746,0.4840192332869079,0.5366939564293595,0.33111674416325215,0.44075131539221835,0.6547058267878878
2175,1.422500453169547,0.4840192332869079,0.5366899046727601,0.33111674416325215,0.44079547315437817,0.654860625023598
2176,1.420596917515889,0.4840192332869079,0.5366821679966127,0.33111674416325215,0.44083597553412673,0.6549685940019581
2177,1.4195153119457562,0.4840192332869079,0.5366707570058892,0.33111674416325215,0.4408728595981656,0.6550294504261719
2178,1.4191256562282326,0.4840192332869079,0.5366556763627364,0.33111674416325215,0.44090618811917764,0.6550433146906555
2179,1.4191123363107363,0.4840192332869079,0.5366369281653286,0.33111674416325215,0.4409360488591209,0.6550106943719705
2180,1.419113233875183,0.4840192332869079,0.5366145133042072,0.33111674416325215,0.4409625535418023,0.6549324621810229
2181,1.4188521472267963,0.4840192332869079,0.536588432131997,0.33111674416325215,0.44098583653244605,0.6548098299827507
2182,1.4180630594777148,0.4840192332869079,0.5365586848370726,0.33111674416325215,0.4410060532466249,0.6546443207328083
2183,1.4165218630338285,0.4840192332869079,0.5365252716694057,0.33111674416325215,0.44102337831456856,0.6544377402868133
2184,1.4140737245159598,0.4840192332869079,0.5364881930849303,0.33111674416325215,0.4410380035293674,0.6541921510026358
2185,1.4106646300140953,0.4840192332869079,0.5364474498417303,0.33111674416325215,0.4410501356087675,0.6539098488868438
2186,1.4063760057825632,0.4840192332869079,0.5364030430662508,0.33111674416325215,0.4410599937999462,0.6535933457472816
2187,1.4014482164303184,0.4840192332869079,0.5363549743001691,0.33111674416325215,0.4410678073545522,0.653245357423259
2188,1.3962709620245353,0.4840192332869079,0.5363032455344758,0.33111674416325215,0.4410738128969252,0.6528687986917816
2189,1.3913252917304035,0.4840192332869079,0.5362478592349608,0.33111674416325215,0.44107825170086734,0.652466784909453
2190,1.3870828843752951,0.4840192332869079,0.5361888183619165,0.33111674416325215,0.4410813668778593,0.652042639858991
2191,1.3838915861358054,0.4840192332869079,0.536126126385977,0.33111674416325215,0.44108340045852573,0.6515999086386614
2192,1.3818867020345964,0.4840192332869079,0.5360597873014414,0.33111674416325215,0.4410845903110617,0.6511423737752636
2193,1.3809583499182891,0.4840192332869079,0.535989805638062,0.33111674416325215,0.44108516676413645,0.6506740720750251
2194,1.3807828843856187,0.4840192332869079,0.5359161864720021,0.33111674416325215,0.4410853486253206,0.650199309081484
2195,1.3809088438808301,0.4840192332869079,0.5358389354364956,0.33111674416325215,0.4410853377793077,0.6497226674316248
2196,1.3808703744273787,0.4840192332869079,0.5357580587326045,0.33111674416325215,0.44108530945191965,0.649249004958768
2197,1.3801757967670727,0.4840192332869079,0.5356735631403745,0.33111674416325215,0.44108537351353655,0.6487834381726472
2198,1.3784054807237787,0.4840192332869079,0.5355854560306175,0.33111674416325215,0.4410856704181717,0.6483313068603723
2199,1.3752872281377024,0.4840192332869079,0.5354937453774947,0.33111674416325215,0.44108636191368533,0.6478981161070836
2200,1.370758690516629,0.4840192332869079,0.5353984397720348,0.33111674416325215,0.4410876220231629,0.6474894531230997
2201,1.3650094451062313,0.4840192332869079,0.5352995484366826,0.33111674416325215,0.44108963228174797,0.6471108779231521
2202,1.3584833698070617,0.4840192332869079,0.5351970812409554,0.33111674416325215,0.4410925784939667,0.6467677890744128
2203,1.3518196087336827,0.4840192332869079,0.535091048718254,0.33111674416325215,0.44109664821802885,0.6464652682060563
2204,1.3457274957736083,0.4840192332869079,0.5349814620838655,0.33111674416325215,0.4411020286688255,0.6462079093225754
2205,1.3408217012253658,0.4840192332869079,0.5348683332541793,0.33111674416325215,0.44110890489581944,0.6459996403613564
2206,1.3374685254854015,0.4840192332869079,0.5347516748671173,0.33111674416325215,0.4411174581602546,0.6458435430646439
2207,1.3356949185679774,0.4840192332869079,0.5346315003037869,0.33111674416325215,0.44112786446818925,0.6457416674691439
2208,1.3351882382004074,0.4840192332869079,0.5345078237113309,0.33111674416325215,0.4411402932322716,0.6456947915009841
2209,1.335384015893571,0.4840192332869079,0.5343806600269689,0.33111674416325215,0.4411549060440157,0.6457017209740041
2210,1.3356245685641601,0.4840192332869079,0.534250025003193,0.33111674416325215,0.44117185554331156,0.6457783069422958
2211,1.3351241881105844,0.4840192332869079,0.534115935234094,0.33111674416325215,0.4411912843747852,0.6459240842031512
2212,1.3332074768170747,0.4840192332869079,0.5339784081827716,0.33111674416325215,0.4412133242223998,0.6461355162813421
2213,1.3294817120387856,0.4840192332869079,0.5338374622097964,0.33111674416325215,0.4412380949148897,0.6464067440194948
2214,1.3239576128125121,0.4840192332869079,0.533693116602663,0.33111674416325215,0.4412657035955713,0.6467300765187737
2215,1.3170869311799005,0.4840192332869079,0.5335453916061985,0.33111674416325215,0.44129624395097256,0.647096483375532
2216,1.3096863118161384,0.4840192332869079,0.5333943084538549,0.33111674416325215,0.44132979549369755,0.6474960873706135
2217,1.3027438020265159,0.4840192332869079,0.5332398893998403,0.33111674416325215,0.4413664228960406,0.6479186203859657
2218,1.2971532882722876,0.4840192332869079,0.5330821577520177,0.33111674416325215,0.44140617537214005,0.6483538061440535
2219,1.2934628706437117,0.4840192332869079,0.5329211379055117,0.33111674416325215,0.4414490861079066,0.6487916454933165
2220,1.291724408916466,0.4840192332869079,0.5327568553769496,0.33111674416325215,0.4414951717395552,0.6492225950268334
2221,1.2914921771975347,0.4840192332869079,0.5325893368392737,0.33111674416325215,0.4415444318832864,0.6496376435765325
2222,1.2919610613530317,0.4840192332869079,0.532418610157046,0.33111674416325215,0.4415968487204355,0.6500283015047745
2223,1.292377070053583,0.4840192332869079,0.5322447044221683,0.33111674416325215,0.4416523866441869,0.6503865242543574
2224,1.2919259102761396,0.4840192332869079,0.5320676499899497,0.33111674416325215,0.4417109919756499,0.6507045949263058
2225,1.2899415063605537,0.4840192332869079,0.5318874785154296,0.33111674416325215,0.4417725927586433,0.650974991860629
2226,1.2860773195818407,0.4840192332869079,0.5317042229898838,0.33111674416325215,0.44183709864385257,0.6511902674647687
2227,1.2804124790756062,0.4840192332869079,0.5315179177774272,0.33111674416325215,0.4419044008740274,0.6513429647219904
2228,1.2734575729352116,0.4840192332869079,0.5313285986516282,0.33111674416325215,0.44197437238251625,0.6514255982341842
2229,1.266045858298954,0.4840192332869079,0.5311363028320493,0.33111674416325215,0.4420468680176112,0.651430726951977
2230,1.2591319102980363,0.4840192332869079,0.5309410690206255,0.33111674416325215,0.44212172490486734,0.6513511448142937
2231,1.2535541199686135,0.4840192332869079,0.5307429374377942,0.33111674416325215,0.4421987629587254,0.6511802115285762
2232,1.2498302044744418,0.4840192332869079,0.5305419498582845,0.33111674416325215,0.44227778555340064,0.650912336320619
2233,1.2480401516505764,0.4840192332869079,0.5303381496464763,0.33111674416325215,0.44235858036109393,0.6505436103275122
2234,1.247820700653324,0.4840192332869079,0.530131581791237,0.33111674416325215,0.44244092036319704,0.6500725570400185
2235,1.2484390693027476,0.4840192332869079,0.5299222929401463,0.33111674416325215,0.44252456503731413,0.6495009358358952
2236,1.2492459157293125,0.4840192332869079,0.5297103314330127,0.33111674416325215,0.44260926171970577,0.6488344960180794
2237,1.2495002710297012,0.4840192332869079,0.5294957473345919,0.33111674416325215,0.44269474713925755,0.6480835472552406
2238,1.2485414294925532,0.4840192332869079,0.5292785924664144,0.33111674416325215,0.44278074911538734,0.6472631997446442
2239,1.2459424420079794,0.4840192332869079,0.5290589204376227,0.33111674416325215,0.4428669884085427,0.6463931463891014
2240,1.241618656173787,0.4840192332869079,0.5288367866747363,0.33111674416325215,0.44295318070823364,0.6454969163458688
2241,1.2358576045821081,0.4840192332869079,0.528612248450239,0.33111674416325215,0.44303903874000583,0.6446006191546931
2242,1.2292566257821855,0.4840192332869079,0.5283853649099043,0.33111674416325215,0.4431242744695083,0.6437313019490308
2243,1.222585456556812,0.4840192332869079,0.5281561970987642,0.33111674416325215,0.44320860137895635,0.6429151299632332
2244,1.2166150926548505,0.4840192332869079,0.5279248079856265,0.33111674416325215,0.44329173678892625,0.6421756443812736
2245,1.2119588946060804,0.4840192332869079,0.527691262486055,0.33111674416325215,0.44337340419663135,0.6415323360102612
2246,1.2089588682521497,0.4840192332869079,0.5274556274837174,0.33111674416325215,0.4434533356006679,0.640999702600001
2247,1.207631432952267,0.4840192332869079,0.5272179718500146,0.33111674416325215,0.4435312737817329,0.6405868536762872
2248,1.207672825194983,0.4840192332869079,0.5269783664619028,0.33111674416325215,0.4436069745090066,0.6402976175317615
2249,1.2084326445940203,0.4840192332869079,0.5267368842178227,0.33111674416325215,0.44368020864276814,0.6401310054571717
2250,1.205485778935014,0.4840192332869079,0.5264936000516448,0.33111674416325215,0.44375076410533365,0.6400817354243522
2251,1.199444510704567,0.4840192332869079,0.526248590944559,0.33111674416325215,0.4438184476945186,0.6401388624273299
2252,1.1951990264525199,0.4840192332869079,0.526001935934811,0.33111674416325215,0.44388308671648385,0.6402980870265691
2253,1.195108639748883,0.4840192332869079,0.5257537161252205,0.33111674416325215,0.44394453041792226,0.6405507809403637
2254,1.1962288707233437,0.4840192332869079,0.5255040146883926,0.33111674416325215,0.4440026512010052,0.6408865075594948
2255,1.1968280669724474,0.4840192332869079,0.5252529168695529,0.33111674416325215,0.44405734560823096,0.6412936616047241
2256,1.1953840794123733,0.4840192332869079,0.5250005099869274,0.33111674416325215,0.44410853506820347,0.6417597267445098
2257,1.1914951866327297,0.4840192332869079,0.5247468834296036,0.33111674416325215,0.444156166397307,0.6422713143500075
2258,1.18612096855519,0.4840192332869079,0.524492128652798,0.33111674416325215,0.4442002120561518,0.6428140488974127
2259,1.180987923947725,0.4840192332869079,0.524236339170469,0.33111674416325215,0.444240670163442,0.6433723568221038
2260,1.17762568794598,0.4840192332869079,0.5239796105452088,0.33111674416325215,0.444277564273479,0.6439292229736311
2261,1.1766210578924228,0.4840192332869079,0.5237220403753605,0.33111674416325215,0.44431094292680723,0.6444659908806991
2262,1.1773758165489219,0.4840192332869079,0.5234637282793008,0.33111674416325215,0.44434087898645186,0.6449622956367054
2263,1.1785294194856908,0.4840192332869079,0.5232047758768347,0.33111674416325215,0.44436746877476735,0.6453962265362331
2264,1.1784086633575193,0.4840192332869079,0.5229452867676596,0.33111674416325215,0.44439083102805976,0.6457448137066563
2265,1.17605802540115,0.4840192332869079,0.5226853665068462,0.33111674416325215,0.4444111056878649,0.6459849106230093
2266,1.1718359997615513,0.4840192332869079,0.5224251225773001,0.33111674416325215,0.44442845254902363,0.6460944955992713
2267,1.1671408099121616,0.4840192332869079,0.5221646643591654,0.33111674416325215,0.44444304978553467,0.6460543386791111
2268,1.1635426296503433,0.4840192332869079,0.5219041030961397,0.33111674416325215,0.44445509237554937,0.645849884462978
2269,1.1619646933438597,0.4840192332869079,0.5216435518586666,0.33111674416325215,0.444464790446863,0.6454731073656013
2270,1.1622797867143575,0.4840192332869079,0.5213831255039895,0.33111674416325215,0.4444723675638429,0.6449240340695271
2271,1.1634602716428255,0.4840192332869079,0.5211229406330393,0.33111674416325215,0.444478058975941,0.6442116287151055
2272,1.1637602008966141,0.4840192332869079,0.5208631155441493,0.33111674416325215,0.4444821098467704,0.6433538156269375
2273,1.162008328514603,0.4840192332869079,0.520603770183582,0.33111674416325215,0.4444847734811444,0.6423765624068103
2274,1.1584460246487935,0.4840192332869079,0.5203450260928651,0.33111674416325215,0.44448630956536844,0.6413121262308247
2275,1.154473742847618,0.4840192332869079,0.5200870063529391,0.33111674416325215,0.44448698243335805,0.6401967262639318
2276,1.1516352718666978,0.4840192332869079,0.5198298355251189,0.33111674416325215,0.44448705937133814,0.6390679988024686
2277,1.1507128580983204,0.4840192332869079,0.5195736395888846,0.33111674416325215,0.44448680935196644,0.637962596664336
2278,1.1513565022412549,0.4840192332869079,0.5193185458765145,0.33111674416325215,0.4444864982268281,0.6369142189565358
2279,1.1523546329205296,0.4840192332869079,0.5190646830045857,0.33111674416325215,0.4444863909431438,0.6359522337508914
2280,1.152216248347559,0.4840192332869079,0.5188121808023686,0.33111674416325215,0.44448674985650233,0.6351009242451879
2281,1.1502389999354434,0.4840192332869079,0.5185611702371493,0.33111674416325215,0.4444878333595746,0.6343792809016956
2282,1.1469942535651896,0.4840192332869079,0.5183117833365202,0.33111674416325215,0.44448989464589767,0.6338011938249523
2283,1.1438119899601022,0.4840192332869079,0.5180641531076841,0.33111674416325215,0.44449318057988624,0.6333758696834678
2284,1.1418552410859908,0.4840192332869079,0.5178184134538224,0.33111674416325215,0.4444979306638799,0.6331082855710338
2285,1.141505685749825,0.4840192332869079,0.5175746990875859,0.33111674416325215,0.444504376097258,0.6329994214389693
2286,1.1422174623884134,0.4840192332869079,0.517333145441771,0.33111674416325215,0.4445127389234672,0.6330450770383346
2287,1.1429012024300338,0.4840192332869079,0.5170938885772517,0.33111674416325215,0.4445232312606712,0.6332521371529993
2288,1.1424644785467697,0.4840192332869079,0.5168570650882398,0.33111674416325215,0.4445360546113413,0.6336166375573581
2289,1.1405600878280384,0.4840192332869079,0.516622812004962,0.33111674416325215,0.44455139924568876,0.6341299589839402
2290,1.1377915045271685,0.4840192332869079,0.5163912666938308,0.33111674416325215,0.44456944365351336,0.6347790041708754
2291,1.1352087879386934,0.4840192332869079,0.5161625667552143,0.33111674416325215,0.44459035405882413,0.6355459400135078
2292,1.1336320854015352,0.4840192332869079,0.5159368499188955,0.33111674416325215,0.44461428399152053,0.6364079412558461
2293,1.1332850501602583,0.4840192332869079,0.515714253937331,0.33111674416325215,0.4446413739104806,0.6373371539843211
2294,1.1337525926868977,0.4840192332869079,0.5154949164768196,0.33111674416325215,0.44467175087261296,0.6383010567866834
2295,1.1342099562543873,0.4840192332869079,0.5152789750066975,0.33111674416325215,0.44470552824276,0.6392633534723314
2296,1.1338159730394477,0.4840192332869079,0.515066566686683,0.33111674416325215,0.44474280543979355,0.6401854546484445
2297,1.1322620404849126,0.4840192332869079,0.5148578282524974,0.33111674416325215,0.4447836677148076,0.6410284967647519
2298,1.129969878153601,0.4840192332869079,0.5146528958998993,0.33111674416325215,0.44482818595795803,0.6417557252997389
2299,1.127744611626217,0.4840192332869079,0.5144519051672654,0.33111674416325215,0.44487641653123255,0.6423349651504425
2300,1.1262426289321508,0.4840192332869079,0.5142549908168681,0.33111674416325215,0.4449284011252054,0.64274084970405
2301,1.1256769592098748,0.4840192332869079,0.5140622867149932,0.33111674416325215,0.4449841666386588,0.6429565021735401
2302,1.1258038457654724,0.4840192332869079,0.5138739257110541,0.33111674416325215,0.44504372508078127,0.6429744571396238
2303,1.1260536407232233,0.4840192332869079,0.5136900395158593,0.33111674416325215,0.44510707349648937,0.6427967509064804
2304,1.1257625419350519,0.4840192332869079,0.5135107585791933,0.33111674416325215,0.4451741939162233,0.6424342555978779
2305,1.1245649644472169,0.4840192332869079,0.5133362119668837,0.33111674416325215,0.44524505333233816,0.6419054446458737
2306,1.1226506513146903,0.4840192332869079,0.5131665272375145,0.33111674416325215,0.44531960370491197,0.6412348326231959
2307,1.1206256531558554,0.4840192332869079,0.513001830318966,0.33111674416325215,0.44539778200041447,0.640451327386599
2308,1.119089934254274,0.4840192332869079,0.5128422453849548,0.33111674416325215,0.445479510267213,0.6395866816182117
2309,1.1183059199447998,0.4840192332869079,0.5126878947317545,0.33111674416325215,0.4455646957522993,0.6386741566323242
2310,1.1181444884442464,0.4840192332869079,0.5125388986552756,0.33111674416325215,0.4456532310639203,0.6377474354164558
2311,1.1182067799702538,0.4840192332869079,0.5123953753286915,0.33111674416325215,0.44574499438494647,0.6368397595378315
2312,1.1179948158735753,0.4840192332869079,0.5122574406807958,0.33111674416325215,0.44583984974183444,0.6359832232835883
2313,1.1171225357398742,0.4840192332869079,0.5121252082752744,0.33111674416325215,0.44593764733390645,0.6352081395349194
2314,1.1155377698603697,0.4840192332869079,0.5119987891910862,0.33111674416325215,0.44603822392739284,0.6345423928603615
2315,1.113587500026085,0.4840192332869079,0.511878291904136,0.33111674416325215,0.44614140331826646,0.6340107109922114
2316,1.1118174381599077,0.4840192332869079,0.5117638221704315,0.33111674416325215,0.4462469968673348,0.6336338058945463
2317,1.11064340163197,0.4840192332869079,0.5116554829109086,0.33111674416325215,0.44635480411036194,0.6334273246434953
2318,1.1101443700342701,0.4840192332869079,0.5115533740981245,0.33111674416325215,0.44646461344518695,0.633400255780198
2319,1.110079273022073,0.4840192332869079,0.5114575926449895,0.33111674416325215,0.4465762028968844,0.6335395853635437
2320,1.1100386012624455,0.4840192332869079,0.5113682322957391,0.33111674416325215,0.44668934096101254,0.6338487432716723
2321,1.1096165080680511,0.4840192332869079,0.5112853835193183,0.33111674416325215,0.4468037875239203,0.6343241845545625
2322,1.1085570845774186,0.4840192332869079,0.5112091334053697,0.33111674416325215,0.4469192948579691,0.6349562351617648
2323,1.1068677902516606,0.4840192332869079,0.5111395655629963,0.33111674416325215,0.4470356086883736,0.6357293651627219
2324,1.1048476331845254,0.4840192332869079,0.5110767600224813,0.33111674416325215,0.4471524693272314,0.6366226694805819
2325,1.1029657086613203,0.4840192332869079,0.5110207931401336,0.33111674416325215,0.44726961286917605,0.63761065258951
2326,1.1016322376180328,0.4840192332869079,0.5109717375064289,0.33111674416325215,0.44738677244201674,0.6386642906461828
2327,1.1010011832171502,0.4840192332869079,0.5109296618576105,0.33111674416325215,0.44750367950471304,0.63975228802054
2328,1.1009176394383218,0.4840192332869079,0.5108946309909098,0.33111674416325215,0.4476200651841127,0.6408424165051773
2329,1.1010123867491524,0.4840192332869079,0.510866705683539,0.33111674416325215,0.4477356616410617,0.6419028205714703
2330,1.1008616265421638,0.4840192332869079,0.5108459426156035,0.33111674416325215,0.44785020345580806,0.6429031880725078
2331,1.1001470940032751,0.4840192332869079,0.5108323942970826,0.33111674416325215,0.44796342902206576,0.6438157167882236
2332,1.098749775092902,0.4840192332869079,0.5108261089990065,0.33111674416325215,0.4480750819387037,0.6446158449481086
2333,1.0967878374161393,0.4840192332869079,0.510827130688964,0.33111674416325215,0.4481849123877811,0.6452827500917258
2334,1.0945868581724614,0.4840192332869079,0.5108354989710622,0.33111674416325215,0.448292678487562,0.6457996489827095
2335,1.0925719225376052,0.4840192332869079,0.510851249030452,0.33111674416325215,0.44839814760923297,0.6461539483160563
2336,1.0911104171472017,0.4840192332869079,0.5108744115825287,0.33111674416325215,0.4485010976462815,0.6463373010308426
2337,1.0903717956681334,0.4840192332869079,0.5109050128269031,0.33111674416325215,0.44860131822589877,0.6463456176381771
2338,1.090267154003261,0.4840192332869079,0.5109430744062393,0.33111674416325215,0.4486986118523159,0.6461790687145225
2339,1.090489786853224,0.4840192332869079,0.510988613370036,0.33111674416325215,0.4487927949726705,0.6458420965617871
2340,1.0906297400711693,0.4840192332869079,0.5110416421434287,0.33111674416325215,0.44888369895680935,0.6453434338746971
2341,1.0903054342210223,0.4840192332869079,0.5111021685010755,0.33111674416325215,0.44897117098335504,0.6446961077552246
2342,1.0892973378568973,0.4840192332869079,0.5111701955461828,0.33111674416325215,0.449055074825372,0.643917391113019
2343,1.0875963823192563,0.4840192332869079,0.511245721694716,0.33111674416325215,0.4491352915300582,0.643028652862461
2344,1.0853960629954857,0.4840192332869079,0.5113287406648339,0.33111674416325215,0.4492117199880219,0.6420550556663499
2345,1.0830323376066142,0.4840192332869079,0.511419241471572,0.33111674416325215,0.44928427738888826,0.6410250570263144
2346,1.0808871717980721,0.4840192332869079,0.5115172084267915,0.33111674416325215,0.44935289956116387,0.6399696868689905
2347,1.0792804772231546,0.4840192332869079,0.5116226211444063,0.33111674416325215,0.4494175411954841,0.6389216012126536
2348,1.0783799635260418,0.4840192332869079,0.511735454550881,0.33111674416325215,0.4494781759515343,0.6379139436224157
2349,1.0781543430548561,0.4840192332869079,0.51185567890099,0.33111674416325215,0.4495347964500718,0.6369790785817483
2350,1.0783831482345134,0.4840192332869079,0.511983259798822,0.33111674416325215,0.4495874141525546,0.6361472872032558
2351,1.0787200615624497,0.4840192332869079,0.512118158223987,0.33111674416325215,0.4496360591318965,0.6354455300879265
2352,1.078790209360484,0.4840192332869079,0.5122603305630006,0.33111674416325215,0.4496807797388095,0.6348963815846739
2353,1.0782720206836764,0.4840192332869079,0.5124097286457839,0.33111674416325215,0.449721642169039,0.6345172267942508
2354,1.0770280955194853,0.4840192332869079,0.5125662997872262,0.33111674416325215,0.44975872993755595,0.6343198054092736
2355,1.0751216426063588,0.4840192332869079,0.5127299868337427,0.33111674416325215,0.4497921432664172,0.6343103197573464
2356,1.0727839186891732,0.4840192332869079,0.512900728214746,0.33111674416325215,0.4498219983935633,0.6345147214222653
2357,1.0703425421957402,0.4840192332869079,0.5130784579989531,0.33111674416325215,0.44984842681025783,0.6349210730313628
2358,1.0681361720665332,0.4840192332869079,0.513263105955426,0.33111674416325215,0.44987157443521514,0.6355102466566993
2359,1.0664370936681764,0.4840192332869079,0.5134545976192513,0.33111674416325215,0.44989160073370066,0.636256637317964
2360,1.0653947035917668,0.4840192332869079,0.5136528543617415,0.33111674416325215,0.44990867779001875,0.6371292954871605
2361,1.0650060347540213,0.4840192332869079,0.5138577934650482,0.33111674416325215,0.4499229893418495,0.6380931037308052
2362,1.0651165777220826,0.4840192332869079,0.5140693282010558,0.33111674416325215,0.44993472978482435,0.6391099219840672
2363,1.0654532372840984,0.4840192332869079,0.5142873679144265,0.33111674416325215,0.4499441031555318,0.6401397040536718
2364,1.0656866670571359,0.4840192332869079,0.5145118181096594,0.33111674416325215,0.449951322100693,0.6411416276392018
2365,1.0655095575666722,0.4840192332869079,0.5147425805420162,0.33111674416325215,0.44995660683913136,0.6420752958260159
2366,1.064726965439177,0.4840192332869079,0.5149795533121649,0.33111674416325215,0.4499601841198551,0.6429020609306858
2367,1.063288881092344,0.4840192332869079,0.5152226309643853,0.33111674416325215,0.4499622861671733,0.643586493146095
2368,1.0612912218097852,0.4840192332869079,0.515471704588173,0.33111674416325215,0.4499631495398771,0.6440979706222392
2369,1.0589392871243832,0.4840192332869079,0.5157266619230798,0.33111674416325215,0.4499630132143117,0.6444123120841683
2370,1.0564917306898538,0.4840192332869079,0.5159873874666171,0.33111674416325215,0.4499621423672041,0.6445133193093942
2371,1.0542046388787416,0.4840192332869079,0.5162537625850493,0.33111674416325215,0.4499607740707918,0.644394058738119
2372,1.0522884071421932,0.4840192332869079,0.5165256656268996,0.33111674416325215,0.4499591427080217,0.6440577024904122
2373,1.0508803718302768,0.4840192332869079,0.5168029720389905,0.33111674416325215,0.4499574806321655,0.6435177773666457
2374,1.050029775744202,0.4840192332869079,0.5170855544848297,0.33111674416325215,0.44995601784177486,0.6427977351283729
2375,1.0496914760988976,0.4840192332869079,0.5173732829651633,0.33111674416325215,0.4499549814389804,0.6419298468627695
2376,1.0497292727953667,0.4840192332869079,0.5176660249405055,0.33111674416325215,0.4499545950281164,0.6409535184304133
2377,1.0499338261839857,0.4840192332869079,0.5179636454554551,0.33111674416325215,0.449955078105806,0.6399132002526933
2378,1.0500586896046091,0.4840192332869079,0.5182660072646149,0.33111674416325215,0.44995664546357006,0.6388561052008717
2379,1.0498697805669388,0.4840192332869079,0.5185729709599202,0.33111674416325215,0.4499595066128243,0.63782994580953
2380,1.0491986233285036,0.4840192332869079,0.5188843950991867,0.33111674416325215,0.44996386523711057,0.6368808614297807
2381,1.0479753149728506,0.4840192332869079,0.519200136335691,0.33111674416325215,0.4499699186738562,0.6360516421675843
2382,1.0462353343326591,0.4840192332869079,0.5195200495485931,0.33111674416325215,0.44997785742649826,0.6353802902018297
2383,1.0440999342287594,0.4840192332869079,0.519843987974014,0.33111674416325215,0.4499878647069305,0.634898916404562
2384,1.041740863573575,0.4840192332869079,0.5201718033365826,0.33111674416325215,0.4500001160076624,0.6346330085964198
2385,1.039343631834525,0.4840192332869079,0.5205033459812658,0.33111674416325215,0.4500147787027141,0.634601618463175
2386,1.0370798491965227,0.4840192332869079,0.520838465005303,0.33111674416325215,0.45003201167603685,0.6348487701795169
2387,1.0350914711480086,0.4840192332869079,0.521177008390062,0.33111674416325215,0.45005196497611233,0.6353598818435722
2388,1.0334827688239594,0.4840192332869079,0.5215188231326406,0.33111674416325215,0.4500747794953251,0.6361072833322584
2389,1.0323134089458073,0.4840192332869079,0.5218637553770409,0.33111674416325215,0.45010058667269903,0.6370492017270156
2390,1.0315892162209037,0.4840192332869079,0.5222116505447455,0.33111674416325215,0.4501295082186432,0.6381310680163008
2391,1.0312534900961123,0.4840192332869079,0.5225623534645291,0.33111674416325215,0.45016165586044793,0.6392881706580131
2392,1.0311864017428256,0.4840192332869079,0.5229157085013406,0.33111674416325215,0.45019713110739396,0.6404495463601109
2393,1.0312192238489017,0.4840192332869079,0.5232715596841021,0.33111674416325215,0.450236025034509,0.6415428845772091
2394,1.0311644586394346,0.4840192332869079,0.5236297508322637,0.33111674416325215,0.45027841808418506,0.6424999926041595
2395,1.0308473500439834,0.4840192332869079,0.5239901256809708,0.33111674416325215,0.45032437988507573,0.6432621820802699
2396,1.0301408047910883,0.4840192332869079,0.5243525280046973,0.33111674416325215,0.4503739690879163,0.6437848855496512
2397,1.0289869203155089,0.4840192332869079,0.5247168017392004,0.33111674416325215,0.4504272332181371,0.6440409298274073
2398,1.027399201448938,0.4840192332869079,0.5250827911016704,0.33111674416325215,0.45048420854537685,0.64402215125291
2399,1.0254487689781726,0.4840192332869079,0.5254503407089403,0.33111674416325215,0.4505449199702389,0.6437393521553036
2400,1.0232427788811675,0.4840192332869079,0.5258192956936314,0.33111674416325215,0.450609380928863,0.6432208667856466
2401,1.0209041843877356,0.4840192332869079,0.5261895018181214,0.33111674416325215,0.45067759331611107,0.6425101529307077
2402,1.0185584839279191,0.4840192332869079,0.5265608055862158,0.33111674416325215,0.4507495474283712,0.6416628276988169
2403,1.0163273768464538,0.4840192332869079,0.5269330543524195,0.33111674416325215,0.4508252219271786,0.6407434482868329
2404,1.0143246179656022,0.4840192332869079,0.5273060964287105,0.33111674416325215,0.45090458382502513,0.6398221584511835
2405,1.0126485052816638,0.4840192332869079,0.5276797811887088,0.33111674416325215,0.45098758849487214,0.6389711465965972
2406,1.0113687421636048,0.4840192332869079,0.5280539591691675,0.33111674416325215,0.4510741797050063,0.6382607562605467
2407,1.0105106523151965,0.4840192332869079,0.5284284821686887,0.33111674416325215,0.45116428968096234,0.6377551159300395
2408,1.0100434754975485,0.4840192332869079,0.5288032033435935,0.33111674416325215,0.4512578391962983,0.6375074180575915
2409,1.0098794001516342,0.4840192332869079,0.5291779773008732,0.33111674416325215,0.4513547376940266,0.6375563326237278
2410,1.009886345310057,0.4840192332869079,0.5295526601881573,0.33111674416325215,0.4514548834404973,0.6378867296396561
2411,1.009900714487631,0.4840192332869079,0.5299271097806351,0.33111674416325215,0.4515581637134718,0.6384827330330298
2412,1.0097187088424404,0.4840192332869079,0.5303011855648814,0.33111674416325215,0.45166445502604713,0.6393094215155459
2413,1.0091830344077581,0.4840192332869079,0.5306747488195359,0.33111674416325215,0.4517736233879592,0.6403138767094121
2414,1.008210426081342,0.4840192332869079,0.5310476626927952,0.33111674416325215,0.45188552460563963,0.6414288938625419
2415,1.0067958069990104,0.4840192332869079,0.5314197922766809,0.33111674416325215,0.4520000046222025,0.6425784860002521
2416,1.0049996080446522,0.4840192332869079,0.5317910046780524,0.33111674416325215,0.4521168998983104,0.6436843349084137
2417,1.0029292715162013,0.4840192332869079,0.5321611690863411,0.33111674416325215,0.45223603783460736,0.6446722433695423
2418,1.0007233678814007,0.4840192332869079,0.5325301568379847,0.33111674416325215,0.4523572372361283,0.6454777594898397
2419,0.9985394105529524,0.4840192332869079,0.5328978414775499,0.33111674416325215,0.4524803088187661,0.6460504539985342
2420,0.9965403400943084,0.4840192332869079,0.5332640988155313,0.33111674416325215,0.4526050557575585,0.6463567131383324
2421,0.9948745536520446,0.4840192332869079,0.5336288069828269,0.33111674416325215,0.45273127427619875,0.646381227351455
2422,0.993650039619246,0.4840192332869079,0.5339918464818879,0.33111674416325215,0.4528587542768061,0.6461275176146786
2423,0.9929098759491672,0.4840192332869079,0.5343531002345547,0.33111674416325215,0.4529872800086227,0.6456178203711923
2424,0.9926189397335129,0.4840192332869079,0.5347124536265834,0.33111674416325215,0.45311663077392156,0.64489247745676
2425,0.9926682059138647,0.4840192332869079,0.5350697945488845,0.33111674416325215,0.4532465816690323,0.6440087139540555
2426,0.9929146425725683,0.4840192332869079,0.5354250134354948,0.33111674416325215,0.4533769043580175,0.6430384224276264
2427,0.9931494383344364,0.4840192332869079,0.5357780032983033,0.33111674416325215,0.4535073678761682,0.6420644133365472
2428,0.9931755466520837,0.4840192332869079,0.5361286597585628,0.33111674416325215,0.4536377394601386,0.641174653660912
2429,0.9928484080242244,0.4840192332869079,0.536476881075226,0.33111674416325215,0.45376778540120916,0.6404543839320662
2430,0.9920973034531405,0.4840192332869079,0.5368225681701324,0.33111674416325215,0.45389727191786083,0.6399766591258456
2431,0.9909273869890798,0.4840192332869079,0.5371656246501015,0.33111674416325215,0.45402596604356205,0.639792579403524
2432,0.9894089385766456,0.4840192332869079,0.5375059568259649,0.33111674416325215,0.4541536365254279,0.6399222568678509
2433,0.9876618969447601,0.4840192332869079,0.5378434737285956,0.33111674416325215,0.45428005472919053,0.6403591295804616
2434,0.9858398144025918,0.4840192332869079,0.538178087121982,0.33111674416325215,0.4544049955457511,0.6410597913963944
2435,0.984112204072908,0.4840192332869079,0.5385097115134034,0.33111674416325215,0.45452823829444483,0.6419505677007868
2436,0.9826425460583407,0.4840192332869079,0.5388382641607663,0.33111674416325215,0.4546495676180611,0.6429362166938111
2437,0.9815621405047357,0.4840192332869079,0.5391636650771618,0.33111674416325215,0.45476877436461116,0.6439106184942784
2438,0.9809447072552377,0.4840192332869079,0.5394858370327102,0.33111674416325215,0.4548856564508303,0.6447678105739099
2439,0.9807891649981154,0.4840192332869079,0.539804705553759,0.33111674416325215,0.4550000197024494,0.6454122510266693
2440,0.9810118616754099,0.4840192332869079,0.5401201989195027,0.33111674416325215,0.4551116786663517,0.6457679408580714
2441,0.9815003115395412,0.4840192332869079,0.5404322481560992,0.33111674416325215,0.4552204573898644,0.6457865041908156
2442,0.9820950867930393,0.4840192332869079,0.5407407870283528,0.33111674416325215,0.4553261901626122,0.6454542326483699
2443,0.9826273439758263,0.4840192332869079,0.5410457520290439,0.33111674416325215,0.4554287222165749,0.6447974336263056
2444,0.9829522037626556,0.4840192332869079,0.5413470823659806,0.33111674416325215,0.45552791038024526,0.643884462992848
2445,0.9829729357477383,0.4840192332869079,0.5416447199468505,0.33111674416325215,0.45562362368308035,0.6428221500411351
2446,0.9826510869205287,0.4840192332869079,0.541938609361959,0.33111674416325215,0.4557157439067651,0.6417446702944581
2447,0.9820032078614406,0.4840192332869079,0.5422286978649292,0.33111674416325215,0.45580416608015956,0.6407947507641039
2448,0.9810895288845888,0.4840192332869079,0.5425149353514533,0.33111674416325215,0.45588879891519174,0.6400999969135162
2449,0.9800009363850084,0.4840192332869079,0.5427972743361766,0.33111674416325215,0.455969565181357,0.6397495841158994
2450,0.9788478089672161,0.4840192332869079,0.5430756699278014,0.33111674416325215,0.4560464020169111,0.6397757636844285
2451,0.9777502468902866,0.4840192332869079,0.5433500798024935,0.33111674416325215,0.4561192611752814,0.6403315130466256
2452,0.9768269660439364,0.4840192332869079,0.5436204641756863,0.33111674416325215,0.4561881092056674,0.6412096066474997
2453,0.9761808735998073,0.4840192332869079,0.5438867857723597,0.33111674416325215,0.45625292756724684,0.6420649081381617
2454,0.9758821297209015,0.4840192332869079,0.5441490097958899,0.33111674416325215,0.45631371267686527,0.6425366745233829
2455,0.9759514440119775,0.4840192332869079,0.5444071038955531,0.33111674416325215,0.45637047589051855,0.6423903630653419
2456,0.9763903760851713,0.4840192332869079,0.5446610381327743,0.33111674416325215,0.45642324341938934,0.6416363462454899
2457,0.9771111051633621,0.4840192332869079,0.5449107849462062,0.33111674416325215,0.4564720561816108,0.6405619912703823
2458,0.9779766367359232,0.4840192332869079,0.5451563191157293,0.33111674416325215,0.45651696959134663,0.6396227546558446
2459,0.9788346568946136,0.4840192332869079,0.5453976177254574,0.33111674416325215,0.45655805328716004,0.6392184967310429
2460,0.9795532240716148,0.4840192332869079,0.5456346601258389,0.33111674416325215,0.45659539080200634,0.6394759222029227
2461,0.9800457597272706,0.4840192332869079,0.5458674278949369,0.33111674416325215,0.45662907917752127,0.6402825700060695
2462,0.9802780648335123,0.4840192332869079,0.5460959047989753,0.33111674416325215,0.45665922852557966,0.6411779575375423
2463,0.9802598725088486,0.4840192332869079,0.5463200767522378,0.33111674416325215,0.4566859615403656,0.6416048176789334
2464,0.9800306208302205,0.4840192332869079,0.5465399317763998,0.33111674416325215,0.456709412964413,0.6412459417503075
2465,0.9796489426114446,0.4840192332869079,0.5467554599593796,0.33111674416325215,0.45672972901223235,0.640275708958472
2466,0.9791889243534377,0.4840192332869079,0.54696665341379,0.33111674416325215,0.45674706675519644,0.6392968549161715
2467,0.9787389566126508,0.4840192332869079,0.547173506235068,0.33111674416325215,0.45676159347122364,0.6389284050645376
2468,0.978396093052099,0.4840192332869079,0.5473760144593656,0.33111674416325215,0.45677348596230377,0.6393400773914296
2469,0.9782516192796636,0.4840192332869079,0.547574176021277,0.33111674416325215,0.45678292984152624,0.6402776456330804
2470,0.9783687244405944,0.4840192332869079,0.5477679907114809,0.33111674416325215,0.45679011878762665,0.6410416567567463
2471,0.9787759676882485,0.4840192332869079,0.5479574601343666,0.33111674416325215,0.4567952537546454,0.6410003270256157
2472,0.9794458937791863,0.4840192332869079,0.5481425876657251,0.33111674416325215,0.4567985420899285,0.6401513126752378
2473,0.9803041967893431,0.4840192332869079,0.5483233784105691,0.33111674416325215,0.45680019636821734,0.6391981943542784
2474,0.981252903312563,0.4840192332869079,0.5484998391611529,0.33111674416325215,0.4568004317595537,0.6389424360292302
2475,0.9821986068678195,0.4840192332869079,0.5486719783552603,0.33111674416325215,0.45679942184589123,0.6395186024448457
2476,0.983072564722143,0.4840192332869079,0.5488398060348254,0.33111674416325215,0.45679744009090045,0.6405362250700157
2477,0.9838349871140362,0.4840192332869079,0.5490033338049471,0.33111674416325215,0.4567947489436087,0.6411712951497018
2478,0.9844660798475358,0.4840192332869079,0.549162574793358,0.33111674416325215,0.45679160708858235,0.6408690867009706
2479,0.9849540456406136,0.4840192332869079,0.5493175436104084,0.33111674416325215,0.4567882704819364,0.6399230797814965
2480,0.9852903080408222,0.4840192332869079,0.5494682563096178,0.33111674416325215,0.4567849922576164,0.6392466858481421
2481,0.9854754742925546,0.4840192332869079,0.5496147303488491,0.33111674416325215,0.4567820222703832,0.6394794682542959
2482,0.9855311579185296,0.4840192332869079,0.5497569845521558,0.33111674416325215,0.4567796064945032,0.6405205038095888
2483,0.9855081339448991,0.4840192332869079,0.5498950390723498,0.33111674416325215,0.4567779863629746,0.6411050410653251
2484,0.9854829064674562,0.4840192332869079,0.5500289153543348,0.33111674416325215,0.45677739808697254,0.640505992636568
2485,0.9855421112017118,0.4840192332869079,0.5501586360992503,0.33111674416325215,0.4567780719766894,0.6396908392489298
2486,0.9857561664367157,0.4840192332869079,0.5502842252294624,0.33111674416325215,0.4567802317760376,0.6399333989045103
2487,0.9861620220948419,0.4840192332869079,0.5504057078544408,0.33111674416325215,0.4567840940191072,0.6410201099452864
2488,0.9867597211261517,0.4840192332869079,0.5505231102375547,0.33111674416325215,0.45678986741366845,0.6408893706836958
2489,0.9875229941330518,0.4840192332869079,0.5506364597638196,0.33111674416325215,0.45679775225541264,0.6400696486427743
2490,0.9884155668674005,0.4840192332869079,0.5507457849086197,0.33111674416325215,0.4568079398755743,0.6406112907402542
2491,0.9894022287891031,0.4840192332869079,0.5508511152074331,0.33111674416325215,0.45682061212387304,0.6414857834118167
2492,0.9904486727159283,0.4840192332869079,0.5509524812265785,0.33111674416325215,0.456835940888199,0.6407419630079209
2493,0.9915127986041697,0.4840192332869079,0.5510499145349995,0.33111674416325215,0.45685408765208724,0.6407702525736297
2494,0.9925364754861234,0.4840192332869079,0.5511434476771037,0.33111674416325215,0.4568752030907431,0.6400926133755264
2495,0.9934468229272856,0.4840192332869079,0.551233114146658,0.33111674416325215,0.45689942670615846,0.6393582746423562
2496,0.9941703782875666,0.4840192332869079,0.5513189483617522,0.33111674416325215,0.45692688650167734,0.6392822587273935
2497,0.994655727399208,0.4840192332869079,0.551400985640823,0.33111674416325215,0.45695769869623837,0.6400391704878646
2498,0.99489465207295,0.4840192332869079,0.5514792621797365,0.33111674416325215,0.45699196747839654,0.6411613586455996
2499,0.9949315590184912,0.4840192332869079,0.5515538150299159,0.33111674416325215,0.4570297848001386,0.6419439017292833
2500,0.9948557318978486,0.4840192332869079,0.5516246820774897,0.33111674416325215,0.457071230210421,0.6419782040878121
2501,0.994800640968288,0.4840192332869079,0.5516919020234383,0.33111674416325215,0.45711637072829114,0.6416213120320322
2502,0.9948813400817765,0.4840192332869079,0.5517555143646936,0.33111674416325215,0.45716526075538466,0.6409764865707437
2503,0.9951788853383072,0.4840192332869079,0.5518155593761441,0.33111674416325215,0.457217942027535,0.6402312964817322
2504,0.9957374380713376,0.4840192332869079,0.5518720780934724,0.33111674416325215,0.45727444360516767,0.6396047345768816
2505,0.9965675675652457,0.4840192332869079,0.5519251122967413,0.33111674416325215,0.4573347819020968,0.6392881712786557
2506,0.9976465620119976,0.4840192332869079,0.5519747044946068,0.33111674416325215,0.4573989607522743,0.6393957146953462
2507,0.9989132816239025,0.4840192332869079,0.552020897909008,0.33111674416325215,0.4574669715139812,0.6399386169701287
2508,1.000263658995625,0.4840192332869079,0.5520637364601264,0.33111674416325215,0.45753879321087765,0.6408287149186723
2509,1.0015568262144443,0.4840192332869079,0.5521032647513412,0.33111674416325215,0.4576143927092568,0.6419056516467729
2510,1.0026383803597851,0.4840192332869079,0.5521395280537941,0.33111674416325215,0.45769372493076493,0.6429770170153627
2511,1.003378286652507,0.4840192332869079,0.5521725722900315,0.33111674416325215,0.4577767330997672,0.6438604570719646
2512,1.0037112102481525,0.4840192332869079,0.5522024440159371,0.33111674416325215,0.45786334902445147,0.6444198045982318
2513,1.0036615027893108,0.4840192332869079,0.5522291903997981,0.33111674416325215,0.4579534934106628,0.6445908326066784
2514,1.0034062667834982,0.4840192332869079,0.5522528591966994,0.33111674416325215,0.4580470762073711,0.6444025242482312
2515,1.0030675382148315,0.4840192332869079,0.5522734987153335,0.33111674416325215,0.4581439969825681,0.6438985959054984
2516,1.0027648579295054,0.4840192332869079,0.5522911577722774,0.33111674416325215,0.4582441453282938,0.6432065144926324
2517,1.002602908165847,0.4840192332869079,0.5523058856247564,0.33111674416325215,0.45834740129338564,0.6425017992702339
2518,1.0026628379783609,0.4840192332869079,0.5523177318642364,0.33111674416325215,0.45845363584244625,0.6419680442579035
2519,1.0029983915016516,0.4840192332869079,0.5523267462322133,0.33111674416325215,0.4585627113394221,0.6417534620450812
2520,1.0036349422508464,0.4840192332869079,0.5523329782597513,0.33111674416325215,0.4586744820540953,0.6419358097374361
2521,1.00456920214763,0.4840192332869079,0.552336476414237,0.33111674416325215,0.458788794689691,0.642506076929992
2522,1.0057683695263822,0.4840192332869079,0.5523372851978339,0.33111674416325215,0.458905488929727,0.6433745650297372
2523,1.00716904428347,0.4840192332869079,0.5523354121598898,0.33111674416325215,0.459024398002145,0.6443951579036754
2524,1.0086776768987051,0.4840192332869079,0.5523309385549815,0.33111674416325215,0.45914534925869754,0.645398853912757
2525,1.0101750650379893,0.4840192332869079,0.5523239327937335,0.33111674416325215,0.4592681647675021,0.646227459181145
2526,1.0115270600096513,0.4840192332869079,0.5523144603619471,0.33111674416325215,0.45939266191662087,0.6467612288813677
2527,1.012602034602096,0.4840192332869079,0.5523025857271378,0.33111674416325215,0.4595186540264866,0.6469378620450577
2528,1.013293014236397,0.4840192332869079,0.5522883730421309,0.33111674416325215,0.4596459509689638,0.6467673528230476
2529,1.0135389986471983,0.4840192332869079,0.5522718864862064,0.33111674416325215,0.45977435979081627,0.646283553675118
2530,1.0133263633176506,0.4840192332869079,0.5522531904586645,0.33111674416325215,0.4599036853393485,0.6455896719092831
2531,1.012817440677483,0.4840192332869079,0.5522323497007326,0.33111674416325215,0.4600337308879916,0.6448338052118668
2532,1.0121705786028394,0.4840192332869079,0.5522094293783506,0.33111674416325215,0.460164298759628,0.6441809342874208
2533,1.0115425810856218,0.4840192332869079,0.5521844951416958,0.33111674416325215,0.46029519094547083,0.6437791290270374
2534,1.0110692543773623,0.4840192332869079,0.5521576131699386,0.33111674416325215,0.46042620971736736,0.643727118643574
2535,1.0108513863098207,0.4840192332869079,0.5521288502061115,0.33111674416325215,0.46055715823143883,0.6440521793097285
2536,1.0109487922158207,0.4840192332869079,0.5520982735850465,0.33111674416325215,0.4606878411210384,0.644704982837637
2537,1.0113809817455102,0.4840192332869079,0.5520659512562552,0.33111674416325215,0.46081806507708206,0.6455725004591005
2538,1.0121312590393248,0.4840192332869079,0.5520319518029759,0.33111674416325215,0.4609476394138904,0.6465041333685934
2539,1.0131510010337652,0.4840192332869079,0.5519963444582069,0.33111674416325215,0.46107637661876855,0.6473429686479103
2540,1.0143622814232542,0.4840192332869079,0.551959199118295,0.33111674416325215,0.46120409288365627,0.6479544740525884
2541,1.0156594333556437,0.4840192332869079,0.5519205863544653,0.33111674416325215,0.4613306086172796,0.6482478322617423
2542,1.0169125794579505,0.4840192332869079,0.5518805774225664,0.33111674416325215,0.46145574893635394,0.6481888617429853
2543,1.0179771972695826,0.4840192332869079,0.5518392442712226,0.33111674416325215,0.46157934413449964,0.6477799694019701
2544,1.0187121482070565,0.4840192332869079,0.5517966595485282,0.33111674416325215,0.4617012301276549,0.6471006872608799
2545,1.01900340611831,0.4840192332869079,0.5517528966073698,0.33111674416325215,0.46182124887489384,0.6462809686223628
2546,1.01876777358047,0.4840192332869079,0.551708029509441,0.33111674416325215,0.4619392487736812,0.6454787645924599
2547,1.0181532062738785,0.4840192332869079,0.5516621330279841,0.33111674416325215,0.4620550850287245,0.6448513458132833
2548,1.0173055297689244,0.4840192332869079,0.5516152826492778,0.33111674416325215,0.4621686199937064,0.6445243710839792
2549,1.0163778244607793,0.4840192332869079,0.5515675545728823,0.33111674416325215,0.4622797234853122,0.6445652889145325
2550,1.0155068371795835,0.4840192332869079,0.551519025710632,0.33111674416325215,0.4623882730690838,0.6449682691799044
2551,1.0147955844568644,0.4840192332869079,0.551469773684374,0.33111674416325215,0.46249415431676055,0.645655466763172
2552,1.0143075309628553,0.4840192332869079,0.55141987682243,0.33111674416325215,0.4625972610348807,0.6464945271300029
2553,1.0140712346349912,0.4840192332869079,0.5513694141547665,0.33111674416325215,0.4626974954645361,0.6473271322002224
2554,1.0140900770335686,0.4840192332869079,0.5513184654068524,0.33111674416325215,0.4627947684522813,0.6480005947494788
2555,1.0143499765155128,0.4840192332869079,0.5512671109921745,0.33111674416325215,0.46288899959230606,0.6483950277398306
2556,1.014819752300057,0.4840192332869079,0.5512154320033923,0.33111674416325215,0.46298011734007904,0.6484413153577704
2557,1.015443795256928,0.4840192332869079,0.5511635102021025,0.33111674416325215,0.4630680590977694,0.6481193323917697
2558,1.016132687594768,0.4840192332869079,0.5511114280071905,0.33111674416325215,0.46315277127183735,0.6474863063668309
2559,1.0167607792357582,0.4840192332869079,0.5510592684817401,0.33111674416325215,0.4632342093032737,0.6466499340778671
2560,1.0171772670003245,0.4840192332869079,0.5510071153184805,0.33111674416325215,0.4633123376710374,0.6457505866581639
2561,1.0172255982218643,0.4840192332869079,0.5509550528237465,0.33111674416325215,0.46338712986931907,0.6449385971275126
2562,1.0160737844998864,0.4840192332869079,0.5509031658999279,0.33111674416325215,0.46345856835931354,0.6443494436994047
2563,1.015057589913112,0.4840192332869079,0.5508515400263899,0.33111674416325215,0.46352664449624326,0.6440802806519556
2564,1.0151343311234253,0.4840192332869079,0.5508002612388428,0.33111674416325215,0.4635913584324259,0.6441721096468033
2565,1.015556808296776,0.4840192332869079,0.5507494161071498,0.33111674416325215,0.4636527189972166,0.6446017698509093
2566,1.0146294514794183,0.4840192332869079,0.5506990917115497,0.33111674416325215,0.46371074355469494,0.6452862305286953
2567,1.01324231480025,0.4840192332869079,0.5506493756172899,0.33111674416325215,0.4637654578399893,0.6460986445755758
2568,1.012965195536849,0.4840192332869079,0.550600355847655,0.33111674416325215,0.46381689577515794,0.6468924168674147
2569,1.0132696148800766,0.4840192332869079,0.5505521208553825,0.33111674416325215,0.4638650992655542,0.647527561676687
2570,1.0120003744506867,0.4840192332869079,0.550504759492464,0.33111674416325215,0.46391011797761533,0.6478936073106348
2571,1.0107229711821732,0.4840192332869079,0.5504583609783258,0.33111674416325215,0.46395200909901047,0.6479246482726269
2572,1.0109226638803668,0.4840192332869079,0.5504130148663905,0.33111674416325215,0.46399083708208066,0.6475701079731753
2573,1.0099888085046225,0.4840192332869079,0.5503688110090217,0.33111674416325215,0.46402667337148995,0.6468950614919635
2574,1.0082483014363928,0.4840192332869079,0.5503258395208593,0.33111674416325215,0.46405959611699027,0.6460169205823585
2575,1.0081200799431442,0.4840192332869079,0.55028419074055,0.33111674416325215,0.464089689872178,0.6450839330946857
2576,1.0075166287266017,0.4840192332869079,0.5502439551908888,0.33111674416325215,0.4641170452801006,0.6442499559454313
2577,1.0054821073317075,0.4840192332869079,0.5502052235373847,0.33111674416325215,0.46414175874654184,0.6436494081420321
2578,1.0046012194408556,0.4840192332869079,0.5501680865452663,0.33111674416325215,0.46416393210179796,0.6433756075040279
2579,1.0046113722573815,0.4840192332869079,0.5501326350349515,0.33111674416325215,0.46418367225175655,0.6434656701763929
2580,1.0047126299785663,0.4840192332869079,0.5500989598360013,0.33111674416325215,0.4642010908191122,0.6438947386327776
2581,1.0048153006926726,0.4840192332869079,0.5500671517395889,0.33111674416325215,0.4642163037756628,0.6445810125609267
2582,1.0048393709714218,0.4840192332869079,0.5500373014495092,0.33111674416325215,0.4642294310668619,0.6454009214272306
2583,1.0047089499444224,0.4840192332869079,0.5500094995317675,0.33111674416325215,0.4642405962303172,0.6462114170643669
2584,1.00435232018124,0.4840192332869079,0.5499838363627797,0.33111674416325215,0.46424992601102816,0.6468746872806966
2585,1.0037046127592035,0.4840192332869079,0.5499604020762248,0.33111674416325215,0.4642575499784998,0.6472802554880212
2586,1.002712407584001,0.4840192332869079,0.5499392865085934,0.33111674416325215,0.46426360015614526,0.6473603277030658
2587,1.0013394214175748,0.4840192332869079,0.5499205791434784,0.33111674416325215,0.4642682106859708,0.6470896447459423
2588,0.9995721842084639,0.4840192332869079,0.5499043690546527,0.33111674416325215,0.46427151758477164,0.6465113293997429
2589,0.9974245189793876,0.4840192332869079,0.549890744847993,0.33111674416325215,0.4642736587496788,0.6457100414185926
2590,0.9949397745292717,0.4840192332869079,0.5498797946023,0.33111674416325215,0.46427477476218126,0.6447982305177153
2591,0.9921900774180313,0.4840192332869079,0.5498716058090721,0.33111674416325215,0.4642750133233129,0.6438994890045724
2592,0.9892723039269804,0.4840192332869079,0.5498662653112985,0.33111674416325215,0.46427458359755397,0.6431319069410397
2593,0.9863009518405398,0.4840192332869079,0.5498638592413326,0.33111674416325215,0.4642735256207633,0.6425931997486198
2594,0.9833985494859304,0.4840192332869079,0.5498644729579115,0.33111674416325215,0.4642719211687545,0.6423489892799982
2595,0.9806846173231838,0.4840192332869079,0.5498681909823957,0.33111674416325215,0.4642698660129974,0.6424253579806755
2596,0.9782644446758657,0.4840192332869079,0.5498750969342938,0.33111674416325215,0.46426746389552903,0.64280648365146
2597,0.9762190183145099,0.4840192332869079,0.5498852734661571,0.33111674416325215,0.46426482397469876,0.6434376764578712
2598,0.9745973122412371,0.4840192332869079,0.5498988021979118,0.33111674416325215,0.46426205937849574,0.6442334584513376
2599,0.9734118157892976,0.4840192332869079,0.5499157636507147,0.33111674416325215,0.46425928623184515,0.6450895538573553
2600,0.9726376709899653,0.4840192332869079,0.5499362371804133,0.33111674416325215,0.4642566229237375,0.6458969940582101
2601,0.972215172808445,0.4840192332869079,0.5499603009106921,0.33111674416325215,0.4642541895096361,0.6465561929950202
2602,0.9720547139313541,0.4840192332869079,0.5499880316659973,0.33111674416325215,0.4642521071961831,0.6469889416927656
2603,0.9720423852163594,0.4840192332869079,0.5500195049043203,0.33111674416325215,0.46425049787882605,0.6471468028184758
2604,0.9720410888204999,0.4840192332869079,0.5500547946499392,0.33111674416325215,0.4642494837149565,0.6470155235826069
2605,0.972021094113753,0.4840192332869079,0.5500939734262015,0.33111674416325215,0.4642491867217114,0.6466109942158342
2606,0.9719766161729583,0.4840192332869079,0.5501371121884497,0.33111674416325215,0.46424972839142903,0.6459790839468117
2607,0.9719022207966609,0.4840192332869079,0.5501842802571792,0.33111674416325215,0.4642512293201127,0.6451881180523273
2608,0.9717928029269753,0.4840192332869079,0.5502355452515262,0.33111674416325215,0.46425380884578077,0.6443203660836331
2609,0.9716435405720081,0.4840192332869079,0.5502909730231847,0.33111674416325215,0.46425758469460865,0.6434630547052238
2610,0.9714498572377166,0.4840192332869079,0.5503506275908492,0.33111674416325215,0.46426267263348175,0.6426997625358926
2611,0.9712073925378529,0.4840192332869079,0.5504145710752808,0.33111674416325215,0.4642691861280972,0.6421028619981086
2612,0.9709119796163043,0.4840192332869079,0.5504828636351025,0.33111674416325215,0.4642772360061366,0.641727474311265
2613,0.9705596286584178,0.4840192332869079,0.5505555634034148,0.33111674416325215,0.4642869301253367,0.6416072436039758
2614,0.9701465162223285,0.4840192332869079,0.5506327264253409,0.33111674416325215,0.46429837304651833,0.6417521119858999
2615,0.9696689803444256,0.4840192332869079,0.5507144065965943,0.33111674416325215,0.4643116657118279,0.6421481695077575
2616,0.9691235214446555,0.4840192332869079,0.5508006556031769,0.33111674416325215,0.4643269051286201,0.6427595393685328
2617,0.968506809035458,0.4840192332869079,0.5508915228622999,0.33111674416325215,0.4643441840595335,0.6435321259395952
2618,0.9678156941585925,0.4840192332869079,0.5509870554646331,0.33111674416325215,0.4643635907194487,0.6443989018992218
2619,0.9670472273592411,0.4840192332869079,0.5510872981179787,0.33111674416325215,0.46438520848011466,0.6452862573394432
2620,0.966198681871622,0.4840192332869079,0.5511922930924674,0.33111674416325215,0.46440911558332243,0.6461208066866096
2621,0.965267581545841,0.4840192332869079,0.5513020801673769,0.33111674416325215,0.4644353848635934,0.6468359822961471
2622,0.9642517329004856,0.4840192332869079,0.5514166965796615,0.33111674416325215,0.4644640834814114,0.6473777675722542
2623,0.9631492605467684,0.4840192332869079,0.5515361769742966,0.33111674416325215,0.46449527266808927,0.6477090695032282
2624,0.9619586451040276,0.4840192332869079,0.551660553356523,0.33111674416325215,0.46452900748341214,0.6478126390094672
2625,0.960678762618441,0.4840192332869079,0.5517898550460837,0.33111674416325215,0.46456533658723165,0.6476958966919206
2626,0.9593089244114125,0.4840192332869079,0.5519241086335451,0.33111674416325215,0.4646043020262114,0.6473659538244705
2627,0.9578489162248965,0.4840192332869079,0.5520633379387828,0.33111674416325215,0.46464593903694235,0.6468511164168986
2628,0.956299035500623,0.4840192332869079,0.5522075639717227,0.33111674416325215,0.46469027586663936,0.6461940495307953
2629,0.9546601256305207,0.4840192332869079,0.5523568048954132,0.33111674416325215,0.46473733361262537,0.6454472764093542
2630,0.9529336060472621,0.4840192332869079,0.5525110759915115,0.33111674416325215,0.46478712608178063,0.6446685846888028
2631,0.9511214970864572,0.4840192332869079,0.5526703896282543,0.33111674416325215,0.46483965967109997,0.6439165145213835
2632,0.9492264386442155,0.4840192332869079,0.5528347552309923,0.33111674416325215,0.46489493327044373,0.6432462332884739
2633,0.9472517017732671,0.4840192332869079,0.5530041792553506,0.33111674416325215,0.4649529381885075,0.6427060390531786
2634,0.9452011925044045,0.4840192332869079,0.553178665163086,0.33111674416325215,0.46501365810295864,0.6423346407365166
2635,0.9430794473437875,0.4840192332869079,0.5533582134006994,0.33111674416325215,0.4650770690355898,0.6421592749098541
2636,0.9408916200761028,0.4840192332869079,0.5535428213808637,0.33111674416325215,0.4651431393532424,0.642194650843225
2637,0.9386434596938107,0.4840192332869079,0.5537324834667225,0.33111674416325215,0.46521182979513415,0.6424426705507136
2638,0.9363412794685394,0.4840192332869079,0.5539271909591051,0.33111674416325215,0.465283093527101,0.6428928466471473
2639,0.9339919173768572,0.4840192332869079,0.5541269320867096,0.33111674416325215,0.46535687622312333,0.643523332287572
2640,0.9316026882839951,0.4840192332869079,0.5543316919992937,0.33111674416325215,0.4654331161743662,0.644302477484997
2641,0.9291813284706684,0.4840192332869079,0.5545414527639071,0.33111674416325215,0.46551174442580634,0.6451908280613263
2642,0.9267359332554276,0.4840192332869079,0.554756193364205,0.33111674416325215,0.46559268494036393,0.6461434819536858
2643,0.9242748886138964,0.4840192332869079,0.5549758897028656,0.33111674416325215,0.4656758547902916,0.6471127091414265
2644,0.9218067978233444,0.4840192332869079,0.5552005146071362,0.33111674416325215,0.4657611643754071,0.6480507253021687
2645,0.9193404042635634,0.4840192332869079,0.5554300378375288,0.33111674416325215,0.46584851766759083,0.6489124878330202
2646,0.9168845115808283,0.4840192332869079,0.5556644260996781,0.33111674416325215,0.46593781248080185,0.6496583619020357
2647,0.9144479024695588,0.4840192332869079,0.5559036430593681,0.33111674416325215,0.46602894076570084,0.6502564932640934
2648,0.9120392573455437,0.4840192332869079,0.5561476493607375,0.33111674416325215,0.4661217889278098,0.6506847394845613
2649,0.9096670741754547,0.4840192332869079,0.5563964026476556,0.33111674416325215,0.46621623816798563,0.6509320934602785
2650,0.9073395906907191,0.4840192332869079,0.556649857588271,0.33111674416325215,0.46631216484383076,0.6509999263663896
2651,0.9050647101512419,0.4840192332869079,0.5569079659027154,0.33111674416325215,0.46640944085054037,0.6509089569751597
2652,0.9028499317381222,0.4840192332869079,0.5571706763939518,0.33111674416325215,0.4665079340195406,0.6506623461988122
2653,0.9007022865471428,0.4840192332869079,0.5574379349817423,0.33111674416325215,0.4666075085331734,0.6502788084710722
2654,0.8986282800295786,0.4840192332869079,0.5577096847397128,0.33111674416325215,0.46670802535357253,0.6497863215901037
2655,0.8966338415873788,0.4840192332869079,0.5579858659354845,0.33111674416325215,0.46680934266378926,0.6492194974035375
2656,0.8947242818797575,0.4840192332869079,0.5582664160738328,0.33111674416325215,0.4669113163191542,0.648617099180638
2657,0.8929042582417208,0.4840192332869079,0.5585512699428378,0.33111674416325215,0.4670138003068056,0.6480195225265586
2658,0.8911777484559941,0.4840192332869079,0.5588403596629788,0.33111674416325215,0.4671166472112696,0.6474663571683208
2659,0.8895480329621275,0.4840192332869079,0.5591336147391244,0.33111674416325215,0.46721970868395796,0.6469941864357761
2660,0.8880176854339741,0.4840192332869079,0.5594309621153621,0.33111674416325215,0.46732283591443846,0.646634757379016
2661,0.8865885715126197,0.4840192332869079,0.5597323262326114,0.33111674416325215,0.4674258801013391,0.6464136076216923
2662,0.8852618553492712,0.4840192332869079,0.560037629088953,0.33111674416325215,0.4675286929207759,0.6463491824545249
2663,0.8840380134940496,0.4840192332869079,0.5603467903026126,0.33111674416325215,0.4676311269902323,0.6464524278586683
2664,0.8829168555641641,0.4840192332869079,0.5606597271775202,0.33111674416325215,0.4677330363258697,0.6467268084392701
2665,0.8818975510399214,0.4840192332869079,0.5609763547713742,0.33111674416325215,0.4678342767913229,0.6471686763461872
2666,0.880978661470371,0.4840192332869079,0.5612965859661311,0.33111674416325215,0.4679347065361095,0.6477679079150096
2667,0.8801581773223244,0.4840192332869079,0.5616203315408315,0.33111674416325215,0.46803418642188505,0.6485087267159965
2668,0.879433558676786,0.4840192332869079,0.5619475002466812,0.33111674416325215,0.4681325804348689,0.6493706416599827
2669,0.87880177896468,0.4840192332869079,0.5622779988842952,0.33111674416325215,0.4682297560828912,0.650329443287563
2670,0.878259370938045,0.4840192332869079,0.5626117323830065,0.33111674416325215,0.46832558477562564,0.6513582172359443
2671,0.8778024740919586,0.4840192332869079,0.5629486038821493,0.33111674416325215,0.46841994218670635,0.6524283486706292
2672,0.8774268827846268,0.4840192332869079,0.5632885148142099,0.33111674416325215,0.4685127085965626,0.6535105034575479
2673,0.8771280943462972,0.4840192332869079,0.5636313649897475,0.33111674416325215,0.4686037692149373,0.6545755799933125
2674,0.8769013565198642,0.4840192332869079,0.563977052683974,0.33111674416325215,0.46869301448220924,0.6555956294571847
2675,0.8767417136351481,0.4840192332869079,0.5643254747248908,0.33111674416325215,0.4687803403487684,0.6565447418655217
2676,0.8766440509827391,0.4840192332869079,0.5646765265828649,0.33111674416325215,0.46886564853184753,0.6573998912685134
2677,0.8766031369201337,0.4840192332869079,0.5650301024615397,0.33111674416325215,0.4689488467493487,0.6581417268858925
2678,0.876613662310731,0.4840192332869079,0.5653860953899583,0.33111674416325215,0.46902984893034877,0.6587552899437268
2679,0.8766702769635009,0.4840192332869079,0.5657443973157897,0.33111674416325215,0.46910857540209727,0.6592306321754017
2680,0.8767676228062239,0.4840192332869079,0.5661048991995353,0.33111674416325215,0.46918495305346114,0.6595633202787785
2681,0.8769003635867224,0.4840192332869079,0.5664674911095999,0.33111674416325215,0.46925891547488924,0.659754863215389
2682,0.8770632109531263,0.4840192332869079,0.5668320623181069,0.33111674416325215,0.4693304030750974,0.6598133936075475
2683,0.8772509468145239,0.4840192332869079,0.567198501397334,0.33111674416325215,0.4693993631747854,0.659758732390087
2684,0.8774584419257815,0.4840192332869079,0.5675666963166498,0.33111674416325215,0.4694657500778057,0.6595890294727049
2685,0.8776806706727381,0.4840192332869079,0.5679365345398318,0.33111674416325215,0.4695295251203038,0.6593168969743167
2686,0.877912722053406,0.4840192332869079,0.5683079031226362,0.33111674416325215,0.4695906566984437,0.6589618626427127
2687,0.8781498068523577,0.4840192332869079,0.5686806888105035,0.33111674416325215,0.4696491202754113,0.6585485193707046
2688,0.8783872609809826,0.4840192332869079,0.5690547781362738,0.33111674416325215,0.4697048983684703,0.6581050466037283
2689,0.8786205448911253,0.4840192332869079,0.5694300575177913,0.33111674416325215,0.4697579805169075,0.6576616627002368
2690,0.8788452388362762,0.4840192332869079,0.5698064133552729,0.33111674416325215,0.4698083632317657,0.657248987958793
2691,0.8790570334983988,0.4840192332869079,0.5701837321283247,0.33111674416325215,0.4698560499283169,0.656896398364722
2692,0.8792517150034294,0.4840192332869079,0.5705619004924807,0.33111674416325215,0.46990105084226735,0.6566304805875589
2693,0.8794251423457772,0.4840192332869079,0.5709408053751475,0.33111674416325215,0.4699433829307248,0.6564736984107313
2694,0.87957321303956,0.4840192332869079,0.5713203340708358,0.33111674416325215,0.46998306975898885,0.6564433607408758
2695,0.8796918073554006,0.4840192332869079,0.5717003743355605,0.33111674416325215,0.4700201413742481,0.6565509488064168
2696,0.8797766853200741,0.4840192332869079,0.5720808144802961,0.33111674416325215,0.4700546341672824,0.6568018221607186
2697,0.879823246771137,0.4840192332869079,0.5724615434633725,0.33111674416325215,0.4700865907232813,0.6571952863955789
2698,0.8798256227866167,0.4840192332869079,0.5728424509816978,0.33111674416325215,0.47011605966289594,0.6577249754964374
2699,0.8800506991500585,0.4840192332869079,0.5732234275607002,0.33111674416325215,0.470143095474635,0.658379481893522
2700,0.8796061853030236,0.4840192332869079,0.5736043646428812,0.33111674416325215,0.4701677583397123,0.6591431585001042
2701,0.8780422872323508,0.4840192332869079,0.5739851546748732,0.33111674416325215,0.47019011395042537,0.6599970183475405
2702,0.8754643374960084,0.4840192332869079,0.574365691192897,0.33111674416325215,0.47021023332311007,0.660919666409632
2703,0.8723888974082938,0.4840192332869079,0.5747458689065239,0.33111674416325215,0.4702281926066383,0.6618882118359843
2704,0.8695108432436419,0.4840192332869079,0.5751255837806385,0.33111674416325215,0.47024407288729747,0.6628791241459349
2705,0.8675013193456261,0.4840192332869079,0.57550473311551,0.33111674416325215,0.4702579599906387,0.6638690115732195
2706,0.866772082978024,0.4840192332869079,0.5758832156248812,0.33111674416325215,0.470269944280398,0.6648353120539882
2707,0.8672051532641714,0.4840192332869079,0.5762609315119822,0.33111674416325215,0.47028012045363865,0.6657568964405474
2708,0.8678842264498564,0.4840192332869079,0.5766377825433873,0.33111674416325215,0.4702885873292451,0.6666145891780073
2709,0.8680436632042396,0.4840192332869079,0.5770136721206287,0.33111674416325215,0.470295447622459,0.6673916141779711
2710,0.8673222481744786,0.4840192332869079,0.5773885053494907,0.33111674416325215,0.47030080768754995,0.6680739736127225
2711,0.8658145789674494,0.4840192332869079,0.577762189106906,0.33111674416325215,0.470304777182761,0.6686507658363181
2712,0.8639355458907951,0.4840192332869079,0.5781346321053848,0.33111674416325215,0.47030746852632554,0.6691144472148857
2713,0.8622927880283158,0.4840192332869079,0.5785057449549044,0.33111674416325215,0.4703089956865095,0.6694610446481503
2714,0.861526990220002,0.4840192332869079,0.5788754402221968,0.33111674416325215,0.4703094700036467,0.6696903411268259
2715,0.862019779808923,0.4840192332869079,0.5792436324873752,0.33111674416325215,0.47030896148177737,0.669806132313313
2716,0.8632256567096993,0.4840192332869079,0.5796102383978357,0.33111674416325215,0.47030770737944005,0.6698171622544177
2717,0.8644905837135345,0.4840192332869079,0.5799751767193867,0.33111674416325215,0.47030587840925164,0.6697595552187376
2718,0.8652990988693933,0.4840192332869079,0.5803383683845549,0.33111674416325215,0.470303629276373,0.6696334786693579
2719,0.8654150326529192,0.4840192332869079,0.5806997365380209,0.33111674416325215,0.47030110662582836,0.6694428937324373
2720,0.8648722656887013,0.4840192332869079,0.5810592065791443,0.33111674416325215,0.4702984517965337,0.6691939267705809
2721,0.8639890983750745,0.4840192332869079,0.5814167062015411,0.33111674416325215,0.4702958020627542,0.6688944323681012
2722,0.8633726517366286,0.4840192332869079,0.5817721654296798,0.33111674416325215,0.47029329126219976,0.6685537394519879
2723,0.863746720950661,0.4840192332869079,0.5821255166524667,0.33111674416325215,0.47029105012574035,0.6681824254891112
2724,0.8650743493885923,0.4840192332869079,0.5824766946537953,0.33111674416325215,0.4702892064443341,0.6677920763949372
2725,0.867052297049264,0.4840192332869079,0.5828256366400415,0.33111674416325215,0.47028788514002434,0.6673950186943104
2726,0.8692450748381059,0.4840192332869079,0.5831722822644831,0.33111674416325215,0.4702872082772994,0.6670040216546753
2727,0.8712358588425227,0.4840192332869079,0.5835165736486374,0.33111674416325215,0.4702872950359902,0.6666319731189713
2728,0.8726877312216844,0.4840192332869079,0.5838584554005017,0.33111674416325215,0.47028826165876436,0.6662915367791944
2729,0.8733983205378543,0.4840192332869079,0.5841978746297002,0.33111674416325215,0.4702902213816254,0.6659948015316542
2730,0.8734249620600516,0.4840192332869079,0.5845347809595295,0.33111674416325215,0.47029328435303397,0.6657529355337558
2731,0.8731907247043743,0.4840192332869079,0.5848691265359135,0.33111674416325215,0.4702975575455055,0.6655758586207289
2732,0.8734573694885226,0.4840192332869079,0.5852008660332739,0.33111674416325215,0.47030314466239903,0.6654719467838471
2733,0.8746043338255483,0.4840192332869079,0.5855299566573252,0.33111674416325215,0.4703101460418459,0.6654477814457924
2734,0.8766825121309129,0.4840192332869079,0.5858563581448171,0.33111674416325215,0.4703186585592495,0.6655079543577719
2735,0.8795013109308143,0.4840192332869079,0.5861800327602387,0.33111674416325215,0.4703287755294193,0.6656549362386335
2736,0.8827302887796666,0.4840192332869079,0.5865009452895156,0.33111674416325215,0.47034058660914724,0.6658890140093642
2737,0.8859710461925725,0.4840192332869079,0.5868190630307197,0.33111674416325215,0.47035417770085575,0.6662082979330788
2738,0.8888017335405503,0.4840192332869079,0.5871343557818337,0.33111674416325215,0.47036963085781236,0.6666087964587629
2739,0.890853984138058,0.4840192332869079,0.5874467958255986,0.33111674416325215,0.4703870241913172,0.6670845533790865
2740,0.8919501926799671,0.4840192332869079,0.5877563579114882,0.33111674416325215,0.4704064317802007,0.6676278392916442
2741,0.8922388098310648,0.4840192332869079,0.5880630192348535,0.33111674416325215,0.47042792358293145,0.6682293874669477
2742,0.892245407300466,0.4840192332869079,0.5883667594132849,0.33111674416325215,0.4704515653525937,0.6688786631546113
2743,0.8924214434741722,0.4840192332869079,0.5886675604602389,0.33111674416325215,0.4704774185549889,0.6695641550913066
2744,0.892940452813283,0.4840192332869079,0.5889654067559924,0.33111674416325215,0.47050554029009395,0.6702736784221291
2745,0.8939209473665836,0.4840192332869079,0.5892602850159713,0.33111674416325215,0.47053598321711415,0.6709946792648082
2746,0.8954308932179238,0.4840192332869079,0.5895521842565219,0.33111674416325215,0.47056879548336666,0.6717145325538354
2747,0.897493649629772,0.4840192332869079,0.5898410957581902,0.33111674416325215,0.4706040206572332,0.6724208264105106
2748,0.9000965632408442,0.4840192332869079,0.5901270130265676,0.33111674416325215,0.47064169766543495,0.6731016279196116
2749,0.9031999061963311,0.4840192332869079,0.5904099317507845,0.33111674416325215,0.4706818607348829,0.673745726708614
2750,0.9067434477514393,0.4840192332869079,0.5906898497597166,0.33111674416325215,0.4707245393393726,0.6743428540173048
2751,0.9106488853182872,0.4840192332869079,0.5909667669759847,0.33111674416325215,0.47076975815139727,0.6748838759588325
2752,0.9148182687393553,0.4840192332869079,0.591240685367824,0.33111674416325215,0.47081753699936923,0.6753609604064269
2753,0.9191307159346562,0.4840192332869079,0.591511608898906,0.33111674416325215,0.47086789083053804,0.6757677174590119
2754,0.9234411071241558,0.4840192332869079,0.5917795434761948,0.33111674416325215,0.4709208296799122,0.6760993139225849
2755,0.9275842399182184,0.4840192332869079,0.5920444968959273,0.33111674416325215,0.4709763586454882,0.6763525631587854
2756,0.9313860828376844,0.4840192332869079,0.5923064787878011,0.33111674416325215,0.4710344778700989,0.676525994507368
2757,0.9346811144286545,0.4840192332869079,0.5925655005574629,0.33111674416325215,0.4710951825301957,0.6766199181108851
2758,0.93733250181432,0.4840192332869079,0.5928215753273917,0.33111674416325215,0.47115846283187535,0.6766365732531247
2759,0.9392509322554099,0.4840192332869079,0.5930747178762649,0.33111674416325215,0.4712243040144619,0.6765824540742648
2760,0.9404083242552409,0.4840192332869079,0.5933249445769095,0.33111674416325215,0.4712926863619481,0.6764608197297469
2761,0.9408433732398495,0.4840192332869079,0.5935722733329333,0.33111674416325215,0.47136358522259125,0.6762769317907885
2762,0.9406470740161288,0.4840192332869079,0.5938167235141302,0.33111674416325215,0.47143697103694965,0.6760375359839964
2763,0.9401326922435501,0.4840192332869079,0.5940583158907687,0.33111674416325215,0.4715128093746282,0.6757506523294159
2764,0.939493859064134,0.4840192332869079,0.5942970725668574,0.33111674416325215,0.4715910609799869,0.6754253903700072
2765,0.9388960522551221,0.4840192332869079,0.5945330169124886,0.33111674416325215,0.4716716818270471,0.6750717529659725
2766,0.9384785181654908,0.4840192332869079,0.5947661734953718,0.33111674416325215,0.4717546231838027,0.6747004214623805
2767,0.9383526374225295,0.4840192332869079,0.5949965680116472,0.33111674416325215,0.47183983168612315,0.674322522646794
2768,0.9386018048782702,0.4840192332869079,0.5952242272160958,0.33111674416325215,0.4719272494214012,0.6739493810905447
2769,0.9392833471525114,0.4840192332869079,0.5954491788518408,0.33111674416325215,0.4720168140220716,0.6735922622808951
2770,0.9404318836801709,0.4840192332869079,0.5956714515796482,0.33111674416325215,0.47210845876908863,0.6732621131242308
2771,0.9420630969110809,0.4840192332869079,0.5958910749069344,0.33111674416325215,0.47220211270541784,0.6729693071121932
2772,0.9441768131658069,0.4840192332869079,0.5961080791165767,0.33111674416325215,0.4722977007595541,0.672723401727997
2773,0.9467585667268825,0.4840192332869079,0.5963224951956394,0.33111674416325215,0.4723951438790441,0.6725329155326127
2774,0.9497793526079191,0.4840192332869079,0.5965343547641119,0.33111674416325215,0.4724943591739413,0.6724051318216169
2775,0.9531939129939778,0.4840192332869079,0.5967436900037663,0.33111674416325215,0.472595260070085,0.67234593481756
2776,0.9569384460155413,0.4840192332869079,0.5969505335872342,0.33111674416325215,0.47269775647204476,0.672359683119966
2777,0.9609288964680449,0.4840192332869079,0.5971549186074052,0.33111674416325215,0.4728017549355293,0.6724491236595712
2778,0.9650609055056892,0.4840192332869079,0.5973568785072456,0.33111674416325215,0.4729071588490095,0.6726153477960682
2779,0.9692121051758479,0.4840192332869079,0.5975564470101365,0.33111674416325215,0.4730138686242645,0.6728577895683177
2780,0.9732468885647033,0.4840192332869079,0.5977536580508319,0.33111674416325215,0.4731217818955017,0.6731742645594617
2781,0.9770232449775583,0.4840192332869079,0.5979485457071254,0.33111674416325215,0.47323079372667387,0.6735610464714047
2782,0.9804008602160965,0.4840192332869079,0.5981411441323307,0.33111674416325215,0.4733407968265517,0.6740129773885338
2783,0.9832494956495138,0.4840192332869079,0.598331487488657,0.33111674416325215,0.47345168177107994,0.6745236068984778
2784,0.9854566187455464,0.4840192332869079,0.5985196098815773,0.33111674416325215,0.47356333723249894,0.6750853547490093
2785,0.9869331290515467,0.4840192332869079,0.5987055452952758,0.33111674416325215,0.4736756502146709,0.6756896915479373
2786,0.987614764675771,0.4840192332869079,0.5988893275292609,0.33111674416325215,0.47378850629401376,0.6763273321252907
2787,0.9874424984368781,0.4840192332869079,0.5990709901362271,0.33111674416325215,0.4739017898654096,0.6769884365230756
2788,0.9866621525141809,0.4840192332869079,0.5992505663612481,0.33111674416325215,0.4740153843924217,0.6776628140930845
2789,0.9853551024533659,0.4840192332869079,0.5994280890823785,0.33111674416325215,0.4741291726611229,0.6783401267972723
2790,0.9835986100942806,0.4840192332869079,0.5996035907527436,0.33111674416325215,0.4742430370368141,0.6790100884482483
2791,0.9814725079744291,0.4840192332869079,0.5997771033441871,0.33111674416325215,0.4743568597228828,0.6796626572361948
2792,0.9790592154334758,0.4840192332869079,0.5999486582925471,0.33111674416325215,0.4744705230210422,0.6802882194112055
2793,0.9764424471450973,0.4840192332869079,0.6001182864446327,0.33111674416325215,0.4745839095921634,0.6808777623898798
2794,0.9737056482489536,0.4840192332869079,0.6002860180069588,0.33111674416325215,0.47469690271691256,0.6814230358131229
2795,0.9709304758337346,0.4840192332869079,0.6004518824963051,0.33111674416325215,0.4748093865553902,0.6819166991991301
2796,0.9681954437710356,0.4840192332869079,0.6006159086921544,0.33111674416325215,0.47492124640497224,0.6823524548338694
2797,0.9655747632532885,0.4840192332869079,0.6007781245910677,0.33111674416325215,0.47503236895554884,0.6827251644700537
2798,0.9631373649980571,0.4840192332869079,0.600938557363041,0.33111674416325215,0.475142642541365,0.6830309483565621
2799,0.9609460620831517,0.4840192332869079,0.6010972333098996,0.33111674416325215,0.4752519573886765,0.6832672652882519
2800,0.9590568009444855,0.4840192332869079,0.6012541778257665,0.33111674416325215,0.4753602058584478,0.6834329733001177
2801,0.9575179514501428,0.4840192332869079,0.6014094153596488,0.33111674416325215,0.47546728268333693,0.683528374576939
2802,0.9563696034734909,0.4840192332869079,0.6015629693801785,0.33111674416325215,0.47557308519823277,0.6835552701973758
2803,0.9556428631722347,0.4840192332869079,0.6017148623425389,0.33111674416325215,0.4756775135636399,0.6835174064291628
2804,0.9553591714700498,0.4840192332869079,0.6018651156576065,0.33111674416325215,0.47578047098122656,0.6834183155940826
2805,0.9555296934964431,0.4840192332869079,0.6020137496633353,0.33111674416325215,0.475881863900897,0.6832632008717627
2806,0.9561548451786529,0.4840192332869079,0.6021607835984019,0.33111674416325215,0.4759816022187702,0.6830585269257909
2807,0.9572240281020579,0.4840192332869079,0.6023062355781317,0.33111674416325215,0.4760795994654988,0.682811838919073
2808,0.9587156353308959,0.4840192332869079,0.6024501225727175,0.33111674416325215,0.47617577298439295,0.6825315875359821
2809,0.9605973711318727,0.4840192332869079,0.6025924603877437,0.33111674416325215,0.4762700440988632,0.6822269394285366
2810,0.9628269006285989,0.4840192332869079,0.6027332636470192,0.33111674416325215,0.47636233826874136,0.6819075717808708
2811,0.9653528164752821,0.4840192332869079,0.6028725457777229,0.33111674416325215,0.4764525852350802,0.6815834544943536
2812,0.9681158835682713,0.4840192332869079,0.6030103189978607,0.33111674416325215,0.47654071915308926,0.6812646254228268
2813,0.9710505032885571,0.4840192332869079,0.6031465943060267,0.33111674416325215,0.47662667871290565,0.6809609650062214
2814,0.9740863277166389,0.4840192332869079,0.6032813814734619,0.33111674416325215,0.476710407247954,0.680681976988927
2815,0.97714995182146,0.4840192332869079,0.6034146890383978,0.33111674416325215,0.476791852830697,0.6804365817934259
2816,0.9801666164693766,0.4840192332869079,0.603546524302666,0.33111674416325215,0.4768709683556305,0.6802329286125146
2817,0.9830618649440713,0.4840192332869079,0.6036768933305559,0.33111674416325215,0.4769477116094226,0.6800782314446806
2818,0.9857631077630138,0.4840192332869079,0.6038058009498981,0.33111674416325215,0.4770220453281551,0.679978633199089
2819,0.9882010619472328,0.4840192332869079,0.6039332507553444,0.33111674416325215,0.47709393724165994,0.6799391007243263
2820,0.990311038005882,0.4840192332869079,0.6040592451138137,0.33111674416325215,0.47716336010500454,0.6799633522611737
2821,0.9920340446251064,0.4840192332869079,0.6041837851720733,0.33111674416325215,0.4772302917172157,0.6800538174768572
2822,0.9933176503897473,0.4840192332869079,0.6043068708664157,0.33111674416325215,0.4772947149273812,0.6802116289913657
2823,0.994116413511402,0.4840192332869079,0.6044285009343924,0.33111674416325215,0.47735661762830595,0.6804366432263168
2824,0.9943910096170717,0.4840192332869079,0.6045486729285606,0.33111674416325215,0.477415992737945,0.6807274875454536
2825,0.9940957812656593,0.4840192332869079,0.6046673832321976,0.33111674416325215,0.47747283816886604,0.6810816300441724
2826,0.9932434411668198,0.4840192332869079,0.6047846270769328,0.33111674416325215,0.4775271567860353,0.6814954679934074
2827,0.9918441860975923,0.4840192332869079,0.6049003985622482,0.33111674416325215,0.4775789563532477,0.6819644308415211
2828,0.989916768254263,0.4840192332869079,0.6050146906767885,0.33111674416325215,0.47762824946855686,0.6824830938015576
2829,0.9874897677056934,0.4840192332869079,0.6051274953214288,0.33111674416325215,0.47767505348908057,0.6830452983636727
2830,0.9846016915744572,0.4840192332869079,0.6052388033340373,0.33111674416325215,0.4777193904455852,0.6836442765298227
2831,0.9813006385948885,0.4840192332869079,0.6053486045158727,0.33111674416325215,0.477761286947274,0.6842727761227108
2832,0.9776436774497226,0.4840192332869079,0.6054568876595529,0.33111674416325215,0.47780077407721333,0.6849231851265207
2833,0.9736959757147845,0.4840192332869079,0.6055636405785264,0.33111674416325215,0.4778378872788581,0.6855876536287685
2834,0.969529689022798,0.4840192332869079,0.6056688501379842,0.33111674416325215,0.4778726662341346,0.6862582125106274
2835,0.9652226165118448,0.4840192332869079,0.6057725022871381,0.33111674416325215,0.47790515473355843,0.6869268885425316
2836,0.9608566345599188,0.4840192332869079,0.6058745820927938,0.33111674416325215,0.4779354005388649,0.6875858159534376
2837,0.9565159316477184,0.4840192332869079,0.6059750737741519,0.33111674416325215,0.47796345523863254,0.6882273448322386
2838,0.9522850807118816,0.4840192332869079,0.6060739607387563,0.33111674416325215,0.47798937409738484,0.6888441468705616
2839,0.948246999841701,0.4840192332869079,0.6061712256195199,0.33111674416325215,0.4780132158986503,0.6894293189560026
2840,0.9444808659426448,0.4840192332869079,0.606266850312748,0.33111674416325215,0.47803504278246595,0.6899764849694776
2841,0.9410600572977167,0.4840192332869079,0.6063608160170861,0.33111674416325215,0.4780549200778068,0.6904798958351397
2842,0.938050208126354,0.4840192332869079,0.6064531032733108,0.33111674416325215,0.4780729161304312,0.690934527434534
2843,0.9355074598651818,0.4840192332869079,0.6065436920048886,0.33111674416325215,0.4780891021266523,0.6913361754659785
2844,0.9334769890761135,0.4840192332869079,0.6066325615592224,0.33111674416325215,0.47810355191357856,0.6916815457749245
2845,0.9319918804342717,0.4840192332869079,0.6067196907495076,0.33111674416325215,0.47811634181644375,0.6919683382328212
2846,0.9310723957942767,0.4840192332869079,0.6068050578971212,0.33111674416325215,0.4781275504537829,0.6921953221848345
2847,0.9307256683198653,0.4840192332869079,0.6068886408744589,0.33111674416325215,0.47813725855148453,0.6923624025823033
2848,0.9309458261736129,0.4840192332869079,0.6069704171481507,0.33111674416325215,0.47814554875725396,0.6924706808555631
2849,0.9317145257364903,0.4840192332869079,0.6070503638225728,0.33111674416325215,0.47815250545802523,0.6925225369349882
2850,0.9330018521803368,0.4840192332869079,0.6071284576835773,0.33111674416325215,0.4781582146048952,0.6925219232177932
2851,0.9347675274887176,0.4840192332869079,0.6072046752423688,0.33111674416325215,0.47816276355454623,0.6925849514712518
2852,0.9369623540873779,0.4840192332869079,0.6072789927794509,0.33111674416325215,0.4781662409463918,0.6927181449162557
2853,0.93952981666769,0.4840192332869079,0.6073513863885682,0.33111674416325215,0.4781687366615276,0.6929269418865736
2854,0.9424077653254291,0.4840192332869079,0.6074218320205783,0.33111674416325215,0.47817034199195363,0.6932158547316352
2855,0.9455301088944087,0.4840192332869079,0.6074903055271784,0.33111674416325215,0.4781711504739992,0.6935883129323406
2856,0.9488284570035502,0.4840192332869079,0.6075567827044267,0.33111674416325215,0.47817126188868414,0.6940464299668778
2857,0.9522336614302127,0.4840192332869079,0.6076212393359908,0.33111674416325215,0.47817085500674766,0.6945907447375589
2858,0.9556772203262889,0.4840192332869079,0.607683651236069,0.33111674416325215,0.4781699597127131,0.6952199672949373
2859,0.9590925216513791,0.4840192332869079,0.6077439942919248,0.33111674416325215,0.4781686240512995,0.6959307572407564
2860,0.9624159137797901,0.4840192332869079,0.6078022445059885,0.33111674416325215,0.4781669026568317,0.6967175645391667
2861,0.9655876012304536,0.4840192332869079,0.6078583780374807,0.33111674416325215,0.4781648539533784,0.697572562251345
2862,0.9685523716160401,0.4840192332869079,0.6079123712435252,0.33111674416325215,0.4781625389530536,0.6984856970650422
2863,0.971260166348802,0.4840192332869079,0.6079642007197172,0.33111674416325215,0.4781600205854386,0.699444875541693
2864,0.9736665128384313,0.4840192332869079,0.6080138433401416,0.33111674416325215,0.47815736325925334,0.7004362918040644
2865,0.9757328408450342,0.4840192332869079,0.6080612762968294,0.33111674416325215,0.47815463254356877,0.701444887035404
2866,0.9774267124825101,0.4840192332869079,0.6081064771386772,0.33111674416325215,0.47815189491768006,0.7024549147574579
2867,0.9787220100434538,0.4840192332869079,0.6081494238098627,0.33111674416325215,0.47814921756367745,0.7034505711787076
2868,0.9795991692115363,0.4840192332869079,0.6081900946878305,0.33111674416325215,0.47814666818724993,0.7044166398146946
2869,0.9800457191665416,0.4840192332869079,0.6082284686209516,0.33111674416325215,0.47814431485808695,0.7053390962836719
2870,0.9800585752353644,0.4840192332869079,0.6082645249660271,0.33111674416325215,0.47814222586445637,0.7062056235823584
2871,0.9797987983537917,0.4840192332869079,0.6082982436258658,0.33111674416325215,0.47814046957839945,0.7070059995493801
2872,0.9792601434093036,0.4840192332869079,0.6083296050872937,0.33111674416325215,0.47813911432912315,0.7077323344662715
2873,0.9784401524758168,0.4840192332869079,0.6083585904600869,0.33111674416325215,0.4781382282829043,0.7083791547699039
2874,0.9773384567678137,0.4840192332869079,0.6083851815175718,0.33111674416325215,0.4781378793282884,0.7089433454952694
2875,0.975956380324916,0.4840192332869079,0.6084093607399964,0.33111674416325215,0.47813813496570484,0.7094239768206604
2876,0.9742967988568046,0.4840192332869079,0.6084311113623547,0.33111674416325215,0.4781390622008372,0.7098220475624549
2877,0.9723640850586339,0.4840192332869079,0.608450417429348,0.33111674416325215,0.47814072744125,0.7101401805107462
2878,0.9701640929076758,0.4840192332869079,0.6084672638618965,0.33111674416325215,0.4781431963959002,0.7103823019630658
2879,0.9677041629808943,0.4840192332869079,0.6084816365429196,0.33111674416325215,0.4781465339772325,0.710553332142094
2880,0.9649931403420411,0.4840192332869079,0.608493522436819,0.33111674416325215,0.4781508042056425,0.710658905956409
2881,0.9620414001293798,0.4840192332869079,0.6085029097723006,0.33111674416325215,0.4781560701161261,0.7107051361558487
2882,0.9588608774274163,0.4840192332869079,0.6085097883576984,0.33111674416325215,0.47816239366698376,0.7106984243197356
2883,0.955465098581588,0.4840192332869079,0.6085141502238316,0.33111674416325215,0.47816983565047433,0.7106453198283862
2884,0.9518692112938872,0.4840192332869079,0.6085159913486378,0.33111674416325215,0.4781784556053413,0.7105524231558561
2885,0.9480900108276819,0.4840192332869079,0.6085153203128566,0.33111674416325215,0.47818831173115367,0.7104263273669464
2886,0.9441459595523894,0.4840192332869079,0.6085120685740776,0.33111674416325215,0.4781994608044233,0.7102735903390951
2887,0.9400571969288598,0.4840192332869079,0.6085062130360059,0.33111674416325215,0.4782119580964733,0.7101007296482156
2888,0.9358455369097141,0.4840192332869079,0.6084977366108839,0.33111674416325215,0.4782258572930467,0.7099142319680113
2889,0.9315344496319024,0.4840192332869079,0.6084866249977154,0.33111674416325215,0.478241210415657,0.7097205690088956
2890,0.9271490242335544,0.4840192332869079,0.6084728657298777,0.33111674416325215,0.4782580677446895,0.7095262123187611
2891,0.9227159096542471,0.4840192332869079,0.6084564477662296,0.33111674416325215,0.47827647774427623,0.7093376396156882
2892,0.9182632303964392,0.4840192332869079,0.6084373612771549,0.33111674416325215,0.47829648698897187,0.7091613257187166
2893,0.9138204744544655,0.4840192332869079,0.6084155975169919,0.33111674416325215,0.4783181400922704,0.709003711612416
2894,0.9094183509728898,0.4840192332869079,0.6083911487400476,0.33111674416325215,0.47834147963700424,0.7088711456874489
2895,0.9050886156923644,0.4840192332869079,0.6083640081405458,0.33111674416325215,0.47836654610768203,0.7087697913402807
2896,0.900863862888483,0.4840192332869079,0.6083341698064673,0.33111674416325215,0.47839337782482294,0.7087054927060296
2897,0.8967772833116634,0.4840192332869079,0.608301628681715,0.33111674416325215,0.4784220108813529,0.7086835707572962
2898,0.8928623885901912,0.4840192332869079,0.6082663805333417,0.33111674416325215,0.47845247908113653,0.7087082330173642
2899,0.8891527036507476,0.4840192332869079,0.6082284219218167,0.33111674416325215,0.4784848138797209,0.7087843361867533
2900,0.8856814299158687,0.4840192332869079,0.6081877501730378,0.33111674416325215,0.47851904432737746,0.7089154725464353
2901,0.8824810833177652,0.4840192332869079,0.6081443633512411,0.33111674416325215,0.47855519701453014,0.70910405450723
2902,0.8795831124713572,0.4840192332869079,0.6080982602322296,0.33111674416325215,0.4785932960196615,0.7093511741215064
2903,0.8770175036123502,0.4840192332869079,0.6080494402765336,0.33111674416325215,0.4786333628598007,0.7096564782864577
2904,0.8748123800547899,0.4840192332869079,0.6079979036022354,0.33111674416325215,0.47867541644369055,0.7100180965820824
2905,0.872993604876976,0.4840192332869079,0.6079436509572711,0.33111674416325215,0.47871947302774437,0.7104326396407958
2906,0.8715843962251966,0.4840192332869079,0.6078866836910941,0.33111674416325215,0.4787655461748989,0.7108952768136942
2907,0.8706049649589531,0.4840192332869079,0.6078270037256216,0.33111674416325215,0.47881364671648013,0.711399893135037
2908,0.870072184291943,0.4840192332869079,0.6077646135254181,0.33111674416325215,0.4788637827171928,0.7119393167848937
2909,0.8699993005756738,0.4840192332869079,0.6076995160670993,0.33111674416325215,0.47891595944335325,0.7125056004379962
2910,0.8703956934219773,0.4840192332869079,0.6076317148079557,0.33111674416325215,0.4789701793344822,0.713090334259138
2911,0.8712666919947671,0.4840192332869079,0.607561213653815,0.33111674416325215,0.47902644197837696,0.7136849657274469
2912,0.8726134525814218,0.4840192332869079,0.607488016926165,0.33111674416325215,0.47908474408978,0.714281102225264
2913,0.874432900571673,0.4840192332869079,0.6074121293285835,0.33111674416325215,0.4791450794927636,0.7148707760548058
2914,0.8767177378412881,0.4840192332869079,0.6073335559125114,0.33111674416325215,0.47920743910694585,0.7154466573761408
2915,0.8794565143866208,0.4840192332869079,0.6072523020424341,0.33111674416325215,0.47927181093765353,0.716002207354686
2916,0.8826337610128215,0.4840192332869079,0.6071683733605182,0.33111674416325215,0.4793381800701423,0.7165317704374781
2917,0.8862301780609251,0.4840192332869079,0.6070817757507757,0.33111674416325215,0.4794065286679841,0.7170306102545307
2918,0.8902228736635245,0.4840192332869079,0.606992515302818,0.33111674416325215,0.47947683597572427,0.7174948976361581
2919,0.8945856439126693,0.4840192332869079,0.6069005982752766,0.33111674416325215,0.4795490783259097,0.7179216614963059
2920,0.8992892866410612,0.4840192332869079,0.6068060310589588,0.33111674416325215,0.4796232291505794,0.7183087140073253
2921,0.9043019402594283,0.4840192332869079,0.6067088201398197,0.33111674416325215,0.4796992589973062,0.7186545609253886
2922,0.9095894392297881,0.4840192332869079,0.6066089720618297,0.33111674416325215,0.47977713554987006,0.7189583065339405
2923,0.9151156782329918,0.4840192332869079,0.6065064933898165,0.33111674416325215,0.4798568236536331,0.7192195608524858
2924,0.9208429778397841,0.4840192332869079,0.6064013906723655,0.33111674416325215,0.47993828534568284,0.7194383548311765
2925,0.926732445439755,0.4840192332869079,0.6062936704048635,0.33111674416325215,0.4800214798897971,0.7196150674405037
2926,0.9327443262433749,0.4840192332869079,0.6061833389927701,0.33111674416325215,0.4801063638162735,0.7197503669955625
2927,0.9388383402756559,0.4840192332869079,0.6060704027152015,0.33111674416325215,0.4801928909666619,0.7198451677715456
2928,0.9449740023628576,0.4840192332869079,0.6059548676889153,0.33111674416325215,0.4802810125434187,0.719900601960111
2929,0.9511109231258209,0.4840192332869079,0.6058367398327833,0.33111674416325215,0.48037067716449594,0.7199180062393657
2930,0.9572090898986991,0.4840192332869079,0.6057160248328334,0.33111674416325215,0.4804618309228675,0.7198989216224495
2931,0.96322912726749,0.4840192332869079,0.605592728107957,0.33111674416325215,0.4805544174509716,0.7198451047494809
2932,0.969132537558875,0.4840192332869079,0.6054668547763574,0.33111674416325215,0.4806483779900525,0.7197585483433533
2933,0.9748819221074221,0.4840192332869079,0.6053384096228349,0.33111674416325215,0.4807436514643534,0.7196415081273541
2934,0.9804411844985184,0.4840192332869079,0.6052073970669851,0.33111674416325215,0.48084017456011097,0.719496533090057
2935,0.9857757172437198,0.4840192332869079,0.6050738211323996,0.33111674416325215,0.48093788180928415,0.7193264955939801
2936,0.9908525735204015,0.4840192332869079,0.6049376854169495,0.33111674416325215,0.48103670567793166,0.719134617498635
2937,0.9956406257330332,0.4840192332869079,0.6047989930642345,0.33111674416325215,0.4811365766591464,0.7189244882689402
2938,1.0001107127758917,0.4840192332869079,0.604657746736275,0.33111674416325215,0.481237423370432,0.7187000710468668
2939,1.0042357780646338,0.4840192332869079,0.604513948587529,0.33111674416325215,0.4813391726553992,0.7184656929641646
2940,1.007991000766259,0.4840192332869079,0.604367600240306,0.33111674416325215,0.4814417496896401,0.7182260166443376
2941,1.0113539233884128,0.4840192332869079,0.6042187027616526,0.33111674416325215,0.48154507809062874,0.7179859909326638
2942,1.014304580374372,0.4840192332869079,0.6040672566417872,0.33111674416325215,0.4816490800314788,0.7177507804103392
2943,1.0168256354288947,0.4840192332869079,0.6039132617741414,0.33111674416325215,0.48175367635837685,0.7175256751487259
2944,1.0189025420129467,0.4840192332869079,0.6037567174370889,0.33111674416325215,0.48185878671149734,0.7173159843632766
2945,1.020523757431863,0.4840192332869079,0.6035976222774124,0.33111674416325215,0.48196432964919067,0.717126920084721
2946,1.0216810846528404,0.4840192332869079,0.6034359742955788,0.33111674416325215,0.48207022277522416,0.7169634798450892
2947,1.0223703644437154,0.4840192332869079,0.6032717708328773,0.33111674416325215,0.4821763828688449,0.7168303416429606
2948,1.0225934759969724,0.4840192332869079,0.6031050085604726,0.33111674416325215,0.4822827260174191,0.7167317941104843
2949,1.022371851892095,0.4840192332869079,0.6029356834704288,0.33111674416325215,0.48238916775139673,0.7166717587328096
2950,1.0216765994609025,0.4840192332869079,0.6027637908687479,0.33111674416325215,0.48249562318133504,0.7166541549397165
2951,1.020498127810174,0.4840192332869079,0.6025893253704698,0.33111674416325215,0.48260200713671075,0.7166877263016651
2952,1.0188327819801184,0.4840192332869079,0.6024122808968707,0.33111674416325215,0.4827082343062376,0.7167681110491264
2953,1.0166809639255772,0.4840192332869079,0.6022326506748004,0.33111674416325215,0.4828142193794036,0.7168923648607317
2954,1.0140465289064386,0.4840192332869079,0.6020504272381871,0.33111674416325215,0.4829198771889322,0.7170572275353484
2955,1.0109365142820481,0.4840192332869079,0.6018656024317413,0.33111674416325215,0.4830251228538672,0.7172589860274635
2956,1.0073609831623547,0.4840192332869079,0.6016781674168787,0.33111674416325215,0.4831298719229782,0.7174935283549737
2957,1.003332910657824,0.4840192332869079,0.6014881126798883,0.33111674416325215,0.4832340405181804,0.7177564362600428
2958,0.9988680831659007,0.4840192332869079,0.6012954280423548,0.33111674416325215,0.4833375454776558,0.7180430790304256
2959,0.993984996891848,0.4840192332869079,0.6011001026738501,0.33111674416325215,0.4834403044983688,0.718348696022815
2960,0.9887047486241319,0.4840192332869079,0.600902125106902,0.33111674416325215,0.4835422362776633,0.7186684640722953
2961,0.9830509151264599,0.4840192332869079,0.6007014832542377,0.33111674416325215,0.48364326065363245,0.7189975499253163
2962,0.9770494193214913,0.4840192332869079,0.6004981644283055,0.33111674416325215,0.48374329874395383,0.7193311499176323
2963,0.9707283825119623,0.4840192332869079,0.6002921553630639,0.33111674416325215,0.48384227308288397,0.7196645202253024
2964,0.9641179625612151,0.4840192332869079,0.6000834422380292,0.33111674416325215,0.48394010775611623,0.7199930015127827
2965,0.957250178402584,0.4840192332869079,0.5998720107045653,0.33111674416325215,0.48403672853320184,0.7203120418763869
2966,0.950158721550317,0.4840192332869079,0.5996578459143949,0.33111674416325215,0.4841320629972513,0.7206172217450415
2967,0.9428787554903896,0.4840192332869079,0.5994409325503083,0.33111674416325215,0.4842260406716325,0.7209042839205695
2968,0.9354467039662318,0.4840192332869079,0.5992212548590411,0.33111674416325215,0.484318593143393,0.7211691712566342
2969,0.9279000292618078,0.4840192332869079,0.5989987966862823,0.33111674416325215,0.48440965418314474,0.7214080736142291
2970,0.9202770016384628,0.4840192332869079,0.5987735415137851,0.33111674416325215,0.484499159861158,0.7216174847149831
2971,0.9126164611163147,0.4840192332869079,0.5985454724985243,0.33111674416325215,0.4845870486594215,0.7217942683735352
2972,0.9049575728186858,0.4840192332869079,0.5983145725138651,0.33111674416325215,0.4846732615794395,0.7219357323780329
2973,0.8973395771312106,0.4840192332869079,0.5980808241926879,0.33111674416325215,0.4847577422455494,0.7220397070801835
2974,0.889801535976825,0.4840192332869079,0.5978442099724103,0.33111674416325215,0.484840437003554,0.7221046246562143
2975,0.8823820765830218,0.4840192332869079,0.5976047121418538,0.33111674416325215,0.4849212950144775,0.7221295941301199
2976,0.8751191342253312,0.4840192332869079,0.5973623128898893,0.33111674416325215,0.4850002683432727,0.7221144667383069
2977,0.8680496955743392,0.4840192332869079,0.5971169943557919,0.33111674416325215,0.48507731204231364,0.7220598861718034
2978,0.8612095444521248,0.4840192332869079,0.5968687386812369,0.33111674416325215,0.48515238422953144,0.7219673187299578
2979,0.8546330120124896,0.4840192332869079,0.5966175280638643,0.33111674416325215,0.48522544616106195,0.7218390594668889
2980,0.8483527335876117,0.4840192332869079,0.5963633448123297,0.33111674416325215,0.48529646229829143,0.7216782119412637
2981,0.842399414676701,0.4840192332869079,0.596106171402764,0.33111674416325215,0.4853654003692011,0.7214886410464642
2982,0.8368016087704918,0.4840192332869079,0.595845990536556,0.33111674416325215,0.48543223142393216,0.7212749003955417
2983,0.8315855098863073,0.4840192332869079,0.5955827851993691,0.33111674416325215,0.48549692988450205,0.7210421376259496
2984,0.8267747628076793,0.4840192332869079,0.595316538721308,0.33111674416325215,0.48555947358862855,0.7207959825440406
2985,0.8223902940561445,0.4840192332869079,0.5950472348381327,0.33111674416325215,0.4856198438276242,0.7205424240698477
2986,0.8184501665496451,0.4840192332869079,0.594774857753433,0.33111674416325215,0.4856780253783512,0.7202876823745662
2987,0.8149694607059413,0.4840192332869079,0.5944993922016606,0.33111674416325215,0.48573400652923315,0.7200380824402844
2988,0.8119601844219406,0.4840192332869079,0.5942208235119212,0.33111674416325215,0.48578777910034326,0.7197999346512458
2989,0.8094312139014912,0.4840192332869079,0.5939391376724215,0.33111674416325215,0.4858393384576017,0.7195794272352962
2990,0.8073882667256611,0.4840192332869079,0.5936543213954714,0.33111674416325215,0.4858886835211296,0.7193825349448019
2991,0.8058339078817577,0.4840192332869079,0.5933663621829302,0.33111674416325215,0.48593581676782494,0.7192149494278153
2992,0.8047675887201935,0.4840192332869079,0.5930752483919971,0.33111674416325215,0.48598074422823945,0.7190820423955447
2993,0.8041857180286197,0.4840192332869079,0.5927809693012278,0.33111674416325215,0.48602347547784935,0.7189888943752498
2994,0.8040817636412105,0.4840192332869079,0.592483515176678,0.33111674416325215,0.4860640236228279,0.7189405201867148
2995,0.8044463822787501,0.4840192332869079,0.5921828773380545,0.33111674416325215,0.4861024052804428,0.7189432186191866
2996,0.8052675746802769,0.4840192332869079,0.5918790482247704,0.33111674416325215,0.48613864055421135,0.7189672314043927
2997,0.8065308625711383,0.4840192332869079,0.5915720214617864,0.33111674416325215,0.4861727530039607,0.7190113866127885
2998,0.8082194836382501,0.4840192332869079,0.59126179192513,0.33111674416325215,0.4862047696109519,0.7190751378561439
2999,0.810314600463648,0.4840192332869079,0.5909483558069809,0.33111674416325215,0.4862347207382365,0.7191581314400767
3000,0.8127955193038255,0.4840192332869079,0.590631710680208,0.33111674416325215,0.48626264008642106,0.719260096796165
3001,0.8156399146865961,0.4840192332869079,0.5903118555622487,0.33111674416325215,0.4862885646450227,0.7193808018487924
3002,0.8188240560125154,0.4840192332869079,0.5899887909782183,0.33111674416325215,0.4863125346396006,0.7195200295005731
3003,0.8223230326711679,0.4840192332869079,0.5896625190231397,0.33111674416325215,0.48633459347484026,0.7196775628032862
3004,0.8261109745869596,0.4840192332869079,0.5893330434231822,0.33111674416325215,0.4863547876737586,0.7198531742437263
3005,0.8301612655661962,0.4840192332869079,0.5890003695958045,0.33111674416325215,0.48637316681316045,0.7200466171849418
3006,0.8344467472998316,0.4840192332869079,0.5886645047086885,0.33111674416325215,0.4863897834554222,0.7202576185426928
3007,0.8389399123596194,0.4840192332869079,0.5883254577373646,0.33111674416325215,0.48640469307657463,0.7204858722479166
3008,0.8436130849887611,0.4840192332869079,0.5879832395214185,0.33111674416325215,0.4864179539904613,0.7207310332815869
3009,0.848438588915291,0.4840192332869079,0.5876378628191806,0.33111674416325215,0.486429627268417,0.720992712195751
3010,0.8533889017961243,0.4840192332869079,0.5872893423607947,0.33111674416325215,0.48643977665328325,0.7212704701076362
3011,0.8584367962250941,0.4840192332869079,0.5869376948995693,0.33111674416325215,0.4864484684654068,0.7215638141972491
3012,0.8635554675068339,0.4840192332869079,0.5865829392615133,0.33111674416325215,0.4864557714959249,0.7218721937649092
3013,0.8687186486107741,0.4840192332869079,0.5862250963929629,0.33111674416325215,0.48646175687776044,0.7221949969198181
3014,0.873900712879233,0.4840192332869079,0.5858641894062078,0.33111674416325215,0.48646649791366264,0.7225315479772983
3015,0.8790767651758559,0.4840192332869079,0.5855002436230277,0.33111674416325215,0.48647006981279095,0.7228811056425521
3016,0.8842227222319945,0.4840192332869079,0.5851332866160526,0.33111674416325215,0.4864725492065084,0.7232428620537092
3017,0.8893153829860448,0.4840192332869079,0.5847633482478656,0.33111674416325215,0.4864740130222253,0.7236159427472776
3018,0.8943324897214775,0.4840192332869079,0.5843904607077641,0.33111674416325215,0.4864745347648174,0.7239994075953965
3019,0.8992527808002854,0.4840192332869079,0.584014658546106,0.33111674416325215,0.48647415650497294,0.7243922527471056
3020,0.9040560357663819,0.4840192332869079,0.5836359787061661,0.33111674416325215,0.4864730703099445,0.7247934135857619
3021,0.9087231135642457,0.4840192332869079,0.5832544605534308,0.33111674416325215,0.4864713956587015,0.7252017686924513
3022,0.9132359845874237,0.4840192332869079,0.582870145902267,0.33111674416325215,0.4864692380723321,0.7256161447815735
3023,0.9175777572447829,0.4840192332869079,0.5824830790398982,0.33111674416325215,0.48646669670007586,0.7260353225505888
3024,0.9217326997150536,0.4840192332869079,0.5820933067476326,0.33111674416325215,0.4864638668413951,0.7264580433621577
3025,0.9256862575582226,0.4840192332869079,0.5817008783192827,0.33111674416325215,0.4864608410800327,0.7268830166545682
3026,0.9294250678731472,0.4840192332869079,0.5813058455767287,0.33111674416325215,0.4864577098727946,0.7273089279563516
3027,0.9329369707445752,0.4840192332869079,0.5809082628825736,0.33111674416325215,0.48645456187766517,0.7277344473642504
3028,0.9362110188250421,0.4840192332869079,0.5805081871498475,0.33111674416325215,0.4864514841407904,0.7281582383309488
3029,0.939237486072712,0.4840192332869079,0.5801056778487238,0.33111674416325215,0.4864485622002364,0.728578966600821
3030,0.9420078769574475,0.4840192332869079,0.5797007970102037,0.33111674416325215,0.48644588013758017,0.7289953091287774
3031,0.9445149379294696,0.4840192332869079,0.5792936092267451,0.33111674416325215,0.48644352059531554,0.7294059628192531
3032,0.9467526737584188,0.4840192332869079,0.5788841816498036,0.33111674416325215,0.4864415647711206,0.7298096529294288
3033,0.9487163727723749,0.4840192332869079,0.578472583984261,0.33111674416325215,0.48644009239611447,0.7302051409925857
3034,0.9504026476383591,0.4840192332869079,0.5780588884797271,0.33111674416325215,0.48643918170188044,0.7305912321335558
3035,0.9518095034512821,0.4840192332869079,0.5776431699186917,0.33111674416325215,0.4864389093795714,0.730966781667866
3036,0.9529364558623824,0.4840192332869079,0.5772255056015243,0.33111674416325215,0.4864393505334588,0.7313307008985186
3037,0.9537847483045729,0.4840192332869079,0.5768059753283071,0.33111674416325215,0.4864405786306551,0.7316819620485209
3038,0.9543577917365716,0.4840192332869079,0.5763846613775052,0.33111674416325215,0.4864426654482956,0.732019602292295
3039,0.954662219677828,0.4840192332869079,0.5759616484814705,0.33111674416325215,0.4864456810191655,0.7323427268740408
3040,0.9547114792907365,0.4840192332869079,0.5755370237987897,0.33111674416325215,0.4864496935765248,0.7326505113251051
3041,0.954568585201043,0.4840192332869079,0.5751108768834836,0.33111674416325215,0.4864547694987315,0.7329422028146757
3042,0.9542156594127944,0.4840192332869079,0.5746832996510743,0.33111674416325215,0.48646097325413684,0.7332171206880135
3043,0.9536448402015291,0.4840192332869079,0.5742543863415377,0.33111674416325215,0.4864683673466323,0.7334746562634704
3044,0.9528514654661783,0.4840192332869079,0.5738242334791657,0.33111674416325215,0.48647701226216367,0.7337142719734069
3045,0.9518326429752059,0.4840192332869079,0.5733929398293621,0.33111674416325215,0.48648696641647027,0.7339354999446106
3046,0.9505867218286177,0.4840192332869079,0.5729606063524095,0.33111674416325215,0.48649828610426094,0.7341379401209217
3047,0.9491130449997871,0.4840192332869079,0.5725273361542353,0.33111674416325215,0.4865110254500142,0.7343212580345739
3048,0.9474118182192341,0.4840192332869079,0.5720932344342217,0.33111674416325215,0.4865252363605503,0.7344851823334567
3049,0.9454840359260591,0.4840192332869079,0.5716584084300992,0.33111674416325215,0.48654096847951495,0.7346295021693661
3050,0.9433314386658502,0.4840192332869079,0.5712229673599764,0.33111674416325215,0.4865582691438854,0.7347540645476756
3051,0.940956489382668,0.4840192332869079,0.5707870223615488,0.33111674416325215,0.48657718334260414,0.734858771732043
3052,0.9383623618577229,0.4840192332869079,0.5703506864285502,0.33111674416325215,0.4865977536774288,0.7349435787891659
3053,0.9355529373897064,0.4840192332869079,0.5699140743445013,0.33111674416325215,0.48662002032607754,0.7350084913485193
3054,0.9325328073078152,0.4840192332869079,0.5694773026138157,0.33111674416325215,0.4866440210077454,0.73505356364078
3055,0.9293072797386398,0.4840192332869079,0.5690404893903369,0.33111674416325215,0.4866697909510562,0.7350788968665445
3056,0.9258823895251439,0.4840192332869079,0.5686037544033665,0.33111674416325215,0.4866973628645098,0.7350846379342206
3057,0.9222649104743307,0.4840192332869079,0.5681672188812649,0.33111674416325215,0.48672676690948236,0.7350709785928214
3058,0.9184623692706952,0.4840192332869079,0.5677310054726948,0.33111674416325215,0.48675803067582996,0.7350381549719869
3059,0.9144830604795987,0.4840192332869079,0.5672952381655914,0.33111674416325215,0.48679117916014436,0.7349864475280584
3060,0.9103360621037718,0.4840192332869079,0.56686004220394,0.33111674416325215,0.4868262347467054,0.7349161813815517
3061,0.9060312511625133,0.4840192332869079,0.566425544002447,0.33111674416325215,0.4868632171911732,0.7348277270180701
3062,0.9015793187462516,0.4840192332869079,0.5659918710591949,0.33111674416325215,0.48690214360705725,0.7347215013116835
3063,0.8969917839652951,0.4840192332869079,0.5655591518663704,0.33111674416325215,0.4869430284550019,0.7345979688172646
3064,0.8922810061651343,0.4840192332869079,0.5651275158191624,0.33111674416325215,0.48698588353492134,0.7344576432663882
3065,0.8874601947250219,0.4840192332869079,0.5646970931229272,0.33111674416325215,0.48703071798101294,0.7343010891904169
3066,0.8825434156946408,0.4840192332869079,0.5642680146987181,0.33111674416325215,0.4870775382596849,0.7341289235845772
3067,0.8775455944583055,0.4840192332869079,0.563840412087284,0.33111674416325215,0.4871263481704169,0.7339418175185274
3068,0.8724825135502629,0.4840192332869079,0.5634144173516413,0.33111674416325215,0.4871771488495837,0.7337404975924449
3069,0.8673708046815348,0.4840192332869079,0.5629901629783238,0.33111674416325215,0.4872299387772591,0.7335257471334585
3070,0.8622279339820824,0.4840192332869079,0.5625677817774206,0.33111674416325215,0.4872847137870212,0.7332984070256838
3071,0.8570721794161096,0.4840192332869079,0.562147406781514,0.33111674416325215,0.48734146707877085,0.7330593760685795
3072,0.8519225992978722,0.4840192332869079,0.5617291711436246,0.33111674416325215,0.48740018923457856,0.7328096107631846
3073,0.8467989908258301,0.4840192332869079,0.5613132080342845,0.33111674416325215,0.48746086823756546,0.7325501244342777
3074,0.8417218375702186,0.4840192332869079,0.5608996505378475,0.33111674416325215,0.48752348949382346,0.732281985608781
3075,0.8367122448994179,0.4840192332869079,0.5604886315481562,0.33111674416325215,0.4875880358573782,0.7320063155868392
3076,0.831791862420184,0.4840192332869079,0.560080283663684,0.33111674416325215,0.48765448765818653,0.7317242851617676
3077,0.8269827926420611,0.4840192332869079,0.5596747390822694,0.33111674416325215,0.48772282273316664,0.7314371104681416
3078,0.8223074852626148,0.4840192332869079,0.5592721294955623,0.33111674416325215,0.4877930164602455,0.731146047963123
3079,0.8177886167118046,0.4840192332869079,0.5588725859833049,0.33111674416325215,0.48786504179540824,0.7308523885739258
3080,0.813448954893338,0.4840192332869079,0.5584762389075645,0.33111674416325215,0.4879388693127292,0.7305574510731572
3081,0.8093112094181116,0.4840192332869079,0.5580832178070417,0.33111674416325215,0.48801446724735925,0.7302625747725147
3082,0.8053978680365561,0.4840192332869079,0.5576936512915768,0.33111674416325215,0.4880918015414352,0.7299691116527813
3083,0.8017310204355966,0.4840192332869079,0.5573076669369722,0.33111674416325215,0.4881708358928805,0.7296784180729933
3084,0.7983321710604007,0.4840192332869079,0.5569253911802554,0.33111674416325215,0.48825153180705144,0.7293918462228667
3085,0.7952220431347986,0.4840192332869079,0.556546949215502,0.33111674416325215,0.4883338486511843,0.7291107354990339
3086,0.7924203765663768,0.4840192332869079,0.5561724648903397,0.33111674416325215,0.488417743711592,0.7288364039965232
3087,0.789945722907874,0.4840192332869079,0.5558020606032547,0.33111674416325215,0.48850317225355083,0.7285701403117408
3088,0.7878152409778681,0.4840192332869079,0.5554358572018155,0.33111674416325215,0.4885900875838162,0.7283131958519161
3089,0.78604449709166,0.4840192332869079,0.5550739738819387,0.33111674416325215,0.4886784411156969,0.7280667778389711
3090,0.7846472740892498,0.4840192332869079,0.5547165280883073,0.33111674416325215,0.48876818243661635,0.727832043184141
3091,0.7836353934460331,0.4840192332869079,0.5543636354160605,0.33111674416325215,0.4888592593780789,0.7276100933952505
3092,0.7830185546934998,0.4840192332869079,0.5540154095138704,0.33111674416325215,0.4889516180879569,0.7274019706642697
3093,0.7828041961499639,0.4840192332869079,0.5536719619885148,0.33111674416325215,0.48904520310500915,0.7272086552732385
3094,0.7829973805632168,0.4840192332869079,0.5533334023110564,0.33111674416325215,0.48913995743553407,0.7270310644594504
3095,0.7836007087069663,0.4840192332869079,0.5529998377247434,0.33111674416325215,0.48923582263205734,0.7268700529091268
3096,0.7846142632711971,0.4840192332869079,0.5526713731547295,0.33111674416325215,0.4893327388739473,0.7267264151280711
3097,0.7860355845736238,0.4840192332869079,0.5523481111197212,0.33111674416325215,0.48943064504985023,0.7266008901210157
3098,0.7878596787339939,0.4840192332869079,0.5520301516456553,0.33111674416325215,0.4895294788418269,0.7264941692218189
3099,0.7900790580393314,0.4840192332869079,0.5517175921815028,0.33111674416325215,0.48962917681107226,0.7264069088756449
3100,0.7926838123324901,0.4840192332869079,0.5514105275172964,0.33111674416325215,0.4897296744850972,0.726339752651521
3101,0.7956617094231141,0.4840192332869079,0.5511090497044738,0.33111674416325215,0.4898309064462385,0.7262933743371808
3102,0.7989983217886644,0.4840192332869079,0.5508132479786279,0.33111674416325215,0.4899328064213734,0.7262685846000171
3103,0.802677176234922,0.4840192332869079,0.550523208684749,0.33111674416325215,0.49003530737269646,0.7262667584912003
3104,0.8066799227418304,0.4840192332869079,0.5502390152050433,0.33111674416325215,0.49013834158942704,0.7263705150470449
3105,0.8109865184422367,0.4840192332869079,0.5499607478894059,0.33111674416325215,0.4902418407803041,0.7265527222103334
3106,0.8155754225679955,0.4840192332869079,0.5496884839886256,0.33111674416325215,0.4903457361667244,0.726775414728737
3107,0.8204237982402617,0.4840192332869079,0.5494222975903936,0.33111674416325215,0.49044995857638335,0.7269938069694811
3108,0.8255077171611138,0.4840192332869079,0.5491622595581815,0.33111674416325215,0.49055443853726666,0.7271630623567078
3109,0.8308023635587647,0.4840192332869079,0.5489084374730567,0.33111674416325215,0.4906591063718497,0.7272462726203122
3110,0.8362822341222064,0.4840192332869079,0.5486608955784921,0.33111674416325215,0.4907638922913516,0.7272225394426962
3111,0.8419213311058179,0.4840192332869079,0.548419694728227,0.33111674416325215,0.4908687264898976,0.7270933638138274
3112,0.8476933462639297,0.4840192332869079,0.5481848923372309,0.33111674416325215,0.4909735392384399,0.7268850603319927
3113,0.8535718337656574,0.4840192332869079,0.5479565423358164,0.33111674416325215,0.4910782609782859,0.7266453521021843
3114,0.8595303707211484,0.4840192332869079,0.5477346951269452,0.33111674416325215,0.4911828224140849,0.7264338864343294
3115,0.8655427044054299,0.4840192332869079,0.5475193975467607,0.33111674416325215,0.49128715460612987,0.7263085454098394
3116,0.8715828856831768,0.4840192332869079,0.547310692828389,0.33111674416325215,0.4913911890618206,0.7263116579967909
3117,0.8776253885089569,0.4840192332869079,0.5471086205690284,0.33111674416325215,0.49149485782615177,0.7263560754634221
3118,0.8836452156983364,0.4840192332869079,0.5469132167003565,0.33111674416325215,0.4915980935710756,0.7264390158592724
3119,0.8896179914343421,0.4840192332869079,0.5467245134622732,0.33111674416325215,0.49170082968360523,0.7265579670159105
3120,0.8955200411922645,0.4840192332869079,0.5465425393799938,0.33111674416325215,0.4918030003525182,0.7267100932315878
3121,0.901328459936602,0.4840192332869079,0.5463673192445032,0.33111674416325215,0.4919045406535271,0.7268921001597347
3122,0.9070211695714239,0.4840192332869079,0.546198874096375,0.33111674416325215,0.4920053866327872,0.7271001876656887
3123,0.9125769667147552,0.4840192332869079,0.5460372212129574,0.33111674416325215,0.4921054753886138,0.7273300348775155
3124,0.9179755619244931,0.4840192332869079,0.5458823740989227,0.33111674416325215,0.4922047451512877,0.7275768068450765
3125,0.9231976115339573,0.4840192332869079,0.5457343424801683,0.33111674416325215,0.49230313536083026,0.7278351835359008
3126,0.9282247432657994,0.4840192332869079,0.5455931323010584,0.33111674416325215,0.4924005867426344,0.7280994152729735
3127,0.9330395767904107,0.4840192332869079,0.5454587457249908,0.33111674416325215,0.49249704138084494,0.7283634091228156
3128,0.9376257403865887,0.4840192332869079,0.5453311811382581,0.33111674416325215,0.49259244278938275,0.7286208494140914
3129,0.9419678848568942,0.4840192332869079,0.5452104331571883,0.33111674416325215,0.49268673598051743,0.7288653529307927
3130,0.9460516958592029,0.4840192332869079,0.5450964926385233,0.33111674416325215,0.49277986753089514,0.7290906556925612
3131,0.949863905855522,0.4840192332869079,0.5449893466930037,0.33111674416325215,0.4928717856449349,0.7292908240325181
3132,0.9533923069740244,0.4840192332869079,0.5448889787021229,0.33111674416325215,0.4929624402155158,0.7294604785033388
3133,0.9566257662715092,0.4840192332869079,0.5447953683380026,0.33111674416325215,0.4930517828818768,0.729595015705683
3134,0.9595542452438247,0.4840192332869079,0.5447084915863432,0.33111674416325215,0.4931397670846649,0.7296908111693077
3135,0.9621688260976299,0.4840192332869079,0.5446283207723989,0.33111674416325215,0.49322634811806815,0.7297453865000773
3136,0.9644617485416975,0.4840192332869079,0.5445548245899213,0.33111674416325215,0.49331148317897733,0.7297575263872581
3137,0.9664264632689229,0.4840192332869079,0.5444879681330107,0.33111674416325215,0.49339513141313085,0.729727335563508
3138,0.9680577132677143,0.4840192332869079,0.5444277129308172,0.33111674416325215,0.4934772539581947,0.7296562318026749
3139,0.9693516652692815,0.4840192332869079,0.5443740169850217,0.33111674416325215,0.49355781398374726,0.7295468775770739
3140,0.9703061421169605,0.4840192332869079,0.5443268348100291,0.33111674416325215,0.49363677672813466,0.72940305900418
3141,0.9709210943480443,0.4840192332869079,0.5442861174758032,0.33111674416325215,0.4937141095321761,0.7292295252415013
3142,0.971199813002718,0.4840192332869079,0.5442518126532667,0.33111674416325215,0.49378978186970085,0.7290318039112885
3143,0.9711541789850545,0.4840192332869079,0.5442238646621911,0.33111674416325215,0.49386376537490445,0.7288160082592827
3144,0.970664602612447,0.4840192332869079,0.544202214521492,0.33111674416325215,0.49393603386652424,0.7285886498013977
3145,0.9697138219447445,0.4840192332869079,0.5441868000018533,0.33111674416325215,0.4940065633688294,0.7283564667311532
3146,0.9682935164701117,0.4840192332869079,0.5441775556805927,0.33111674416325215,0.49407533212943616,0.7281262740499841
3147,0.9664001212502087,0.4840192332869079,0.5441744129986801,0.33111674416325215,0.4941423206339607,0.7279048369567895
3148,0.9640337467436718,0.4840192332869079,0.544177300319824,0.33111674416325215,0.4942075116175267,0.7276987651354354
3149,0.9611977731606477,0.4840192332869079,0.5441861429915346,0.33111674416325215,0.4942708900731524,0.7275144228063518
3150,0.9578986667687626,0.4840192332869079,0.5442008634080693,0.33111674416325215,0.4943324432570452,0.7273578485500752
3151,0.9541458817506672,0.4840192332869079,0.544221381075174,0.33111674416325215,0.49439216069083847,0.7272346818366872
3152,0.9499517941262398,0.4840192332869079,0.5442476126765183,0.33111674416325215,0.4944500341608084,0.7271501068054256
3153,0.9453316426810835,0.4840192332869079,0.5442794721417357,0.33111674416325215,0.49450605771411366,0.7271088858083602
3154,0.9403034635094991,0.4840192332869079,0.5443168707159705,0.33111674416325215,0.49456022765210644,0.7271160784715538
3155,0.934888010295136,0.4840192332869079,0.5443597170308351,0.33111674416325215,0.4946125425207661,0.7271618103844796
3156,0.9291086554194111,0.4840192332869079,0.5444079171766826,0.33111674416325215,0.49466300309830813,0.7272447724055591
3157,0.9229912688050165,0.4840192332869079,0.5444613747760938,0.33111674416325215,0.4947116123800313,0.7273635216565932
3158,0.9165640726669981,0.4840192332869079,0.5445199910584867,0.33111674416325215,0.49475837556046215,0.7275160843086377
3159,0.9098574713296181,0.4840192332869079,0.5445836649357473,0.33111674416325215,0.4948033000128623,0.7276998407339251
3160,0.9029038561020284,0.4840192332869079,0.544652293078787,0.33111674416325215,0.49484639526616686,0.7279114887621586
3161,0.8957373859495685,0.4840192332869079,0.544725769994931,0.33111674416325215,0.49488767297942454,0.7281470536880287
3162,0.8883937453756957,0.4840192332869079,0.544803988106038,0.33111674416325215,0.4949271469138112,0.7284019386442497
3163,0.8809098815498682,0.4840192332869079,0.544886837827262,0.33111674416325215,0.49496483290229204,0.7286710130716391
3164,0.873323723277723,0.4840192332869079,0.5449742076463566,0.33111674416325215,0.49500074881700806,0.7289487359816963
3165,0.8656738849061274,0.4840192332869079,0.5450659842034342,0.33111674416325215,0.49503491453446424,0.7292293080868425
3166,0.8579993586801777,0.4840192332869079,0.5451620523710816,0.33111674416325215,0.49506735189860085,0.729506844037727
3167,0.8503391994153612,0.4840192332869079,0.5452622953347476,0.33111674416325215,0.4950980846818236,0.7297755537597397
3168,0.8427322056104316,0.4840192332869079,0.5453665946733103,0.33111674416325215,0.4951271385440766,0.7300299207553798
3169,0.8352166013011946,0.4840192332869079,0.5454748304397355,0.33111674416325215,0.4951545409900386,0.7302648655140097
3170,0.8278297230401085,0.4840192332869079,0.5455868812417443,0.33111674416325215,0.4951803213245235,0.7304758838483809
3171,0.8206077163806191,0.4840192332869079,0.545702624322401,0.33111674416325215,0.4952045106061683,0.7306591527995451
3172,0.8135852461488482,0.4840192332869079,0.5458219356405437,0.33111674416325215,0.49522714159948983,0.730811600265331
3173,0.8067952246000798,0.4840192332869079,0.5459446899509734,0.33111674416325215,0.49524824872539347,0.7309309381713067
3174,0.8002685612855813,0.4840192332869079,0.5460707608843246,0.33111674416325215,0.4952678680102172,0.7310156623034458
3175,0.7940339380997494,0.4840192332869079,0.5462000210265462,0.33111674416325215,0.4952860370333956,0.7310650244680661
3176,0.7881176125424953,0.4840192332869079,0.546332341997911,0.33111674416325215,0.49530279487382706,0.7310789842223091
3177,0.7825432517228545,0.4840192332869079,0.5464675945314887,0.33111674416325215,0.49531818205503864,0.7310581479939999
3178,0.7773317990547507,0.4840192332869079,0.5466056485510136,0.33111674416325215,0.495332240489235,0.7310037030964694
3179,0.7725013749650086,0.4840192332869079,0.5467463732480765,0.33111674416325215,0.4953450134203397,0.7309173531458923
3180,0.7680672122605591,0.4840192332869079,0.5468896371585829,0.33111674416325215,0.4953565453661423,0.730801259940932
3181,0.7640416261030194,0.4840192332869079,0.5470353082384116,0.33111674416325215,0.49536688205969004,0.7306579951846539
3182,0.7604340178342571,0.4840192332869079,0.5471832539382201,0.33111674416325215,0.4953760703901033,0.7304905036869607
3183,0.7572509112084658,0.4840192332869079,0.5473333412773393,0.33111674416325215,0.495384158343058,0.7303020779949643
3184,0.7544960189383736,0.4840192332869079,0.5474854369167034,0.33111674416325215,0.49539119494129724,0.7300963428203168
3185,0.7521703368792015,0.4840192332869079,0.5476394072307698,0.33111674416325215,0.49539723018574144,0.7298772461950301
3186,0.7502722626759506,0.4840192332869079,0.5477951183783789,0.33111674416325215,0.49540231499816756,0.7296490530100933
3187,0.74879773530631,0.4840192332869079,0.5479524363725115,0.33111674416325215,0.49540650116721935,0.729416335510596
3188,0.7477403916769194,0.4840192332869079,0.5481112271489029,0.33111674416325215,0.49540984130121685,0.729183954514244
3189,0.7470917362829691,0.4840192332869079,0.5482713566334777,0.33111674416325215,0.4954123887952488,0.7289570247239899
3190,0.7468413199216944,0.4840192332869079,0.5484326908085667,0.33111674416325215,0.49541419783080304,0.7287408577282234
3191,0.7469769235542107,0.4840192332869079,0.5485950957778811,0.33111674416325215,0.495415323461079,0.7285408774113857
3192,0.7474847436262874,0.4840192332869079,0.5487584378302086,0.33111674416325215,0.4954158219881179,0.7283625049308988
3193,0.7483495754710311,0.4840192332869079,0.5489225835018128,0.33111674416325215,0.4954157530841354,0.7282110148133382
3194,0.7495549918054262,0.4840192332869079,0.5490873996375076,0.33111674416325215,0.49541511975500385,0.7280913717324131
3195,0.751083513776597,0.4840192332869079,0.5492527534503955,0.33111674416325215,0.49541397999820735,0.7280080753900481
3196,0.7529167724903961,0.4840192332869079,0.5494185125802467,0.33111674416325215,0.4954123961984176,0.7279651028824486
3197,0.7550356594433748,0.4840192332869079,0.5495845451505128,0.33111674416325215,0.4954104327763573,0.7279664918943497
3198,0.7574204647603464,0.4840192332869079,0.5497507198239623,0.33111674416325215,0.4954081554354068,0.7279838610524894
3199,0.7600510025976245,0.4840192332869079,0.5499169058569341,0.33111674416325215,0.4954056307806441,0.7280163638405752
3200,0.7629067234940116,0.4840192332869079,0.5500829731522072,0.33111674416325215,0.495402926074383,0.7280635002515959
3201,0.7659668138287982,0.4840192332869079,0.5502487923104864,0.33111674416325215,0.4954001090547519,0.7281248580810833
3202,0.7692102828728377,0.4840192332869079,0.5504142346805093,0.33111674416325215,0.49539724778792493,0.7282000494963069
3203,0.7726160381927946,0.4840192332869079,0.5505791724077823,0.33111674416325215,0.4953944105402352,0.7282886871267104
3204,0.7761629503899893,0.4840192332869079,0.5507434784819583,0.33111674416325215,0.49539166566297166,0.7283903734375147
3205,0.77982990832609,0.4840192332869079,0.5509070267828697,0.33111674416325215,0.4953890814857889,0.728504695890678
3206,0.78359586611169,0.4840192332869079,0.5510696921252366,0.33111674416325215,0.49538672621628266,0.7286312250756697
3207,0.7874398832150179,0.4840192332869079,0.551231350302074,0.33111674416325215,0.49538466784419155,0.7287695145408495
3208,0.7913411590914056,0.4840192332869079,0.551391878126821,0.33111674416325215,0.4953829740492234,0.7289191016691509
3209,0.7952790637444597,0.4840192332869079,0.5515511534742288,0.33111674416325215,0.49538171211183424,0.7290795092171238
3210,0.7992331656116326,0.4840192332869079,0.5517090553200354,0.33111674416325215,0.49538094882650147,0.7292502472728951
3211,0.803183258124039,0.4840192332869079,0.5518654637794742,0.33111674416325215,0.49538075041718066,0.7294308154622569
3212,0.8071093862263639,0.4840192332869079,0.5520202601446522,0.33111674416325215,0.49538118245472024,0.7296207052752289
3213,0.8109918740603383,0.4840192332869079,0.5521733269208569,0.33111674416325215,0.4953823097760883,0.7298194024129702
3214,0.8148113549169114,0.4840192332869079,0.5523245478618365,0.33111674416325215,0.49538419640530873,0.7300263890741108
3215,0.8185488044498166,0.4840192332869079,0.5524738080041227,0.33111674416325215,0.49538690547603775,0.7302411461141853
3216,0.8221855780185771,0.4840192332869079,0.5526209937004591,0.33111674416325215,0.49539049915574274,0.7304631550238009
3217,0.8257034528939825,0.4840192332869079,0.5527659926524054,0.33111674416325215,0.4953950385714618,0.7306918996815018
3218,0.8290846759161671,0.4840192332869079,0.552908693942208,0.33111674416325215,0.4954005837371377,0.7309268678465134
3219,0.8323120170479346,0.4840192332869079,0.55304898806402,0.33111674416325215,0.49540719348253404,0.731167552364944
3220,0.8353688291190418,0.4840192332869079,0.5531867669545728,0.33111674416325215,0.4954149253837467,0.7314134520706773
3221,0.8382391139186073,0.4840192332869079,0.5533219240234114,0.33111674416325215,0.49542383569533444,0.7316640723691763
3222,0.8409075946754584,0.4840192332869079,0.5534543541828163,0.33111674416325215,0.49543397928409694,0.7319189254987434
3223,0.8433597948914427,0.4840192332869079,0.5535839538775513,0.33111674416325215,0.49544540956453204,0.7321775304694492
3224,0.8455821234987507,0.4840192332869079,0.5537106211145917,0.33111674416325215,0.4954581784360084,0.7324394126849882
3225,0.8475619664717702,0.4840192332869079,0.5538342554930097,0.33111674416325215,0.4954723362216959,0.7327041032571563
3226,0.8492877854872536,0.4840192332869079,0.5539547582342181,0.33111674416325215,0.4954879316092917,0.7329711380265428
3227,0.8507492253348403,0.4840192332869079,0.554072032212795,0.33111674416325215,0.49550501159358906,0.7332400563064427
3228,0.8519372344003856,0.4840192332869079,0.5541859819881617,0.33111674416325215,0.49552362142093387,0.7335103993699997
3229,0.8528442092150714,0.4840192332869079,0.5542965138374064,0.33111674416325215,0.4955438045356149,0.7337817087033027
3230,0.8534641937856644,0.4840192332869079,0.5544035357896214,0.33111674416325215,0.49556560252823667,0.734053524049632
3231,0.853793239827649,0.4840192332869079,0.5545069576621632,0.33111674416325215,0.49558905508612267,0.7343253812724256
3232,0.8538305062614432,0.4840192332869079,0.5546066910993384,0.33111674416325215,0.49561419994580064,0.7345968100668827
3233,0.853601073626347,0.4840192332869079,0.5547026496141149,0.33111674416325215,0.4956410728476155,0.7348673315525208
3234,0.8530995757702118,0.4840192332869079,0.5547947486335789,0.33111674416325215,0.4956697074925229,0.7351364557815604
3235,0.8523240593809376,0.4840192332869079,0.5548829055490316,0.33111674416325215,0.49570013550111247,0.7354036792007479
3236,0.8512745479548763,0.4840192332869079,0.5549670397718258,0.33111674416325215,0.49573238637490735,0.735668482107201
3237,0.8499527632860603,0.4840192332869079,0.5550470727963311,0.33111674416325215,0.49576648745999413,0.7359303261420898
3238,0.8483620462199424,0.4840192332869079,0.5551229282717866,0.33111674416325215,0.4958024639130257,0.7361886518694086
3239,0.8465073350564352,0.4840192332869079,0.5551945320853268,0.33111674416325215,0.495840338669649,0.7364428764907329
3240,0.8443951629824857,0.4840192332869079,0.5552618124591707,0.33111674416325215,0.4958801324154018,0.7366923917505714
3241,0.8420336602659912,0.4840192332869079,0.5553247000659736,0.33111674416325215,0.4959218635591249,0.7369365620906283
3242,0.8394325547895637,0.4840192332869079,0.5553831281678018,0.33111674416325215,0.49596554820893235,0.7371747231147906
3243,0.8366031675707827,0.4840192332869079,0.5554370327863364,0.33111674416325215,0.4960112001507856,0.7374061804297658
3244,0.8335584012847171,0.4840192332869079,0.5554863529151942,0.33111674416325215,0.4960588308297069,0.7376302089287602
3245,0.8303127204721751,0.4840192332869079,0.5555310307904039,0.33111674416325215,0.4961084493336769,0.7378460525871303
3246,0.8268821224581364,0.4840192332869079,0.5555710122435102,0.33111674416325215,0.496160062380248,0.7380529248392521
3247,0.8232840981774316,0.4840192332869079,0.5556062471762013,0.33111674416325215,0.49621367430591173,0.7382500096045912
3248,0.8195375821831558,0.4840192332869079,0.5556366902214533,0.33111674416325215,0.4962692870582497,0.7384364630277843
3249,0.8156628911366809,0.4840192332869079,0.5556623017067833,0.33111674416325215,0.4963269001908995,0.7386114159921243
3250,0.8116816500703491,0.4840192332869079,0.5556830491422059,0.33111674416325215,0.4963865108613603,0.7387739774578609
3251,0.8076167056923572,0.4840192332869079,0.5556989097096428,0.33111674416325215,0.49644811383166243,0.7389232386659327
3252,0.8034920259828184,0.4840192332869079,0.5557098749399881,0.33111674416325215,0.4965117014719217,0.7390582782339449
3253,0.7993325853246565,0.4840192332869079,0.5557159612959623,0.33111674416325215,0.49657726376679584,0.7391781681543204
3254,0.7951642344370349,0.4840192332869079,0.5557172443903052,0.33111674416325215,0.4966447883248535,0.7392819806846475
3255,0.7910135544467662,0.4840192332869079,0.5557142177548114,0.33111674416325215,0.49671426039086913,0.739368796097498
3256,0.7869076945586402,0.4840192332869079,0.5557066233469817,0.33111674416325215,0.49678566286104864,0.7394377112318373
3257,0.7828741929820042,0.4840192332869079,0.5556943236783104,0.33111674416325215,0.4968589763011848,0.7394878487611148
3258,0.7789407810494199,0.4840192332869079,0.5556772137693431,0.33111674416325215,0.4969341789677451,0.7395183670650525
3259,0.7751351708318478,0.4840192332869079,0.5556552040570248,0.33111674416325215,0.49701124683188014,0.7395284705639518
3260,0.7714848270171134,0.4840192332869079,0.5556282141922179,0.33111674416325215,0.49709015360634506,0.7395174203471941
3261,0.7680167243718643,0.4840192332869079,0.5555961701135348,0.33111674416325215,0.49717087077531796,0.7394845449027536
3262,0.7647570927421253,0.4840192332869079,0.5555590024451621,0.33111674416325215,0.4972533676270931,0.7394292507333222
3263,0.7617311522456874,0.4840192332869079,0.555516645530862,0.33111674416325215,0.49733761128962595,0.7393510326283803
3264,0.7589628420439344,0.4840192332869079,0.555469036811087,0.33111674416325215,0.4974235667689004,0.7392494833515115
3265,0.7564745468155407,0.4840192332869079,0.555416116401183,0.33111674416325215,0.4975111969900818,0.7391243024995188
3266,0.7542868257464711,0.4840192332869079,0.555357826795114,0.33111674416325215,0.4976004628414186,0.7389753042952993
3267,0.7524181494511611,0.4840192332869079,0.555294112651518,0.33111674416325215,0.4976913232208476,0.7388024240904674
3268,0.7508846506977901,0.4840192332869079,0.5552249206359875,0.33111674416325215,0.4977837350852523,0.7386057233764652
3269,0.7496998950773321,0.4840192332869079,0.5551501993030509,0.33111674416325215,0.49787765350232255,0.7383853931340357
3270,0.7488746777893895,0.4840192332869079,0.555069899006997,0.33111674416325215,0.49797303170495405,0.738141755389612
3271,0.7484168524870033,0.4840192332869079,0.5549839718341792,0.33111674416325215,0.49806982114812615,0.7378752628921771
3272,0.7483311976127469,0.4840192332869079,0.5548923715516673,0.33111674416325215,0.4981679715681882,0.7375864968737833
3273,0.7486193248733584,0.4840192332869079,0.554795053568581,0.33111674416325215,0.4982674310444798,0.7372761629092566
3274,0.7492796334640686,0.4840192332869079,0.5546919749074438,0.33111674416325215,0.4983681460632096,0.736945084943458
3275,0.7503073124103744,0.4840192332869079,0.554583094183576,0.33111674416325215,0.4984700615835085,0.7365941976055994
3276,0.751694392004703,0.4840192332869079,0.5544683715910399,0.33111674416325215,0.49857312110556945,0.7362245369773305
3277,0.7534298438506795,0.4840192332869079,0.5543477688939978,0.33111674416325215,0.4986772667407844,0.7358372300226098
3278,0.7554997275668885,0.4840192332869079,0.5542212494226004,0.33111674416325215,0.4987824392837823,0.7354334829211101
3279,0.7578873808226549,0.4840192332869079,0.5540887780727145,0.33111674416325215,0.49888857828626737,0.7350145685717607
3280,0.7605736481506862,0.4840192332869079,0.5539503213089441,0.33111674416325215,0.4989956221325571,0.7345818135482511
3281,0.7635371429628998,0.4840192332869079,0.5538058471705003,0.33111674416325215,0.49910350811671106,0.7341365847936023
3282,0.7667545364272464,0.4840192332869079,0.5536553252795717,0.33111674416325215,0.499212172521141,0.7336802763364721
3283,0.7702008663671928,0.4840192332869079,0.5534987268518954,0.33111674416325215,0.49932155069658934,0.7332142962983912
3284,0.7738498591256341,0.4840192332869079,0.5533360247092957,0.33111674416325215,0.4994315771433594,0.7327400544397058
3285,0.7776742573786554,0.4840192332869079,0.5531671932939852,0.33111674416325215,0.49954218559367813,0.7322589504640006
3286,0.7816461471653934,0.4840192332869079,0.5529922086844606,0.33111674416325215,0.4996533090950716,0.7317723632677987
3287,0.7857372778821914,0.4840192332869079,0.5528110486128486,0.33111674416325215,0.49976488009462683,0.7312816412860504
3288,0.7899193696303536,0.4840192332869079,0.552623692483574,0.33111674416325215,0.49987683052401793,0.7307880940460155
3289,0.7941644030631286,0.4840192332869079,0.5524301213932484,0.33111674416325215,0.49998909188516694,0.7302929850041778
3290,0.7984448877061201,0.4840192332869079,0.552230318151675,0.33111674416325215,0.5001015953364131,0.7297975257042342
3291,0.8027341055866828,0.4840192332869079,0.5520242673038893,0.33111674416325215,0.5002142717790592,0.7293028712601064
3292,0.8070063278675036,0.4840192332869079,0.5518119551531551,0.33111674416325215,0.500327051944166,0.7288101171373131
3293,0.8112370030088738,0.4840192332869079,0.551593369784846,0.33111674416325215,0.5004398664794666,0.7283202971794749
3294,0.8154029157606459,0.4840192332869079,0.5513685010911447,0.33111674416325215,0.500552646036264,0.7278343828046658
3295,0.8194823169918967,0.4840192332869079,0.5511373407964976,0.33111674416325215,0.5006653213561888,0.7273532832788284
3296,0.8234550249927358,0.4840192332869079,0.5508998824837672,0.33111674416325215,0.5007778233576818,0.7268778469604931
3297,0.8273024994221867,0.4840192332869079,0.5506561216210232,0.33111674416325215,0.5008900832220753,0.7264088634023007
3298,0.8310078895263859,0.4840192332869079,0.5504060555889193,0.33111674416325215,0.501002032479143,0.7259470661899281
3299,0.83455605861397,0.4840192332869079,0.5501496837085988,0.33111674416325215,0.5011136030919937,0.7254931363974506
3300,0.8379335870548699,0.4840192332869079,0.5498870072700784,0.33111674416325215,0.5012247275411831,0.7250477065394234
3301,0.8411287562721467,0.4840192332869079,0.5496180295610562,0.33111674416325215,0.5013353389079188,0.7246113649034162
3302,0.8441315163339117,0.4840192332869079,0.5493427558960908,0.33111674416325215,0.5014453709562429,0.7241846601518824
3303,0.8469334398368212,0.4840192332869079,0.5490611936461013,0.33111674416325215,0.5015547582140655,0.7237681060885273
3304,0.8495276648210239,0.4840192332869079,0.5487733522681305,0.33111674416325215,0.5016634360529435,0.7233621864913137
3305,0.8519088294916428,0.4840192332869079,0.5484792433353216,0.33111674416325215,0.5017713407664831,0.7229673599215113
3306,0.854073001576826,0.4840192332869079,0.5481788805670552,0.33111674416325215,0.5018784096472625,0.722584064425407
3307,0.8560176052786221,0.4840192332869079,0.5478722798591862,0.33111674416325215,0.5019845810621661,0.7222127220522403
3308,0.8577413490583392,0.4840192332869079,0.5475594593143329,0.33111674416325215,0.5020897945260296,0.7218537431184107
3309,0.8592441581066799,0.4840192332869079,0.5472404392721559,0.33111674416325215,0.5021939907734959,0.72150753015395
3310,0.860527116614824,0.4840192332869079,0.5469152423395709,0.33111674416325215,0.502297111828989,0.7211744814726537
3311,0.8615924276315313,0.4840192332869079,0.5465838934208418,0.33111674416325215,0.5023991010747151,0.7208549943121679
3312,0.8624434042131583,0.4840192332869079,0.5462464197474878,0.33111674416325215,0.5024999033166059,0.7205494674948729
3313,0.8630845199770351,0.4840192332869079,0.5459028509079528,0.33111674416325215,0.5025994648481217,0.7202583035647802
3314,0.8635215876657383,0.4840192332869079,0.5455532188769688,0.33111674416325215,0.5026977335118389,0.7199819103601199
3315,0.8637622776962519,0.4840192332869079,0.5451975580445592,0.33111674416325215,0.5027946587587495,0.719720701986176
3316,0.863817955448899,0.4840192332869079,0.544835905244612,0.33111674416325215,0.5028901917052074,0.7194750991586099
3317,0.863720558801537,0.4840192332869079,0.5444682997829698,0.33111674416325215,0.5029842851874571,0.7192455288945202
3318,0.8634573219322014,0.4840192332869079,0.5440947834649599,0.33111674416325215,0.5030768938136886,0.7190324235374272
3319,0.8630250167555241,0.4840192332869079,0.5437154006223139,0.33111674416325215,0.5031679740135689,0.7188362191141734
3320,0.8624231811908197,0.4840192332869079,0.5433301981394009,0.33111674416325215,0.5032574840852011,0.718657353037716
3321,0.8616528273890197,0.4840192332869079,0.5429392254787134,0.33111674416325215,0.5033453842394687,0.7184962611922799
3322,0.8607159605019493,0.4840192332869079,0.5425425347055424,0.33111674416325215,0.5034316366417323,0.7183533744706155
3323,0.8596153420505331,0.4840192332869079,0.5421401805117667,0.33111674416325215,0.5035162054508436,0.7182291148861341
3324,0.8583543539374504,0.4840192332869079,0.5417322202386993,0.33111674416325215,0.5035990568554521,0.718123891475906
3325,0.8569369123867461,0.4840192332869079,0.5413187138989168,0.33111674416325215,0.503680159107583,0.718038096396146
3326,0.8553674101160889,0.4840192332869079,0.5408997241970073,0.33111674416325215,0.5037594825534705,0.7179721020427389
3327,0.8536506761437114,0.4840192332869079,0.5404753165491698,0.33111674416325215,0.5038369996616342,0.7179262612438946
3328,0.8517919475064167,0.4840192332869079,0.5400455591015949,0.33111674416325215,0.5039126850481934,0.7179009170795138
3329,0.8497968495310984,0.4840192332869079,0.5396105227475627,0.33111674416325215,0.503986515499416,0.7178964560183471
3330,0.8476713825392319,0.4840192332869079,0.5391702811431889,0.33111674416325215,0.5040584699915064,0.7179142909313483
3331,0.845421913547364,0.4840192332869079,0.5387249107217522,0.33111674416325215,0.5041285297076397,0.7179541133667836
3332,0.843055171919817,0.4840192332869079,0.5382744907065364,0.33111674416325215,0.5041966780522524,0.7180157113384008
3333,0.8405782481617529,0.4840192332869079,0.5378191031221218,0.33111674416325215,0.5042629006626096,0.7180988295040167
3334,0.8379985951787445,0.4840192332869079,0.5373588328040595,0.33111674416325215,0.5043271854176639,0.7182031376240682
3335,0.8353240314098709,0.4840192332869079,0.5368937674068652,0.33111674416325215,0.5043895224442356,0.7183282177316126
3336,0.8325627452861061,0.4840192332869079,0.5364239974102654,0.33111674416325215,0.5044499041205396,0.7184735580472926
3337,0.8297233004869451,0.4840192332869079,0.5359496161236361,0.33111674416325215,0.5045083250770906,0.7186385505908222
3338,0.8268146414734495,0.4840192332869079,0.5354707196885711,0.33111674416325215,0.5045647821950254,0.7188224914355396
3339,0.8238460987702667,0.4840192332869079,0.5349874070795159,0.33111674416325215,0.5046192746018769,0.7190245831446199
3340,0.8208273934561059,0.4840192332869079,0.5344997801024114,0.33111674416325215,0.5046718036648472,0.7192439391216947
3341,0.8177686403042423,0.4840192332869079,0.5340079433912861,0.33111674416325215,0.5047223729816193,0.7194795896649154
3342,0.8146803489940602,0.4840192332869079,0.5335120044027406,0.33111674416325215,0.5047709883687614,0.7197304895167411
3343,0.8115734227934055,0.4840192332869079,0.5330120734082693,0.33111674416325215,0.5048176578477722,0.7199955266849082
3344,0.8084591540916857,0.4840192332869079,0.5325082634843636,0.33111674416325215,0.5048623916288184,0.7202735322881286
3345,0.8053492161473339,0.4840192332869079,0.5320006905003462,0.33111674416325215,0.5049052020922261,0.7205632911606321
3346,0.8022556504028793,0.4840192332869079,0.5314894731038858,0.33111674416325215,0.5049461037677799,0.7208635529368201
3347,0.7991908487190021,0.4840192332869079,0.5309747327041424,0.33111674416325215,0.5049851133118914,0.7211730433331835
3348,0.7961675298884703,0.4840192332869079,0.5304565934524996,0.33111674416325215,0.5050222494827001,0.7214904753500367
3349,0.7931987098147704,0.4840192332869079,0.5299351822208376,0.33111674416325215,0.5050575331131705,0.7218145601304247
3350,0.7902976647816664,0.4840192332869079,0.5294106285773054,0.33111674416325215,0.5050909870822496,0.7221440172368719
3351,0.787477887301928,0.4840192332869079,0.5288830647595554,0.33111674416325215,0.5051226362841555,0.7224775841370782
3352,0.7847530341188947,0.4840192332869079,0.528352625645399,0.33111674416325215,0.505152507595861,0.7228140247254103
3353,0.7821368660457608,0.4840192332869079,0.5278194487208543,0.33111674416325215,0.5051806298428414,0.7231521367461957
3354,0.7796431794661348,0.4840192332869079,0.5272836740455505,0.33111674416325215,0.5052070337631619,0.7234907580253708
3355,0.777285729486168,0.4840192332869079,0.5267454442154625,0.33111674416325215,0.5052317519699662,0.7238287714571279
3356,0.7750781449226865,0.4840192332869079,0.5262049043229501,0.33111674416325215,0.5052548189124395,0.7241651087302153
3357,0.7730338355309894,0.4840192332869079,0.5256622019140768,0.33111674416325215,0.505276270835312,0.7244987528131137
3358,0.7711658921162098,0.4840192332869079,0.5251174869431932,0.33111674416325215,0.5052961457369679,0.7248287392475026
3359,0.7694869804272462,0.4840192332869079,0.5245709117247641,0.33111674416325215,0.5053144833262175,0.7251541563245703
3360,0.7680092299942295,0.4840192332869079,0.5240226308824321,0.33111674416325215,0.5053313249777835,0.7254741442385807
3361,0.7667441193293056,0.4840192332869079,0.5234728012953012,0.33111674416325215,0.5053467136865387,0.7257878933266969
3362,0.7657023591547502,0.4840192332869079,0.5229215820414406,0.33111674416325215,0.5053606940205101,0.7260946415136866
3363,0.7648937755395179,0.4840192332869079,0.5223691343386049,0.33111674416325215,0.5053733120726285,0.7263936710852678
3364,0.7643271950024109,0.4840192332869079,0.5218156214821693,0.33111674416325215,0.5053846154111441,0.7266843049151486
3365,0.7640103337646716,0.4840192332869079,0.5212612087802904,0.33111674416325215,0.5053946530285333,0.7269659022689403
3366,0.76394969339597,0.4840192332869079,0.5207060634862958,0.33111674416325215,0.5054034752885498,0.7272378543038331
3367,0.7641504650867362,0.4840192332869079,0.5201503547283205,0.33111674416325215,0.5054111338707802,0.7274995793769049
3368,0.7646164446911392,0.4840192332869079,0.5195942534362039,0.33111674416325215,0.5054176817115102,0.7277505182678445
3369,0.7653499605171438,0.4840192332869079,0.519037932265671,0.33111674416325215,0.5054231729386497,0.7279901294142763
3370,0.7663518155958126,0.4840192332869079,0.5184815655198193,0.33111674416325215,0.5054276627962626,0.7282178842502542
3371,0.7676212458486711,0.4840192332869079,0.5179253290679472,0.33111674416325215,0.5054312075493469,0.7284332627312178
3372,0.7691558952010517,0.4840192332869079,0.5173694002617493,0.33111674416325215,0.5054338643472849,0.7286357491220318
3373,0.7709518082761363,0.4840192332869079,0.516813957848924,0.33111674416325215,0.5054356909890811,0.7288248281188421
3374,0.7730034408668294,0.4840192332869079,0.5162591818842314,0.33111674416325215,0.5054367454056816,0.7289999813704175
3375,0.7753036879400996,0.4840192332869079,0.5157052536380492,0.33111674416325215,0.5054370839921828,0.7291606844603956
3376,0.7778439285007721,0.4840192332869079,0.5151523555024775,0.33111674416325215,0.5054367481911367,0.7293064044083036
3377,0.7806140862475208,0.4840192332869079,0.514600670895049,0.33111674416325215,0.5054358365552766,0.7294365977442024
3378,0.7836027046093734,0.4840192332869079,0.5140503841601026,0.33111674416325215,0.5054344257712426,0.7295507092090452
3379,0.7867970344694051,0.4840192332869079,0.5135016804678859,0.33111674416325215,0.5054325877634706,0.7296481711300989
3380,0.7901831326725838,0.4840192332869079,0.5129547457114543,0.33111674416325215,0.5054303922702623,0.7297284035176665
3381,0.7937459692816994,0.4840192332869079,0.5124097664014413,0.33111674416325215,0.505427907719723,0.7297908149255622
3382,0.7974695414894628,0.4840192332869079,0.5118669295587762,0.33111674416325215,0.5054252016192681,0.7298348041129177
3383,0.8013369921127781,0.4840192332869079,0.5113264226054317,0.33111674416325215,0.5054223407496513,0.7298597625386057
3384,0.8053307306800387,0.4840192332869079,0.5107884332532867,0.33111674416325215,0.5054193912640826,0.7298650777114896
3385,0.809432555264693,0.4840192332869079,0.5102531493911959,0.33111674416325215,0.5054164187353108,0.7298501374095673
3386,0.8136237734071181,0.4840192332869079,0.5097207589703608,0.33111674416325215,0.5054134881716751,0.729814334768621
3387,0.8178853206900041,0.4840192332869079,0.5091914498881009,0.33111674416325215,0.5054106640134862,0.7297570742261072
3388,0.8221978757778827,0.4840192332869079,0.5086654098701271,0.33111674416325215,0.5054080101163672,0.7296777782886597
3389,0.8265419709876188,0.4840192332869079,0.5081428263514269,0.33111674416325215,0.5054055897256611,0.7295758950719057
3390,0.8308980977132752,0.4840192332869079,0.5076238863558697,0.33111674416325215,0.505403465444565,0.729450906539551
3391,0.8352468062769433,0.4840192332869079,0.507108776374649,0.33111674416325215,0.5054016991978015,0.7293023373453763
3392,0.8395688000098904,0.4840192332869079,0.5065976822436788,0.33111674416325215,0.5054003521920787,0.7291297641575283
3393,0.843845023580585,0.4840192332869079,0.5060907890200689,0.33111674416325215,0.5053994848742548,0.7289328253201428
3394,0.8480567457747042,0.4840192332869079,0.5055882808578003,0.33111674416325215,0.5053991568878763,0.7287112306838985
3395,0.8521856370958328,0.4840192332869079,0.5050903408827344,0.33111674416325215,0.5053994270285966,0.7284647714156836
3396,0.8562138426949629,0.4840192332869079,0.5045971510670871,0.33111674416325215,0.505400353198871,0.728193329579437
3397,0.8601240512546827,0.4840192332869079,0.504108892103499,0.33111674416325215,0.5054019923622373,0.7278968872666031
3398,0.8638995605548645,0.4840192332869079,0.5036257432788459,0.33111674416325215,0.5054044004974306,0.7275755350467309
3399,0.8675243405379354,0.4840192332869079,0.5031478823479265,0.33111674416325215,0.5054076325525367,0.7272294795076425
3400,0.8709830947839771,0.4840192332869079,0.5026754854071706,0.33111674416325215,0.5054117423993533,0.7268590496610938
3401,0.8742613214142994,0.4840192332869079,0.5022087267685136,0.33111674416325215,0.5054167827880994,0.7264647020045333
3402,0.8773453745896411,0.4840192332869079,0.5017477788335875,0.33111674416325215,0.5054228053026014,0.7260470240525715
3403,0.8802225279912606,0.4840192332869079,0.5012928119683705,0.33111674416325215,0.5054298603160524,0.7256067361828498
3404,0.8828810420273207,0.4840192332869079,0.5008439943784553,0.33111674416325215,0.5054379969474486,0.7251446916794173
3405,0.885310237090805,0.4840192332869079,0.5004014919850779,0.33111674416325215,0.505447263018779,0.7246618749013296
3406,0.887500576183358,0.4840192332869079,0.4999654683020686,0.33111674416325215,0.5054577050130454,0.7241593975533719
3407,0.8894437619424862,0.4840192332869079,0.49953608431387486,0.33111674416325215,0.5054693680331857,0.7236384930876997
3408,0.8911328562339523,0.4840192332869079,0.4991134983548095,0.33111674416325215,0.5054822957619557,0.7231005093175905
3409,0.892562436445422,0.4840192332869079,0.4986978659896801,0.33111674416325215,0.505496530422837,0.7225468993751983
3410,0.8937288148917704,0.4840192332869079,0.49828933989595564,0.33111674416325215,0.5055121127420209,0.7219792111919271
3411,0.8946303755558865,0.4840192332869079,0.49788806974762034,0.33111674416325215,0.505529081911524,0.7213990757207808
3412,0.8952681546820502,0.4840192332869079,0.49749420210087064,0.33111674416325215,0.5055474755534817,0.720808194153011
3413,0.8956470220935475,0.4840192332869079,0.49710788028180775,0.33111674416325215,0.5055673296856731,0.720208324405254
3414,0.8957788506746592,0.4840192332869079,0.49672924427627585,0.33111674416325215,0.5055886786883171,0.7196012671672496
3415,0.8956988472587747,0.4840192332869079,0.49635843062199525,0.33111674416325215,0.505611555272191,0.7189888518038567
3416,0.8953300533071336,0.4840192332869079,0.49599557230313795,0.33111674416325215,0.5056359904481086,0.7183729223985915
3417,0.8946447689718399,0.4840192332869079,0.495640798647493,0.33111674416325215,0.5056620134978034,0.7177553242100501
3418,0.8936248134105812,0.4840192332869079,0.495294235226359,0.33111674416325215,0.5056896519462597,0.7171378907884253
3419,0.8922568351497844,0.4840192332869079,0.49495600375731036,0.33111674416325215,0.5057189315355252,0.7165224319683737
3420,0.8905309363353332,0.4840192332869079,0.49462622200996803,0.33111674416325215,0.5057498762000517,0.7159107229183833
3421,0.8884401564822041,0.4840192332869079,0.4943050037149123,0.33111674416325215,0.505782508043598,0.715304494387378
3422,0.8859802708907804,0.4840192332869079,0.49399245847586226,0.33111674416325215,0.5058168473177326,0.7147054242483145
3423,0.8831497244966358,0.4840192332869079,0.4936886916852516,0.33111674416325215,0.5058529124019729,0.7141151303977207
3424,0.8799496268479888,0.4840192332869079,0.493393804443319,0.33111674416325215,0.505890719785598,0.713535165030988
3425,0.8763837719063432,0.4840192332869079,0.493107893480829,0.33111674416325215,0.5059302840511685,0.7129670102770606
3426,0.8724586624908279,0.4840192332869079,0.49283105108553643,0.33111674416325215,0.5059716178597853,0.712412075143948
3427,0.8681835269308835,0.4840192332869079,0.4925633650324973,0.33111674416325215,0.5060147319381237,0.7118716936989689
3428,0.8635703196532695,0.4840192332869079,0.4923049185183294,0.33111674416325215,0.5060596350672714,0.7113471243852424
3429,0.8586336999385951,0.4840192332869079,0.4920557900995157,0.33111674416325215,0.5061063340733998,0.7108395503588653
3430,0.8533909847905469,0.4840192332869079,0.49181605363483855,0.33111674416325215,0.5061548338203025,0.7103500807194354
3431,0.8478620731668793,0.4840192332869079,0.4915857782320287,0.33111674416325215,0.5062051372038223,0.7098797524999203
3432,0.8420693399182811,0.4840192332869079,0.4913650281987042,0.33111674416325215,0.5062572451481981,0.7094295332800118
3433,0.8360374987617939,0.4840192332869079,0.49115386299766783,0.33111674416325215,0.5063111566043523,0.7090003242897671
3434,0.8297934345197686,0.4840192332869079,0.4909523372066279,0.33111674416325215,0.5063668685501446,0.7085929638771767
3435,0.8233660056957127,0.4840192332869079,0.49076050048239445,0.33111674416325215,0.5064243759926118,0.7082082312241974
3436,0.8167858192325038,0.4840192332869079,0.49057839752960336,0.33111674416325215,0.5064836719722141,0.7078468502108258
3437,0.8100849799969627,0.4840192332869079,0.49040606807400705,0.33111674416325215,0.5065447475691032,0.7075094933464932
3438,0.8032968181461995,0.4840192332869079,0.4902435468403657,0.33111674416325215,0.5066075919114297,0.7071967857137864
3439,0.7964555980447556,0.4840192332869079,0.49009086353496767,0.33111674416325215,0.5066721921857018,0.7069093089038785
3440,0.7895962128094631,0.4840192332869079,0.48994804283279564,0.33111674416325215,0.5067385336492063,0.7066476049713522
3441,0.7827538688569134,0.4840192332869079,0.48981510436935205,0.33111674416325215,0.5068065996445005,0.7064121805084833
3442,0.7759637650163539,0.4840192332869079,0.48969206273714666,0.33111674416325215,0.5068763716159785,0.7062035110562415
3443,0.769260770852285,0.4840192332869079,0.48957892748684223,0.33111674416325215,0.5069478291285212,0.7060220462754903
3444,0.7626791088226751,0.4840192332869079,0.4894757031330491,0.33111674416325215,0.5070209498882227,0.7058682166996302
3445,0.7562520447891509,0.4840192332869079,0.4893823891647486,0.33111674416325215,0.5070957097651966,0.7057424437413392
3446,0.7500115912043697,0.4840192332869079,0.4892989800603189,0.33111674416325215,0.5071720828184548,0.7056451566978102
3447,0.7439882270384498,0.4840192332869079,0.4892254653071301,0.33111674416325215,0.5072500413228516,0.7055768264895544
3448,0.7382106381793982,0.4840192332869079,0.48916182942566944,0.33111674416325215,0.5073295557980799,0.7055380483366166
3449,0.7327054816590816,0.4840192332869079,0.4891080519981449,0.33111674416325215,0.5074105950397079,0.705529840703827
3450,0.727497176622231,0.4840192332869079,0.48906410770151704,0.33111674416325215,0.5074931261522374,0.7055583065155007
3451,0.7226077244760178,0.4840192332869079,0.48902996634489115,0.33111674416325215,0.5075771145841623,0.7056210636425752
3452,0.7180565601363504,0.4840192332869079,0.4890055929112082,0.33111674416325215,0.5076625241650053,0.7057168160399869
3453,0.7138604357294154,0.4840192332869079,0.48899094760315165,0.33111674416325215,0.5077493171443026,0.7058444791578913
3454,0.7100333375199199,0.4840192332869079,0.4889859858931944,0.33111674416325215,0.5078374542325085,0.7060030120221237
3455,0.7065864362303375,0.4840192332869079,0.48899065857769575,0.33111674416325215,0.5079268946437843,0.7061913584551548
3456,0.7035280703005927,0.4840192332869079,0.4890049118349537,0.33111674416325215,0.5080175961406339,0.7064084211812963
3457,0.7008637610304645,0.4840192332869079,0.48902868728711635,0.33111674416325215,0.5081095150803466,0.7066530494139404
3458,0.6985962579655384,0.4840192332869079,0.4890619220658432,0.33111674416325215,0.5082026064631994,0.706924033176212
3459,0.6967256123513591,0.4840192332869079,0.48910454888161126,0.33111674416325215,0.5082968239823744,0.7072201015194566
3460,0.6952492760092127,0.4840192332869079,0.48915649609654693,0.33111674416325215,0.5083921200755396,0.7075399232765633
3461,0.694162222598877,0.4840192332869079,0.4892176878006678,0.33111674416325215,0.5084884459780363,0.7078821096169818
3462,0.6934570879437384,0.4840192332869079,0.489288043891407,0.33111674416325215,0.5085857517776174,0.708245217963475
3463,0.6931243259123085,0.4840192332869079,0.4893674801562982,0.33111674416325215,0.5086839864706747,0.70862775697455
3464,0.6931523762821874,0.4840192332869079,0.489455908358682,0.33111674416325215,0.5087830980198921,0.7090281923691714
3465,0.6935278410566384,0.4840192332869079,0.48955323632630676,0.33111674416325215,0.5088830334132559,0.7094449534075307
3466,0.6942356658529155,0.4840192332869079,0.48965936804268156,0.33111674416325215,0.5089837387243528,0.7098764398609357
3467,0.6952593232227874,0.4840192332869079,0.4897742037410426,0.33111674416325215,0.5090851591738824,0.7103210293145473
3468,0.6965809950826105,0.4840192332869079,0.4898976400007903,0.33111674416325215,0.5091872391923083,0.7107770846538393
3469,0.6981817518033421,0.4840192332869079,0.4900295698462517,0.33111674416325215,0.5092899224835694,0.7112429615920907
3470,0.700041725919349,0.4840192332869079,0.49016988284762203,0.33111674416325215,0.5093931520897698,0.7117170161035558
3471,0.702140278838254,0.4840192332869079,0.49031846522393707,0.33111674416325215,0.5094968704567638,0.712197611635974
3472,0.7044561593534056,0.4840192332869079,0.49047519994792976,0.33111674416325215,0.5096010195005521,0.7126831259870803
3473,0.7069676531593637,0.4840192332869079,0.49063996685261524,0.33111674416325215,0.5097055406743982,0.7131719577427451
3474,0.7096527229357344,0.4840192332869079,0.490812642739462,0.33111674416325215,0.5098103750365786,0.7136625321890567
3475,0.7124891388859022,0.4840192332869079,0.49099310148799263,0.33111674416325215,0.5099154633186731,0.7141533066266794
3476,0.7154545998883332,0.4840192332869079,0.4911812141666658,0.33111674416325215,0.5100207459943042,0.7146427750327073
3477,0.7185268456361011,0.4840192332869079,0.491376849144891,0.33111674416325215,0.510126163348229,0.7151294720325029
3478,0.7216837603049244,0.4840192332869079,0.49157987220602456,0.33111674416325215,0.5102316555456909,0.7156119761611419
3479,0.7249034684035665,0.4840192332869079,0.4917901466612009,0.33111674416325215,0.5103371627019324,0.7160889124106563
3480,0.7281644235270895,0.4840192332869079,0.49200753346385007,0.33111674416325215,0.5104426249517726,0.7165589540748453
3481,0.731445490758691,0.4840192332869079,0.49223189132475886,0.33111674416325215,0.5105479825191527,0.7170208239176862
3482,0.734726023456223,0.4840192332869079,0.4924630768275291,0.33111674416325215,0.5106531757865505,0.7174732947040878
3483,0.7379859351220598,0.4840192332869079,0.49270094454429375,0.33111674416325215,0.5107581453641645,0.7179151891426819
3484,0.7412057669971364,0.4840192332869079,0.49294534715154975,0.33111674416325215,0.5108628321587734,0.7183453792994955
3485,0.7443667519493027,0.4840192332869079,0.49319613554597286,0.33111674416325215,0.5109671774421684,0.7187627855486246
3486,0.7474508751503162,0.4840192332869079,0.4934531589600778,0.33111674416325215,0.5110711229190644,0.7191663751315289
3487,0.7504409319627555,0.4840192332869079,0.4937162650775934,0.33111674416325215,0.5111746107943942,0.7195551604003285
3488,0.7533205833964807,0.4840192332869079,0.4939853001484247,0.33111674416325215,0.5112775838398858,0.7199281968226869
3489,0.7560744094537364,0.4840192332869079,0.4942601091030772,0.33111674416325215,0.5113799854598338,0.7202845808266369
3490,0.7586879606748874,0.4840192332869079,0.49454053566641865,0.33111674416325215,0.5114817597559677,0.7206234475632207
3491,0.7611478082398062,0.4840192332869079,0.49482642247066316,0.33111674416325215,0.5115828515913298,0.7209439686632514
3492,0.7634415930983255,0.4840192332869079,0.495117611167461,0.33111674416325215,0.5116832066530682,0.7212453500620148
3493,0.7655580748376932,0.4840192332869079,0.4954139425389847,0.33111674416325215,0.511782771514062,0.7215268299624641
3494,0.7674871814165396,0.4840192332869079,0.49571525660789917,0.33111674416325215,0.5118814936932904,0.72178767700353
3495,0.7692200616342241,0.4840192332869079,0.49602139274612184,0.33111674416325215,0.5119793217148629,0.7220271886957055
3496,0.7707491435182855,0.4840192332869079,0.49633218978226135,0.33111674416325215,0.5120762051656322,0.7222446901810827
3497,0.7720682042405246,0.4840192332869079,0.4966474861076512,0.33111674416325215,0.5121720947513084,0.7224395333696124
3498,0.7731724619434188,0.4840192332869079,0.4969671197808786,0.33111674416325215,0.512266942351003,0.7226110964975136
3499,0.7740587100737059,0.4840192332869079,0.4972909286307246,0.33111674416325215,0.5123607010701282,0.7227587841474711
3500,0.774725539406158,0.4840192332869079,0.4976187503574354,0.33111674416325215,0.5124533252915849,0.7228820277635049
3501,0.7751737627674675,0.4840192332869079,0.49795042263223926,0.33111674416325215,0.5125447707251705,0.7229802866861362
3502,0.7754074131988797,0.4840192332869079,0.498285783195043,0.33111674416325215,0.5126349944551488,0.7230530497256495
3503,0.7754371747902319,0.4840192332869079,0.4986246699502304,0.33111674416325215,0.51272395498592,0.7230998372828287
3504,0.7753278607428894,0.4840192332869079,0.49896692106050244,0.33111674416325215,0.512811612285736,0.7231202040174705
3505,0.7750654494876236,0.4840192332869079,0.4993123750386933,0.33111674416325215,0.5128979278284125,0.7231137420552548
3506,0.7746431200875115,0.4840192332869079,0.49966087083750954,0.33111674416325215,0.512982864632986,0.7230800847131441
3507,0.7740564688705741,0.4840192332869079,0.5000122479371336,0.33111674416325215,0.513066387301277,0.7230189107124834
3508,0.7733024652637438,0.4840192332869079,0.5003663464306465,0.33111674416325215,0.5131484620533142,0.7229299488374054
3509,0.7723790625890755,0.4840192332869079,0.5007230071072253,0.33111674416325215,0.5132290567605897,0.7228129829841914
3510,0.7712850153892482,0.4840192332869079,0.5010820715330709,0.33111674416325215,0.5133081409771072,0.7226678575350363
3511,0.7700197819657575,0.4840192332869079,0.5014433821300326,0.33111674416325215,0.5133856859682007,0.7224944829775024
3512,0.7685834680573337,0.4840192332869079,0.5018067822518963,0.33111674416325215,0.513461664737096,0.722292841679072
3513,0.7669767924966195,0.4840192332869079,0.5021721162583049,0.33111674416325215,0.5135360520491976,0.7220629937150116
3514,0.7652010654251536,0.4840192332869079,0.5025392295862897,0.33111674416325215,0.5136088244540832,0.7218050826376173
3515,0.7632581740003095,0.4840192332869079,0.5029079688193877,0.33111674416325215,0.5136799603051955,0.7215193410662593
3516,0.7611505726749843,0.4840192332869079,0.5032781817543299,0.33111674416325215,0.5137494397772208,0.7212060959709368
3517,0.7588812762734766,0.4840192332869079,0.5036497174652861,0.33111674416325215,0.5138172448811539,0.7208657735177473
3518,0.7564538547329276,0.4840192332869079,0.504022426365655,0.33111674416325215,0.5138833594770456,0.720498903343193
3519,0.7538724287629589,0.4840192332869079,0.5043961602673925,0.33111674416325215,0.5139477692844361,0.720106122125981
3520,0.7511416659124668,0.4840192332869079,0.5047707724378762,0.33111674416325215,0.5140104618904855,0.7196881763302344
3521,0.7482667766826039,0.4840192332869079,0.5051461176543035,0.33111674416325215,0.5140714267558061,0.7192459240030267
3522,0.7452535104220519,0.4840192332869079,0.5055220522556285,0.33111674416325215,0.514130655218015,0.7187803355219695
3523,0.7421081508039374,0.4840192332869079,0.505898434192043,0.33111674416325215,0.5141881404930225,0.7182924932051683
3524,0.7388375107244227,0.4840192332869079,0.5062751230720062,0.33111674416325215,0.5142438776740771,0.717783589715993
3525,0.7354489264881504,0.4840192332869079,0.5066519802068453,0.33111674416325215,0.5142978637285913,0.7172549252184122
3526,0.7319502511596521,0.4840192332869079,0.5070288686529282,0.33111674416325215,0.5143500974927765,0.7167079032645458
3527,0.7283498469654975,0.4840192332869079,0.5074056532514385,0.33111674416325215,0.5144005796641122,0.7161440254239366
3528,0.7246565766312925,0.4840192332869079,0.507782200665762,0.33111674416325215,0.5144493127916884,0.7155648846929524
3529,0.7208797935320403,0.4840192332869079,0.5081583794165165,0.33111674416325215,0.5144963012644514,0.7149721577518171
3530,0.7170293305249549,0.4840192332869079,0.5085340599142422,0.33111674416325215,0.5145415512973928,0.7143675961650268
3531,0.7131154873214538,0.4840192332869079,0.5089091144897843,0.33111674416325215,0.5145850709157216,0.7137530166473313
3532,0.709149016240563,0.4840192332869079,0.5092834174223969,0.33111674416325215,0.5146268699370612,0.7131302905411077
3533,0.7051411061701297,0.4840192332869079,0.5096568449655983,0.33111674416325215,0.5146669599517157,0.7125013326709329
3534,0.7011033645458811,0.4840192332869079,0.5100292753708129,0.33111674416325215,0.5147053543010524,0.7118680897567292
3535,0.6970477971423654,0.4840192332869079,0.5104005889088331,0.33111674416325215,0.5147420680540459,0.7112325285774561
3536,0.6929867854550872,0.4840192332869079,0.5107706678891438,0.33111674416325215,0.5147771179820375,0.710596624082552
3537,0.6889330614408009,0.4840192332869079,0.5111393966771413,0.33111674416325215,0.514810522531757,0.7099623476480917
3538,0.6848996793740425,0.4840192332869079,0.5115066617092942,0.33111674416325215,0.5148423017966595,0.7093316556689316
3539,0.680899984573832,0.4840192332869079,0.511872351506285,0.33111674416325215,0.5148724774866352,0.7087064786673334
3540,0.6769475787563558,0.4840192332869079,0.5122363566841794,0.33111674416325215,0.5149010728961398,0.7080887110831379
3541,0.673056281778693,0.4840192332869079,0.5125985699636648,0.33111674416325215,0.5149281128708062,0.7074802018911968
3542,0.6692400895566635,0.4840192332869079,0.5129588861774088,0.33111674416325215,0.5149536237725922,0.7068827461692813
3543,0.6655131279679053,0.4840192332869079,0.5133172022755839,0.33111674416325215,0.5149776334435213,0.7062980777149468
3544,0.661889602590562,0.4840192332869079,0.5136734173296073,0.33111674416325215,0.5150001711680755,0.7057278627838195
3545,0.6583837441793985,0.4840192332869079,0.5140274325341473,0.33111674416325215,0.515021267634298,0.7051736949954249
3546,0.6550097498454448,0.4840192332869079,0.5143791512074476,0.33111674416325215,0.5150409548936694,0.7046370914269415
3547,0.6517817199825888,0.4840192332869079,0.5147284787900197,0.33111674416325215,0.5150592663198157,0.704119489890995
3548,0.6487135910746177,0.4840192332869079,0.5150753228417596,0.33111674416325215,0.5150762365661156,0.7036222473716365
3549,0.6458190646180709,0.4840192332869079,0.5154195930375415,0.33111674416325215,0.5150919015222751,0.7031466395736873
3550,0.6431115325082519,0.4840192332869079,0.5157612011613415,0.33111674416325215,0.515106298269941,0.7026938615253976
3551,0.6406039993553463,0.4840192332869079,0.5161000610989495,0.33111674416325215,0.5151194650374362,0.7022650291635603
3552,0.6383090023215475,0.4840192332869079,0.5164360888293227,0.33111674416325215,0.5151314411537116,0.7018611818246963
3553,0.6362385291942798,0.4840192332869079,0.5167692024146384,0.33111674416325215,0.5151422670016251,0.701483285566833
3554,0.634403935530284,0.4840192332869079,0.5170993219891029,0.33111674416325215,0.5151519839706976,0.7011322372555849
3555,0.6328158618151668,0.4840192332869079,0.5174263697465732,0.33111674416325215,0.5151606344095354,0.7008088693688678
3556,0.6314841516774343,0.4840192332869079,0.5177502699270471,0.33111674416325215,0.5151682615782068,0.7005139555124422
3557,0.6304177722694416,0.4840192332869079,0.5180709488020849,0.33111674416325215,0.5151749096009973,0.7002482167046687
3558,0.6296247379748651,0.4840192332869079,0.5183883346592136,0.33111674416325215,0.5151806234202323,0.7000123286057368
3559,0.629112038618789,0.4840192332869079,0.5187023577853772,0.33111674416325215,0.5151854487523492,0.6998069300821115
3560,0.6288855733389178,0.4840192332869079,0.5190129504494865,0.33111674416325215,0.5151894320483527,0.6996326339219587
3561,0.6289500912228916,0.4840192332869079,0.5193200468841311,0.33111674416325215,0.5151926204628446,0.699490041435934
3562,0.6293091397270195,0.4840192332869079,0.5196235832665087,0.33111674416325215,0.5151950618405752,0.6993797649216891
3563,0.6299650217676686,0.4840192332869079,0.5199234976986279,0.33111674416325215,0.5151968047421057,0.6993024684739718
3564,0.6309187622216469,0.4840192332869079,0.5202197301868474,0.33111674416325215,0.5151978985705234,0.6992589621121307
3565,0.6321700843915747,0.4840192332869079,0.5205122226208037,0.33111674416325215,0.5151983940346992,0.6992505332251866
3566,0.6337173967933534,0.4840192332869079,0.5208009187517877,0.33111674416325215,0.5151983455427632,0.699284572799481
3567,0.6355577904133706,0.4840192332869079,0.5210857641706268,0.33111674416325215,0.515197713225606,0.6993590048350349
3568,0.637687046371626,0.4840192332869079,0.5213667062851274,0.33111674416325215,0.5151965539858683,0.6994728216934205
3569,0.6400996537221999,0.4840192332869079,0.5216436942971341,0.33111674416325215,0.5151949304084399,0.6996252354362386
3570,0.6427888369325321,0.4840192332869079,0.5219166791792653,0.33111674416325215,0.5151929076330297,0.699815509291489
3571,0.6457465924150517,0.4840192332869079,0.5221856136513742,0.33111674416325215,0.515190552389881,0.7000428958297188
3572,0.6489637333445225,0.4840192332869079,0.5224504521567941,0.33111674416325215,0.5151879325278225,0.7003066065665076
3573,0.65242994188614,0.4840192332869079,0.5227111508384209,0.33111674416325215,0.5151851167208511,0.7006057937160006
3574,0.6561338278851526,0.4840192332869079,0.5229676675146878,0.33111674416325215,0.5151821742566305,0.7009395374408733
3575,0.6600629930289585,0.4840192332869079,0.5232199616554813,0.33111674416325215,0.5151791748685164,0.7013068358934527
3576,0.6642040994859352,0.4840192332869079,0.5234679943580559,0.33111674416325215,0.5151761885931895,0.7017065968572527
3577,0.6685429420488554,0.4840192332869079,0.5237117283229964,0.33111674416325215,0.5151732856445662,0.7021376304679215
3578,0.6730645228606827,0.4840192332869079,0.5239511278302784,0.33111674416325215,0.51517053629872,0.7025986428219431
3579,0.6777531278720011,0.4840192332869079,0.5241861587154802,0.33111674416325215,0.5151680107866484,0.7030882304567018
3580,0.6825924042670956,0.4840192332869079,0.5244167883461932,0.33111674416325215,0.5151657791929042,0.7036048757835299
3581,0.6875654381944293,0.4840192332869079,0.5246429855986812,0.33111674416325215,0.5151639113587914,0.7041469436105857
3582,0.6926548322417677,0.4840192332869079,0.5248647208348375,0.33111674416325215,0.5151624767892654,0.7047126789212687
3583,0.697842782201785,0.4840192332869079,0.5250819658794883,0.33111674416325215,0.5151615445629386,0.7053002060845198
3584,0.7031111527765125,0.4840192332869079,0.5252946939980873,0.33111674416325215,0.5151611832447873,0.7059075296700607
3585,0.7084415519650192,0.4840192332869079,0.5255028798748523,0.33111674416325215,0.5151614608012676,0.7065325370266861
3586,0.7138154039656153,0.4840192332869079,0.5257064995913894,0.33111674416325215,0.5151624445176436,0.7071730027566406
3587,0.7192140204997033,0.4840192332869079,0.5259055306058464,0.33111674416325215,0.5151642009173876,0.7078265951849763
3588,0.7246186705279986,0.4840192332869079,0.5260999517326511,0.33111674416325215,0.5151667956835565,0.7084908848807526
3589,0.7300106483806376,0.4840192332869079,0.5262897431228721,0.33111674416325215,0.5151702935820816,0.709163355238277
3590,0.735371340360738,0.4840192332869079,0.526474886245253,0.33111674416325215,0.5151747583869337,0.7098414150728493
3591,0.74068228990674,0.4840192332869079,0.5266553638679652,0.33111674416325215,0.5151802528071432,0.7105224131285186
3592,0.7459252614132734,0.4840192332869079,0.5268311600411268,0.33111674416325215,0.5151868384156653,0.7112036543372783
3593,0.7510823028145748,0.4840192332869079,0.5270022600801378,0.33111674416325215,0.5151945755800957,0.7118824176122793
3594,0.7561358070301042,0.4840192332869079,0.5271686505498775,0.33111674416325215,0.5152035233952451,0.7125559749044577
3595,0.7610685723607293,0.4840192332869079,0.5273303192498205,0.33111674416325215,0.5152137396175881,0.7132216112049139
3596,0.7658638619075753,0.4840192332869079,0.5274872552001205,0.33111674416325215,0.5152252806016091,0.7138766451367619
3597,0.7705054620666056,0.4840192332869079,0.5276394486287249,0.33111674416325215,0.5152382012380651,0.7145184497520118
3598,0.7749777401327056,0.4840192332869079,0.5277868909595747,0.33111674416325215,0.5152525548941933,0.7151444731329799
3599,0.779265701030504,0.4840192332869079,0.5279295748019623,0.33111674416325215,0.5152683933558895,0.715752258394812
3600,0.7833550431791443,0.4840192332869079,0.5280674939411161,0.33111674416325215,0.515285766771884,0.7163394626964156
3601,0.7872322134996651,0.4840192332869079,0.5282006433300946,0.33111674416325215,0.5153047235999466,0.7169038748912145
3602,0.7908844615935581,0.4840192332869079,0.5283290190830815,0.33111674416325215,0.5153253105551443,0.7174434314857834
3603,0.7942998931699085,0.4840192332869079,0.5284526184701848,0.33111674416325215,0.515347572560185,0.7179562306220661
3604,0.7974675228927853,0.4840192332869079,0.5285714399138612,0.33111674416325215,0.5153715526978713,0.7184405438555077
3605,0.8003773269879118,0.4840192332869079,0.5286854829871073,0.33111674416325215,0.5153972921656935,0.7188948255645341
3606,0.8030202962366926,0.4840192332869079,0.5287947484135805,0.33111674416325215,0.515424830232588,0.7193177198937084
3607,0.8053884904868912,0.4840192332869079,0.5288992380698555,0.33111674416325215,0.5154542041978856,0.7197080652007207
3608,0.8074750967009288,0.4840192332869079,0.5289989549900528,0.33111674416325215,0.5154854493524758,0.7200648960434033
3609,0.8092744942216253,0.4840192332869079,0.5290939033731384,0.33111674416325215,0.5155185989422088,0.720387442804655
3610,0.8107823342246389,0.4840192332869079,0.5291840885932627,0.33111674416325215,0.5155536841335586,0.7206751291083471
3611,0.8119956474403884,0.4840192332869079,0.5292695172135998,0.33111674416325215,0.5155907339815673,0.7209275672262156
3612,0.8129130115388747,0.4840192332869079,0.5293501970042733,0.33111674416325215,0.5156297754000899,0.7211445517132511
3613,0.8135348593720411,0.4840192332869079,0.5294261369651239,0.33111674416325215,0.5156708331343579,0.7213260515364279
3614,0.813864194768292,0.4840192332869079,0.5294973473543012,0.33111674416325215,0.5157139297358778,0.7214722009786719
3615,0.8139090928415676,0.4840192332869079,0.5295638397239847,0.33111674416325215,0.5157590855396813,0.7215832896070041
3616,0.8137224736112383,0.4840192332869079,0.5296256269649855,0.33111674416325215,0.5158063186439363,0.7216597515915546
3617,0.8132938068972357,0.4840192332869079,0.5296827233626357,0.33111674416325215,0.5158556448919365,0.7217021546516161
3618,0.8126189678194916,0.4840192332869079,0.5297351446673281,0.33111674416325215,0.5159070778564742,0.7217111888873674
3619,0.8116961937483127,0.4840192332869079,0.5297829081845309,0.33111674416325215,0.515960628826608,0.7216876557326848
3620,0.8105252105993634,0.4840192332869079,0.529826032891386,0.33111674416325215,0.5160163067968316,0.7216324572370035
3621,0.8091069063833596,0.4840192332869079,0.529864539590698,0.33111674416325215,0.5160741184586483,0.7215465858538456
3622,0.8074431751191588,0.4840192332869079,0.5298984511194055,0.33111674416325215,0.5161340681945538,0.7214311148816722
3623,0.8055368297192488,0.4840192332869079,0.529927792639818,0.33111674416325215,0.5161961580744311,0.7212871896702724
3624,0.8033915471310636,0.4840192332869079,0.5299525920632031,0.33111674416325215,0.5162603878543542,0.7211160196739121
3625,0.8010118297961482,0.4840192332869079,0.5299728806991666,0.33111674416325215,0.5163267549778019,0.7209188714017216
3626,0.7984029755977715,0.4840192332869079,0.5299886943245613,0.33111674416325215,0.5163952545792716,0.7206970622868559
3627,0.7955710520898603,0.4840192332869079,0.53000007513009,0.33111674416325215,0.5164658794902964,0.7204519554692547
3628,0.7925228725902043,0.4840192332869079,0.5300070758621404,0.33111674416325215,0.516538620247848,0.7201849554626021
3629,0.7892659726787219,0.4840192332869079,0.5300097714304656,0.33111674416325215,0.5166134651051218,0.7198975046544592
3630,0.7858085861886187,0.4840192332869079,0.5300083228374443,0.33111674416325215,0.5166904000446907,0.719591080569577
3631,0.7821596201083961,0.4840192332869079,0.5300024713588674,0.33111674416325215,0.5167694087940125,0.7192671938100099
3632,0.7783286280215617,0.4840192332869079,0.5299921632181165,0.33111674416325215,0.5168504728432769,0.7189273865717921
3633,0.7743257818485711,0.4840192332869079,0.5299773772112113,0.33111674416325215,0.5169335714655746,0.7185732316264831
3634,0.7701618417494724,0.4840192332869079,0.5299581061623979,0.33111674416325215,0.5170186817393655,0.7182063316467601
3635,0.7658481241116267,0.4840192332869079,0.5299343511091277,0.33111674416325215,0.5171057785732291,0.717828318748334
3636,0.7613964675941144,0.4840192332869079,0.5299061187343682,0.33111674416325215,0.5171948347328682,0.717440854115776
3637,0.7568191972347708,0.4840192332869079,0.5298734200102944,0.33111674416325215,0.5172858208703446,0.7170456275773499
3638,0.7521290866509167,0.4840192332869079,0.5298362693977816,0.33111674416325215,0.5173787055555144,0.7166443569936998
3639,0.7473393183833044,0.4840192332869079,0.5297946843371522,0.33111674416325215,0.517473455309636,0.7162387873273327
3640,0.742463442446276,0.4840192332869079,0.5297486849064665,0.33111674416325215,0.5175700346411177,0.7158306892643853
3641,0.7375153331570761,0.4840192332869079,0.5296982935831175,0.33111674416325215,0.5176684060833706,0.715421857267282
3642,0.7325091443246465,0.4840192332869079,0.5296435350726202,0.33111674416325215,0.5177685302347296,0.7150141069467455
3643,0.7274592628840945,0.4840192332869079,0.5295844361830172,0.33111674416325215,0.5178703658004058,0.7146092716542847
3644,0.7223802610681304,0.4840192332869079,0.5295210257313364,0.33111674416325215,0.5179738696364287,0.7142091982118306
3645,0.7172868472119672,0.4840192332869079,0.529453334473222,0.33111674416325215,0.5180789967955377,0.7138157417135637
3646,0.7121938152941348,0.4840192332869079,0.5293813950497144,0.33111674416325215,0.518185700574974,0.713430759356044
3647,0.707115993323145,0.4840192332869079,0.5293052419469776,0.33111674416325215,0.5182939325661321,0.7130561032761862
3648,0.7020681906895152,0.4840192332869079,0.5292249114659503,0.33111674416325215,0.5184036427060184,0.7126936124019189
3649,0.6970651446148957,0.4840192332869079,0.5291404416997091,0.33111674416325215,0.5185147793304682,0.7123451033467963
3650,0.6921214658453628,0.4840192332869079,0.5290518725168817,0.33111674416325215,0.5186272892290685,0.7120123604063089
3651,0.6872515837546366,0.4840192332869079,0.5289592455498408,0.33111674416325215,0.5187411177017308,0.7116971247387601
3652,0.6824696910451614,0.4840192332869079,0.5288626041866904,0.33111674416325215,0.5188562086168618,0.7114010828353233
3653,0.6777896882605728,0.4840192332869079,0.5287619935662651,0.33111674416325215,0.5189725044710691,0.7111258543994065
3654,0.673225128351731,0.4840192332869079,0.528657460575511,0.33111674416325215,0.5190899464503456,0.7108729797603835
3655,0.6687891615696694,0.4840192332869079,0.5285490538487416,0.33111674416325215,0.5192084744926689,0.7106439069338933
3656,0.6644944809916286,0.4840192332869079,0.5284368237683404,0.33111674416325215,0.5193280273519563,0.7104399783970495
3657,0.6603532690197408,0.4840192332869079,0.5283208224665583,0.33111674416325215,0.519448542663304,0.7102624175453602
3658,0.6563771452245288,0.4840192332869079,0.5282011038281029,0.33111674416325215,0.519569957009452,0.7101123145784974
3659,0.652577115935642,0.4840192332869079,0.5280777234932601,0.33111674416325215,0.5196922059883994,0.7099906110707538
3660,0.6489635260084506,0.4840192332869079,0.5279507388613244,0.33111674416325215,0.5198152242821071,0.7098980812678262
3661,0.6455460132154495,0.4840192332869079,0.5278202090941354,0.33111674416325215,0.5199389457262112,0.7098353046052567
3662,0.6423334657241014,0.4840192332869079,0.5276861951195496,0.33111674416325215,0.5200633033806805,0.7098026103749296
3663,0.6393339831260725,0.4840192332869079,0.5275487596346801,0.33111674416325215,0.5201882296013406,0.7097998890994338
3664,0.636554841475318,0.4840192332869079,0.5274079671087736,0.33111674416325215,0.5203136561121917,0.7098215704397581
3665,0.6340024627730161,0.4840192332869079,0.527263883785578,0.33111674416325215,0.5204395140784454,0.7098684486877127
3666,0.6316823893052029,0.4840192332869079,0.5271165776850931,0.33111674416325215,0.520565734180201,0.7099409411497426
3667,0.6295992631939593,0.4840192332869079,0.5269661186045856,0.33111674416325215,0.5206922466866872,0.7100392979677874
3668,0.6277568114654951,0.4840192332869079,0.5268125781187649,0.33111674416325215,0.5208189815309876,0.7101636493992262
3669,0.6261578368695033,0.4840192332869079,0.5266560295790246,0.33111674416325215,0.5209458683851729,0.7103140238249405
3670,0.6248042146052706,0.4840192332869079,0.5264965481116559,0.33111674416325215,0.5210728367357588,0.7104903568269633
3671,0.6236968950234155,0.4840192332869079,0.526334210614948,0.33111674416325215,0.5211998159594093,0.7106924968948793
3672,0.6228359122803603,0.4840192332869079,0.5261690957550927,0.33111674416325215,0.5213267353988059,0.7109202097672668
3673,0.622220398828674,0.4840192332869079,0.5260012839608162,0.33111674416325215,0.5214535244385976,0.7111731822567763
3674,0.6218486055334033,0.4840192332869079,0.5258308574166646,0.33111674416325215,0.5215801125813551,0.7114510259496599
3675,0.6217179271155348,0.4840192332869079,0.5256579000548737,0.33111674416325215,0.5217064295234425,0.7117532809627438
3676,0.6218249325418579,0.4840192332869079,0.5254824975457552,0.33111674416325215,0.5218324052307296,0.7120794198360764
3677,0.6221653999083578,0.4840192332869079,0.5253047372865395,0.33111674416325215,0.5219579700140575,0.7124288515823032
3678,0.6227343553041318,0.4840192332869079,0.5251247083886101,0.33111674416325215,0.5220830546043808,0.7128009258808234
3679,0.6235261150963486,0.4840192332869079,0.5249425016630794,0.33111674416325215,0.5222075902275002,0.7131949373851927
3680,0.6245343310450354,0.4840192332869079,0.5247582096046446,0.33111674416325215,0.5223315086783095,0.7136101301007111
3681,0.625752037639867,0.4840192332869079,0.52457192637368,0.33111674416325215,0.5224547423944712,0.7140457017828595
3682,0.6271717010494405,0.4840192332869079,0.5243837477765144,0.33111674416325215,0.5225772245294436,0.7145008083045841
3683,0.6287852690859298,0.4840192332869079,0.524193771243847,0.33111674416325215,0.5226988890247789,0.7149745679404154
3684,0.6305842216132159,0.4840192332869079,0.5240020958072659,0.33111674416325215,0.522819670681614,0.7154660655173883
3685,0.6325596208629098,0.4840192332869079,0.5238088220738243,0.33111674416325215,0.5229395052312739,0.7159743563862171
3686,0.6347021611681078,0.4840192332869079,0.5236140521986411,0.33111674416325215,0.5230583294049145,0.7164984701708385
3687,0.637002217677164,0.4840192332869079,0.5234178898554953,0.33111674416325215,0.5231760810021252,0.7170374142599584
3688,0.6394498936670195,0.4840192332869079,0.5232204402053819,0.33111674416325215,0.523292698958419,0.717590177010369
3689,0.6420350661356158,0.4840192332869079,0.5230218098630026,0.33111674416325215,0.523408123411534,0.7181557306383554
3690,0.6447474294136559,0.4840192332869079,0.5228221068611716,0.33111674416325215,0.5235222957664777,0.7187330337822694
3691,0.6475765365957307,0.4840192332869079,0.5226214406131137,0.33111674416325215,0.5236351587592397,0.7193210337261937
3692,0.6505118386480963,0.4840192332869079,0.5224199218726383,0.33111674416325215,0.5237466565191058,0.7199186682813885
3693,0.6535427211039684,0.4840192332869079,0.5222176626921797,0.33111674416325215,0.5238567346295054,0.7205248673288235
3694,0.6566585383061591,0.4840192332869079,0.5220147763786899,0.33111674416325215,0.5239653401873261,0.7211385540324666
3695,0.6598486452005978,0.4840192332869079,0.5218113774473788,0.33111674416325215,0.5240724218606322,0.7217586457390388
3696,0.6631024267223329,0.4840192332869079,0.5216075815733041,0.33111674416325215,0.524177929944723,0.7223840545856487
3697,0.6664093248478933,0.4840192332869079,0.5214035055408052,0.33111674416325215,0.5242818164164745,0.7230136878420201
3698,0.6697588634143954,0.4840192332869079,0.5211992671907902,0.33111674416325215,0.5243840349869014,0.7236464480189319
3699,0.6731406708267547,0.4840192332869079,0.5209949853658854,0.33111674416325215,0.5244845411518886,0.7242812327789714
3700,0.6765445007900989,0.4840192332869079,0.5207907798534587,0.33111674416325215,0.5245832922410338,0.7249169346897749
3701,0.6799602512154159,0.4840192332869079,0.5205867713265312,0.33111674416325215,0.524680247464554,0.7255524408635602
3702,0.6833779814530845,0.4840192332869079,0.5203830812826034,0.33111674416325215,0.5247753679582021,0.7261866325299704
3703,0.6867879280117287,0.4840192332869079,0.5201798319804125,0.33111674416325215,0.5248686168261525,0.7268183845920064
3704,0.6901805189193654,0.4840192332869079,0.5199771463746591,0.33111674416325215,0.5249599591818053,0.7274465652171236
3705,0.6935463868805617,0.4840192332869079,0.5197751480487248,0.33111674416325215,0.5250493621864721,0.7280700355173667
3706,0.6968763813778446,0.4840192332869079,0.5195739611454271,0.33111674416325215,0.5251367950859038,0.7286876493736735
3707,0.7001615798583407,0.4840192332869079,0.5193737102958454,0.33111674416325215,0.5252222292446199,0.7292982534601412
3708,0.7033932981380685,0.4840192332869079,0.5191745205462683,0.33111674416325215,0.5253056381780103,0.7299006875240404
3709,0.7065631001468428,0.4840192332869079,0.5189765172833052,0.33111674416325215,0.5253869975821772,0.730493784976598
3710,0.7096628071268001,0.4840192332869079,0.5187798261572208,0.33111674416325215,0.5254662853614865,0.7310763738479774
3711,0.7126845063874636,0.4840192332869079,0.5185845730035488,0.33111674416325215,0.525543481653807,0.7316472781573168
3712,0.7156205597103625,0.4840192332869079,0.5183908837630388,0.33111674416325215,0.5256185688534115,0.7322053197450962
3713,0.7184636114868705,0.4840192332869079,0.5181988844000154,0.33111674416325215,0.5256915316315232,0.7327493206103288
3714,0.7212065966644243,0.4840192332869079,0.518008700819205,0.33111674416325215,0.5257623569544876,0.7332781057890582
3715,0.723842748569001,0.4840192332869079,0.5178204587811127,0.33111674416325215,0.5258310340995594,0.7337905068032801
3716,0.7263656066660874,0.4840192332869079,0.5176342838160233,0.33111674416325215,0.525897554668292,0.7342853657006544
3717,0.7287690243188759,0.4840192332869079,0.5174503011367081,0.33111674416325215,0.5259619125975211,0.7347615396951933
3718,0.7310471766017889,0.4840192332869079,0.5172686355499229,0.33111674416325215,0.5260241041679407,0.7352179064075206
3719,0.7331945682307005,0.4840192332869079,0.517089411366785,0.33111674416325215,0.5260841280102663,0.7356533696903833
3720,0.7352060416799865,0.4840192332869079,0.5169127523121247,0.33111674416325215,0.5261419851089926,0.73606686601095
3721,0.7370767855733691,0.4840192332869079,0.5167387814329037,0.33111674416325215,0.5261976788037438,0.7364573713462937
3722,0.7388023434647721,0.4840192332869079,0.5165676210058022,0.33111674416325215,0.5262512147882306,0.7368239085325616
3723,0.7403786231746596,0.4840192332869079,0.5163993924440783,0.33111674416325215,0.5263026011068213,0.737165554992049
3724,0.7418019069305036,0.4840192332869079,0.5162342162038036,0.33111674416325215,0.5263518481487438,0.7374814507461315
3725,0.7430688627039608,0.4840192332869079,0.5160722116895878,0.33111674416325215,0.5263989686399368,0.737770806606254
3726,0.7441765573967815,0.4840192332869079,0.5159134971598996,0.33111674416325215,0.5264439776325686,0.7380329124204885
3727,0.7451224730228959,0.4840192332869079,0.5157581896321062,0.33111674416325215,0.5264868924922506,0.7382671452401097
3728,0.745904528054921,0.4840192332869079,0.5156064047873401,0.33111674416325215,0.5265277328829733,0.7384729772598643
3729,0.7465211084308295,0.4840192332869079,0.5154582568753242,0.33111674416325215,0.5265665207497943,0.7386499833776681
3730,0.7469711188145677,0.4840192332869079,0.5153138586192665,0.33111674416325215,0.5266032802993132,0.7387978482149683
3731,0.747254084288243,0.4840192332869079,0.5151733211209583,0.33111674416325215,0.5266380379779719,0.7389163724384559
3732,0.7473704206270952,0.4840192332869079,0.5150367537661966,0.33111674416325215,0.526670822448218,0.7390054782275762
3733,0.7473228124409645,0.4840192332869079,0.5149042641306615,0.33111674416325215,0.5267016645625758,0.7390652137406845
3734,0.7471029039854247,0.4840192332869079,0.5147759578863782,0.33111674416325215,0.5267305973356696,0.7390957564457868
3735,0.7467090435493992,0.4840192332869079,0.5146519387088925,0.33111674416325215,0.526757655914243,0.7390974151995614
3736,0.7461408423015558,0.4840192332869079,0.5145323081852945,0.33111674416325215,0.5267828775452206,0.7390706309804581
3737,0.7453987016149586,0.4840192332869079,0.5144171657232198,0.33111674416325215,0.5268063015418567,0.7390159762076876
3738,0.7444836796179002,0.4840192332869079,0.5143066084609651,0.33111674416325215,0.5268279692480042,0.7389341526071238
3739,0.7433974400361043,0.4840192332869079,0.5142007311788467,0.33111674416325215,0.5268479240005338,0.7388259876167278
3740,0.7421422306012783,0.4840192332869079,0.5140996262119399,0.33111674416325215,0.5268662110899089,0.7386924293570497
3741,0.7407208744617755,0.4840192332869079,0.5140033833643305,0.33111674416325215,0.526882877718893,0.738534540225584
3742,0.7391367679970159,0.4840192332869079,0.5139120898250062,0.33111674416325215,0.5268979729593078,0.7383534892060807
3743,0.7373938819467067,0.4840192332869079,0.5138258300855297,0.33111674416325215,0.5269115477066775,0.7381505430141988
3744,0.7354967642124332,0.4840192332869079,0.5137446858596129,0.33111674416325215,0.526923654632435,0.7379270562280514
3745,0.7334505433522338,0.4840192332869079,0.5136687360047263,0.33111674416325215,0.5269343481331096,0.7376844605752372
3746,0.7312609321144009,0.4840192332869079,0.5135980564458741,0.33111674416325215,0.5269436842754497,0.7374242535660909
3747,0.7289342305221911,0.4840192332869079,0.513532720101651,0.33111674416325215,0.5269517207355889,0.7371479866755168
3748,0.7264773281044421,0.4840192332869079,0.5134727968127138,0.33111674416325215,0.5269585167287395,0.7368572532825013
3749,0.7238977049055337,0.4840192332869079,0.5134183532727813,0.33111674416325215,0.5269641329226125,0.7365536765771774
3750,0.7212034309209111,0.4840192332869079,0.5133694529622825,0.33111674416325215,0.5269686313205736,0.7362388976402141
3751,0.7184031636020948,0.4840192332869079,0.5133261560847676,0.33111674416325215,0.5269720750832597,0.7359145638887399
3752,0.7155061430640866,0.4840192332869079,0.5132885195061937,0.33111674416325215,0.5269745282097393,0.7355823180675666
3753,0.7125221846124699,0.4840192332869079,0.513256596697189,0.33111674416325215,0.52697605483952,0.735243787944883
3754,0.7094616681903636,0.4840192332869079,0.513230437678404,0.33111674416325215,0.5269767171962336,0.7349005768487568
3755,0.7063355243291264,0.4840192332869079,0.5132100889690456,0.33111674416325215,0.5269765643715529,0.7345542551556359
3756,0.7031552161735888,0.4840192332869079,0.5131955935386898,0.33111674416325215,0.5269757922193912,0.7342063528155839
3757,0.6999327171446931,0.4840192332869079,0.5131869907624625,0.33111674416325215,0.5269744806194311,0.7338583529721404
3758,0.6966804838018792,0.4840192332869079,0.5131843163796783,0.33111674416325215,0.5269726985280591,0.7335116867083974
3759,0.6934114234765315,0.4840192332869079,0.5131876024560068,0.33111674416325215,0.5269705105297208,0.7331677289258633
3760,0.6901388562684356,0.4840192332869079,0.5131968773492561,0.33111674416325215,0.5269679787712922,0.7328277953396467
3761,0.6868764710316666,0.4840192332869079,0.5132121656788294,0.33111674416325215,0.5269651637951268,0.7324931405529441
3762,0.6836382750266623,0.4840192332869079,0.5132334882989251,0.33111674416325215,0.5269621249675515,0.7321649571561052
3763,0.6804385369832725,0.4840192332869079,0.5132608622755384,0.33111674416325215,0.5269589207214824,0.7318443757809493
3764,0.6772917234068238,0.4840192332869079,0.5132943008673122,0.33111674416325215,0.526955608700843,0.7315324660295689
3765,0.6742124280666744,0.4840192332869079,0.513333813510287,0.33111674416325215,0.5269522458478962,0.7312302381885941
3766,0.6712152947347164,0.4840192332869079,0.5133794058065851,0.33111674416325215,0.526948888455008,0.7309386456346771
3767,0.6683149333892205,0.4840192332869079,0.5134310795170658,0.33111674416325215,0.5269455921930646,0.7306585878346449
3768,0.6655258302657817,0.4840192332869079,0.5134888325579722,0.33111674416325215,0.5269424121239412,0.7303909138441393
3769,0.6628622523191104,0.4840192332869079,0.5135526590015954,0.33111674416325215,0.5269394027017346,0.7301364262114987
3770,0.6603381468529271,0.4840192332869079,0.513622549080964,0.33111674416325215,0.5269366177658896,0.7298958851990087
3771,0.6579670372748311,0.4840192332869079,0.5136984891985681,0.33111674416325215,0.526934110528373,0.7296700132415975
3772,0.6557619161319302,0.4840192332869079,0.5137804619391134,0.33111674416325215,0.5269319335564199,0.7294594995739577
3773,0.653735136773307,0.4840192332869079,0.5138684460863021,0.33111674416325215,0.5269301387519691,0.7292650049719955
3774,0.6518983051582011,0.4840192332869079,0.5139624166436231,0.33111674416325215,0.5269287773286075,0.7290871665755059
3775,0.650262173474744,0.4840192332869079,0.5140623448591315,0.33111674416325215,0.5269278997866583,0.7289266027903836
3776,0.6488365373438295,0.4840192332869079,0.5141681982541892,0.33111674416325215,0.526927555886897,0.728783918319384
3777,0.6476301384474943,0.4840192332869079,0.5142799406561318,0.33111674416325215,0.526927794623279,0.7286597094597603
3778,0.6466505744335184,0.4840192332869079,0.5143975322348212,0.33111674416325215,0.5269286641949837,0.728554569979426
3779,0.6459042179022726,0.4840192332869079,0.5145209295430352,0.33111674416325215,0.5269302119780251,0.728469098258783
3780,0.6453961461751098,0.4840192332869079,0.5146500855606404,0.33111674416325215,0.5269324844966297,0.7284039073181593
3781,0.6451300833757294,0.4840192332869079,0.5147849497424869,0.33111674416325215,0.5269355273945524,0.7283596421457196
3782,0.6451083561301948,0.4840192332869079,0.5149254680699601,0.33111674416325215,0.5269393854064729,0.7283370199536672
3783,0.6453318639141233,0.4840192332869079,0.5150715831061133,0.33111674416325215,0.5269441023295898,0.7283369884452044
3784,0.6458000647566117,0.4840192332869079,0.5152232340543068,0.33111674416325215,0.5269497209955177,0.7283352542902201
3785,0.6465109766618955,0.4840192332869079,0.515380356820264,0.33111674416325215,0.5269562832425784,0.7283318532941044
3786,0.647461194745616,0.4840192332869079,0.5155428840774587,0.33111674416325215,0.5269638298885567,0.7283268051534466
3787,0.648645923717946,0.4840192332869079,0.5157107453357359,0.33111674416325215,0.5269724007039971,0.7283201245036749
3788,0.650059024995776,0.4840192332869079,0.5158838670130677,0.33111674416325215,0.5269820343860966,0.7283118236655537
3789,0.6516930774047851,0.4840192332869079,0.516062172510336,0.33111674416325215,0.5269927685332466,0.7283019137389434
3790,0.6535394501517849,0.4840192332869079,0.516245582289034,0.33111674416325215,0.527004639620275,0.7282904051475649
3791,0.6555883865179484,0.4840192332869079,0.5164340139517745,0.33111674416325215,0.527017682974428,0.7282773079492219
3792,0.6578290965510891,0.4840192332869079,0.5166273823254789,0.33111674416325215,0.5270319327521338,0.7282626320290998
3793,0.6602498569234831,0.4840192332869079,0.5168255995471354,0.33111674416325215,0.5270474219165796,0.7282463872283177
3794,0.662838116070996,0.4840192332869079,0.5170285751519901,0.33111674416325215,0.5270641822161369,0.7282285834337514
3795,0.6655806027367944,0.4840192332869079,0.5172362161640475,0.33111674416325215,0.5270822441636621,0.7282092306433091
3796,0.6684634361033909,0.4840192332869079,0.5174484271887472,0.33111674416325215,0.5271016370167019,0.7281883390148953
3797,0.6714722358030579,0.4840192332869079,0.5176651105076796,0.33111674416325215,0.5271223887586235,0.7281659189041411
3798,0.674592230240291,0.4840192332869079,0.5178861661752052,0.33111674416325215,0.5271445260806983,0.7281419808941414
3799,0.6778083618319112,0.4840192332869079,0.5181114921168354,0.33111674416325215,0.5271680743651519,0.7281165358193653
3800,0.6811053879613959,0.4840192332869079,0.5183409842292367,0.33111674416325215,0.5271930576692067,0.7280895947852171
3801,0.6844679766454103,0.4840192332869079,0.5185745364817083,0.33111674416325215,0.5272194987101301,0.7280611691842931
3802,0.6878807961143395,0.4840192332869079,0.518812041018996,0.33111674416325215,0.5272474188513055,0.7280312707100827
3803,0.6913285977080732,0.4840192332869079,0.5190533882652905,0.33111674416325215,0.5272768380893402,0.7279999113686623
3804,0.6947962916777317,0.4840192332869079,0.5192984670292675,0.33111674416325215,0.5273077750422243,0.727967103488796
3805,0.6982690156591196,0.4840192332869079,0.5195471646100193,0.33111674416325215,0.5273402469385515,0.7279328597307486
3806,0.7017321957412976,0.4840192332869079,0.5197993669037336,0.33111674416325215,0.5273742696078147,0.727897193094052
3807,0.7051716001917786,0.4840192332869079,0.5200549585109717,0.33111674416325215,0.5274098574717834,0.7278601169244077
3808,0.7085733860174201,0.4840192332869079,0.520313822844397,0.33111674416325215,0.5274470235369735,0.7278216449198691
3809,0.7119241386368406,0.4840192332869079,0.5205758422368103,0.33111674416325215,0.527485779388218,0.7277817911364179
3810,0.7152109050164408,0.4840192332869079,0.520840898049347,0.33111674416325215,0.5275261351833419,0.7277405699930248
3811,0.7184212206785785,0.4840192332869079,0.5211088707796903,0.33111674416325215,0.5275680996489522,0.7276979962762623
3812,0.7215431310279729,0.4840192332869079,0.5213796401701588,0.33111674416325215,0.527611680077341,0.7276540851445336
3813,0.7245652074618817,0.4840192332869079,0.5216530853155272,0.33111674416325215,0.5276568823245135,0.7276088521319556
3814,0.7274765587314777,0.4840192332869079,0.5219290847704434,0.33111674416325215,0.5277037108093352,0.727562313151939
3815,0.7302668380061437,0.4840192332869079,0.5222075166563004,0.33111674416325215,0.5277521685138081,0.7275144845004892
3816,0.7329262460579244,0.4840192332869079,0.5224882587674341,0.33111674416325215,0.5278022569844718,0.727465382859255
3817,0.7354455309273112,0.4840192332869079,0.5227711886765108,0.33111674416325215,0.5278539763349304,0.7274150252983418
3818,0.7378159843480833,0.4840192332869079,0.5230561838389775,0.33111674416325215,0.5279073252495067,0.7273634292789013
3819,0.74002943508739,0.4840192332869079,0.5233431216964481,0.33111674416325215,0.5279623009880193,0.7273106126555116
3820,0.7420782391779381,0.4840192332869079,0.523631879778903,0.33111674416325215,0.5280188993916812,0.7272565936783518
3821,0.7439552667457965,0.4840192332869079,0.5239223358055812,0.33111674416325215,0.528077114890117,0.7272013909951801
3822,0.7456538847007704,0.4840192332869079,0.5242143677844501,0.33111674416325215,0.5281369405094923,0.7271450236531125
3823,0.7471679338185233,0.4840192332869079,0.52450785411014,0.33111674416325215,0.5281983678817515,0.7270875111002112
3824,0.7484916974119253,0.4840192332869079,0.5248026736602336,0.33111674416325215,0.5282613872549581,0.7270288731868751
3825,0.7496198561919444,0.4840192332869079,0.5250987058898077,0.33111674416325215,0.5283259875047295,0.7269691301670363
3826,0.7505474183532439,0.4840192332869079,0.5253958309241225,0.33111674416325215,0.5283921561467569,0.7269083026991552
3827,0.7512696004632099,0.4840192332869079,0.5256939296493672,0.33111674416325215,0.5284598793504051,0.7268464118470149
3828,0.7517815963157753,0.4840192332869079,0.5259928838013641,0.33111674416325215,0.5285291419533782,0.7267834790803086
3829,0.7520780298769901,0.4840192332869079,0.5262925760521461,0.33111674416325215,0.5285999274774437,0.7267195262750127
3830,0.7521510753531698,0.4840192332869079,0.5265928900943234,0.33111674416325215,0.5286722181452012,0.7266545757135425
3831,0.7519673665210278,0.4840192332869079,0.5268937107231602,0.33111674416325215,0.528745994897884,0.7265886500846844
3832,0.7515419941020085,0.4840192332869079,0.5271949239162845,0.33111674416325215,0.5288212374141807,0.7265217724832935
3833,0.750882316288481,0.4840192332869079,0.5274964169109668,0.33111674416325215,0.5288979241300596,0.7264539664097533
3834,0.7499943345669043,0.4840192332869079,0.5277980782788939,0.33111674416325215,0.5289760322595869,0.7263852557691894
3835,0.7488838410192017,0.4840192332869079,0.5280997979983842,0.33111674416325215,0.529055537816714,0.7263156648704254
3836,0.7475568125793206,0.4840192332869079,0.5284014675239854,0.33111674416325215,0.5291364156380242,0.7262452184246764
3837,0.7460195857656347,0.4840192332869079,0.5287029798534029,0.33111674416325215,0.529218639406417,0.7261739415439715
3838,0.7442789445319391,0.4840192332869079,0.5290042295917132,0.33111674416325215,0.5293021816757133,0.7261018597392916
3839,0.7423421667775693,0.4840192332869079,0.5293051130128202,0.33111674416325215,0.5293870138961586,0.7260289989184209
3840,0.7402170483886562,0.4840192332869079,0.5296055281181177,0.33111674416325215,0.5294731064408089,0.7259553853834961
3841,0.7379119136410649,0.4840192332869079,0.5299053746923236,0.33111674416325215,0.529560428632772,0.7258810458282491
3842,0.7354356164450709,0.4840192332869079,0.5302045543564599,0.33111674416325215,0.5296489487732883,0.7258060073349301
3843,0.7327975348269777,0.4840192332869079,0.530502970617956,0.33111674416325215,0.5297386341706217,0.7257302973709053
3844,0.7300075599674658,0.4840192332869079,0.5308005289178537,0.33111674416325215,0.5298294511697423,0.725653943784918
3845,0.7270760805324086,0.4840192332869079,0.531097136675101,0.33111674416325215,0.5299213651827723,0.7255769748030023
3846,0.7240139627050154,0.4840192332869079,0.5313927033279279,0.33111674416325215,0.5300143407201735,0.725499419024045
3847,0.7208325261444865,0.4840192332869079,0.531687140372294,0.33111674416325215,0.5301083414226462,0.725421305414982
3848,0.717543515996886,0.4840192332869079,0.5319803613974108,0.33111674416325215,0.5302033300937153,0.7253426633056219
3849,0.714159071036388,0.4840192332869079,0.5322722821183409,0.33111674416325215,0.5302992687329777,0.7252635223830899
3850,0.7106916880009194,0.4840192332869079,0.5325628204056809,0.33111674416325215,0.5303961185699763,0.7251839126858796
3851,0.7071541821943789,0.4840192332869079,0.5328518963123426,0.33111674416325215,0.5304938400986801,0.7251038645975085
3852,0.7035596444510036,0.4840192332869079,0.5331394320974437,0.33111674416325215,0.5305923931125331,0.7250234088397657
3853,0.6999213945914186,0.4840192332869079,0.5334253522473318,0.33111674416325215,0.5306917367400504,0.7249425764655463
3854,0.6962529315411603,0.4840192332869079,0.5337095834937641,0.33111674416325215,0.5307918294809189,0.7248613988512633
3855,0.6925678803285524,0.4840192332869079,0.5339920548292679,0.33111674416325215,0.5308926292425843,0.7247799076888326
3856,0.6888799362278355,0.4840192332869079,0.5342726975197177,0.33111674416325215,0.530994093377283,0.7246981349772198
3857,0.6852028063637632,0.4840192332869079,0.5345514451141576,0.33111674416325215,0.5310961787194908,0.7246161130135466
3858,0.6815501491441025,0.4840192332869079,0.5348282334519113,0.33111674416325215,0.5311988416237545,0.7245338743837493
3859,0.6779355119353001,0.4840192332869079,0.5351030006670187,0.33111674416325215,0.5313020380028743,0.724451451952783
3860,0.6743722674427898,0.4840192332869079,0.5353756871900446,0.33111674416325215,0.5314057233663998,0.7243688788543687
3861,0.6708735492998512,0.4840192332869079,0.5356462357473057,0.33111674416325215,0.5315098528594104,0.7242861884802744
3862,0.6674521874064202,0.4840192332869079,0.5359145913575697,0.33111674416325215,0.5316143813015427,0.7242034144691342
3863,0.6641206435906853,0.4840192332869079,0.5361807013262715,0.33111674416325215,0.5317192632262296,0.7241205906947921
3864,0.660890948190569,0.4840192332869079,0.5364445152373152,0.33111674416325215,0.5318244529201189,0.7240377512541756
3865,0.6577746381682278,0.4840192332869079,0.5367059849425071,0.33111674416325215,0.5319299044626329,0.7239549304546936
3866,0.6547826973775305,0.4840192332869079,0.5369650645486916,0.33111674416325215,0.5320355717656373,0.7238721628011568
3867,0.6519254996011995,0.4840192332869079,0.537221710402644,0.33111674416325215,0.5321414086131798,0.723789482982221
3868,0.6492127549601889,0.4840192332869079,0.5374758810737927,0.33111674416325215,0.5322473687012659,0.7237069258563541
3869,0.6466534602724215,0.4840192332869079,0.5377275373348356,0.33111674416325215,0.5323534056776354,0.723624526437323
3870,0.6442558539009181,0.4840192332869079,0.5379766421403178,0.33111674416325215,0.5324594731815022,0.7235423198792095
3871,0.6420273755827011,0.4840192332869079,0.538223160603247,0.33111674416325215,0.5325655248832237,0.7234603414609482
3872,0.6399746316700132,0.4840192332869079,0.538467059969812,0.33111674416325215,0.5326715145238639,0.7233786265703986
3873,0.6381033661451928,0.4840192332869079,0.5387083095922868,0.33111674416325215,0.5327773959546117,0.7232972106879475
3874,0.6364184376911572,0.4840192332869079,0.5389468809001893,0.33111674416325215,0.5328831231760249,0.7232161293696521
3875,0.6349238030124987,0.4840192332869079,0.5391827473697747,0.33111674416325215,0.5329886503770576,0.7231354182299263
3876,0.633622506509655,0.4840192332869079,0.5394158844919407,0.33111674416325215,0.5330939319738395,0.7230551129237776
3877,0.6325166763127811,0.4840192332869079,0.5396462697386243,0.33111674416325215,0.5331989226481751,0.7229752491286027
3878,0.6316075265853367,0.4840192332869079,0.5398738825277675,0.33111674416325215,0.5333035773857208,0.7228958625255493
3879,0.6308953659126769,0.4840192332869079,0.5400987041869348,0.33111674416325215,0.5334078515138131,0.7228169887804545
3880,0.630379611500777,0.4840192332869079,0.5403207179156636,0.33111674416325215,0.533511700738909,0.7227386635243682
3881,0.6300588088271721,0.4840192332869079,0.5405399087466266,0.33111674416325215,0.5336150811836086,0.7226609223336752
3882,0.6299306563126372,0.4840192332869079,0.5407562635056894,0.33111674416325215,0.5337179494232247,0.7225838007098272
3883,0.6299920345200256,0.4840192332869079,0.5409697707709469,0.33111674416325215,0.5338202625218671,0.7225073340586968
3884,0.6302390393376414,0.4840192332869079,0.5411804208308161,0.33111674416325215,0.5339219780680119,0.7224315576695708
3885,0.6306670185695973,0.4840192332869079,0.5413882056412732,0.33111674416325215,0.5340230542095206,0.7223565066937946
3886,0.6312706113353717,0.4840192332869079,0.5415931187823102,0.33111674416325215,0.534123449688082,0.7222822161230865
3887,0.6320437896752198,0.4840192332869079,0.5417951554136976,0.33111674416325215,0.5342231238730447,0.7222087207675387
3888,0.6329799017667331,0.4840192332869079,0.5419943122301332,0.33111674416325215,0.5343220367946102,0.7221360552333216
3889,0.6340717161796849,0.4840192332869079,0.5421905874158532,0.33111674416325215,0.5344201491763609,0.7220642539001131
3890,0.6353114666300119,0.4840192332869079,0.5423839805987934,0.33111674416325215,0.5345174224670903,0.7219933508982721
3891,0.63669089673768,0.4840192332869079,0.5425744928043714,0.33111674416325215,0.5346138188719126,0.7219233800857775
3892,0.6382013043453879,0.4840192332869079,0.542762126408973,0.33111674416325215,0.5347093013826227,0.7218543750249526
3893,0.6398335850135988,0.4840192332869079,0.542946885093219,0.33111674416325215,0.5348038338072817,0.7217863689590037
3894,0.6415782743702151,0.4840192332869079,0.5431287737950875,0.33111674416325215,0.534897380799003,0.7217193947883899
3895,0.6434255890583791,0.4840192332869079,0.5433077986629677,0.33111674416325215,0.5349899078839154,0.7216534850470552
3896,0.6453654660915455,0.4840192332869079,0.5434839670087188,0.33111674416325215,0.5350813814882802,0.7215886718785435
3897,0.6473876004894669,0.4840192332869079,0.5436572872608051,0.33111674416325215,0.5351717689647394,0.7215249870120269
3898,0.6494814811305883,0.4840192332869079,0.5438277689175807,0.33111674416325215,0.5352610386176754,0.7214624617382732
3899,0.6516364248143611,0.4840192332869079,0.54399542250079,0.33111674416325215,0.5353491597276604,0.7214011268855788
3900,0.6538416085800992,0.4840192332869079,0.5441602595093555,0.33111674416325215,0.5354361025749786,0.7213410127957003
3901,0.6560861003764993,0.4840192332869079,0.5443222923735134,0.33111674416325215,0.5355218384622005,0.7212821492998097
3902,0.6583588882171769,0.4840192332869079,0.5444815344093678,0.33111674416325215,0.5356063397357935,0.7212245656945069
3903,0.6606489079921715,0.4840192332869079,0.5446379997739209,0.33111674416325215,0.535689579806754,0.7211682907179161
3904,0.6629450701330354,0.4840192332869079,0.5447917034206426,0.33111674416325215,0.5357715331702428,0.7211133525259035
3905,0.6652362853497021,0.4840192332869079,0.5449426610556348,0.33111674416325215,0.535852175424213,0.7210597786684411
3906,0.6675114896706676,0.4840192332869079,0.5450908890944507,0.33111674416325215,0.5359314832870165,0.7210075960661534
3907,0.6697596690240392,0.4840192332869079,0.5452364046196206,0.33111674416325215,0.5360094346139755,0.7209568309870792
3908,0.6719698835955158,0.4840192332869079,0.5453792253389371,0.33111674416325215,0.5360860084129121,0.7209075090236776
3909,0.6741312921900752,0.4840192332869079,0.5455193695445494,0.33111674416325215,0.536161184858622,0.7208596550701161
3910,0.6762331768064967,0.4840192332869079,0.545656856072916,0.33111674416325215,0.5362349453062875,0.7208132932998713
3911,0.6782649676069197,0.4840192332869079,0.5457917042656589,0.33111674416325215,0.5363072723038199,0.7207684471436749
3912,0.6802162684257442,0.4840192332869079,0.5459239339313632,0.33111674416325215,0.5363781496031262,0.7207251392678412
3913,0.6820768829105341,0.4840192332869079,0.5460535653083631,0.33111674416325215,0.5364475621702947,0.7206833915530059
3914,0.6838368413172989,0.4840192332869079,0.5461806190285527,0.33111674416325215,0.5365154961946941,0.7206432250733121
3915,0.6854864278850575,0.4840192332869079,0.546305116082256,0.33111674416325215,0.5365819390969855,0.7206046600760767
3916,0.687016208574465,0.4840192332869079,0.5464270777841916,0.33111674416325215,0.5366468795360426,0.7205677159619656
3917,0.6884170587433668,0.4840192332869079,0.546546525740562,0.33111674416325215,0.5367103074147817,0.7205324112657168
3918,0.6896801899910223,0.4840192332869079,0.5466634818172935,0.33111674416325215,0.5367722138848974,0.7204987636374395
3919,0.6907971748118957,0.4840192332869079,0.5467779681094587,0.33111674416325215,0.5368325913505122,0.7204667898245184
3920,0.6917599665867492,0.4840192332869079,0.5468900069118982,0.33111674416325215,0.5368914334707342,0.7204365056541611
3921,0.6925609101243467,0.4840192332869079,0.546999620691066,0.33111674416325215,0.5369487351611317,0.7204079260166129
3922,0.6931927325327856,0.4840192332869079,0.5471068320581179,0.33111674416325215,0.5370044925941269,0.7203810648490706
3923,0.6936484892008357,0.4840192332869079,0.5472116637432554,0.33111674416325215,0.5370587031983135,0.7203559351203255
3924,0.6939213871458988,0.4840192332869079,0.5473141385713413,0.33111674416325215,0.5371113656567051,0.7203325488161608
3925,0.6940041300423436,0.4840192332869079,0.5474142794387974,0.33111674416325215,0.5371624799039207,0.7203109169255341
3926,0.6938829759687848,0.4840192332869079,0.5475121092917908,0.33111674416325215,0.5372120471223171,0.7202910494275675
3927,0.6935617474761595,0.4840192332869079,0.5476076511057177,0.33111674416325215,0.537260069737074,0.7202729552793727
3928,0.6930410038797858,0.4840192332869079,0.5477009278659857,0.33111674416325215,0.5373065514102451,0.7202566424047341
3929,0.6923213419782354,0.4840192332869079,0.5477919625500983,0.33111674416325215,0.5373514970337827,0.7202421176836716
3930,0.6914039321991087,0.4840192332869079,0.5478807781110361,0.33111674416325215,0.5373949127215494,0.7202293869429084
3931,0.6902907105716263,0.4840192332869079,0.547967397461937,0.33111674416325215,0.5374368058003286,0.720218454947257
3932,0.6889844731924929,0.4840192332869079,0.5480518434620638,0.33111674416325215,0.5374771847998469,0.7202093253919493
3933,0.6874889309863425,0.4840192332869079,0.5481341389040536,0.33111674416325215,0.5375160594418209,0.7202020008959228
3934,0.6858087438020115,0.4840192332869079,0.5482143065024406,0.33111674416325215,0.5375534406280461,0.720196482996082
3935,0.6839495414290063,0.4840192332869079,0.5482923688834338,0.33111674416325215,0.5375893404275401,0.7201927721425465
3936,0.6819179349210932,0.4840192332869079,0.548368348575941,0.33111674416325215,0.5376237720627577,0.7201908676949005
3937,0.6797215198397829,0.4840192332869079,0.548442268003817,0.33111674416325215,0.5376567498948936,0.7201907679194532
3938,0.6773688722004771,0.4840192332869079,0.5485141494793223,0.33111674416325215,0.5376882894082932,0.7201924699875214
3939,0.6748695374853966,0.4840192332869079,0.548584015197764,0.33111674416325215,0.537718407193983,0.7201959699747374
3940,0.6722340128635039,0.4840192332869079,0.5486518872333039,0.33111674416325215,0.537747120932348,0.720201262861396
3941,0.6694737226319761,0.4840192332869079,0.5487177875359007,0.33111674416325215,0.5377744493749672,0.7202083425338349
3942,0.6666009868202317,0.4840192332869079,0.5487817379293668,0.33111674416325215,0.5378004123256337,0.7202172017868597
3943,0.6636289828530662,0.4840192332869079,0.5488437601105062,0.33111674416325215,0.5378250306205762,0.7202278323272081
3944,0.6605717001424934,0.4840192332869079,0.548903875649302,0.33111674416325215,0.5378483261079058,0.7202402247780555
3945,0.6574438874629376,0.4840192332869079,0.5489621059901268,0.33111674416325215,0.5378703216263099,0.7202543686845567
3946,0.654260992959461,0.4840192332869079,0.5490184724539364,0.33111674416325215,0.5378910409830178,0.7202702525204222
3947,0.6510390966439238,0.4840192332869079,0.5490729962414113,0.33111674416325215,0.5379105089310615,0.7202878636955168
3948,0.6477948352508732,0.4840192332869079,0.5491256984370142,0.33111674416325215,0.5379287511458619,0.7203071885644796
3949,0.6445453193560101,0.4840192332869079,0.549176600013916,0.33111674416325215,0.5379457942011664,0.7203282124363493
3950,0.6413080427081704,0.4840192332869079,0.5492257218397586,0.33111674416325215,0.5379616655443729,0.7203509195851853
3951,0.6381007837940554,0.4840192332869079,0.5492730846832037,0.33111674416325215,0.5379763934712753,0.720375293261671
3952,0.6349414997463022,0.4840192332869079,0.5493187092212299,0.33111674416325215,0.5379900071002756,0.7204013157056856
3953,0.6318482128223708,0.4840192332869079,0.5493626160471308,0.33111674416325215,0.538002536346111,0.7204289681598228
3954,0.6288388898255938,0.4840192332869079,0.5494048256791656,0.33111674416325215,0.5380140118931647,0.7204582308838436
3955,0.6259313150108236,0.4840192332869079,0.5494453585698146,0.33111674416325215,0.5380244651684374,0.7204890831700405
3956,0.6231429572139833,0.4840192332869079,0.5494842351155904,0.33111674416325215,0.5380339283142976,0.7205215033594902
3957,0.6204908321640737,0.4840192332869079,0.5495214756673468,0.33111674416325215,0.5380424341611597,0.7205554688591741
3958,0.6179913611722387,0.4840192332869079,0.5495571005410375,0.33111674416325215,0.5380500162003181,0.7205909561599423
3959,0.6156602276374065,0.4840192332869079,0.5495911300288614,0.33111674416325215,0.5380567085572787,0.7206279408552924
3960,0.6135122330517196,0.4840192332869079,0.5496235844107368,0.33111674416325215,0.5380625459661165,0.7206663976609401
3961,0.61156115441933,0.4840192332869079,0.5496544839660391,0.33111674416325215,0.538067563745743,0.7207063004351502
3962,0.6098196052056677,0.4840192332869079,0.5496838489855344,0.33111674416325215,0.5380717977795982,0.7207476221997989
3963,0.60829890209678,0.4840192332869079,0.5497116997834356,0.33111674416325215,0.5380752845015553,0.7207903351621393
3964,0.6070089399558115,0.4840192332869079,0.5497380567094987,0.33111674416325215,0.5380780608935434,0.7208344107372366
3965,0.6059580774035321,0.4840192332869079,0.5497629401610737,0.33111674416325215,0.5380801645068745,0.7208798195710394
3966,0.6051530354118724,0.4840192332869079,0.5497863705950042,0.33111674416325215,0.538081633537038,0.7209265315640567
3967,0.604598811177101,0.4840192332869079,0.5498083685392656,0.33111674416325215,0.5380825070420621,0.7209745158956057
3968,0.6042986093304188,0.4840192332869079,0.5498289546042029,0.33111674416325215,0.5380828256861714,0.7210237410485931
3969,0.6042537922512523,0.4840192332869079,0.5498481494932025,0.33111674416325215,0.5380826365608636,0.7210741748347982
3970,0.6044638508804779,0.4840192332869079,0.5498659740125976,0.33111674416325215,0.5380819563229552,0.7211257844206203
3971,0.6049263970002189,0.4840192332869079,0.5498824490805437,0.33111674416325215,0.5380808177390792,0.7211785363532527
3972,0.6056371774709339,0.4840192332869079,0.549897595734525,0.33111674416325215,0.538079256788039,0.7212323965872496
3973,0.60659011041548,0.4840192332869079,0.5499114351370262,0.33111674416325215,0.5380773110621025,0.7212873305114468
3974,0.6077773428355,0.4840192332869079,0.5499239885787188,0.33111674416325215,0.538075019209285,0.7213433029761989
3975,0.6091893286596906,0.4840192332869079,0.549935277478217,0.33111674416325215,0.5380724206550592,0.721400278320898
3976,0.6108149257764887,0.4840192332869079,0.5499453233769751,0.33111674416325215,0.5380695554326472,0.7214582204017347
3977,0.6126415102128561,0.4840192332869079,0.549954147927077,0.33111674416325215,0.5380664640649481,0.7215170926196632
3978,0.6146551052994663,0.4840192332869079,0.5499617728681949,0.33111674416325215,0.5380631874744165,0.7215768579485384
3979,0.6168405234195291,0.4840192332869079,0.5499682199871837,0.33111674416325215,0.5380597669095137,0.7216374789633815
3980,0.6191815177776827,0.4840192332869079,0.5499735110479913,0.33111674416325215,0.5380562438816717,0.7216989178687421
3981,0.6216609415462876,0.4840192332869079,0.5499776676663714,0.33111674416325215,0.538052660109298,0.7217611365271207
3982,0.6242609117444919,0.4840192332869079,0.5499807110694656,0.33111674416325215,0.5380490574666993,0.7218240964874126
3983,0.6269629752729139,0.4840192332869079,0.5499826615709015,0.33111674416325215,0.5380454779365744,0.7218877590133423
3984,0.6297482746537177,0.4840192332869079,0.5499835371130553,0.33111674416325215,0.5380419635651835,0.7219520851118499
3985,0.6325977112010741,0.4840192332869079,0.5499833461345448,0.33111674416325215,0.5380385564195811,0.7220170355613982
3986,0.6354921035588611,0.4840192332869079,0.5499821949797075,0.33111674416325215,0.538035298546488,0.722082570940166
3987,0.6384123397797896,0.4840192332869079,0.5499801196303344,0.33111674416325215,0.5380322319324999,0.722148651654098
3988,0.6413395213725107,0.4840192332869079,0.5499771503226041,0.33111674416325215,0.5380293984654086,0.7222152379647726
3989,0.6442550980016205,0.4840192332869079,0.5499733152366473,0.33111674416325215,0.5380268398964805,0.7222822900170662
3990,0.6471409917820314,0.4840192332869079,0.5499686415560424,0.33111674416325215,0.5380245978035694,0.7223497678665779
3991,0.6499797103575635,0.4840192332869079,0.5499631559211308,0.33111674416325215,0.5380227135549794,0.7224176315067872
3992,0.6527544481886324,0.4840192332869079,0.5499568846655528,0.33111674416325215,0.5380212282740131,0.7224858408959179
3993,0.655449175691302,0.4840192332869079,0.5499498539552258,0.33111674416325215,0.5380201828041544,0.7225543559834814
3994,0.6580487160659872,0.4840192332869079,0.5499420898764975,0.33111674416325215,0.5380196176748575,0.7226231367364716
3995,0.6605388098250421,0.4840192332869079,0.5499336184949506,0.33111674416325215,0.538019573067913,0.7226921431651916
3996,0.6629061671699492,0.4840192332869079,0.5499244658958657,0.33111674416325215,0.538020088784378,0.7227613353486829
3997,0.6651385084746444,0.4840192332869079,0.5499146582124885,0.33111674416325215,0.5380212042120589,0.7228306734597403
3998,0.6672245931919193,0.4840192332869079,0.5499042216457468,0.33111674416325215,0.5380229582935421,0.7229001177894888
3999,0.6691542374980544,0.4840192332869079,0.5498931824777062,0.33111674416325215,0.5380253894947719,0.722969628771503
4000,0.6709183208964632,0.4840192332869079,0.5498815670802493,0.33111674416325215,0.5380285357741758,0.7230391670054511
4001,0.6725087817560954,0.4840192332869079,0.5498694019199953,0.33111674416325215,0.5380324345523433,0.7231086932802478
4002,0.6739186012470757,0.4840192332869079,0.5498567135601589,0.33111674416325215,0.5380371226822624,0.7231781685966971
4003,0.6751417741001444,0.4840192332869079,0.5498435286598548,0.33111674416325215,0.5380426364201247,0.7232475541896115
4004,0.6761732624593576,0.4840192332869079,0.54982987397122,0.33111674416325215,0.5380490113967022,0.7233168115493975
4005,0.6770089242543913,0.4840192332869079,0.5498157763346303,0.33111674416325215,0.5380562825893135,0.7233859024430906
4006,0.6776453952841675,0.4840192332869079,0.5498012626722281,0.33111674416325215,0.5380644842943813,0.7234547889348305
4007,0.6780798673683763,0.4840192332869079,0.5497863599799234,0.33111674416325215,0.5380736501006014,0.7235234334057704
4008,0.6783095584763844,0.4840192332869079,0.5497710953180098,0.33111674416325215,0.5380838128627272,0.7235917985734063
4009,0.6783296797277015,0.4840192332869079,0.5497554958004937,0.33111674416325215,0.5380950046759851,0.7236598475103247
4010,0.678026611781318,0.4840192332869079,0.5497395885832391,0.33111674416325215,0.538107256851134,0.7237275436623595
4011,0.6774229149611148,0.4840192332869079,0.5497234008509944,0.33111674416325215,0.5381205998901775,0.7237948508661554
4012,0.6765376581138832,0.4840192332869079,0.5497069598033741,0.33111674416325215,0.5381350634627444,0.7238617333661338
4013,0.6753905525478244,0.4840192332869079,0.549690292639851,0.33111674416325215,0.5381506763831483,0.7239281558308592
4014,0.6740026959281379,0.4840192332869079,0.549673426543812,0.33111674416325215,0.5381674665881373,0.7239940833688053
4015,0.6723967093734782,0.4840192332869079,0.5496563886657251,0.33111674416325215,0.5381854611153485,0.7240594815435218
4016,0.6705966903444069,0.4840192332869079,0.5496392061054634,0.33111674416325215,0.5382046860824758,0.7241243163882023
4017,0.6686280960063009,0.4840192332869079,0.5496219058938284,0.33111674416325215,0.5382251666671654,0.7241885544196555
4018,0.6665175976282753,0.4840192332869079,0.5496045149733098,0.33111674416325215,0.5382469270876474,0.7242521626516856
4019,0.6642929221722501,0.4840192332869079,0.5495870601781256,0.33111674416325215,0.5382699905841183,0.7243151086078842
4020,0.6619826873606665,0.4840192332869079,0.5495695682135776,0.33111674416325215,0.5382943794008802,0.7243773603338427
4021,0.6596162319002286,0.4840192332869079,0.5495520656347604,0.33111674416325215,0.5383201147692517,0.7244388864087873
4022,0.6572234401725452,0.4840192332869079,0.5495345788246618,0.33111674416325215,0.538347216891257,0.72449965595665
4023,0.6548345594565724,0.4840192332869079,0.5495171339716923,0.33111674416325215,0.5383757049241042,0.7245596386565821
4024,0.6524800071576826,0.4840192332869079,0.549499757046681,0.33111674416325215,0.5384055969654631,0.7246188047529201
4025,0.6501901653773441,0.4840192332869079,0.5494824737793736,0.33111674416325215,0.5384369100395472,0.7246771250646158
4026,0.6479951603681335,0.4840192332869079,0.5494653096344735,0.33111674416325215,0.5384696600840146,0.7247345709941434
4027,0.6459246249306229,0.4840192332869079,0.5494482897872628,0.33111674416325215,0.5385038619376893,0.7247911145358977
4028,0.6440074425893765,0.4840192332869079,0.5494314390988425,0.33111674416325215,0.538539529329113,0.7248467282840944
4029,0.6422714734057124,0.4840192332869079,0.5494147820910291,0.33111674416325215,0.5385766748659371,0.7249013854401927
4030,0.6407432625096976,0.4840192332869079,0.5493983429209524,0.33111674416325215,0.5386153100251547,0.7249550598198551
4031,0.6394477338158255,0.4840192332869079,0.5493821453553882,0.33111674416325215,0.5386554451441855,0.7250077258594616
4032,0.6384078728633986,0.4840192332869079,0.5493662127448736,0.33111674416325215,0.5386970894128145,0.7250593586221991
4033,0.6376444042151229,0.4840192332869079,0.5493505679976396,0.33111674416325215,0.5387402508659914,0.7251099338037471
4034,0.6371754702626634,0.4840192332869079,0.5493352335534094,0.33111674416325215,0.5387849363774939,0.7251594277375824
4035,0.6370163195229336,0.4840192332869079,0.5493202313570994,0.33111674416325215,0.5388311516544605,0.7252078173999238
4036,0.6371790134581445,0.4840192332869079,0.5493055828324683,0.33111674416325215,0.5388789012327944,0.7252550804143493
4037,0.6376721614175036,0.4840192332869079,0.5492913088557577,0.33111674416325215,0.5389281884734421,0.7253011950561083
4038,0.6385006933978857,0.4840192332869079,0.5492774297293663,0.33111674416325215,0.5389790155595499,0.7253461402561627
4039,0.6396656799018866,0.4840192332869079,0.5492639651556036,0.33111674416325215,0.539031383494496,0.7253898956049911
4040,0.6411642072181253,0.4840192332869079,0.5492509342105656,0.33111674416325215,0.5390852921008071,0.7254324413561916
4041,0.6429893149862734,0.4840192332869079,0.5492383553181768,0.33111674416325215,0.5391407400199499,0.7254737584299256
4042,0.6451300010063439,0.4840192332869079,0.5492262462244459,0.33111674416325215,0.5391977247130075,0.7255138284162502
4043,0.6475712960148912,0.4840192332869079,0.5492146239719761,0.33111674416325215,0.539256242462232,0.7255526335783868
4044,0.6502944087155627,0.4840192332869079,0.5492035048747781,0.33111674416325215,0.5393162883734788,0.7255901568559899
4045,0.6532769388699098,0.4840192332869079,0.5491929044934287,0.33111674416325215,0.5393778563795142,0.7256263818684794
4046,0.6564931538803432,0.4840192332869079,0.5491828376106219,0.33111674416325215,0.5394409392442008,0.7256612929185172
4047,0.6599143221719288,0.4840192332869079,0.5491733182071542,0.33111674416325215,0.5395055285675529,0.7256948749957153
4048,0.6635090949201021,0.4840192332869079,0.5491643594383901,0.33111674416325215,0.5395716147916597,0.7257271137806868
4049,0.6672439263607941,0.4840192332869079,0.5491559736112558,0.33111674416325215,0.5396391872074745,0.7257579956495642
4050,0.6710835221038609,0.4840192332869079,0.5491481721617979,0.33111674416325215,0.539708233962461,0.7257875076791411
4051,0.6749913045583873,0.4840192332869079,0.549140965633356,0.33111674416325215,0.5397787420690953,0.7258156376528239
4052,0.6789298847435933,0.4840192332869079,0.5491343636553918,0.33111674416325215,0.5398506974142163,0.7258423740676283
4053,0.6828615303477966,0.4840192332869079,0.5491283749230161,0.33111674416325215,0.5399240847692178,0.7258677061425127
4054,0.686748620835328,0.4840192332869079,0.5491230071772555,0.33111674416325215,0.5399988878010762,0.7258916238284172
4055,0.690554081598884,0.4840192332869079,0.5491182671861032,0.33111674416325215,0.5400750890842042,0.7259141178204903
4056,0.6942417905162012,0.4840192332869079,0.54911416072639,0.33111674416325215,0.5401526701131267,0.725935179573132
4057,0.697776951694695,0.4840192332869079,0.5491106925665197,0.33111674416325215,0.5402316113159648,0.7259548013186949
4058,0.7011264325713973,0.4840192332869079,0.5491078664501063,0.33111674416325215,0.5403118920687223,0.7259729760909855
4059,0.7042590617635257,0.4840192332869079,0.5491056850805507,0.33111674416325215,0.5403934907103646,0.725989697755168
4060,0.707145885995132,0.4840192332869079,0.5491041501065933,0.33111674416325215,0.5404763845586773,0.7260049610463482
4061,0.7097603848452966,0.4840192332869079,0.5491032621088828,0.33111674416325215,0.540560549926897,0.7260187616201956
4062,0.7120786415884773,0.4840192332869079,0.5491030205875898,0.33111674416325215,0.5406459621410986,0.7260310961207037
4063,0.7140794662044744,0.4840192332869079,0.5491034239511041,0.33111674416325215,0.5407325955583324,0.7260419622731654
4064,0.7157444606970907,0.4840192332869079,0.5491044695058456,0.33111674416325215,0.5408204235854924,0.7260513590157689
4065,0.7170580014281713,0.4840192332869079,0.5491061534472207,0.33111674416325215,0.5409094186989083,0.7260592866934273
4066,0.718007068811496,0.4840192332869079,0.5491084708517532,0.33111674416325215,0.5409995524646429,0.7260657473587129
4067,0.7185806968242018,0.4840192332869079,0.5491114156704191,0.33111674416325215,0.5410907955594855,0.726070745274055
4068,0.7187679789662795,0.4840192332869079,0.5491149807232106,0.33111674416325215,0.541183117792622,0.7260742878422175
4069,0.7185409610195728,0.4840192332869079,0.5491191576949562,0.33111674416325215,0.5412764881279696,0.7260763876393581
4070,0.7179324143905078,0.4840192332869079,0.5491239371324176,0.33111674416325215,0.5413708747071596,0.726077068426772
4071,0.7169619789005539,0.4840192332869079,0.5491293084426885,0.33111674416325215,0.5414662448731522,0.7260764054216263
4072,0.7156493304378354,0.4840192332869079,0.5491352598929131,0.33111674416325215,0.541562565194468,0.7260743157998432
4073,0.7140159712351698,0.4840192332869079,0.5491417786113434,0.33111674416325215,0.541659801490015,0.7260707697680657
4074,0.7120857073447324,0.4840192332869079,0.5491488505897509,0.33111674416325215,0.5417579188545015,0.7260657487104147
4075,0.7098847610938899,0.4840192332869079,0.5491564606872091,0.33111674416325215,0.5418568816844075,0.7260592391040528
4076,0.7074417335052405,0.4840192332869079,0.5491645926352566,0.33111674416325215,0.5419566537045046,0.7260512304780122
4077,0.7047874843505215,0.4840192332869079,0.5491732290444558,0.33111674416325215,0.5420571979949012,0.7260417144818873
4078,0.7019549543827286,0.4840192332869079,0.5491823514123497,0.33111674416325215,0.5421584770185944,0.7260306843829556
4079,0.6989789387523746,0.4840192332869079,0.5491919401328306,0.33111674416325215,0.542260452649511,0.726018134763652
4080,0.6958958144587424,0.4840192332869079,0.549201974506919,0.33111674416325215,0.5423630862010158,0.7260040613252136
4081,0.6927432224201024,0.4840192332869079,0.54921243275496,0.33111674416325215,0.5424663384548681,0.7259884607528065
4082,0.6895597044112994,0.4840192332869079,0.549223292030235,0.33111674416325215,0.5425701696906061,0.725971330618692
4083,0.6863842959132191,0.4840192332869079,0.5492345284339877,0.33111674416325215,0.5426745397153373,0.725952669310173
4084,0.6832560774625399,0.4840192332869079,0.549246117031862,0.33111674416325215,0.5427794078939147,0.7259324759743715
4085,0.6802136891476541,0.4840192332869079,0.5492580318717438,0.33111674416325215,0.5428847331794772,0.7259107504748247
4086,0.6772948152771392,0.4840192332869079,0.5492702460030007,0.33111674416325215,0.5429904741443331,0.7258874933566224
4087,0.6745356487593427,0.4840192332869079,0.5492827314971088,0.33111674416325215,0.5430965890111619,0.7258627058178705
4088,0.6719703471676897,0.4840192332869079,0.5492954594696536,0.33111674416325215,0.5432030356845169,0.7258363896859357
4089,0.6696304946025224,0.4840192332869079,0.5493084001036923,0.33111674416325215,0.5433097717826018,0.7258085473973691
4090,0.6675445850688696,0.4840192332869079,0.5493215226744596,0.33111674416325215,0.5434167546693013,0.7257791819807103
4091,0.6657375439586533,0.4840192332869079,0.5493347955754007,0.33111674416325215,0.5435239414864409,0.7257482970415776
4092,0.6642303041842706,0.4840192332869079,0.5493481863455081,0.33111674416325215,0.543631289186255,0.7257158967495946
4093,0.6630394524530011,0.4840192332869079,0.5493616616979415,0.33111674416325215,0.5437387545640376,0.7256819858268123
4094,0.6621769590804958,0.4840192332869079,0.5493751875499054,0.33111674416325215,0.5438462942909542,0.7256465695373601
4095,0.6616500016988638,0.4840192332869079,0.5493887290537587,0.33111674416325215,0.5439538649469902,0.7256096536781175
4096,0.6614608894027459,0.4840192332869079,0.5494022506293269,0.33111674416325215,0.5440614230540115,0.7255712445702418
4097,0.661607089563311,0.4840192332869079,0.5494157159973863,0.33111674416325215,0.5441689251089172,0.7255313490514185
4098,0.6620813550517665,0.4840192332869079,0.5494290882142888,0.33111674416325215,0.5442763276168534,0.725489974468726
4099,0.6628719452986128,0.4840192332869079,0.5494423297076919,0.33111674416325215,0.5443835871244714,0.7254471286720316
4100,0.6639629308011146,0.4840192332869079,0.5494554023133589,0.33111674416325215,0.5444906602532029,0.7254028200078403
4101,0.6653345676510487,0.4840192332869079,0.5494682673129903,0.33111674416325215,0.5445975037325265,0.7253570573135416
4102,0.6669637265739911,0.4840192332869079,0.5494808854730492,0.33111674416325215,0.544704074433204,0.7253098499120036
4103,0.6688243599358543,0.4840192332869079,0.5494932170845367,0.33111674416325215,0.5448103294004627,0.7252612076064694
4104,0.6708879901663731,0.4840192332869079,0.5495052220036771,0.33111674416325215,0.5449162258870958,0.7252111406757223
4105,0.6731242039684291,0.4840192332869079,0.5495168596934674,0.33111674416325215,0.5450217213864601,0.725159659869489
4106,0.6755011383557344,0.4840192332869079,0.5495280892660466,0.33111674416325215,0.5451267736653466,0.7251067764040541
4107,0.6779859467794461,0.4840192332869079,0.5495388695258346,0.33111674416325215,0.5452313407966969,0.7250525019580617
4108,0.6805452361445998,0.4840192332869079,0.5495491590133997,0.33111674416325215,0.5453353811921449,0.7249968486684849
4109,0.6831454681688585,0.4840192332869079,0.549558916049995,0.33111674416325215,0.5454388536343581,0.7249398291267469
4110,0.685753321116163,0.4840192332869079,0.5495680987827222,0.33111674416325215,0.5455417173091538,0.7248814563749736
4111,0.6883360103011888,0.4840192332869079,0.5495766652302646,0.33111674416325215,0.5456439318373671,0.7248217439023672
4112,0.6908615678017139,0.4840192332869079,0.5495845733291417,0.33111674416325215,0.5457454573064487,0.7247607056416864
4113,0.6932990834651974,0.4840192332869079,0.5495917809804259,0.33111674416325215,0.5458462543017646,0.7246983559658211
4114,0.6956189105083528,0.4840192332869079,0.5495982460968725,0.33111674416325215,0.5459462839375788,0.7246347096844507
4115,0.6977928397475296,0.4840192332869079,0.5496039266504031,0.33111674416325215,0.5460455078876925,0.7245697820407762
4116,0.6997942467054763,0.4840192332869079,0.5496087807198898,0.33111674416325215,0.5461438884157178,0.7245035887083168
4117,0.7015982153820052,0.4840192332869079,0.5496127665391783,0.33111674416325215,0.5462413884049645,0.7244361457877609
4118,0.7031816410125512,0.4840192332869079,0.5496158425453023,0.33111674416325215,0.5463379713879124,0.7243674698038637
4119,0.7045233107791035,0.4840192332869079,0.5496179674268193,0.33111674416325215,0.546433601575254,0.7242975777023831
4120,0.70560395364938,0.4840192332869079,0.5496191001722196,0.33111674416325215,0.5465282438844767,0.7242264868470473
4121,0.7064062299926747,0.4840192332869079,0.549619200118346,0.33111674416325215,0.5466218639679707,0.7241542150165422
4122,0.7069145641519898,0.4840192332869079,0.5496182269987654,0.33111674416325215,0.5467144282406344,0.7240807804015172
4123,0.7071144022482475,0.4840192332869079,0.5496161409920363,0.33111674416325215,0.5468059039069599,0.7240062016015983
4124,0.7069869293795238,0.4840192332869079,0.5496129027698105,0.33111674416325215,0.5468962589875745,0.7239304976224008
4125,0.7065451697400402,0.4840192332869079,0.5496084735447138,0.33111674416325215,0.5469854623452208,0.7238536878725363
4126,0.7057930717515023,0.4840192332869079,0.5496028151179435,0.33111674416325215,0.5470734837101503,0.7237757921606093
4127,0.704735805005729,0.4840192332869079,0.5495958899265299,0.33111674416325215,0.5471602937049157,0.7236968306921896
4128,0.7033809333385446,0.4840192332869079,0.5495876610901979,0.33111674416325215,0.547245863868536,0.7236168240667618
4129,0.7017388170675577,0.4840192332869079,0.5495780924577754,0.33111674416325215,0.5473301666800218,0.723535793274638
4130,0.6998228125420594,0.4840192332869079,0.5495671486530935,0.33111674416325215,0.5474131755812348,0.7234537596938335
4131,0.6976493821827833,0.4840192332869079,0.5495547951203138,0.33111674416325215,0.5474948649990692,0.7233707450868921
4132,0.6952381442835875,0.4840192332869079,0.5495409981686378,0.33111674416325215,0.547575210366933,0.7232867715976607
4133,0.6926118682130116,0.4840192332869079,0.5495257250163361,0.33111674416325215,0.5476541881455116,0.7232018617480006
4134,0.689796412307327,0.4840192332869079,0.5495089438340462,0.33111674416325215,0.5477317758427986,0.7231160384344337
4135,0.6868205986053214,0.4840192332869079,0.549490623787284,0.33111674416325215,0.5478079520333771,0.7230293249247132
4136,0.6837160177585245,0.4840192332869079,0.5494707350781197,0.33111674416325215,0.5478826963769308,0.7229417448543137
4137,0.6805167580095137,0.4840192332869079,0.5494492489859635,0.33111674416325215,0.5479559896359766,0.7228533222228359
4138,0.6772590537213976,0.4840192332869079,0.5494261379074126,0.33111674416325215,0.5480278136927976,0.7227640813903136
4139,0.6739808514162741,0.4840192332869079,0.5494013753951098,0.33111674416325215,0.5480981515655635,0.722674047073422
4140,0.6707212945372885,0.4840192332869079,0.5493749361955678,0.33111674416325215,0.5481669874236277,0.7225832443415792
4141,0.6675201320641444,0.4840192332869079,0.5493467962859074,0.33111674416325215,0.5482343066019817,0.7224916986129306
4142,0.6644170605064492,0.4840192332869079,0.5493169329094728,0.33111674416325215,0.5483000956148618,0.7223994356502144
4143,0.6614510134232158,0.4840192332869079,0.549285324610271,0.33111674416325215,0.5483643421684868,0.7223064815564985
4144,0.6586594171482152,0.4840192332869079,0.5492519512662001,0.33111674416325215,0.5484270351729263,0.7222128627707839
4145,0.6560774354590994,0.4840192332869079,0.549216794121021,0.33111674416325215,0.5484881647530773,0.722118606063466
4146,0.6537372291024551,0.4840192332869079,0.5491798358150354,0.33111674416325215,0.5485477222587493,0.722023738531649
4147,0.6516672579782715,0.4840192332869079,0.5491410604144324,0.33111674416325215,0.548605700273842,0.7219282875943057
4148,0.6498916540605222,0.4840192332869079,0.5491004534392652,0.33111674416325215,0.5486620926246097,0.7218322809872795
4149,0.6484296915686613,0.4840192332869079,0.5490580018900271,0.33111674416325215,0.5487168943870054,0.7217357467581131
4150,0.6472953774560829,0.4840192332869079,0.5490136942727908,0.33111674416325215,0.5487701018930947,0.7216387132607118
4151,0.6464971800890572,0.4840192332869079,0.5489675206228807,0.33111674416325215,0.548821712736536,0.7215412091498213
4152,0.6460379073940976,0.4840192332869079,0.5489194725270519,0.33111674416325215,0.5488717257771216,0.7214432633753225
4153,0.6459147382636253,0.4840192332869079,0.5488695431441435,0.33111674416325215,0.548920141144373,0.7213449051763332
4154,0.6461194032522695,0.4840192332869079,0.5488177272241843,0.33111674416325215,0.5489669602401869,0.7212461640751137
4155,0.6466385032274429,0.4840192332869079,0.5487640211259261,0.33111674416325215,0.5490121857405329,0.7211470698707666
4156,0.6474539482665854,0.4840192332869079,0.5487084228327831,0.33111674416325215,0.5490558215961937,0.7210476526327281
4157,0.6485434942027856,0.4840192332869079,0.5486509319671555,0.33111674416325215,0.5490978730325539,0.7209479426940442
4158,0.6498813511137106,0.4840192332869079,0.5485915498031241,0.33111674416325215,0.5491383465484294,0.7208479706444275
4159,0.6514388368259216,0.4840192332869079,0.5485302792774933,0.33111674416325215,0.5491772499139453,0.7207477673230852
4160,0.6531850490725609,0.4840192332869079,0.5484671249991729,0.33111674416325215,0.5492145921674549,0.7206473638113196
4161,0.6550875320419068,0.4840192332869079,0.548402093256887,0.33111674416325215,0.5492503836115087,0.7205467914248899
4162,0.657112916324553,0.4840192332869079,0.5483351920251961,0.33111674416325215,0.5492846358078695,0.7204460817061349
4163,0.6592275152957308,0.4840192332869079,0.5482664309688262,0.33111674416325215,0.5493173615715793,0.7203452664158494
4164,0.6613978653488379,0.4840192332869079,0.5481958214453007,0.33111674416325215,0.5493485749640798,0.720244377524912
4165,0.6635912017655081,0.4840192332869079,0.5481233765058665,0.33111674416325215,0.5493782912853874,0.7201434472056579
4166,0.6657758660790505,0.4840192332869079,0.5480491108947162,0.33111674416325215,0.5494065270653266,0.7200425078229945
4167,0.6679216443592758,0.4840192332869079,0.5479730410465016,0.33111674416325215,0.5494333000538206,0.7199415919252563
4168,0.6700000387983729,0.4840192332869079,0.5478951850821451,0.33111674416325215,0.549458629210242,0.7198407322347935
4169,0.6719844772626133,0.4840192332869079,0.5478155628029477,0.33111674416325215,0.5494825346918149,0.7197399616382946
4170,0.6738504671015849,0.4840192332869079,0.5477341956830022,0.33111674416325215,0.5495050378410662,0.7196393131768363
4171,0.6755757005194989,0.4840192332869079,0.5476511068599177,0.33111674416325215,0.549526161172311,0.7195388200356629
4172,0.6771401192699246,0.4840192332869079,0.547566321123864,0.33111674416325215,0.5495459283571484,0.7194385155336867
4173,0.6785259463818469,0.4840192332869079,0.5474798649049493,0.33111674416325215,0.5495643642089384,0.7193384331127141
4174,0.6797176920511093,0.4840192332869079,0.54739176625894,0.33111674416325215,0.5495814946662001,0.7192386063263918
4175,0.680702139568267,0.4840192332869079,0.5473020548513418,0.33111674416325215,0.5495973467748607,0.7191390688288726
4176,0.6814683145477978,0.4840192332869079,0.5472107619398556,0.33111674416325215,0.5496119486692285,0.7190398543631998
4177,0.6820074343193299,0.4840192332869079,0.5471179203552279,0.33111674416325215,0.549625329551516,0.7189409967494128
4178,0.6823128127418463,0.4840192332869079,0.5470235644805136,0.33111674416325215,0.5496375196696437,0.7188425298723674
4179,0.6823795749508559,0.4840192332869079,0.5469277302287772,0.33111674416325215,0.5496485502929129,0.7187444876692776
4180,0.6822012403359752,0.4840192332869079,0.5468304550192503,0.33111674416325215,0.5496584536849167,0.7186469041169765
4181,0.6817805706207474,0.4840192332869079,0.5467317777519747,0.33111674416325215,0.5496672630726849,0.7185498132188973
4182,0.681121654616959,0.4840192332869079,0.546631738780956,0.33111674416325215,0.5496750126104443,0.7184532489917772
4183,0.6802307044071647,0.4840192332869079,0.5465303798858543,0.33111674416325215,0.5496817373352701,0.7183572454520843
4184,0.6791162270315764,0.4840192332869079,0.5464277442422459,0.33111674416325215,0.5496874731098749,0.7182618366021735
4185,0.6777891076020606,0.4840192332869079,0.5463238763904824,0.33111674416325215,0.5496922565437612,0.7181670564161697
4186,0.6762626662863381,0.4840192332869079,0.5462188222031826,0.33111674416325215,0.5496961248754041,0.7180729388255858
4187,0.6745527002502552,0.4840192332869079,0.54611262885139,0.33111674416325215,0.5496991157779281,0.717979517704676
4188,0.6726775095042731,0.4840192332869079,0.546005344769432,0.33111674416325215,0.5497012669959926,0.7178868268555324
4189,0.6706579012342274,0.4840192332869079,0.5458970196185172,0.33111674416325215,0.5497026155400004,0.7177948999929257
4190,0.6685171651433642,0.4840192332869079,0.5457877042491075,0.33111674416325215,0.549703195323663,0.7177037707288988
4191,0.6662810112798987,0.4840192332869079,0.5456774506621056,0.33111674416325215,0.5497030241674022,0.7176134725571174
4192,0.6639774614201159,0.4840192332869079,0.545566311968897,0.33111674416325215,0.54970225298889,0.7175240388369841
4193,0.6616366852492828,0.4840192332869079,0.5454543423502887,0.33111674416325215,0.5497009407322131,0.7174355027775233
4194,0.659290773350493,0.4840192332869079,0.545341597014385,0.33111674416325215,0.5496991365050671,0.7173478974210445
4195,0.6569734404186931,0.4840192332869079,0.5452281321534471,0.33111674416325215,0.5496968855346455,0.7172612556265919
4196,0.6547196541999949,0.4840192332869079,0.5451140048997767,0.33111674416325215,0.5496942309465865,0.7171756100531866
4197,0.6525651884229964,0.4840192332869079,0.5449992732806725,0.33111674416325215,0.5496912145369963,0.7170909931428759
4198,0.6505461014016637,0.4840192332869079,0.5448839961725023,0.33111674416325215,0.5496878771748375,0.7170074371035926
4199,0.6486981459506168,0.4840192332869079,0.5447682332539399,0.33111674416325215,0.5496842590350826,0.716924973891839
4200,0.6470561205951418,0.4840192332869079,0.5446520449584132,0.33111674416325215,0.5496803997428247,0.7168436351952049
4201,0.6456531765372178,0.4840192332869079,0.5445354924258117,0.33111674416325215,0.5496763384658094,0.7167634524147298
4202,0.6445200991441182,0.4840192332869079,0.5444186374535018,0.33111674416325215,0.5496721139749093,0.7166844566471233
4203,0.6436845864958815,0.4840192332869079,0.5443015424467001,0.33111674416325215,0.5496677646835717,0.7166066786668529
4204,0.6431705503806305,0.4840192332869079,0.544184270368254,0.33111674416325215,0.5496633286728855,0.7165301489081147
4205,0.642997466703583,0.4840192332869079,0.5440668846878787,0.33111674416325215,0.5496588437064746,0.7164548974466989
4206,0.6431798022900087,0.4840192332869079,0.5439494493309041,0.33111674416325215,0.5496543472379984,0.7163809539817629
4207,0.6437265433486141,0.4840192332869079,0.5438320286265783,0.33111674416325215,0.5496498764131608,0.7163083478175304
4208,0.6446408474137356,0.4840192332869079,0.543714687255984,0.33111674416325215,0.549645468067566,0.7162371078449243
4209,0.6459198355752651,0.4840192332869079,0.5435974901996139,0.33111674416325215,0.5496411587213953,0.7161672625231565
4210,0.6475545355799218,0.4840192332869079,0.5434805026846597,0.33111674416325215,0.549636984571615,0.7160988398612839
4211,0.6495299794301885,0.4840192332869079,0.5433637901320676,0.33111674416325215,0.5496329814822623,0.7160318673997504
4212,0.6518254519824156,0.4840192332869079,0.5432474181034067,0.33111674416325215,0.5496291849732194,0.7159663721919305
4213,0.6544148803267449,0.4840192332869079,0.5431314522476081,0.33111674416325215,0.5496256302078063,0.7159023807856909
4214,0.6572673479287248,0.4840192332869079,0.5430159582476213,0.33111674416325215,0.549622351979443,0.7158399192049888
4215,0.6603477130125853,0.4840192332869079,0.5429010017670431,0.33111674416325215,0.5496193846975933,0.715779012931523
4216,0.6636173076949818,0.4840192332869079,0.5427866483967672,0.33111674416325215,0.5496167623731533,0.7157196868864594
4217,0.667034692990218,0.4840192332869079,0.5426729636017051,0.33111674416325215,0.5496145186034266,0.7156619654122434
4218,0.6705564449022448,0.4840192332869079,0.5425600126676348,0.33111674416325215,0.5496126865567981,0.7156058722545252
4219,0.6741379481731139,0.4840192332869079,0.5424478606482176,0.33111674416325215,0.5496112989572037,0.7155514305442111
4220,0.6777341765749147,0.4840192332869079,0.5423365723122423,0.33111674416325215,0.5496103880684795,0.7154986627796653
4221,0.6813004415873751,0.4840192332869079,0.5422262120911393,0.33111674416325215,0.5496099856786556,0.7154475908090773
4222,0.6847930945834649,0.4840192332869079,0.5421168440268195,0.33111674416325215,0.5496101230842602,0.7153982358130175
4223,0.6881701709795542,0.4840192332869079,0.5420085317198784,0.33111674416325215,0.5496108310746811,0.7153506182872021
4224,0.6913919679819763,0.4840192332869079,0.5419013382782216,0.33111674416325215,0.5496121399166354,0.7153047580254838
4225,0.6944215504269382,0.4840192332869079,0.5417953262661522,0.33111674416325215,0.5496140793387808,0.7152606741030932
4226,0.6972251816683508,0.4840192332869079,0.5416905576539683,0.33111674416325215,0.5496166785165115,0.7152183848601478
4227,0.699772678457269,0.4840192332869079,0.5415870937681183,0.33111674416325215,0.5496199660569646,0.7151779078854507
4228,0.7020376902208485,0.4840192332869079,0.541484995241953,0.33111674416325215,0.5496239699842678,0.7151392600006006
4229,0.7039979039761393,0.4840192332869079,0.541384321967125,0.33111674416325215,0.5496287177250532,0.7151024572444328
4230,0.7056351759941311,0.4840192332869079,0.5412851330456737,0.33111674416325215,0.5496342360942603,0.7150675148578106
4231,0.706935589327659,0.4840192332869079,0.541187486742836,0.33111674416325215,0.5496405512812486,0.7150344472687902
4232,0.7078894293044857,0.4840192332869079,0.5410914404406308,0.33111674416325215,0.5496476888362385,0.7150032680781777
4233,0.70849104427407,0.4840192332869079,0.5409970505922495,0.33111674416325215,0.5496556736570993,0.7149739900454996
4234,0.7087384416083725,0.4840192332869079,0.5409043726772933,0.33111674416325215,0.5496645299764967,0.7149466250754063
4235,0.7086313047156858,0.4840192332869079,0.5408134611578993,0.33111674416325215,0.5496742813494174,0.7149211842045293
4236,0.7081878743504929,0.4840192332869079,0.5407243694357833,0.33111674416325215,0.5496849506410819,0.7148976775888105
4237,0.7074220386225292,0.4840192332869079,0.5406371498102439,0.33111674416325215,0.5496965600152587,0.714876114491325
4238,0.7063499362408624,0.4840192332869079,0.5405518534371532,0.33111674416325215,0.5497091309229906,0.7148565032706147
4239,0.7049903233430602,0.4840192332869079,0.5404685302889735,0.33111674416325215,0.5497226840917424,0.7148388513695529
4240,0.7033645008617936,0.4840192332869079,0.5403872291158263,0.33111674416325215,0.5497372395149819,0.7148231653047564
4241,0.7014961330255747,0.4840192332869079,0.5403079974076488,0.33111674416325215,0.5497528164421976,0.7148094506565671
4242,0.6994110266157626,0.4840192332869079,0.540230881357461,0.33111674416325215,0.5497694333693696,0.7147977120596131
4243,0.6971368938380998,0.4840192332869079,0.540155925825775,0.33111674416325215,0.5497871080298897,0.714787953193976
4244,0.6947031083076532,0.4840192332869079,0.5400831743061713,0.33111674416325215,0.5498058573859494,0.7147801767769718
4245,0.6921404585107602,0.4840192332869079,0.5400126688920655,0.33111674416325215,0.5498256976203906,0.7147743845555671
4246,0.6894809006221947,0.4840192332869079,0.5399444502446894,0.33111674416325215,0.5498466441290333,0.7147705772994438
4247,0.6867573111230432,0.4840192332869079,0.5398785575623096,0.33111674416325215,0.5498687115134795,0.7147687547947255
4248,0.6840032387487456,0.4840192332869079,0.5398150285507006,0.33111674416325215,0.5498919135744007,0.714768915838382
4249,0.6812526547006801,0.4840192332869079,0.5397538993948939,0.33111674416325215,0.5499162633053124,0.7147710582333247
4250,0.6785396997041799,0.4840192332869079,0.5396952047322198,0.33111674416325215,0.549941772886838,0.7147751787842014
4251,0.6758984263632356,0.4840192332869079,0.5396389776266564,0.33111674416325215,0.5499684536814672,0.7147812732939092
4252,0.6733625353364656,0.4840192332869079,0.5395852495445013,0.33111674416325215,0.5499963162288098,0.7147893365608283
4253,0.6709651041329536,0.4840192332869079,0.5395340503313792,0.33111674416325215,0.5500253702413483,0.7147993623767945
4254,0.6687383077899003,0.4840192332869079,0.5394854081905954,0.33111674416325215,0.5500556246006907,0.7148113435258111
4255,0.6667131313297857,0.4840192332869079,0.5394393496628451,0.33111674416325215,0.5500870873543247,0.7148252717835172
4256,0.664919074677125,0.4840192332869079,0.5393958996072881,0.33111674416325215,0.550119765712877,0.7148411379174121
4257,0.6633838516085039,0.4840192332869079,0.5393550811839937,0.33111674416325215,0.5501536660478725,0.7148589316878464
4258,0.6621330852693376,0.4840192332869079,0.5393169158377642,0.33111674416325215,0.5501887938900031,0.714878641849784
4259,0.6611900037631312,0.4840192332869079,0.5392814232833371,0.33111674416325215,0.5502251539278962,0.7149002561553396
4260,0.6605751402443774,0.4840192332869079,0.5392486214919696,0.33111674416325215,0.5502627500073906,0.7149237613570935
4261,0.6603060427625166,0.4840192332869079,0.5392185266794086,0.33111674416325215,0.5503015851313152,0.7149491432121888
4262,0.6603969997517078,0.4840192332869079,0.5391911532952429,0.33111674416325215,0.5503416614597708,0.7149763864872092
4263,0.6608587874869958,0.4840192332869079,0.5391665140136356,0.33111674416325215,0.5503829803109141,0.7150054749638416
4264,0.6616984459919653,0.4840192332869079,0.5391446197254356,0.33111674416325215,0.5504255421622425,0.7150363914453175
4265,0.6629190897635407,0.4840192332869079,0.5391254795316609,0.33111674416325215,0.5504693466523762,0.7150691177636357
4266,0.6645197592739386,0.4840192332869079,0.5391091007383494,0.33111674416325215,0.5505143925833402,0.7151036347875626
4267,0.6664953185369703,0.4840192332869079,0.5390954888527684,0.33111674416325215,0.550560677923338,0.7151399224314045
4268,0.6688364031248205,0.4840192332869079,0.5390846475809744,0.33111674416325215,0.5506081998100189,0.7151779596645472
4269,0.6715294219468717,0.4840192332869079,0.5390765788267127,0.33111674416325215,0.5506569545542349,0.7152177245217592
4270,0.6745566149188622,0.4840192332869079,0.5390712826916475,0.33111674416325215,0.550706937644283,0.7152591941142474
4271,0.6778961674261645,0.4840192332869079,0.5390687574769056,0.33111674416325215,0.5507581437506306,0.7153023446414625
4272,0.6815223812822998,0.4840192332869079,0.5390689996859253,0.33111674416325215,0.5508105667311216,0.7153471514036372
4273,0.6854059007551062,0.4840192332869079,0.5390720040285889,0.33111674416325215,0.5508641996366557,0.7153935888150567
4274,0.6895139912150543,0.4840192332869079,0.5390777634266304,0.33111674416325215,0.5509190347173413,0.7154416304180403
4275,0.693810867072384,0.4840192332869079,0.5390862690202939,0.33111674416325215,0.5509750634291144,0.7154912488976299
4276,0.6982580649144349,0.4840192332869079,0.5390975101762282,0.33111674416325215,0.5510322764408216,0.7155424160969673
4277,0.7028148571199961,0.4840192332869079,0.539111474496599,0.33111674416325215,0.5510906636417584,0.7155951030333476
4278,0.7074387006922265,0.4840192332869079,0.5391281478293944,0.33111674416325215,0.5511502141496629,0.715649279914935
4279,0.7120857155897101,0.4840192332869079,0.5391475142799065,0.33111674416325215,0.5512109163191556,0.7157049161581214
4280,0.7167111864209312,0.4840192332869079,0.5391695562233646,0.33111674416325215,0.5512727577506218,0.7157619804055158
4281,0.7212700809796097,0.4840192332869079,0.5391942543186966,0.33111674416325215,0.5513357252995308,0.7158204405445423
4282,0.7257175787218055,0.4840192332869079,0.5392215875233975,0.33111674416325215,0.5513998050861849,0.7158802637266307
4283,0.7300096019103032,0.4840192332869079,0.5392515331094752,0.33111674416325215,0.5514649825058935,0.7159414163869786
4284,0.734103341767342,0.4840192332869079,0.5392840666804533,0.33111674416325215,0.5515312422395653,0.7160038642648685
4285,0.7379577715614469,0.4840192332869079,0.5393191621894015,0.33111674416325215,0.5515985682647118,0.7160675724245128
4286,0.7415341380519065,0.4840192332869079,0.5393567919579683,0.33111674416325215,0.5516669438668556,0.7161325052764124
4287,0.7447964219884982,0.4840192332869079,0.5393969266963866,0.33111674416325215,0.5517363516513379,0.7161986265992006
4288,0.7477117570933158,0.4840192332869079,0.5394395355244268,0.33111674416325215,0.5518067735555154,0.716265899561954
4289,0.7502507943756652,0.4840192332869079,0.539484585993266,0.33111674416325215,0.5518781908613416,0.7163342867469441
4290,0.7523879928445938,0.4840192332869079,0.5395320441082471,0.33111674416325215,0.5519505842083243,0.7164037501728082
4291,0.7541018034014907,0.4840192332869079,0.5395818743524956,0.33111674416325215,0.5520239336068513,0.716474251318113
4292,0.7553746728540781,0.4840192332869079,0.5396340397113654,0.33111674416325215,0.5520982184518772,0.7165457511452882
4293,0.7561926606286238,0.4840192332869079,0.5396885016976832,0.33111674416325215,0.5521734175369623,0.7166182101249029
4294,0.7565438303347076,0.4840192332869079,0.5397452203777624,0.33111674416325215,0.552249509068656,0.7166915882602622
4295,0.7564083400350086,0.4840192332869079,0.5398041543981522,0.33111674416325215,0.5523264706812173,0.7167658451122961
4296,0.755852301190148,0.4840192332869079,0.5398652610130935,0.33111674416325215,0.5524042794516615,0.7168409398247144
4297,0.7549002124537717,0.4840192332869079,0.5399284961126497,0.33111674416325215,0.5524829119151268,0.7169168311494035
4298,0.7535748468437341,0.4840192332869079,0.5399938142514819,0.33111674416325215,0.5525623440805507,0.7169934774720373
4299,0.7519002306373118,0.4840192332869079,0.5400611686782341,0.33111674416325215,0.5526425514466471,0.7170708368378756
4300,0.7499023147465661,0.4840192332869079,0.5401305113655003,0.33111674416325215,0.5527235090181767,0.7171488669777258
4301,0.7476090930767237,0.4840192332869079,0.5402017930403408,0.33111674416325215,0.5528051913224983,0.7172275253340373
4302,0.7450505200495907,0.4840192332869079,0.5402749632153141,0.33111674416325215,0.552887572426394,0.7173067690871067
4303,0.7422583366872119,0.4840192332869079,0.5403499702199959,0.33111674416325215,0.5529706259531599,0.7173865551813641
4304,0.7392658484550436,0.4840192332869079,0.5404267612329539,0.33111674416325215,0.5530543250999475,0.7174668403517165
4305,0.7361076747290051,0.4840192332869079,0.5405052823141431,0.33111674416325215,0.5531386426553513,0.7175475811499216
4306,0.7328194799681377,0.4840192332869079,0.5405854784376957,0.33111674416325215,0.5532235510172312,0.7176287339709634
4307,0.7294376920335829,0.4840192332869079,0.5406672935250718,0.33111674416325215,0.5533090222107567,0.7177102550794103
4308,0.7259992107122323,0.4840192332869079,0.5407506704785421,0.33111674416325215,0.5533950279066667,0.7177921006357257
4309,0.7225411082580663,0.4840192332869079,0.5408355512149698,0.33111674416325215,0.5534815394397318,0.7178742267225046
4310,0.719100323174744,0.4840192332869079,0.5409218766998651,0.33111674416325215,0.553568527827411,0.7179565893706185
4311,0.7157133483035836,0.4840192332869079,0.5410095869816799,0.33111674416325215,0.5536559637886883,0.7180391445852381
4312,0.7124159144329132,0.4840192332869079,0.5410986212263161,0.33111674416325215,0.5537438177630841,0.7181218483717139
4313,0.7092426710335734,0.4840192332869079,0.5411889177518165,0.33111674416325215,0.5538320599298244,0.7182046567612888
4314,0.7062268662926894,0.4840192332869079,0.5412804140632119,0.33111674416325215,0.553920660227163,0.7182875258366238
4315,0.7034000293077279,0.4840192332869079,0.5413730468874949,0.33111674416325215,0.55400958837184,0.7183704117571114
4316,0.7007916580556619,0.4840192332869079,0.5414667522086949,0.33111674416325215,0.5540988138786697,0.7184532707839567
4317,0.6984289175026456,0.4840192332869079,0.5415614653030276,0.33111674416325215,0.5541883060802449,0.7185360593050074
4318,0.6963363528985123,0.4840192332869079,0.5416571207740895,0.33111674416325215,0.5542780341467466,0.718618733859308
4319,0.6945356238371861,0.4840192332869079,0.5417536525880785,0.33111674416325215,0.5543679671058467,0.7187012511613635
4320,0.6930452649922295,0.4840192332869079,0.5418509941090086,0.33111674416325215,0.5544580738626945,0.7187835681250927
4321,0.6918804794995879,0.4840192332869079,0.5419490781338998,0.33111674416325215,0.5545483232199735,0.7188656418874511
4322,0.6910529707165761,0.4840192332869079,0.5420478369279169,0.33111674416325215,0.5546386838980172,0.7189474298317081
4323,0.6905708175181078,0.4840192332869079,0.5421472022594365,0.33111674416325215,0.5547291245549728,0.7190288896103637
4324,0.6904383974043169,0.4840192332869079,0.5422471054350172,0.33111674416325215,0.5548196138070007,0.719109979167685
4325,0.6906563605209083,0.4840192332869079,0.542347477334256,0.33111674416325215,0.5549101202484976,0.7191906567618526
4326,0.6912216562929062,0.4840192332869079,0.5424482484445066,0.33111674416325215,0.5550006124723318,0.7192708809866984
4327,0.6921276128227961,0.4840192332869079,0.5425493488954417,0.33111674416325215,0.5550910590900787,0.719350610793027
4328,0.6933640675979895,0.4840192332869079,0.5426507084934414,0.33111674416325215,0.5551814287522441,0.7194298055095034
4329,0.6949175464877605,0.4840192332869079,0.5427522567557893,0.33111674416325215,0.555271690168463,0.7195084248630995
4330,0.6967714865797975,0.4840192332869079,0.5428539229446572,0.33111674416325215,0.5553618121276632,0.7195864289990876
4331,0.698906497192029,0.4840192332869079,0.5429556361008667,0.33111674416325215,0.55545176351818,0.7196637785005715
4332,0.7013006524576404,0.4840192332869079,0.5430573250774096,0.33111674416325215,0.55554151334781,0.7197404344075486
4333,0.7039298082577035,0.4840192332869079,0.543158918572713,0.33111674416325215,0.5556310307637927,0.7198163582354906
4334,0.7067679359790187,0.4840192332869079,0.5432603451636401,0.33111674416325215,0.5557202850727071,0.7198915119934437
4335,0.7097874655934385,0.4840192332869079,0.5433615333382095,0.33111674416325215,0.5558092457602708,0.7199658582016362
4336,0.7129596308579826,0.4840192332869079,0.5434624115280265,0.33111674416325215,0.5558978825110297,0.7200393599085912
4337,0.7162548099765143,0.4840192332869079,0.5435629081404165,0.33111674416325215,0.5559861652279257,0.720111980707743
4338,0.7196428557886815,0.4840192332869079,0.5436629515902496,0.33111674416325215,0.5560740640517304,0.7201836847535491
4339,0.7230934104017732,0.4840192332869079,0.5437624703314533,0.33111674416325215,0.5561615493803331,0.7202544367771044
4340,0.7265762000990447,0.4840192332869079,0.5438613928882068,0.33111674416325215,0.5562485918878688,0.7203242021012468
4341,0.7300613072917294,0.4840192332869079,0.543959647885811,0.33111674416325215,0.5563351625436772,0.7203929466551646
4342,0.7335194171862882,0.4840192332869079,0.5440571640812342,0.33111674416325215,0.5564212326310766,0.7204606369885
4343,0.7369220376761602,0.4840192332869079,0.5441538703933334,0.33111674416325215,0.5565067737659447,0.7205272402849562
4344,0.7402416917081911,0.4840192332869079,0.5442496959327507,0.33111674416325215,0.5565917579150902,0.7205927243754082
4345,0.7434520819927913,0.4840192332869079,0.544344570031488,0.33111674416325215,0.5566761574144065,0.7206570577505255
4346,0.7465282283995082,0.4840192332869079,0.5444384222721668,0.33111674416325215,0.556759944986793,0.7207202095729105
4347,0.7494465786764077,0.4840192332869079,0.5445311825169806,0.33111674416325215,0.556843093759834,0.7207821496887628
4348,0.7521850932058501,0.4840192332869079,0.5446227809363489,0.33111674416325215,0.5569255772832211,0.7208428486390759
4349,0.7547233042760438,0.4840192332869079,0.5447131480372873,0.33111674416325215,0.5570073695459107,0.7209022776703778
4350,0.757042349640133,0.4840192332869079,0.5448022146915088,0.33111674416325215,0.5570884449929996,0.72096040874503
4351,0.7591249786054631,0.4840192332869079,0.5448899121632776,0.33111674416325215,0.5571687785423151,0.7210172145510938
4352,0.7609555257801452,0.4840192332869079,0.5449761721370382,0.33111674416325215,0.5572483456006986,0.7210726685117861
4353,0.762519841082372,0.4840192332869079,0.5450609267448496,0.33111674416325215,0.5573271220799799,0.7211267447945386
4354,0.7638051498968892,0.4840192332869079,0.5451441085936547,0.33111674416325215,0.5574050844126255,0.721179418319682
4355,0.7647997798500589,0.4840192332869079,0.545225650792431,0.33111674416325215,0.5574822095670519,0.7212306647687806
4356,0.7654925773224396,0.4840192332869079,0.5453054869792633,0.33111674416325215,0.5575584750625941,0.7212804605926438
4357,0.7658713833987361,0.4840192332869079,0.5453835513483977,0.33111674416325215,0.557633858984116,0.7213287830190432
4358,0.7659168545038137,0.4840192332869079,0.5454597786773383,0.33111674416325215,0.5577083399962539,0.721375610060174
4359,0.7652789673544202,0.4840192332869079,0.5455341043540687,0.33111674416325215,0.5577818973572831,0.7214209205199005
4360,0.7640459009682216,0.4840192332869079,0.5456064644044815,0.33111674416325215,0.5578545109325959,0.7214646940008347
4361,0.7622949323006958,0.4840192332869079,0.5456767955201312,0.33111674416325215,0.5579261612077826,0.7215069109113
4362,0.7601087356356914,0.4840192332869079,0.5457450350864316,0.33111674416325215,0.5579968293013053,0.7215475524722527
4363,0.7575771245877595,0.4840192332869079,0.5458111212114559,0.33111674416325215,0.5580664969767543,0.7215866007242322
4364,0.7547962830308914,0.4840192332869079,0.5458749927555246,0.33111674416325215,0.5581351466546783,0.7216240385344411
4365,0.7518671731249156,0.4840192332869079,0.5459365893618029,0.33111674416325215,0.5582027614239818,0.7216598496040626
4366,0.7488935386973207,0.4840192332869079,0.5459958514881859,0.33111674416325215,0.5582693250528765,0.7216940184759595
4367,0.7459796385196245,0.4840192332869079,0.5460527204408124,0.33111674416325215,0.5583348219993814,0.7217265305429245
4368,0.7432277682138888,0.4840192332869079,0.5461071384096251,0.33111674416325215,0.5583992374213643,0.7217573720567001
4369,0.7407356174281653,0.4840192332869079,0.5461590485065184,0.33111674416325215,0.5584625571861134,0.7217865301380412
4370,0.7385935222501588,0.4840192332869079,0.5462083948067473,0.33111674416325215,0.558524767879434,0.7218139927881747
4371,0.736881697317156,0.4840192332869079,0.5462551223944804,0.33111674416325215,0.5585858568142652,0.7218397489021225
4372,0.7356675595860621,0.4840192332869079,0.5462991774136461,0.33111674416325215,0.5586458120388034,0.721863788284501
4373,0.7350032796501381,0.4840192332869079,0.5463405071256062,0.33111674416325215,0.558704622344133,0.7218861016686366
4374,0.7349237108706123,0.4840192332869079,0.5463790599757438,0.33111674416325215,0.5587622772713542,0.721906680740163
4375,0.735444846533982,0.4840192332869079,0.5464147856718466,0.33111674416325215,0.5588187671182027,0.7219255181667456
4376,0.7365629377976439,0.4840192332869079,0.5464476352783975,0.33111674416325215,0.558874082945158,0.7219426076363487
4377,0.738254370173515,0.4840192332869079,0.5464775613327537,0.33111674416325215,0.5589282165810316,0.7219579439076843
4378,0.7404763466986711,0.4840192332869079,0.5465045179922665,0.33111674416325215,0.5589811606280348,0.7219715228785399
4379,0.7431683675482113,0.4840192332869079,0.5465284612265169,0.33111674416325215,0.5590329084663187,0.7219833416813383
4380,0.7462544362234597,0.4840192332869079,0.5465493490779981,0.33111674416325215,0.5590834542579829,0.7219933988221431
4381,0.7496458694229562,0.4840192332869079,0.5465671420318765,0.33111674416325215,0.5591327929505525,0.7220016943932988
4382,0.753244547801906,0.4840192332869079,0.5465818035710466,0.33111674416325215,0.559180920279916,0.7220082304213234
4383,0.7569464220946803,0.4840192332869079,0.5465933010739528,0.33111674416325215,0.5592278327727258,0.7220130114927891
4384,0.7606450845345966,0.4840192332869079,0.5466016074271723,0.33111674416325215,0.5592735277482562,0.7220160460561725
4385,0.7642352272561752,0.4840192332869079,0.5466067044259936,0.33111674416325215,0.5593180033197184,0.7220173499077297
4386,0.7676158331205453,0.4840192332869079,0.5466085923140037,0.33111674416325215,0.559361258395032,0.7220169629260962
4387,0.7706929739903544,0.4840192332869079,0.5466073446831861,0.33111674416325215,0.5594032926770517,0.7220147327003785
4388,0.7733821184651353,0.4840192332869079,0.5466027412119991,0.33111674416325215,0.5594441066632461,0.7220106291644574
4389,0.7756098613147784,0.4840192332869079,0.5465946856350369,0.33111674416325215,0.5594837016448365,0.7220046358007172
4390,0.777314945033925,0.4840192332869079,0.5465831028215495,0.33111674416325215,0.5595220797053865,0.7219967417662251
4391,0.778448218382019,0.4840192332869079,0.5465679266490202,0.33111674416325215,0.5595592437188508,0.7219869395939457
4392,0.7789700191818267,0.4840192332869079,0.5465490961840717,0.33111674416325215,0.5595951973470809,0.7219752242099351
4393,0.7788323482590279,0.4840192332869079,0.5465265540097665,0.33111674416325215,0.5596299450367921,0.7219615924223041
4394,0.7781963251686512,0.4840192332869079,0.5465002453531611,0.33111674416325215,0.559663492015992,0.7219460426209745
4395,0.7771063474031096,0.4840192332869079,0.5464701175779024,0.33111674416325215,0.5596958442898747,0.7219285745856605
4396,0.7756023543584342,0.4840192332869079,0.5464361198664653,0.33111674416325215,0.5597270086361837,0.7219091893550345
4397,0.7737257716457346,0.4840192332869079,0.5463982030103285,0.33111674416325215,0.559756992600048,0.721887889133029
4398,0.7715206549278282,0.4840192332869079,0.5463563192659118,0.33111674416325215,0.5597858044882917,0.7218646772189303
4399,0.7690338085625913,0.4840192332869079,0.5463104222527343,0.33111674416325215,0.5598134533632289,0.7218395579533894
4400,0.766314581174042,0.4840192332869079,0.5462604668798405,0.33111674416325215,0.5598399490359403,0.7218125366754509
4401,0.7634145380418876,0.4840192332869079,0.5462064092918145,0.33111674416325215,0.5598653020590437,0.7217836196874359
4402,0.7603870775886371,0.4840192332869079,0.5461482068287513,0.33111674416325215,0.5598895237189592,0.7217528142255495
4403,0.757287013628825,0.4840192332869079,0.5460858179964202,0.33111674416325215,0.5599126260276771,0.7217201284347512
4404,0.754170126534211,0.4840192332869079,0.5460192024440257,0.33111674416325215,0.5599346217140345,0.7216855713468501
4405,0.7510926783398822,0.4840192332869079,0.5459483209477293,0.33111674416325215,0.5599555242145048,0.721649152861078
4406,0.7481108835262882,0.4840192332869079,0.5458731353986154,0.33111674416325215,0.5599753476635103,0.7216108837265858
4407,0.7452803267268543,0.4840192332869079,0.5457936087941304,0.33111674416325215,0.5599941068832571,0.7215707755264517
4408,0.7426553201424712,0.4840192332869079,0.545709705232272,0.33111674416325215,0.5600118173731069,0.7215288406628882
4409,0.740288196661902,0.4840192332869079,0.5456213899079801,0.33111674416325215,0.5600284952984818,0.7214850923434054
4410,0.7382285393893179,0.4840192332869079,0.5455286291113147,0.33111674416325215,0.5600441574793148,0.7214395445677405
4411,0.7365223542345934,0.4840192332869079,0.5454313902270909,0.33111674416325215,0.5600588213780436,0.7213922121154102
4412,0.735211199080686,0.4840192332869079,0.5453296417357226,0.33111674416325215,0.5600725050871522,0.7213431105337622
4413,0.7343312903035264,0.4840192332869079,0.5452233532150715,0.33111674416325215,0.5600852273162574,0.7212922561264378
4414,0.733912614431437,0.4840192332869079,0.5451124953431433,0.33111674416325215,0.5600970073787378,0.7212396659421629
4415,0.7339780787363908,0.4840192332869079,0.5449970399015035,0.33111674416325215,0.5601078651778906,0.7211853577638098
4416,0.7345427387703094,0.4840192332869079,0.5448769597793115,0.33111674416325215,0.5601178211926022,0.7211293500976775
4417,0.7356131426071689,0.4840192332869079,0.5447522289778879,0.33111674416325215,0.5601268964624959,0.7210716621629465
4418,0.737186830345027,0.4840192332869079,0.544622822615747,0.33111674416325215,0.5601351125725089,0.721012313881275
4419,0.7392520230897248,0.4840192332869079,0.5444887169340404,0.33111674416325215,0.5601424916368145,0.7209513258665079
4420,0.7417875283809772,0.4840192332869079,0.5443498893023652,0.33111674416325215,0.5601490562819582,0.7208887194144693
4421,0.7447628793951149,0.4840192332869079,0.5442063182248962,0.33111674416325215,0.5601548296289934,0.7208245164928226
4422,0.748138714127861,0.4840192332869079,0.5440579833468142,0.33111674416325215,0.5601598352742555,0.7207587397309788
4423,0.7518673891594931,0.4840192332869079,0.5439048654610006,0.33111674416325215,0.5601640972681428,0.7206914124100328
4424,0.7558938115864849,0.4840192332869079,0.5437469465149756,0.33111674416325215,0.5601676400907509,0.7206225584527218
4425,0.7601564631867298,0.4840192332869079,0.543584209618062,0.33111674416325215,0.5601704886220759,0.7205522024133895
4426,0.7645885835337989,0.4840192332869079,0.5434166390487574,0.33111674416325215,0.5601726681018364,0.7204803694679438
4427,0.7691194739327348,0.4840192332869079,0.5432442202622976,0.33111674416325215,0.5601742040666358,0.7204070854038057
4428,0.7736758817321905,0.4840192332869079,0.5430669398984007,0.33111674416325215,0.5601751222271044,0.7203323766098328
4429,0.7781834245106446,0.4840192332869079,0.5428847857891793,0.33111674416325215,0.5601754481236091,0.720256270066216
4430,0.7825680153700144,0.4840192332869079,0.5426977469672072,0.33111674416325215,0.560175204922241,0.7201787933343401
4431,0.78675725351179,0.4840192332869079,0.5425058136737351,0.33111674416325215,0.5601744269790884,0.7200999745466025
4432,0.7906817477775867,0.4840192332869079,0.5423089773670402,0.33111674416325215,0.5601731442284391,0.7200198423961836
4433,0.7942763442192478,0.4840192332869079,0.5421072307309037,0.33111674416325215,0.560171385976101,0.719938426126764
4434,0.7974812311752725,0.4840192332869079,0.5419005676832049,0.33111674416325215,0.5601691813799429,0.7198557555221838
4435,0.8002428953553997,0.4840192332869079,0.5416889833846239,0.33111674416325215,0.5601665595986686,0.7197718608960386
4436,0.802514896791613,0.4840192332869079,0.5414724742474409,0.33111674416325215,0.5601635498507107,0.7196867730812061
4437,0.804258409416493,0.4840192332869079,0.5412510379444262,0.33111674416325215,0.5601601814382259,0.7196005234193029
4438,0.8054424007638449,0.4840192332869079,0.5410246734178056,0.33111674416325215,0.5601564837545532,0.719513143750062
4439,0.8060430098638586,0.4840192332869079,0.5407933808882976,0.33111674416325215,0.5601524862827703,0.7194246664006323
4440,0.8060393553292651,0.4840192332869079,0.5405571618642052,0.33111674416325215,0.5601482185890038,0.7193351241747906
4441,0.8059093844560857,0.4840192332869079,0.5403160191505542,0.33111674416325215,0.560143710312444,0.7192445503420661
4442,0.8056561027726726,0.4840192332869079,0.5400699568582679,0.33111674416325215,0.5601389911531844,0.7191529786267742
4443,0.8052812332074867,0.4840192332869079,0.539818980413361,0.33111674416325215,0.560134090858573,0.7190604431969496
4444,0.8047861390229764,0.4840192332869079,0.5395630965661468,0.33111674416325215,0.5601290392085198,0.7189669786531849
4445,0.8041720531524181,0.4840192332869079,0.5393023134004377,0.33111674416325215,0.560123866000057,0.7188726200173611
4446,0.8034401693468632,0.4840192332869079,0.53903664034273,0.33111674416325215,0.560118601031364,0.7187774027212743
4447,0.8025916877108329,0.4840192332869079,0.5387660881713563,0.33111674416325215,0.5601132740854066,0.7186813625951508
4448,0.8016278410026213,0.4840192332869079,0.5384906690255912,0.33111674416325215,0.5601079149133018,0.718584535856049
4449,0.8005499115475333,0.4840192332869079,0.5382103964146945,0.33111674416325215,0.5601025532175004,0.7184869590961434
4450,0.7993592431153581,0.4840192332869079,0.5379252852268767,0.33111674416325215,0.5600972186348483,0.7183886692708916
4451,0.7980572499201667,0.4840192332869079,0.5376353517381677,0.33111674416325215,0.5600919407195875,0.718289703687074
4452,0.796645423906229,0.4840192332869079,0.5373406136211749,0.33111674416325215,0.5600867489263361,0.7181900999907117
4453,0.7951253409879379,0.4840192332869079,0.537041089953709,0.33111674416325215,0.5600816725930922,0.7180898961548535
4454,0.7934986666451311,0.4840192332869079,0.5367368012272627,0.33111674416325215,0.5600767409242849,0.7179891304672309
4455,0.7917671611230701,0.4840192332869079,0.5364277693553205,0.33111674416325215,0.5600719829739096,0.7178878415177817
4456,0.7899326843949824,0.4840192332869079,0.5361140176814835,0.33111674416325215,0.5600674276287645,0.7177860681860342
4457,0.787997200987767,0.4840192332869079,0.5357955709873832,0.33111674416325215,0.5600631035918147,0.7176838496283544
4458,0.7859627847340811,0.4840192332869079,0.5354724555003733,0.33111674416325215,0.5600590393657013,0.7175812252650522
4459,0.7838316234887398,0.4840192332869079,0.5351446989009685,0.33111674416325215,0.5600552632364152,0.7174782347673428
4460,0.7816060238296366,0.4840192332869079,0.5348123303300181,0.33111674416325215,0.5600518032571483,0.7173749180441664
4461,0.7792884157505415,0.4840192332869079,0.534475380395585,0.33111674416325215,0.5600486872323417,0.7172713152288581
4462,0.7768813573434599,0.4840192332869079,0.5341338811795141,0.33111674416325215,0.5600459427019409,0.7171674666656715
4463,0.774387539460707,0.4840192332869079,0.5337878662436668,0.33111674416325215,0.5600435969258736,0.7170634128961535
4464,0.7718097903407403,0.4840192332869079,0.533437370635794,0.33111674416325215,0.5600416768687595,0.7169591946453665
4465,0.7691510801766794,0.4840192332869079,0.5330824308950318,0.33111674416325215,0.5600402091848665,0.7168548528079615
4466,0.7664145256019872,0.4840192332869079,0.532723085056994,0.33111674416325215,0.560039220203321,0.7167504284340972
4467,0.7636033940637984,0.4840192332869079,0.5323593726584359,0.33111674416325215,0.5600387359135832,0.7166459627152081
4468,0.7607211080507024,0.4840192332869079,0.5319913347414702,0.33111674416325215,0.5600387819511986,0.7165414969696177
4469,0.7577712491383204,0.4840192332869079,0.5316190138573081,0.33111674416325215,0.5600393835838304,0.716437072628001
4470,0.7547575618127061,0.4840192332869079,0.531242454069506,0.33111674416325215,0.5600405656975868,0.7163327312186935
4471,0.7516839570283808,0.4840192332869079,0.5308617009566893,0.33111674416325215,0.5600423527836439,0.7162285143528466
4472,0.748554515454676,0.4840192332869079,0.5304768016147338,0.33111674416325215,0.5600447689251788,0.7161244637094343
4473,0.7453734903609989,0.4840192332869079,0.5300878046583817,0.33111674416325215,0.5600478377846146,0.7160206210201066
4474,0.7421453100886239,0.4840192332869079,0.5296947602222642,0.33111674416325215,0.5600515825911858,0.7159170280538955
4475,0.7388745800537172,0.4840192332869079,0.5292977199613139,0.33111674416325215,0.5600560261288297,0.7158137266017727
4476,0.7355660842234902,0.4840192332869079,0.5288967370505381,0.33111674416325215,0.5600611907244109,0.7157107584610624
4477,0.7322247860047186,0.4840192332869079,0.5284918661841356,0.33111674416325215,0.5600670982362812,0.7156081654197083
4478,0.7288558284814054,0.4840192332869079,0.52808316357393,0.33111674416325215,0.5600737700431828,0.7155059892404018
4479,0.7254645339361308,0.4840192332869079,0.5276706869471016,0.33111674416325215,0.5600812270334965,0.71540427164457
4480,0.7220564025877364,0.4840192332869079,0.5272544955431937,0.33111674416325215,0.5600894895948434,0.7153030542962288
4481,0.718637110476463,0.4840192332869079,0.5268346501103706,0.33111674416325215,0.5600985776040376,0.7152023787857038
4482,0.7152125064266291,0.4840192332869079,0.5264112129009114,0.33111674416325215,0.5601085104173988,0.7151022866132233
4483,0.7117886080164781,0.4840192332869079,0.5259842476659143,0.33111674416325215,0.5601193068614266,0.715002819172385
4484,0.7083715964850553,0.4840192332869079,0.5255538196491955,0.33111674416325215,0.5601309852238366,0.7149040177335044
4485,0.7049678105070267,0.4840192332869079,0.5251199955803585,0.33111674416325215,0.5601435632449647,0.7148059234268472
4486,0.7015837387683308,0.4840192332869079,0.5246828436670229,0.33111674416325215,0.5601570581095391,0.7147085772257493
4487,0.6982260112786307,0.4840192332869079,0.5242424335861867,0.33111674416325215,0.5601714864388223,0.7146120199296344
4488,0.6949013893608018,0.4840192332869079,0.5237988364747106,0.33111674416325215,0.5601868642831255,0.7145162921469287
4489,0.6916167542633384,0.4840192332869079,0.5233521249189046,0.33111674416325215,0.5602032071146965,0.7144214342778841
4490,0.688379094348681,0.4840192332869079,0.5229023729432052,0.33111674416325215,0.5602205298209808,0.714327486497312
4491,0.6851954908192117,0.4840192332869079,0.5224496559979224,0.33111674416325215,0.5602388466982579,0.7142344887372379
4492,0.6820731019531263,0.4840192332869079,0.5219940509460489,0.33111674416325215,0.5602581714456523,0.7141424806694803
4493,0.6790191458346717,0.4840192332869079,0.5215356360491139,0.33111674416325215,0.5602785171595203,0.7140515016881628
4494,0.6760408815773624,0.4840192332869079,0.521074490952072,0.33111674416325215,0.5602998963282123,0.7139615908921678
4495,0.6731455890548038,0.4840192332869079,0.5206106966672148,0.33111674416325215,0.5603223208272082,0.7138727870675391
4496,0.6703405471715983,0.4840192332869079,0.5201443355570956,0.33111674416325215,0.5603458019146279,0.7137851286698382
4497,0.6676330107263889,0.4840192332869079,0.519675491316459,0.33111674416325215,0.5603703502271148,0.7136986538064699
4498,0.665030185940274,0.4840192332869079,0.5192042489531641,0.33111674416325215,0.5603959757760911,0.7136134002189791
4499,0.6625392047463382,0.4840192332869079,0.5187306947680996,0.33111674416325215,0.5604226879443839,0.713529405265332
4500,0.6601670979596037,0.4840192332869079,0.5182549163340789,0.33111674416325215,0.5604504954832188,0.7134467059021902
4501,0.6579207674709002,0.4840192332869079,0.5177770024737174,0.33111674416325215,0.5604794065095831,0.7133653386671844
4502,0.6558069576325258,0.4840192332869079,0.517297043236281,0.33111674416325215,0.5605094285039512,0.713285339661206
4503,0.6538322260275696,0.4840192332869079,0.5168151298735097,0.33111674416325215,0.5605405683083746,0.7132067445307139
4504,0.652002913837778,0.4840192332869079,0.5163313548144131,0.33111674416325215,0.5605728321249313,0.7131295884500812
4505,0.6503251160462139,0.4840192332869079,0.5158458116390345,0.33111674416325215,0.5606062255145333,0.7130539061039818
4506,0.6488046517299771,0.4840192332869079,0.5153585950511919,0.33111674416325215,0.5606407533960878,0.7129797316698329
4507,0.6474470347142232,0.4840192332869079,0.514869800850192,0.33111674416325215,0.560676420046011,0.7129070988003049
4508,0.6462574448709467,0.4840192332869079,0.5143795259015248,0.33111674416325215,0.5607132290980902,0.7128360406059076
4509,0.6452407003538412,0.4840192332869079,0.5138878681065423,0.33111674416325215,0.5607511835436908,0.7127665896376665
4510,0.6444012310634478,0.4840192332869079,0.5133949263711295,0.33111674416325215,0.560790285732304,0.712698777869902
4511,0.6437430536343082,0.4840192332869079,0.5129008005733721,0.33111674416325215,0.5608305373724339,0.7126326366831198
4512,0.6432697482276243,0.4840192332869079,0.5124055915302348,0.33111674416325215,0.5608719395328171,0.7125681968470301
4513,0.6429844373988598,0.4840192332869079,0.5119094009632565,0.33111674416325215,0.560914492643973,0.7125054885037032
4514,0.6428897672898212,0.4840192332869079,0.5114123314632747,0.33111674416325215,0.5609581965000799,0.7124445411508776
4515,0.6429878913692658,0.4840192332869079,0.5109144864541947,0.33111674416325215,0.5610030502611721,0.7123853836254326
4516,0.643280456915444,0.4840192332869079,0.5104159701558149,0.33111674416325215,0.561049052455655,0.712328044087037
4517,0.6437685943987832,0.4840192332869079,0.5099168875457263,0.33111674416325215,0.5610962009831322,0.7122725500019889
4518,0.6444529098839976,0.4840192332869079,0.5094173443202997,0.33111674416325215,0.5611444931175409,0.7122189281272585
4519,0.6453334805291766,0.4840192332869079,0.5089174468547836,0.33111674416325215,0.5611939255105917,0.7121672044947478
4520,0.6464098532159219,0.4840192332869079,0.5084173021625271,0.33111674416325215,0.5612444941955046,0.7121174043957804
4521,0.6476810463005155,0.4840192332869079,0.5079170178533539,0.33111674416325215,0.5612961945910417,0.7120695523658341
4522,0.6491455544325099,0.4840192332869079,0.5074167020911027,0.33111674416325215,0.561349021505827,0.7120236721695326
4523,0.650801356345236,0.4840192332869079,0.5069164635503672,0.33111674416325215,0.56140296914295,0.7119797867859039
4524,0.6526459254834709,0.4840192332869079,0.5064164113724485,0.33111674416325215,0.561458031104848,0.7119379183939264
4525,0.6546762432979656,0.4840192332869079,0.505916655120554,0.33111674416325215,0.5615142003984636,0.7118980883583698
4526,0.6568888150053751,0.4840192332869079,0.5054173047342674,0.33111674416325215,0.5615714694406677,0.711860317215948
4527,0.6592796875860921,0.4840192332869079,0.5049184704833171,0.33111674416325215,0.561629830063948,0.711824624661795
4528,0.6618444697718981,0.4840192332869079,0.5044202629206731,0.33111674416325215,0.5616892735223536,0.7117910295362795
4529,0.6645783537605326,0.4840192332869079,0.5039227928350012,0.33111674416325215,0.561749790497694,0.7117595498121687
4530,0.6674761383852119,0.4840192332869079,0.5034261712025089,0.33111674416325215,0.5618113711059829,0.7117302025821576
4531,0.6705322534637104,0.4840192332869079,0.5029305091382124,0.33111674416325215,0.5618740049041255,0.7117030040467724
4532,0.6737407850535208,0.4840192332869079,0.5024359178466606,0.33111674416325215,0.5619376808968413,0.7116779695026667
4533,0.6770955013463917,0.4840192332869079,0.5019425085721485,0.33111674416325215,0.5620023875438176,0.7116551133313166
4534,0.6805898789466494,0.4840192332869079,0.5014503925484576,0.33111674416325215,0.5620681127670901,0.7116344489881329
4535,0.6842171292925229,0.4840192332869079,0.5009596809481576,0.33111674416325215,0.562134843958641,0.7116159889919987
4536,0.6879702249975049,0.4840192332869079,0.50047048483151,0.33111674416325215,0.5622025679882143,0.7115997449152479
4537,0.6918419259089232,0.4840192332869079,0.4999829150950062,0.33111674416325215,0.5622712712113387,0.7115857273740911
4538,0.6958248047026573,0.4840192332869079,0.49949708241958596,0.33111674416325215,0.5623409394775546,0.7115739460195087
4539,0.6999112718556738,0.4840192332869079,0.4990130972185694,0.33111674416325215,0.5624115581388409,0.7115644095286128
4540,0.7040935998611607,0.4840192332869079,0.4985310695853489,0.33111674416325215,0.562483112058233,0.7115571255964976
4541,0.708363946573957,0.4840192332869079,0.49805110924087576,0.33111674416325215,0.5625555856186306,0.7115521009285832
4542,0.7127143775962613,0.4840192332869079,0.4975733254809902,0.33111674416325215,0.5626289627317862,0.7115493412334651
4543,0.7171368876348461,0.4840192332869079,0.49709782712363104,0.33111674416325215,0.5627032268474723,0.7115488512162808
4544,0.7216234207808948,0.4840192332869079,0.4966247224559709,0.33111674416325215,0.5627783609628205,0.7115506345725999
4545,0.7261658896819042,0.4840192332869079,0.49615411918152164,0.33111674416325215,0.5628543476318263,0.7115546939828508
4546,0.730756193591654,0.4840192332869079,0.49568612436724907,0.33111674416325215,0.5629311689750172,0.7115610311072891
4547,0.7353862352989833,0.4840192332869079,0.49522084439074526,0.33111674416325215,0.5630088066892774,0.7115696465815194
4548,0.740047936948964,0.4840192332869079,0.494758384887503,0.33111674416325215,0.5630872420578227,0.7115805400125756
4549,0.7447332547810417,0.4840192332869079,0.4942988506983331,0.33111674416325215,0.563166455960324,0.7115937099755706
4550,0.7494341928178888,0.4840192332869079,0.4938423458169744,0.33111674416325215,0.5632464288831716,0.7116091540109188
4551,0.7541428155461435,0.4840192332869079,0.4933889733379371,0.33111674416325215,0.563327140929876,0.7116268686221411
4552,0.7588512596360244,0.4840192332869079,0.4929388354046287,0.33111674416325215,0.5634085718316029,0.711646849274257
4553,0.7635517447511181,0.4840192332869079,0.4924920331578052,0.33111674416325215,0.5634907009578328,0.7116690903927695
4554,0.7682365835025905,0.4840192332869079,0.4920486666843931,0.33111674416325215,0.5635735073271463,0.71169358536325
4555,0.7728981906037888,0.4840192332869079,0.4916088349667272,0.33111674416325215,0.5636569696181244,0.7117203265315231
4556,0.7775290912818502,0.4840192332869079,0.49117263583225085,0.33111674416325215,0.5637410661803665,0.711749305204462
4557,0.7821219290026186,0.4840192332869079,0.49074016590372166,0.33111674416325215,0.5638257750456127,0.7117805116513917
4558,0.7866694725640565,0.4840192332869079,0.4903115205499671,0.33111674416325215,0.5639110739389762,0.7118139351061079
4559,0.7911646226115084,0.4840192332869079,0.4898867938372361,0.33111674416325215,0.5639969402902707,0.7118495637695116
4560,0.7956004176257796,0.4840192332869079,0.4894660784811881,0.33111674416325215,0.5640833512454391,0.7118873848128602
4561,0.7999700394320874,0.4840192332869079,0.4890494657995647,0.33111674416325215,0.5641702836780698,0.7119273843816416
4562,0.8042668182746465,0.4840192332869079,0.48863704566558547,0.33111674416325215,0.5642577142010046,0.711969547600065
4563,0.8084842374980106,0.4840192332869079,0.4882289064621124,0.33111674416325215,0.5643456191780268,0.7120138585761746
4564,0.812615937872367,0.4840192332869079,0.48782513503662245,0.33111674416325215,0.5644339747356324,0.7120603004075822
4565,0.8166557215958125,0.4840192332869079,0.48742581665702867,0.33111674416325215,0.5645227567748745,0.7121088551878197
4566,0.8205975560022217,0.4840192332869079,0.4870310349683947,0.33111674416325215,0.5646119409832808,0.7121595040133095
4567,0.824435576998683,0.4840192332869079,0.4866408719505771,0.33111674416325215,0.5647015028468398,0.7122122269909491
4568,0.8281640922515378,0.4840192332869079,0.48625540787683524,0.33111674416325215,0.5647914176620494,0.7122670032463109
4569,0.8317775841348033,0.4840192332869079,0.4858747212734508,0.33111674416325215,0.5648816605480278,0.7123238109324492
4570,0.8352707124490172,0.4840192332869079,0.4854988888803869,0.33111674416325215,0.5649722064586811,0.7123826272393149
4571,0.8386383169121915,0.4840192332869079,0.48512798561302833,0.33111674416325215,0.5650630301949225,0.7124434284037702
4572,0.8418754194173049,0.4840192332869079,0.484762084525035,0.33111674416325215,0.5651541064169442,0.7125061897202005
4573,0.8449772260422419,0.4840192332869079,0.48440125677234214,0.33111674416325215,0.5652454096565321,0.7125708855517182
4574,0.8479391287877281,0.4840192332869079,0.4840455715783407,0.33111674416325215,0.5653369143294259,0.7126374893419472
4575,0.8507567070057902,0.4840192332869079,0.48369509620026935,0.33111674416325215,0.5654285947477163,0.7127059736273899
4576,0.8534257284643177,0.4840192332869079,0.4833498958968468,0.33111674416325215,0.56552042513228,0.7127763100503631
4577,0.8559421499705006,0.4840192332869079,0.4830100338971739,0.33111674416325215,0.565612379625244,0.7128484693724967
4578,0.8583021174442057,0.4840192332869079,0.48267557137093353,0.33111674416325215,0.5657044323024828,0.7129224214887867
4579,0.8605019652868515,0.4840192332869079,0.4823465673999139,0.33111674416325215,0.5657965571861366,0.7129981354421954
4580,0.8625382148238546,0.4840192332869079,0.4820230789508783,0.33111674416325215,0.565888728257156,0.7130755794387882
4581,0.8644075714952462,0.4840192332869079,0.4817051608498068,0.33111674416325215,0.5659809194678617,0.713154720863395
4582,0.8661069203043833,0.4840192332869079,0.4813928657575306,0.33111674416325215,0.5660731047545219,0.7132355262957907
4583,0.8676333187616062,0.4840192332869079,0.4810862441467785,0.33111674416325215,0.5661652580499417,0.7133179615273797
4584,0.868983986084494,0.4840192332869079,0.48078534428065434,0.33111674416325215,0.5662573532960591,0.7134019915783759
4585,0.8701562865404149,0.4840192332869079,0.48049021219256355,0.33111674416325215,0.5663493644565488,0.7134875807154643
4586,0.8711477030835993,0.4840192332869079,0.48020089166760266,0.33111674416325215,0.5664412655294263,0.7135746924699345
4587,0.8719557936836179,0.4840192332869079,0.4799174242254265,0.33111674416325215,0.5665330305596503,0.713663289656272
4588,0.8725781135685412,0.4840192332869079,0.47963984910460455,0.33111674416325215,0.566624633651721,0.7137533343911944
4589,0.8730120600737368,0.4840192332869079,0.4793682032484781,0.33111674416325215,0.5667160489822693,0.7138447881131191
4590,0.8732544972695252,0.4840192332869079,0.479102521292525,0.33111674416325215,0.566807250812634,0.7139376116020516
4591,0.8733004161016038,0.4840192332869079,0.47884283555324253,0.33111674416325215,0.5668982135014224,0.7140317649998759
4592,0.8731209264786708,0.4840192332869079,0.47858917601854883,0.33111674416325215,0.5669889115170541,0.7141272078310351
4593,0.8727245354765905,0.4840192332869079,0.47834157033971303,0.33111674416325215,0.5670793194502783,0.7142238990235895
4594,0.8721154822343925,0.4840192332869079,0.47810004382481,0.33111674416325215,0.567169412026668,0.7143217969306327
4595,0.8712970890164856,0.4840192332869079,0.4778646194337043,0.33111674416325215,0.5672591641190807,0.7144208593520556
4596,0.8702724349068006,0.4840192332869079,0.4776353177745604,0.33111674416325215,0.5673485507600863,0.7145210435566375
4597,0.8690445999944048,0.4840192332869079,0.4774121571018769,0.33111674416325215,0.5674375471543572,0.7146223063044548
4598,0.8676167788630589,0.4840192332869079,0.4771951533160389,0.33111674416325215,0.5675261286910134,0.7147246038695854
4599,0.8659923410407069,0.4840192332869079,0.4769843199643846,0.33111674416325215,0.5676142709559253,0.7148278920630984
4600,0.8641748659146322,0.4840192332869079,0.47677966824377516,0.33111674416325215,0.5677019497439614,0.7149321262563072
4601,0.8621681638595692,0.4840192332869079,0.4765812070046615,0.33111674416325215,0.567789141071185,0.7150372614042757
4602,0.8599762892782967,0.4840192332869079,0.47638894275663496,0.33111674416325215,0.5678758211869894,0.715143252069555
4603,0.8576035485905856,0.4840192332869079,0.47620287967544916,0.33111674416325215,0.5679619665861699,0.7152500524461407
4604,0.8550545049076141,0.4840192332869079,0.4760230196114999,0.33111674416325215,0.5680475540209281,0.7153576163836265
4605,0.8523339804437962,0.4840192332869079,0.4758493620997469,0.33111674416325215,0.5681325605128031,0.7154658974115459
4606,0.8494470573327099,0.4840192332869079,0.47568190437106056,0.33111674416325215,0.568216963364525,0.7155748487638771
4607,0.8463990772853507,0.4840192332869079,0.47552064136497385,0.33111674416325215,0.5683007401717864,0.7156844234037019
4608,0.8431956403869836,0.4840192332869079,0.4753655657438202,0.33111674416325215,0.568383868834926,0.7157945740479942
4609,0.8398426032368356,0.4840192332869079,0.47521666790823736,0.33111674416325215,0.5684663275705205,0.7159052531925292
4610,0.8363460765727873,0.4840192332869079,0.47507393601401093,0.33111674416325215,0.5685480949228785,0.7160164131368901
4611,0.8327124224795686,0.4840192332869079,0.474937355990237,0.33111674416325215,0.5686291497754319,0.7161280060095605
4612,0.8289482512470638,0.4840192332869079,0.47480691155877774,0.33111674416325215,0.568709471362019,0.7162399837930808
4613,0.825060417920954,0.4840192332869079,0.47468258425498094,0.33111674416325215,0.5687890392780545,0.7163522983492598
4614,0.8210560185685545,0.4840192332869079,0.47456435344963993,0.33111674416325215,0.5688678334915799,0.7164649014444165
4615,0.8169423862666195,0.4840192332869079,0.474452196372162,0.33111674416325215,0.568945834354189,0.7165777447746428
4616,0.8127270868040419,0.4840192332869079,0.4743460881349173,0.33111674416325215,0.569023022611824,0.7166907799910667
4617,0.8084179140800345,0.4840192332869079,0.4742460017587355,0.33111674416325215,0.5690993794154338,0.7168039587251032
4618,0.8040228851670969,0.4840192332869079,0.4741519081995216,0.33111674416325215,0.5691748863314907,0.7169172326136753
4619,0.7995502349975305,0.4840192332869079,0.4740637763759544,0.33111674416325215,0.5692495253523593,0.7170305533243909
4620,0.7950084106223069,0.4840192332869079,0.4739815731982379,0.33111674416325215,0.5693232789065092,0.7171438725806583
4621,0.7904060649816101,0.4840192332869079,0.47390526359786833,0.33111674416325215,0.56939612986857,0.7172571421867289
4622,0.785752050117355,0.4840192332869079,0.4738348105583843,0.33111674416325215,0.5694680615692153,0.7173703140526493
4623,0.7810554097494524,0.4840192332869079,0.4737701751470613,0.33111674416325215,0.5695390578048775,0.7174833402191092
4624,0.7763253711296417,0.4840192332869079,0.4737113165475195,0.33111674416325215,0.5696091028472805,0.7175961728821713
4625,0.7715713360794451,0.4840192332869079,0.4736581920932014,0.33111674416325215,0.5696781814527861,0.7177087644178697
4626,0.7668028711124099,0.4840192332869079,0.47361075730168756,0.33111674416325215,0.5697462788715492,0.7178210674066619
4627,0.762029696535459,0.4840192332869079,0.47356896590980946,0.33111674416325215,0.569813380856472,0.7179330346577226
4628,0.7572616744201235,0.4840192332869079,0.4735327699095238,0.33111674416325215,0.5698794736719536,0.7180446192330658
4629,0.7525087953319405,0.4840192332869079,0.4735021195845071,0.33111674416325215,0.5699445441024256,0.7181557744714816
4630,0.7477811637056602,0.4840192332869079,0.4734769635474338,0.33111674416325215,0.5700085794606694,0.7182664540122783
4631,0.7430889817554227,0.4840192332869079,0.473457248777898,0.33111674416325215,0.5700715675959076,0.7183766118188137
4632,0.7384425318130717,0.4840192332869079,0.4734429206609412,0.33111674416325215,0.5701334969016609,0.7184862022018104
4633,0.733852156994613,0.4840192332869079,0.4734339230261452,0.33111674416325215,0.5701943563233679,0.7185951798424358
4634,0.7293282401048002,0.4840192332869079,0.4734301981872504,0.33111674416325215,0.5702541353657566,0.7187034998151446
4635,0.7248811807032801,0.4840192332869079,0.4734316869822634,0.33111674416325215,0.5703128240999636,0.7188111176102667
4636,0.720521370272893,0.4840192332869079,0.4734383288140113,0.33111674416325215,0.5703704131703942,0.7189179891563359
4637,0.7162591654518287,0.4840192332869079,0.473450061691107,0.33111674416325215,0.5704268938013154,0.7190240708421458
4638,0.7121048593165134,0.4840192332869079,0.47346682226928083,0.33111674416325215,0.5704822578031762,0.7191293195385272
4639,0.7080686507313735,0.4840192332869079,0.473488545893049,0.33111674416325215,0.5705364975786484,0.719233692619836
4640,0.7041606118148863,0.4840192332869079,0.4735151666376704,0.33111674416325215,0.570589606128381,0.719337147985146
4641,0.7003906536083513,0.4840192332869079,0.4735466173513615,0.33111674416325215,0.5706415770564632,0.7194396440791367
4642,0.6967684900741623,0.4840192332869079,0.4735828296977264,0.33111674416325215,0.5706924045755868,0.7195411399126705
4643,0.6933036005934351,0.4840192332869079,0.4736237341983682,0.33111674416325215,0.5707420835119053,0.7196415950830524
4644,0.69000519117784,0.4840192332869079,0.47366926027564193,0.33111674416325215,0.570790609309581,0.719740969793965
4645,0.6868821546564042,0.4840192332869079,0.47371933629551466,0.33111674416325215,0.5708379780350139,0.7198392248750768
4646,0.6839430301436922,0.4840192332869079,0.4737738896104946,0.33111674416325215,0.570884186380749,0.7199363218013135
4647,0.6811959621397784,0.4840192332869079,0.47383284660259684,0.33111674416325215,0.5709292316690532,0.7200322227117927
4648,0.6786486596533134,0.4840192332869079,0.4738961327263073,0.33111674416325215,0.5709731118551576,0.7201268904284147
4649,0.6763083557751653,0.4840192332869079,0.4739636725515126,0.33111674416325215,0.5710158255301608,0.7202202884741096
4650,0.6741817681599911,0.4840192332869079,0.47403538980636334,0.33111674416325215,0.5710573719235845,0.7203123810907339
4651,0.6722750608951092,0.4840192332869079,0.4741112074200336,0.33111674416325215,0.571097750905579,0.7204031332566196
4652,0.6705938082487781,0.4840192332869079,0.47419104756534936,0.33111674416325215,0.5711369629887725,0.7204925107037701
4653,0.6691429607922338,0.4840192332869079,0.47427483170125206,0.33111674416325215,0.5711750093297596,0.7205804799347059
4654,0.667926814380675,0.4840192332869079,0.4743624806150637,0.33111674416325215,0.5712118917302231,0.7206670082389582
4655,0.6669489824572733,0.4840192332869079,0.47445391446453,0.33111674416325215,0.571247612637686,0.7207520637092146
4656,0.6662123721111145,0.4840192332869079,0.47454905281960535,0.33111674416325215,0.5712821751458872,0.7208356152571144
4657,0.6657191642750879,0.4840192332869079,0.4746478147039554,0.33111674416325215,0.5713155829947787,0.7209176326287028
4658,0.6654707983939829,0.4840192332869079,0.47475011863614835,0.33111674416325215,0.5713478405701378,0.720998086419544
4659,0.6654679618277284,0.4840192332869079,0.47485588267050893,0.33111674416325215,0.5713789529027914,0.721076948089501
4660,0.6657105841815596,0.4840192332869079,0.474965024437606,0.33111674416325215,0.5714089256674474,0.7211541899771887
4661,0.6661978366760264,0.4840192332869079,0.475077461184354,0.33111674416325215,0.5714377651811292,0.7212297853141094
4662,0.6669281365875112,0.4840192332869079,0.4751931098136984,0.33111674416325215,0.5714654784012096,0.7213037082384804
4663,0.6678991567068544,0.4840192332869079,0.47531188692386633,0.33111674416325215,0.5714920729230364,0.721375933808769
4664,0.6691078396823164,0.4840192332869079,0.4754337088471565,0.33111674416325215,0.5715175569771501,0.7214464380169446
4665,0.6705504170359077,0.4840192332869079,0.47555849168824904,0.33111674416325215,0.5715419394260828,0.721515197801473
4666,0.6722224325713705,0.4840192332869079,0.4756861513620141,0.33111674416325215,0.5715652297607364,0.7215821910600647
4667,0.6741187698296948,0.4840192332869079,0.475816603630798,0.33111674416325215,0.5715874380963307,0.7216473966622107
4668,0.676233683195598,0.4840192332869079,0.4759497641411701,0.33111674416325215,0.5716085751679149,0.7217107944615255
4669,0.6785608322169597,0.4840192332869079,0.47608554846011125,0.33111674416325215,0.5716286523254301,0.7217723653079375
4670,0.6810933186694211,0.4840192332869079,0.47622387211062717,0.33111674416325215,0.5716476815283159,0.7218320910597626
4671,0.6838237258804006,0.4840192332869079,0.47636465060676947,0.33111674416325215,0.5716656753396373,0.7218899545957074
4672,0.6867441598203244,0.4840192332869079,0.47650779948805033,0.33111674416325215,0.5716826469197219,0.7219459398268565
4673,0.6898462914732736,0.4840192332869079,0.4766532343532372,0.33111674416325215,0.5716986100192748,0.7220000317087109
4674,0.6931214000134558,0.4840192332869079,0.47680087089351086,0.33111674416325215,0.5717135789719421,0.7220522162533498
4675,0.696560416336685,0.4840192332869079,0.4769506249249775,0.33111674416325215,0.5717275686862758,0.7221024805418109
4676,0.7001539665259425,0.4840192332869079,0.47710241242052015,0.33111674416325215,0.5717405946370443,0.7221508127367987
4677,0.7038924148655781,0.4840192332869079,0.47725614954098267,0.33111674416325215,0.5717526728558029,0.7221972020958525
4678,0.7077659060582441,0.4840192332869079,0.4774117526656714,0.33111674416325215,0.5717638199206156,0.722241638985137
4679,0.7117644063407822,0.4840192332869079,0.4775691384221683,0.33111674416325215,0.5717740529447681,0.7222841148940528
4680,0.7158777432385668,0.4840192332869079,0.47772822371544643,0.33111674416325215,0.5717833895642438,0.7223246224509092
4681,0.7200956437410856,0.4840192332869079,0.47788892575628095,0.33111674416325215,0.5717918479236337,0.722363155439965
4682,0.7244077707236799,0.4840192332869079,0.47805116208894743,0.33111674416325215,0.5717994466599803,0.7223997088202141
4683,0.7288037574805537,0.4840192332869079,0.4782148506182028,0.33111674416325215,0.5718062048837873,0.7224342787464006
4684,0.7332732402716847,0.4840192332869079,0.4783799096355426,0.33111674416325215,0.5718121421559689,0.7224668625928784
4685,0.7378058888206364,0.4840192332869079,0.47854625784473287,0.33111674416325215,0.5718172784586985,0.722497458981115
4686,0.7423914347311712,0.4840192332869079,0.4787138143866094,0.33111674416325215,0.5718216341565848,0.7225260678118958
4687,0.74701969781781,0.4840192332869079,0.4788824988631436,0.33111674416325215,0.5718252299415066,0.7225526903036312
4688,0.7516806103690603,0.4840192332869079,0.4790522313607742,0.33111674416325215,0.5718280867475889,0.722577329038676
4689,0.7563642393819922,0.4840192332869079,0.47922293247299896,0.33111674416325215,0.571830225605666,0.7225999880203086
4690,0.7610608068233624,0.4840192332869079,0.47939452332223226,0.33111674416325215,0.5718316673556516,0.7226206727441145
4691,0.7657607079857827,0.4840192332869079,0.47956692558092084,0.33111674416325215,0.5718324319375372,0.7226393902892206
4692,0.7704545280177691,0.4840192332869079,0.4797400614919266,0.33111674416325215,0.571832535718499,0.7226561494375341
4693,0.775133056714219,0.4840192332869079,0.47991385388817,0.33111674416325215,0.5718319291278423,0.7226709608336431
4694,0.779787301659201,0.4840192332869079,0.48008822621154273,0.33111674416325215,0.5718306606623574,0.7226838372058667
4695,0.7844084998162975,0.4840192332869079,0.48026310253108767,0.33111674416325215,0.5718287701985557,0.7226947936834066
4696,0.7889881276633349,0.4840192332869079,0.4804384075604515,0.33111674416325215,0.571826295132818,0.7227038482732472
4697,0.7935179099685256,0.4840192332869079,0.48061406667461337,0.33111674416325215,0.5718232717543266,0.7227110226229208
4698,0.797989827304055,0.4840192332869079,0.4807900059258943,0.33111674416325215,0.5718197357698726,0.7227163433492527
4699,0.802396122391247,0.4840192332869079,0.48096615205925275,0.33111674416325215,0.5718157225551426,0.7227198446659305
4700,0.8067293053688258,0.4840192332869079,0.4811424325268695,0.33111674416325215,0.5718112672898451,0.7227215747957928
4701,0.8109821580726853,0.4840192332869079,0.4813187755020315,0.33111674416325215,0.5718064050346768,0.722721620109693
4702,0.8151477374121193,0.4840192332869079,0.48149510989231936,0.33111674416325215,0.5718011707757595,0.722721053199709
4703,0.819219377923822,0.4840192332869079,0.4816713653521045,0.33111674416325215,0.5717955994493634,0.7227198422129618
4704,0.823190693581263,0.4840192332869079,0.4818474722943666,0.33111674416325215,0.5717897259539444,0.7227179716582566
4705,0.8270555789333869,0.4840192332869079,0.4820233619018373,0.33111674416325215,0.5717835851536205,0.722715431564782
4706,0.8308082096430719,0.4840192332869079,0.48219896613747865,0.33111674416325215,0.5717772118756554,0.7227122147944751
4707,0.8344430424925194,0.4840192332869079,0.4823742177543058,0.33111674416325215,0.5717706409036197,0.7227083159650711
4708,0.8379548149198024,0.4840192332869079,0.4825490503045643,0.33111674416325215,0.5717639069673554,0.7227037309096925
4709,0.8413385441482827,0.4840192332869079,0.48272339814827053,0.33111674416325215,0.5717570447305372,0.7226984563668714
4710,0.8445895259686301,0.4840192332869079,0.4828971964611251,0.33111674416325215,0.571750088776399,0.7226924897861334
4711,0.8477033332318508,0.4840192332869079,0.48307038124181256,0.33111674416325215,0.5717430735920424,0.7226858291979859
4712,0.8506758141112957,0.4840192332869079,0.4832428893186941,0.33111674416325215,0.5717360335516488,0.7226784731226715
4713,0.8535030901922398,0.4840192332869079,0.4834146583559094,0.33111674416325215,0.5717290028988379,0.7226704205036625
4714,0.8561815544497963,0.4840192332869079,0.48358562685889506,0.33111674416325215,0.5717220157283677,0.7226616706576925
4715,0.8587078691800959,0.4840192332869079,0.48375573417933443,0.33111674416325215,0.5717151059673298,0.7226522232362683
4716,0.8610789639567745,0.4840192332869079,0.4839249205195496,0.33111674416325215,0.5717083073559688,0.7226420781953944
4717,0.8632920336961839,0.4840192332869079,0.4840931269363501,0.33111674416325215,0.5717016534282273,0.7226312357713348
4718,0.8653445369325756,0.4840192332869079,0.4842602953443474,0.33111674416325215,0.5716951774921094,0.7226196964609075
4719,0.8672341944324659,0.4840192332869079,0.4844263685187531,0.33111674416325215,0.5716889126099336,0.7226074610052484
4720,0.8689589883217319,0.4840192332869079,0.48459129009767066,0.33111674416325215,0.5716828915785451,0.7225945303762772
4721,0.8705171619709912,0.4840192332869079,0.4847550045838952,0.33111674416325215,0.5716771469095389,0.7225809057652953
4722,0.8719072210055331,0.4840192332869079,0.484917457346237,0.33111674416325215,0.5716717108095489,0.7225665885732893
4723,0.873127936017335,0.4840192332869079,0.4850785946203794,0.33111674416325215,0.571666615160645,0.7225515804026154
4724,0.8741783479469021,0.4840192332869079,0.48523836350928806,0.33111674416325215,0.5716618915008791,0.7225358830498116
4725,0.8750577778749551,0.4840192332869079,0.4853967119831861,0.33111674416325215,0.5716575710050168,0.7225194984993384
4726,0.8757658446354909,0.4840192332869079,0.48555358887910577,0.33111674416325215,0.5716536844654877,0.7225024289180942
4727,0.8763024977397931,0.4840192332869079,0.4857089439000378,0.33111674416325215,0.5716502622735843,0.7224846766505783
4728,0.8766680848856864,0.4840192332869079,0.4858627276136874,0.33111674416325215,0.5716473344009385,0.7224662442145977
4729,0.8768635175639323,0.4840192332869079,0.4860148914508543,0.33111674416325215,0.5716449303813007,0.7224471342974392
4730,0.8768908674063117,0.4840192332869079,0.48616538770345313,0.33111674416325215,0.571643079292646,0.7224273497524341
4731,0.8767639667888729,0.4840192332869079,0.4863141695221864,0.33111674416325215,0.5716418097396292,0.7224068935958613
4732,0.8764803329916843,0.4840192332869079,0.48646119091388734,0.33111674416325215,0.5716411498364096,0.7223857690041415
4733,0.8760391388630185,0.4840192332869079,0.48660640673854755,0.33111674416325215,0.5716411271898645,0.7223639793112822
4734,0.875440162365759,0.4840192332869079,0.4867497727060443,0.33111674416325215,0.571641768883211,0.7223415280065386
4735,0.8746835577645338,0.4840192332869079,0.4868912453725829,0.33111674416325215,0.57164310146005,0.7223184187322655
4736,0.8737697689732612,0.4840192332869079,0.4870307821368681,0.33111674416325215,0.5716451509088502,0.7222946552819316
4737,0.8726994877044696,0.4840192332869079,0.487168341236025,0.33111674416325215,0.5716479426478852,0.7222702415982784
4738,0.871473630269193,0.4840192332869079,0.48730388174127576,0.33111674416325215,0.5716515015106388,0.7222451817716029
4739,0.8700933235666584,0.4840192332869079,0.48743736355339695,0.33111674416325215,0.5716558517316893,0.722219480038152
4740,0.8685598961598568,0.4840192332869079,0.48756874739796485,0.33111674416325215,0.5716610169330837,0.722193140778611
4741,0.8668748724210771,0.4840192332869079,0.4876979948204093,0.33111674416325215,0.5716670201112154,0.7221661685166753
4742,0.8650399686621016,0.4840192332869079,0.4878250681808878,0.33111674416325215,0.5716738836242109,0.7221385679176993
4743,0.863057090621572,0.4840192332869079,0.4879499306489949,0.33111674416325215,0.5716816291798389,0.7221103437874034
4744,0.8609283319249199,0.4840192332869079,0.488072546198323,0.33111674416325215,0.5716902778239435,0.7220815010706418
4745,0.8586559732690184,0.4840192332869079,0.4881928796008889,0.33111674416325215,0.571699849929416,0.7220520448502179
4746,0.8562424821644145,0.4840192332869079,0.4883108964214368,0.33111674416325215,0.5717103651857054,0.7220219803457391
4747,0.8536905131174403,0.4840192332869079,0.4884265630116379,0.33111674416325215,0.5717218425888747,0.7219913129125104
4748,0.8510029081656678,0.4840192332869079,0.4885398465041944,0.33111674416325215,0.5717343004322115,0.7219600480404587
4749,0.848182697700195,0.4840192332869079,0.48865071480686445,0.33111674416325215,0.5717477562973905,0.7219281913530824
4750,0.8452331015212505,0.4840192332869079,0.4887591365964212,0.33111674416325215,0.5717622270461951,0.7218957486064238
4751,0.8421575300820323,0.4840192332869079,0.48886508131255624,0.33111674416325215,0.5717777288128001,0.7218627256880593
4752,0.8389595858810254,0.4840192332869079,0.48896851915174244,0.33111674416325215,0.5717942769966164,0.7218291286161052
4753,0.8356430649662258,0.4840192332869079,0.48906942106106516,0.33111674416325215,0.5718118862557,0.7217949635382334
4754,0.8322119585163695,0.4840192332869079,0.4891677587320369,0.33111674416325215,0.571830570500723,0.7217602367306969
4755,0.8286704544647635,0.4840192332869079,0.4892635045944,0.33111674416325215,0.5718503428895094,0.7217249545973612
4756,0.8250229391309811,0.4840192332869079,0.48935663180993305,0.33111674416325215,0.5718712158221336,0.7216891236687393
4757,0.8212739988246376,0.4840192332869079,0.48944711426626575,0.33111674416325215,0.5718932009365786,0.7216527506010272
4758,0.8174284213838551,0.4840192332869079,0.48953492657071274,0.33111674416325215,0.5719163091049545,0.7216158421751389
4759,0.8134911976089679,0.4840192332869079,0.4896200440441312,0.33111674416325215,0.5719405504302719,0.7215784052957395
4760,0.8094675225495123,0.4840192332869079,0.4897024427148089,0.33111674416325215,0.571965934243769,0.721540446990272
4761,0.805362796599727,0.4840192332869079,0.48978209931238614,0.33111674416325215,0.5719924691027858,0.72150197440798
4762,0.8011826263546163,0.4840192332869079,0.4898589912618145,0.33111674416325215,0.5720201627891853,0.721462994818921
4763,0.7969328251751967,0.4840192332869079,0.48993309667734897,0.33111674416325215,0.5720490223083115,0.7214235156129709
4764,0.7926194134078657,0.4840192332869079,0.4900043943565758,0.33111674416325215,0.5720790538884823,0.7213835442988188
4765,0.7882486181989535,0.4840192332869079,0.4900728637744646,0.33111674416325215,0.5721102629810118,0.7213430885029486
4766,0.7838268728414798,0.4840192332869079,0.49013848507743735,0.33111674416325215,0.5721426542607515,0.7213021559686098
4767,0.7793608155870039,0.4840192332869079,0.49020123907743884,0.33111674416325215,0.5721762316271489,0.7212607545547703
4768,0.7748572878512874,0.4840192332869079,0.4902611072459832,0.33111674416325215,0.5722109982058122,0.7212188922350588
4769,0.7703233317383608,0.4840192332869079,0.49031807170814845,0.33111674416325215,0.5722469563505757,0.7211765770966871
4770,0.7657661868036012,0.4840192332869079,0.49037211523647833,0.33111674416325215,0.5722841076460555,0.7211338173393579
4771,0.761193285972689,0.4840192332869079,0.4904232212447317,0.33111674416325215,0.5723224529106921,0.7210906212741531
4772,0.756612250529947,0.4840192332869079,0.490471373781403,0.33111674416325215,0.572361992200264,0.7210469973224043
4773,0.7520308840867327,0.4840192332869079,0.4905165575229132,0.33111674416325215,0.5724027248118697,0.7210029540145417
4774,0.7474571654384141,0.4840192332869079,0.4905587577663256,0.33111674416325215,0.5724446492883654,0.7209584999889258
4775,0.7428992402172017,0.4840192332869079,0.4905979604213886,0.33111674416325215,0.5724877634232496,0.7209136439906557
4776,0.7383654112479479,0.4840192332869079,0.4906341520016306,0.33111674416325215,0.5725320642659851,0.7208683948703553
4777,0.7338641275151921,0.4840192332869079,0.49066731961410226,0.33111674416325215,0.5725775481277481,0.7208227615829392
4778,0.7294039716524453,0.4840192332869079,0.49069745094718026,0.33111674416325215,0.5726242105875935,0.7207767531863535
4779,0.7249936458692617,0.4840192332869079,0.4907245342555323,0.33111674416325215,0.5726720464990279,0.7207303788402942
4780,0.7206419562382572,0.4840192332869079,0.49074855834083275,0.33111674416325215,0.5727210499969775,0.7206836478049011
4781,0.7163577952731851,0.4840192332869079,0.49076951252589635,0.33111674416325215,0.5727712145051411,0.7206365694394269
4782,0.7121501227406928,0.4840192332869079,0.4907873866181662,0.33111674416325215,0.5728225327437177,0.7205891532008804
4783,0.7080279446626812,0.4840192332869079,0.49080217085494876,0.33111674416325215,0.5728749967374982,0.7205414086426463
4784,0.704000290483435,0.4840192332869079,0.4908138558147498,0.33111674416325215,0.5729285978243075,0.7204933454130763
4785,0.7000761883960143,0.4840192332869079,0.4908224322581452,0.33111674416325215,0.5729833266637887,0.720444973254055
4786,0.6962646388458248,0.4840192332869079,0.490827890794873,0.33111674416325215,0.5730391732465191,0.7203963019995391
4787,0.6925745862557927,0.4840192332869079,0.4908302209768223,0.33111674416325215,0.5730961269034425,0.7203473415740683
4788,0.6890148890469718,0.4840192332869079,0.49082940670919967,0.33111674416325215,0.5731541763156097,0.7202981019912499
4789,0.6855942880604574,0.4840192332869079,0.4908254744714411,0.33111674416325215,0.5732133095242186,0.7202485933522141
4790,0.6823213735207423,0.4840192332869079,0.4908184267862143,0.33111674416325215,0.5732735139409355,0.7201988258440422
4791,0.6792045507165609,0.4840192332869079,0.4908082640123431,0.33111674416325215,0.5733347763584945,0.7201488097381648
4792,0.6762520046121198,0.4840192332869079,0.4907949860673415,0.33111674416325215,0.5733970829615584,0.7200985553887335
4793,0.6734716636385482,0.4840192332869079,0.4907785929358432,0.33111674416325215,0.5734604193378336,0.7200480732309605
4794,0.6708711629514261,0.4840192332869079,0.4907590848883014,0.33111674416325215,0.5735247704894257,0.7199973737794326
4795,0.6684578074742344,0.4840192332869079,0.4907364625955249,0.33111674416325215,0.573590120844427,0.719946467626392
4796,0.6662385350783754,0.4840192332869079,0.4907107271966879,0.33111674416325215,0.5736564542687249,0.7198953654399901
4797,0.6642198802767425,0.4840192332869079,0.4906818803435255,0.33111674416325215,0.5737237540780202,0.7198440779625106
4798,0.6624079388285113,0.4840192332869079,0.49064992423113063,0.33111674416325215,0.573792003050045,0.7197926160085625
4799,0.6608083336666741,0.4840192332869079,0.4906148616206884,0.33111674416325215,0.5738611834369709,0.7197409904632438
4800,0.6594261825658635,0.4840192332869079,0.4905766958571017,0.33111674416325215,0.5739312769779978,0.7196892122802736
4801,0.6582660679653225,0.4840192332869079,0.4905354308832495,0.33111674416325215,0.5740022649121123,0.7196372924800971
4802,0.657332009349932,0.4840192332869079,0.490491071251965,0.33111674416325215,0.5740741279910062,0.7195852421479558
4803,0.6566274385706641,0.4840192332869079,0.49044362213642295,0.33111674416325215,0.5741468464921479,0.719533072431932
4804,0.656155178454784,0.4840192332869079,0.4903930893394107,0.33111674416325215,0.5742204002319952,0.7194807945409599
4805,0.6559174250159489,0.4840192332869079,0.49033947930179383,0.33111674416325215,0.5742947685793409,0.7194284197428085
4806,0.6559157335258308,0.4840192332869079,0.4902827991104043,0.33111674416325215,0.5743699304687855,0.7193759593620321
4807,0.6561510086531883,0.4840192332869079,0.49022305650550674,0.33111674416325215,0.5744458644143224,0.7193234247778938
4808,0.6566234988147973,0.4840192332869079,0.49016025988795936,0.33111674416325215,0.5745225485230351,0.7192708274222558
4809,0.6573327948171066,0.4840192332869079,0.4900944183261514,0.33111674416325215,0.5745999605088914,0.7192181787774418
4810,0.6582778327997246,0.4840192332869079,0.490025541562779,0.33111674416325215,0.5746780777066322,0.7191654903740691
4811,0.6594569014239073,0.4840192332869079,0.489953640021502,0.33111674416325215,0.5747568770857434,0.7191127737888496
4812,0.6608676531830391,0.4840192332869079,0.48987872481351374,0.33111674416325215,0.5748363352645073,0.7190600406423651
4813,0.6625071196496455,0.4840192332869079,0.48980080774404894,0.33111674416325215,0.574916428524122,0.7190073025968082
4814,0.6643717304164286,0.4840192332869079,0.4897199013188416,0.33111674416325215,0.5749971328228878,0.718954571353699
4815,0.6664573354386912,0.4840192332869079,0.4896360187505441,0.33111674416325215,0.5750784238104484,0.7189018586515691
4816,0.6687592304434917,0.4840192332869079,0.48954917396511416,0.33111674416325215,0.5751602768420843,0.7188491762636207
4817,0.6712721850377811,0.4840192332869079,0.48945938160816965,0.33111674416325215,0.575242666993051,0.7187965359953533
4818,0.6739904731240829,0.4840192332869079,0.48936665705131016,0.33111674416325215,0.5753255690729566,0.7187439496821668
4819,0.6769079052181147,0.4840192332869079,0.48927101639840415,0.33111674416325215,0.5754089576401724,0.7186914291869334
4820,0.6800178622578681,0.4840192332869079,0.48917247649183404,0.33111674416325215,0.5754928070162723,0.7186389863975446
4821,0.683313330497523,0.4840192332869079,0.4890710549186938,0.33111674416325215,0.5755770913004951,0.7185866332244304
4822,0.6867869370914036,0.4840192332869079,0.4889667700169312,0.33111674416325215,0.5756617843842241,0.7185343815980519
4823,0.6904309859919613,0.4840192332869079,0.4888596408814239,0.33111674416325215,0.5757468599654827,0.7184822434663686
4824,0.6942374938104056,0.4840192332869079,0.4887496873699808,0.33111674416325215,0.5758322915634342,0.7184302307922792
4825,0.6981982253178615,0.4840192332869079,0.4886369301092574,0.33111674416325215,0.5759180525328914,0.7183783555510388
4826,0.7023047282976198,0.4840192332869079,0.4885213905005725,0.33111674416325215,0.5760041160788218,0.7183266297276494
4827,0.70654836749396,0.4840192332869079,0.4884030907256144,0.33111674416325215,0.5760904552708529,0.7182750653142281
4828,0.7109203574390566,0.4840192332869079,0.48828205375202666,0.33111674416325215,0.5761770430577661,0.7182236743073517
4829,0.7154117939756289,0.4840192332869079,0.4881583033388533,0.33111674416325215,0.5762638522819827,0.7181724687053772
4830,0.7200136843283733,0.4840192332869079,0.4880318640418392,0.33111674416325215,0.5763508556940321,0.7181214605057413
4831,0.7247169756111124,0.4840192332869079,0.48790276121856385,0.33111674416325215,0.5764380259670039,0.7180706617022372
4832,0.7295125816883984,0.4840192332869079,0.48777102103339887,0.33111674416325215,0.5765253357109764,0.7180200842822708
4833,0.7343914083396039,0.4840192332869079,0.48763667046227344,0.33111674416325215,0.5766127574874211,0.7179697402240969
4834,0.7393443767000039,0.4840192332869079,0.4874997372972335,0.33111674416325215,0.5767002638235781,0.7179196414940345
4835,0.7443624449768209,0.4840192332869079,0.4873602501507802,0.33111674416325215,0.5767878272268018,0.7178698000436654
4836,0.7494366284586248,0.4840192332869079,0.4872182384599731,0.33111674416325215,0.5768754201988698,0.7178202278070108
4837,0.754558017853835,0.4840192332869079,0.4870737324902817,0.33111674416325215,0.5769630152502567,0.7177709366976952
4838,0.759717796008513,0.4840192332869079,0.48692676333917473,0.33111674416325215,0.5770505849143667,0.7177219386060889
4839,0.764907253065269,0.4840192332869079,0.48677736293942725,0.33111674416325215,0.5771381017617228,0.7176732453964385
4840,0.7701178001341956,0.4840192332869079,0.4866255640621329,0.33111674416325215,0.5772255384141097,0.7176248689039797
4841,0.7753409815534341,0.4840192332869079,0.4864714003194097,0.33111674416325215,0.5773128675586696,0.7175768209320369
4842,0.7805684858216283,0.4840192332869079,0.4863149061667794,0.33111674416325215,0.5774000619619435,0.7175291132491101
4843,0.7857921552872639,0.4840192332869079,0.4861561169052093,0.33111674416325215,0.5774870944838584,0.7174817575859473
4844,0.7910039946810803,0.4840192332869079,0.48599506868280123,0.33111674416325215,0.5775739380916586,0.7174347656326086
4845,0.7961961785775463,0.4840192332869079,0.4858317984961145,0.33111674416325215,0.5776605658737735,0.7173881490355153
4846,0.8013610578700774,0.4840192332869079,0.48566634419110566,0.33111674416325215,0.5777469510536227,0.7173419193944945
4847,0.8064911653424409,0.4840192332869079,0.4854987444636756,0.33111674416325215,0.5778330670033551,0.7172960882598108
4848,0.8115792204158312,0.4840192332869079,0.4853290388598068,0.33111674416325215,0.5779188872575153,0.7172506671291916
4849,0.8166181331475775,0.4840192332869079,0.4851572677752774,0.33111674416325215,0.5780043855266385,0.717205667444847
4850,0.8216010075535325,0.4840192332869079,0.4849834724549438,0.33111674416325215,0.5780895357107675,0.7171611005904825
4851,0.8265211443219819,0.4840192332869079,0.4848076949915701,0.33111674416325215,0.5781743119128896,0.7171169778883079
4852,0.831372042982566,0.4840192332869079,0.48462997832420135,0.33111674416325215,0.5782586884522896,0.7170733105960416
4853,0.8361474035892614,0.4840192332869079,0.4844503662360607,0.33111674416325215,0.5783426398778129,0.7170301099039149
4854,0.8408411279720648,0.4840192332869079,0.4842689033519631,0.33111674416325215,0.5784261409810408,0.7169873869316713
4855,0.8454473206076473,0.4840192332869079,0.484085635135232,0.33111674416325215,0.5785091668093659,0.716945152725569
4856,0.8499602891550367,0.4840192332869079,0.4839006078841072,0.33111674416325215,0.5785916926789705,0.7169034182553823
4857,0.8543745446982827,0.4840192332869079,0.4837138687276363,0.33111674416325215,0.5786736941876982,0.7168621944114053
4858,0.8586848017341807,0.4840192332869079,0.48352546562103516,0.33111674416325215,0.5787551472278203,0.7168214920014594
4859,0.8628859779394189,0.4840192332869079,0.4833354473405089,0.33111674416325215,0.578836027998685,0.7167813217479049
4860,0.8669731937480257,0.4840192332869079,0.48314386347752597,0.33111674416325215,0.5789163130192512,0.7167416942846572
4861,0.8709417717667176,0.4840192332869079,0.48295076443253243,0.33111674416325215,0.578995979140498,0.7167026201542119
4862,0.8747872360526586,0.4840192332869079,0.48275620140810066,0.33111674416325215,0.5790750035577069,0.716664109804675
4863,0.8785053112752751,0.4840192332869079,0.48256022640150337,0.33111674416325215,0.5791533638226093,0.7166261735868044
4864,0.8820919217810409,0.4840192332869079,0.4823628921967043,0.33111674416325215,0.5792310378553968,0.7165888217510613
4865,0.8855431905776084,0.4840192332869079,0.4821642523557598,0.33111674416325215,0.5793080039565854,0.716552064444673
4866,0.8888554382512048,0.4840192332869079,0.4819643612096245,0.33111674416325215,0.5793842408187317,0.7165159117087077
4867,0.8920251818288505,0.4840192332869079,0.4817632738483539,0.33111674416325215,0.5794597275379896,0.716480373475165
4868,0.8950491335945931,0.4840192332869079,0.48156104611069983,0.33111674416325215,0.5795344436255088,0.7164454595640809
4869,0.8979241998665175,0.4840192332869079,0.4813577345730919,0.33111674416325215,0.579608369018662,0.7164111796806493
4870,0.9006474797386718,0.4840192332869079,0.4811533965380026,0.33111674416325215,0.5796814840920981,0.7163775434123614
4871,0.9032162637890822,0.4840192332869079,0.48094809002169114,0.33111674416325215,0.5797537696686157,0.7163445602261651
4872,0.9056280327514296,0.4840192332869079,0.48074187374132293,0.33111674416325215,0.5798252070298452,0.716312239465643
4873,0.9078804561434091,0.4840192332869079,0.4805348071014614,0.33111674416325215,0.579895777926741,0.7162805903482151
4874,0.9099713908386087,0.4840192332869079,0.4803269501799326,0.33111674416325215,0.5799654645898674,0.7162496219623599
4875,0.9118988795599796,0.4840192332869079,0.4801183637130583,0.33111674416325215,0.5800342497394796,0.7162193432648647
4876,0.913661149259905,0.4840192332869079,0.4799091090802593,0.33111674416325215,0.5801021165953869,0.7161897630780986
4877,0.9152566093314469,0.4840192332869079,0.4796992482880263,0.33111674416325215,0.5801690488865939,0.7161608900873119
4878,0.9166838495619828,0.4840192332869079,0.4794888439532627,0.33111674416325215,0.5802350308607124,0.7161327328379659
4879,0.9179416376829291,0.4840192332869079,0.47927795928599715,0.33111674416325215,0.5803000472931338,0.7161052997330893
4880,0.919028916264298,0.4840192332869079,0.4790666580714701,0.33111674416325215,0.5803640834959591,0.7160785990306681
4881,0.9199447984971573,0.4840192332869079,0.47885500465159453,0.33111674416325215,0.5804271253266754,0.7160526388410642
4882,0.9206885619666322,0.4840192332869079,0.4786430639057986,0.33111674416325215,0.5804891591965728,0.7160274271244697
4883,0.9212596384577935,0.4840192332869079,0.47843090123124943,0.33111674416325215,0.5805501720788944,0.716002971688394
4884,0.9216575948314203,0.4840192332869079,0.47821858252246485,0.33111674416325215,0.580610151516712,0.715979280185188
4885,0.9218820890823985,0.4840192332869079,0.47800617415032143,0.33111674416325215,0.5806690856305196,0.7159563601096026
4886,0.9219327236430502,0.4840192332869079,0.47779374294045857,0.33111674416325215,0.5807269631255365,0.715934218796388
4887,0.9218073518917206,0.4840192332869079,0.47758135615109143,0.33111674416325215,0.5807837732987156,0.7159128634179306
4888,0.9215075357232144,0.4840192332869079,0.4773690814502389,0.33111674416325215,0.5808395060454448,0.7158923009819308
4889,0.9210344287171156,0.4840192332869079,0.47715698689237174,0.33111674416325215,0.5808941518659394,0.7158725383291222
4890,0.9203892158376047,0.4840192332869079,0.4769451408944942,0.33111674416325215,0.5809477018713148,0.7158535821310343
4891,0.9195731970033127,0.4840192332869079,0.47673361221166716,0.33111674416325215,0.5810001477893335,0.7158354388877973
4892,0.918587817171527,0.4840192332869079,0.4765224699119822,0.33111674416325215,0.5810514819698188,0.7158181149259948
4893,0.9174346805102233,0.4840192332869079,0.47631178335099944,0.33111674416325215,0.5811016973897317,0.7158016163965597
4894,0.9161155582180284,0.4840192332869079,0.47610162214566093,0.33111674416325215,0.5811507876578985,0.7157859492727199
4895,0.9146323933458929,0.4840192332869079,0.47589205614769065,0.33111674416325215,0.5811987470193875,0.7157711193479903
4896,0.9129873040453295,0.4840192332869079,0.47568315541649653,0.33111674416325215,0.5812455703595278,0.7157571322342157
4897,0.9111825859317234,0.4840192332869079,0.4754749901915873,0.33111674416325215,0.5812912532075617,0.7157439933596632
4898,0.9092207139274683,0.4840192332869079,0.4752676308645185,0.33111674416325215,0.5813357917399274,0.7157317079671676
4899,0.9071043437916203,0.4840192332869079,0.475061147950385,0.33111674416325215,0.5813791827831651,0.7157202811123269
4900,0.904836313458952,0.4840192332869079,0.4748556120588732,0.33111674416325215,0.5814214238164421,0.7157097176617528
4901,0.9024196442637116,0.4840192332869079,0.4746510938648931,0.33111674416325215,0.5814625129736908,0.7157000222913762
4902,0.8998575420946888,0.4840192332869079,0.474447664078804,0.33111674416325215,0.5815024490453556,0.7156911994848066
4903,0.8971533985098739,0.4840192332869079,0.47424539341625527,0.33111674416325215,0.581541231479745,0.7156832535317481
4904,0.8943107918266299,0.4840192332869079,0.47404435256765826,0.33111674416325215,0.5815788603839824,0.7156761885264734
4905,0.8913334881944488,0.4840192332869079,0.47384461216731083,0.33111674416325215,0.5816153365245551,0.7156700083663544
4906,0.8882254426506399,0.4840192332869079,0.47364624276219314,0.33111674416325215,0.5816506613274564,0.7156647167504528
4907,0.884990800153894,0.4840192332869079,0.47344931478045393,0.33111674416325215,0.5816848368779169,0.7156603171781702
4908,0.8816338965860239,0.4840192332869079,0.473253898499613,0.33111674416325215,0.5817178659197252,0.7156568129479569
4909,0.8781592597080293,0.4840192332869079,0.4730600640144967,0.33111674416325215,0.5817497518541349,0.7156542071560837
4910,0.8745716100527244,0.4840192332869079,0.47286788120492995,0.33111674416325215,0.5817804987383548,0.7156525026954751
4911,0.8708758617323827,0.4840192332869079,0.4726774197032107,0.33111674416325215,0.5818101112836244,0.715651702254603
4912,0.8670771231360802,0.4840192332869079,0.47248874886138553,0.33111674416325215,0.5818385948528727,0.7156518083164471
4913,0.8631806974876286,0.4840192332869079,0.47230193771835305,0.33111674416325215,0.5818659554579597,0.715652823157515
4914,0.8591920832311011,0.4840192332869079,0.4721170549668185,0.33111674416325215,0.5818921997565046,0.7156547488469298
4915,0.8551169742069807,0.4840192332869079,0.47193416892012474,0.33111674416325215,0.5819173350482998,0.7156575872455799
4916,0.8509612595778767,0.4840192332869079,0.47175334747898484,0.33111674416325215,0.5819413692713142,0.7156613400053365
4917,0.8467310234585632,0.4840192332869079,0.4715746580981397,0.33111674416325215,0.581964310997293,0.715666008568334
4918,0.8424325442008169,0.4840192332869079,0.4713981677529702,0.33111674416325215,0.5819861694269516,0.7156715941663198
4919,0.8380722932791843,0.4840192332869079,0.47122394290608755,0.33111674416325215,0.5820069543847788,0.715678097820068
4920,0.8336569337194526,0.4840192332869079,0.47105204947392937,0.33111674416325215,0.5820266763134517,0.7156855203388616
4921,0.8291933180072353,0.4840192332869079,0.4708825527933877,0.33111674416325215,0.5820453462678752,0.715693862320041
4922,0.8246884854098471,0.4840192332869079,0.47071551758849783,0.33111674416325215,0.5820629759088572,0.715703124148621
4923,0.8201496586405348,0.4840192332869079,0.4705510079372137,0.33111674416325215,0.582079577496439,0.715713305996975
4924,0.8155842397903018,0.4840192332869079,0.47038908723829687,0.33111674416325215,0.5820951638828987,0.7157244078245869
4925,0.8109998054490921,0.4840192332869079,0.4702298181783508,0.33111674416325215,0.5821097485054555,0.715736429377872
4926,0.8064041009351114,0.4840192332869079,0.47007326269902233,0.33111674416325215,0.5821233453787084,0.7157493701900661
4927,0.8018050335487216,0.4840192332869079,0.46991948196440464,0.33111674416325215,0.582135969086855,0.7157632295811824
4928,0.7972106647657654,0.4840192332869079,0.46976853632866555,0.33111674416325215,0.5821476347757493,0.715778006658037
4929,0.7926292012846001,0.4840192332869079,0.4696204853039315,0.33111674416325215,0.5821583581448778,0.7157937003143443
4930,0.7880689848416488,0.4840192332869079,0.4694753875284537,0.33111674416325215,0.5821681554393704,0.7158103092308791
4931,0.7835384807122018,0.4840192332869079,0.4693333007350883,0.33111674416325215,0.5821770434421984,0.7158278318757076
4932,0.7790462648166572,0.4840192332869079,0.46919428172011307,0.33111674416325215,0.5821850394667991,0.7158462665044886
4933,0.7746010093576372,0.4840192332869079,0.46905838631241487,0.33111674416325215,0.5821921613504712,0.7158656111608397
4934,0.7702114669206499,0.4840192332869079,0.4689256693430714,0.33111674416325215,0.582198427449091,0.7158858636767746
4935,0.7658864529803777,0.4840192332869079,0.4687961846153569,0.33111674416325215,0.5822038566340422,0.7159070216732066
4936,0.7616348267664687,0.4840192332869079,0.46866998487519973,0.33111674416325215,0.5822084682928942,0.7159290825605211
4937,0.7574654704570079,0.4840192332869079,0.4685471217821179,0.33111674416325215,0.5822122823366449,0.7159520435392129
4938,0.7533872666847954,0.4840192332869079,0.4684276458806619,0.33111674416325215,0.5822153192191316,0.7159759016005948
4939,0.7494090743611801,0.4840192332869079,0.4683116065723883,0.33111674416325215,0.5822175999810527,0.716000653527568
4940,0.7455397028445073,0.4840192332869079,0.46819905208839546,0.33111674416325215,0.5822191463508741,0.7160262958954631
4941,0.7417878845051268,0.4840192332869079,0.4680900294624418,0.33111674416325215,0.5822199810091027,0.716052825072945
4942,0.7381622457661863,0.4840192332869079,0.4679845845046781,0.33111674416325215,0.582220128565113,0.7160802372229823
4943,0.7346712767288243,0.4840192332869079,0.46788276177601346,0.33111674416325215,0.5822196300800572,0.7161085283038852
4944,0.731323299521441,0.4840192332869079,0.4677846045631467,0.33111674416325215,0.5822184999078082,0.716137694070403
4945,0.7281264355449708,0.4840192332869079,0.4676901548542788,0.33111674416325215,0.5822167563018362,0.7161677300748902
4946,0.7250885718188256,0.4840192332869079,0.46759945331553887,0.33111674416325215,0.5822144189013483,0.716198631668533
4947,0.7222173266646802,0.4840192332869079,0.4675125392681407,0.33111674416325215,0.5822115081874557,0.7162303940026392
4948,0.7195200149966623,0.4840192332869079,0.4674294506662949,0.33111674416325215,0.5822080452669753,0.7162630120299901
4949,0.7170036135158302,0.4840192332869079,0.46735022407589916,0.33111674416325215,0.5822040517588918,0.716296480506254
4950,0.7146747261330912,0.4840192332869079,0.4672748946540265,0.33111674416325215,0.5821995497235604,0.7163307939914603
4951,0.7125395499668788,0.4840192332869079,0.4672034961292318,0.33111674416325215,0.5821945616129388,0.7163659468515331
4952,0.7106038422789899,0.4840192332869079,0.46713606078269915,0.33111674416325215,0.5821891102323848,0.7164019332598839
4953,0.7088728887230251,0.4840192332869079,0.46707261943024464,0.33111674416325215,0.582183218709333,0.7164387471990625
4954,0.7073514732840611,0.4840192332869079,0.46701320140519753,0.33111674416325215,0.5821769104663129,0.7164763824624658
4955,0.7060438502848272,0.4840192332869079,0.46695783454217366,0.33111674416325215,0.582170209196837,0.7165148326561028
4956,0.7049537188223364,0.4840192332869079,0.4669065451617589,0.33111674416325215,0.5821631388432525,0.7165540912004146
4957,0.7040841999793679,0.4840192332869079,0.4668593580561191,0.33111674416325215,0.5821557235759792,0.71659415133215
4958,0.7034378171275123,0.4840192332869079,0.4668162964755508,0.33111674416325215,0.58214798777375,0.7166350061062954
4959,0.7030164796030136,0.4840192332869079,0.4667773821159845,0.33111674416325215,0.582139956004596,0.7166766483980538
4960,0.702821469993999,0.4840192332869079,0.4667426351074568,0.33111674416325215,0.5821316530073911,0.716719070904882
4961,0.7028534352288296,0.4840192332869079,0.46671207400356196,0.33111674416325215,0.5821231036738286,0.7167622661485712
4962,0.7031123816014089,0.4840192332869079,0.4666857157718915,0.33111674416325215,0.5821143330307392,0.7168062264773837
4963,0.7035976738117208,0.4840192332869079,0.466663575785477,0.33111674416325215,0.5821053662226833,0.7168509440682332
4964,0.704308038040215,0.4840192332869079,0.46664566781523814,0.33111674416325215,0.5820962284947669,0.7168964109289166
4965,0.7052415690145121,0.4840192332869079,0.4666320040234511,0.33111674416325215,0.5820869451756503,0.7169426189003885
4966,0.7063957409679463,0.4840192332869079,0.4666225949582379,0.33111674416325215,0.5820775416607221,0.7169895596590838
4967,0.7077674223332818,0.4840192332869079,0.4666174495490866,0.33111674416325215,0.5820680433954221,0.7170372247192837
4968,0.7093528939629965,0.4840192332869079,0.46661657510340543,0.33111674416325215,0.5820584758587004,0.7170856054355229
4969,0.7111478706211534,0.4840192332869079,0.4666199773041136,0.33111674416325215,0.5820488645466074,0.7171346930050413
4970,0.7131475254520773,0.4840192332869079,0.4666276602082747,0.33111674416325215,0.5820392349560088,0.7171844784702741
4971,0.7153465170986838,0.4840192332869079,0.466639626246769,0.33111674416325215,0.5820296125684238,0.7172349527213823
4972,0.7177390191188064,0.4840192332869079,0.4666558762250101,0.33111674416325215,0.5820200228339916,0.7172861064988205
4973,0.7203187513314995,0.4840192332869079,0.4666764093247012,0.33111674416325215,0.5820104911555625,0.7173379303959427
4974,0.7230790127169663,0.4840192332869079,0.46670122310663287,0.33111674416325215,0.5820010428729215,0.7173904148616423
4975,0.7260127154931395,0.4840192332869079,0.46673031351451627,0.33111674416325215,0.5819917032471502,0.7174435502030275
4976,0.7291124199985034,0.4840192332869079,0.46676367487984843,0.33111674416325215,0.5819824974451255,0.7174973265881293
4977,0.7323703700237275,0.4840192332869079,0.4668012999278075,0.33111674416325215,0.5819734505241725,0.7175517340486418
4978,0.7357785282532374,0.4840192332869079,0.4668431797841672,0.33111674416325215,0.5819645874168673,0.7176067624826912
4979,0.7393286115010205,0.4840192332869079,0.46688930398322664,0.33111674416325215,0.5819559329160033,0.717662401657637
4980,0.7430121254517403,0.4840192332869079,0.46693966047674723,0.33111674416325215,0.5819475116597279,0.7177186412128984
4981,0.7468203986476559,0.4840192332869079,0.4669942356438848,0.33111674416325215,0.5819393481168539,0.7177754706628088
4982,0.7507446154929017,0.4840192332869079,0.46705301430210944,0.33111674416325215,0.581931466572357,0.717832879399494
4983,0.7547758480785556,0.4840192332869079,0.46711597971910007,0.33111674416325215,0.581923891113063,0.7178908566957771
4984,0.7589050866637341,0.4840192332869079,0.4671831136256038,0.33111674416325215,0.5819166456135388,0.717949391708103
4985,0.7631232686790973,0.4840192332869079,0.4672543962292422,0.33111674416325215,0.5819097537221876,0.7180084734794857
4986,0.7674213061489492,0.4840192332869079,0.46732980622925696,0.33111674416325215,0.5819032388475597,0.718068090942476
4987,0.7717901114562141,0.4840192332869079,0.4674093208321727,0.33111674416325215,0.5818971241448886,0.7181282329221471
4988,0.7762206214005265,0.4840192332869079,0.4674929157683671,0.33111674416325215,0.5818914325028548,0.7181888881390971
4989,0.7807038195233111,0.4840192332869079,0.46758056530952674,0.33111674416325215,0.5818861865305877,0.7182500452124698
4990,0.7852307566948702,0.4840192332869079,0.46767224228697546,0.33111674416325215,0.5818814085449127,0.7183116926629868
4991,0.7897925699770889,0.4840192332869079,0.4677679181108508,0.33111674416325215,0.5818771205578499,0.7183738189159967
4992,0.7943804997914413,0.4840192332869079,0.4678675627901159,0.33111674416325215,0.5818733442643703,0.7184364123045335
4993,0.7989859054355841,0.4840192332869079,0.46797114495338116,0.33111674416325215,0.5818701010304163,0.7184994610723877
4994,0.803600279003088,0.4840192332869079,0.46807863187051857,0.33111674416325215,0.581867411881195,0.7185629533771861
4995,0.8082152577699326,0.4840192332869079,0.4681899894750442,0.33111674416325215,0.5818652974897462,0.7186268772934802
4996,0.8128226351184628,0.4840192332869079,0.4683051823872488,0.33111674416325215,0.5818637781657945,0.7186912208158418
4997,0.8174143700747319,0.4840192332869079,0.46842417393805325,0.33111674416325215,0.5818628738448883,0.7187559718619635
4998,0.8219825955387834,0.4840192332869079,0.4685469261935641,0.33111674416325215,0.5818626040778324,0.7188211182757652
4999,0.8265196252895878,0.4840192332869079,0.46867339998030627,0.33111674416325215,0.5818629880204196,0.7188866478305026
5000,0.8310179598472928,0.4840192332869079,0.4688035549111084,0.33111674416325215,0.5818640444234627,0.7189525482318783
