Iteration,Global CG,Global MR,Global LOMR,Inner-outer - 2 inner iter MR,Inner-outer - 2 inner iter LOMR,Inner-outer - 5 inner iter MR,Inner-outer - 5 inner iter LOMR
0,2958963670.564674,2958963670.564674,2958963670.564674,2958963670.564674,2958963670.564674,2958963670.564674,2958963670.564674
1,568457103.0509287,556160730.9903231,555795675.3299804,630918911.8547697,630918911.8547697,630918911.8547697,630918911.8547697
2,287306152.04364336,267127772.703422,253787938.4469158,309516899.4698627,284605004.6175763,309516899.4698627,284605004.6175763
3,189963244.0862445,180441870.30228245,152409943.90324736,84481125.11980689,138148808.3122938,207611009.08296663,169696795.2490235
4,121241917.86624524,137011779.68004775,95715609.33228005,41109249.25750774,129510850.07502514,155768283.70854518,110437122.67766295
5,79212521.3164532,105240112.45775566,61667570.619311765,32462989.05285549,125692477.61468199,123571436.20094335,70786132.9685123
6,54597504.80089758,79273493.3016078,41205965.47113159,28769106.48762791,53331616.04609069,50534522.77803624,57021735.19441617
7,38367387.059446275,63224076.01090482,28351759.33841167,26981986.806941506,50535648.02194644,39879265.635041475,30805196.66827909
8,29598175.13568491,43730293.66658527,20776999.321783364,25286960.116508577,33622305.11778481,34137521.791813605,26830047.64396032
9,24119297.07511274,35570031.67845447,15931595.867306652,23763177.76970889,32643295.961850096,31036413.252613008,21390454.234454606
10,19182004.71616051,25531452.14190193,12390926.503929676,22270336.48307484,29893585.71765306,28795131.790981587,19201045.204799503
11,15456275.192554398,21463254.450870037,9807792.81970417,20887062.684222545,28998676.40516538,24266988.49991027,18213972.936336096
12,12665969.061401118,16388655.850844737,7842214.388202969,19522839.707902793,28231759.73409614,20992828.856040116,9375085.545779524
13,10540070.418597538,14297920.435537452,6362452.906134209,18269774.543759968,28002441.638167143,18286382.32297303,8763395.668272266
14,8973176.737589534,11621411.515673747,5259991.524974589,17061079.451441802,26965939.193094764,16216433.324371416,7884772.078743827
15,7843848.820334008,10448979.496731248,4421823.835579093,16014590.038297376,26555675.591802094,14493471.305425594,7626825.870141447
16,6686554.549478993,8823585.681968162,3726084.141575759,15057450.154610272,26126334.715391107,12064970.292964403,7509560.215030951
17,5736553.33612138,8097339.565897795,3164108.186387722,14317695.836465064,25970577.739229415,9967940.712597515,7156474.429478004
18,5055076.1645957865,7068109.084163492,2711458.6996907,13689313.577457678,24692190.644176614,8232440.102986925,7125179.81380932
19,4451197.741873102,6594979.146443509,2338501.639872079,13273547.619439743,23637012.273716312,7018077.140961965,7115970.899713606
20,3957256.880891113,5893761.039745917,2036346.8600321184,12936886.71651255,23221674.53325001,6128909.719732507,7115394.040990955
21,3545287.010188851,5563701.130321886,1784941.06262181,12735836.007079767,23045401.652184777,4797678.501710812,7102524.431037614
22,3142236.0143319974,5065013.890755779,1566607.189710116,12578969.178246649,20925522.468769275,4054153.0616151225,6980501.463815727
23,2795938.3505365727,4823683.018084248,1380865.5188562544,12486935.338563288,20697779.355133,3541655.853693225,6974751.573590588
24,2547233.3414393393,4444414.411681605,1226577.8987303805,12416138.897020835,20570961.869165584,3231672.7818476628,6967718.8032658445
25,2315978.6165301194,4256976.687999483,1093536.6476443089,12372994.032725787,20512012.991758864,3003841.068984023,6967287.269081085
26,2091719.589656886,3953520.960368115,978478.2175690404,12339264.195992965,20250871.26716552,2633439.14517345,6963809.598104071
27,1909995.3154583727,3802513.6503498517,879336.8293313909,12316886.949776238,20184279.51354122,2396331.795338084,6934563.00436442
28,1737643.7105756216,3551538.3408212843,791257.8829838418,12299089.195848202,19268142.306440465,2198091.204739425,6932200.406934584
29,1597935.5472466464,3426504.362948609,715431.4629422418,12286378.984473363,19110154.727883246,2026163.8473937546,6927963.803740247
30,1488855.9438099635,3214070.3453317867,650726.5895274762,12275958.246692533,17224520.824040014,1864833.2984012996,6927562.676681275
31,1376959.5423476994,3108816.9853530484,593226.5050793593,12267985.528335476,16975387.53476756,1418775.4422093036,6925676.706121939
32,1253020.5012811595,2926624.794864479,540521.5943365628,12261187.47191723,16577755.661998842,1225561.9783595293,6904761.608834193
33,1156336.850702487,2836924.1220133295,493911.17153135396,12255641.249337062,16201498.691168314,1108609.459102501,6902963.014313791
34,1073109.4428564715,2678893.5286942013,452211.4569804688,12250720.743412437,15798068.553481374,1042513.5837639406,6894204.026900273
35,988796.1562217552,2601716.7298965086,414532.0763569127,12246474.359528376,15555875.517911427,991041.6936144825,6892822.647818488
36,918594.9674327861,2463553.922289531,380937.1715112656,12242577.040648043,15110292.939706512,852955.1888473113,6892008.96213642
37,852481.1373122055,2396619.0749281305,350509.60023629415,12239058.520960221,14877340.69442486,756747.7302625485,6884452.073756055
38,789017.5257990172,2274928.079926558,322749.9474583719,12235748.457770506,14633704.75780157,682757.5347196138,6883672.767043834
39,733853.9404986314,2216468.718998579,297795.8422603219,12232660.99999981,14338256.312679965,637718.1792868939,6879834.728408987
40,684282.6501351815,2108629.2259665313,275178.0259712776,12229712.21957599,13281452.519526226,602763.2038028033,6879380.588643563
41,640615.9500761528,2057252.9679582505,254717.85514748783,12226902.520791382,12159427.022189913,527421.7702491418,6878982.991778372
42,599869.197281895,1961143.206012972,236267.4406022585,12224198.235471718,11130944.344231559,488652.6717615507,6873104.499809131
43,558507.6643667927,1915736.3888549523,219243.96954367514,12221587.249847038,10987865.146770397,465174.9243413924,6872460.1717132395
44,526485.6800492557,1829647.7103395308,203881.67612237518,12219064.038878188,10158537.980276974,450859.19857195683,6867216.497937791
45,498702.2731901243,1789309.7554850248,190108.7817887345,12216604.806346139,10019415.286414731,441851.9793122536,6866737.158352741
46,469026.4373860009,1711837.5715247127,177521.93342690615,12214216.614862738,9913833.74745976,409839.62150267384,6866416.987304236
47,442995.0411275833,1675833.2999487412,165972.44458428788,12211865.20374016,9893173.1198723,396467.2675842154,6861277.152556863
48,414115.2307953164,1605818.464939111,155163.04081699502,12209558.05979455,9812078.821098335,389414.92836801097,6860315.087427984
49,389887.7720473007,1573542.3615946004,145255.4096091155,12207254.05902655,9794143.940299656,386048.41057018144,6856759.464992834
50,368408.45477844565,1510018.5098762796,136105.60966478378,12204951.381445616,9715706.155833917,384224.964789839,6856470.74774017
51,345060.32606495067,1480968.2372987955,127547.50541018575,12202612.145854274,9682396.846327143,373886.9014200822,6856359.380743545
52,323533.0244041924,1423124.2933179236,119562.23676238408,12200219.091089273,9585430.381189242,369741.6837382748,6853098.885774219
53,302955.57160808577,1396879.9431353956,112059.45867804835,12197758.908600068,9534895.080611259,367873.2516757606,6852668.939972185
54,278587.28842978715,1344030.7843379132,104761.73913672847,12195198.649202496,9458337.211516028,366949.7639449151,6849883.702669326
55,259157.78647160938,1320239.2084340886,97920.34495609372,12192577.556766437,9407892.48200517,366472.5583314467,6849750.117345067
56,244860.83941797796,1271802.1618482354,91650.77006473546,12189850.0390415,9003438.693512456,363463.87633326923,6849617.316613598
57,225593.6797222156,1250164.4301666634,85636.51524897132,12187117.129079666,8855574.541221233,362246.751669759,6847389.15738658
58,209226.0329067414,1205641.4551288628,79944.02973260825,12184316.679718027,8750299.526302895,361689.9513815174,6847126.549573713
59,196991.71933464648,1185903.1770489826,74718.0835286805,12181581.249477591,8720648.01712329,361435.0204205787,6845845.612057147
60,184130.4359919149,1144865.9974280023,69860.59360479988,12178821.846132297,8388265.339073231,361309.69189135643,6845768.339019466
61,173301.207761123,1126809.4810743998,65373.10919076822,12176166.256974429,8349409.395710903,360362.48065652157,6845716.274193733
62,161509.05143602463,1088888.1930109344,61141.718456929935,12173500.378199209,8280310.907494078,359977.36727534194,6843403.341610231
63,150820.71374776406,1072326.2646436295,57163.577876492374,12170952.042952972,8274594.93605257,359810.24624265585,6843038.169040208
64,141467.78150713473,1037199.7282122566,53467.01311159371,12168398.568711618,8092925.784571167,359732.70112456864,6840761.281592643
65,131675.5038238104,1021970.6808689798,49979.86752541579,12165993.67770482,8075058.347035925,359695.6974789285,6840527.747561303
66,123988.1171288614,989358.9850740097,46742.87799163442,12163618.995396504,8040395.981348693,359383.63027781394,6840410.422947324
67,115623.03626579528,975322.5206548581,43686.572163423814,12161447.686543003,8029031.757489952,359260.3737070196,6838574.31785573
68,107160.94977254346,944980.6157165442,40782.52168539126,12159366.5477469,7974257.416153346,359207.3229723596,6838360.284866194
69,99988.57822832164,932014.50123056,38044.28217037914,12157527.159193551,7960954.554445606,359183.6315588022,6836609.11851835
70,92103.72258115355,903727.0853266282,35421.03874191539,12155822.217629185,7922948.193016434,359172.5720164746,6836499.399012562
71,84425.1947769834,891724.423107751,32903.66177860623,12154352.01793954,7915412.295695833,359077.1005013142,6836446.544505581
72,78165.35310262976,865301.6155743027,30531.714717602958,12153023.202207744,7884180.40282415,359038.7068965051,6834702.857904599
73,72386.91373198174,854168.5753782102,28314.67862615499,12151887.775710613,7877354.8619952835,359022.1992542412,6834466.734263754
74,66053.01698222151,829442.3708331609,26199.472769814307,12150873.526050484,7850148.274033975,359014.7051875344,6833933.716410007
75,61152.318747069185,819096.3130403159,24220.842802928197,12150002.755310053,7845839.525866251,359011.1938447084,6833890.62321946
76,57447.88726883072,795917.5723901117,22434.91654866593,12149224.435705993,7814764.502313828,358980.8588504014,6833813.882240118
77,52835.89156330523,786285.4758976852,20770.284970640045,12148547.323979937,7809399.26869139,358968.73113586864,6832488.143006132
78,47970.620992629054,764521.4192763197,19141.20389151789,12147936.663805783,7793769.429020984,358963.5119338803,6832307.206822725
79,43785.4563349424,755538.565431214,17600.882676574234,12147396.767790841,7790033.178958734,358961.1657610271,6832039.397637192
80,39176.93664297301,735070.6353791199,16117.78694354491,12146903.45106048,7738067.052907659,358960.0712489532,6832013.368041353
81,35171.05746872371,726679.4966754449,14689.410282622774,12146460.554058595,7726052.156832547,358950.63820666156,6831972.43616527
82,31779.545805007947,707401.5539336001,13354.606835324254,12146050.090526478,7673071.484853615,358946.8405811612,6830776.098498141
83,29042.128209367947,699550.8544494768,12147.593786353713,12145676.759515086,7642783.355115126,358945.2045360653,6830620.085762204
84,27009.33217117953,681367.6318772148,11077.68396764356,12145326.031050995,7434181.865243442,358944.4644111064,6830447.639718349
85,25100.35279689031,674011.5477868111,10121.562586332591,12145003.660125531,7409473.959193826,358944.11830712395,6830434.200834257
86,23195.46700273997,656837.3307838986,9250.097147745302,12144697.068332285,7250999.024169314,358941.1410184192,6830383.840602006
87,20992.28564604303,649934.8085695481,8426.058449380247,12144412.84772665,7188906.553409023,358939.9444445817,6829647.940247632
88,19158.716821958158,633692.2976657797,7657.79793747395,12144139.640389465,6532806.37329492,358939.42863925826,6829570.950605478
89,17486.943250972683,627206.4697865465,6947.91528567607,12143884.544526964,6492710.011066978,358939.1959555487,6829376.578553402
90,16119.398612427938,611825.8011724883,6304.814870659713,12143637.119960036,6408748.8882285105,358939.0872565146,6829368.349720453
91,15251.145458319179,605723.4839567418,5741.597502554834,12143404.64854805,6395887.361386442,358938.15377113497,6829344.750471413
92,14644.4156980744,591141.3802612536,5258.931833062987,12143177.516220687,6321594.74465134,358937.7778011164,6828796.807059616
93,14042.329626932507,585392.6406948501,4833.89694116379,12142962.918120265,6303368.186428892,358937.6156769725,6828739.1786705665
94,13244.778841015568,571551.6741690228,4441.231134154533,12142752.061494961,6282025.263812204,358937.5423927554,6828689.178540804
95,12493.133645978158,566129.4551163869,4078.984350676023,12142551.84841893,6276364.081187222,358937.508129244,6828685.573677834
96,11918.08394743278,552977.4051812462,3751.9125265630714,12142354.323831711,6221892.094056472,358937.21413596784,6828669.501505006
97,11496.14846257574,547857.2000438039,3456.0364231499084,12142165.952867666,6208330.412646851,358937.09578916314,6828429.846549263
98,11080.897633199951,535346.4922660652,3187.9111460326235,12141979.624354143,6166720.08505934,358937.04474516655,6828403.305179596
99,10944.820547466592,530506.061810544,2954.6937872095405,12141801.277931716,6159229.497556187,358937.0216919673,6828221.668618097
100,10970.883204922186,518593.2761344396,2752.9599141127296,12141624.630125208,6129452.435454588,358937.0109166483,6828216.199464559
101,10874.270904424682,514012.401290645,2572.899163566928,12141455.052632382,6117424.351030497,358936.91852759256,6828204.497377123
102,10652.255059339466,502657.8401743112,2407.2747684199735,12141287.049073083,6089239.898956638,358936.8813105216,6828064.568211902
103,10520.19706761434,498318.1056920489,2256.8873500654863,12141125.417335212,6078441.354689299,358936.86525642616,6828049.01492146
104,10399.457399781782,487485.4137016145,2119.0693801008215,12140965.386232197,6060280.825169673,358936.85800108407,6828023.726794779
105,10204.763290830273,483370.01831476117,1992.7587179798998,12140811.20157461,6053800.724155776,358936.85460890207,6828021.596594289
106,10225.566261543216,473025.8463902257,1879.7106503316159,12140658.739638451,6025478.391579979,358936.82553537487,6828016.866759286
107,10215.905801426532,469119.43584917113,1777.7900909634466,12140511.73543075,6016404.576867406,358936.8138251993,6827941.266195383
108,10130.427375169971,459233.14424476516,1685.7018442371766,12140366.62540751,5994774.8188616,358936.8087733854,6827932.6326600285
109,9838.808544863585,455521.6641137642,1597.6802429890565,12140226.68759199,5990437.945209112,358936.80649089493,6827777.91599552
110,9541.561667077602,446065.05905252864,1513.3499053481728,12140088.827964835,5946348.361931406,358936.80542381085,6827771.741287836
111,9354.990516374699,442535.6246489431,1435.3617278262457,12139955.928024728,5924678.916464671,358936.7962809181,6827767.183860479
112,9035.86085662443,433482.72435293405,1361.2278105209666,12139825.274751566,5882787.23965144,358936.7925974745,6827623.329436532
113,8793.872480296497,430123.50558388117,1290.995995569651,12139699.415382866,5868869.972404492,358936.79100833455,6827616.416747876
114,8393.618380640452,421450.33202151046,1221.8952126915294,12139575.935953358,5824126.667571078,358936.79029017885,6827598.898824591
115,7835.5783116725615,418250.45120474667,1151.733927821525,12139457.109713,5809088.127637454,358936.78995440184,6827597.574251082
116,7521.857873866961,409934.84436725546,1083.5689134212496,12139340.749573158,5774520.317479686,358936.7870779253,6827595.629545322
117,7187.156977603065,406884.2853924288,1016.8683365259279,12139228.9102861,5760474.600988072,358936.7859190941,6827560.433900469
118,7034.820087191095,398905.7373751793,955.7925282250178,12139119.571089752,5717515.703146513,358936.78541912296,6827556.412769214
119,7152.939598240323,395995.2647944585,902.6908138755275,12139014.617089963,5693988.277377036,358936.7851931947,6827538.366668351
120,7073.49829234037,388334.7713092645,853.686268900442,12138912.14555564,5525532.745146436,358936.78508756286,6827536.873401664
121,7074.998579220723,385555.85813958256,810.146823040141,12138813.913152227,5494955.0967393825,358936.7841827686,6827535.830415745
122,7052.784382719111,378195.7854100269,770.7456196298352,12138718.098733561,5351086.999898515,358936.78381822817,6827506.296221351
123,6822.420288729493,375540.5485954642,732.9632423272743,12138626.363802942,5320724.404430368,358936.7836609455,6827503.259229736
124,6813.743624310134,368464.5138473035,699.4368165252245,12138536.943042083,4999285.57333567,358936.7835898672,6827495.002142006
125,6593.97430599843,365925.6564700987,668.0831476509425,12138451.428433528,4957570.781493223,358936.7835566333,6827494.1824447755
126,6653.63090185654,359118.4204630503,640.9240969387067,12138368.093797572,4863396.462621582,358936.7832719902,6827493.690630233
127,6666.9163211406485,356689.17991210055,618.1776030602518,12138288.480302172,4839168.615765173,358936.7831573081,6827480.967443889
128,6799.246343091382,350136.5501528461,599.3324972616396,12138210.891472634,4693724.9134087395,358936.7831078273,6827479.3708931655
129,7027.711341884296,347810.6515609198,584.8206260094321,12138136.83038644,4672819.025899745,358936.7830854666,6827471.771577765
130,7162.237136086486,341499.39500855777,573.247786849335,12138064.626308573,4626949.703083066,358936.7830750114,6827471.233363665
131,7110.051685038955,339271.00935762294,564.5122257745442,12137995.752033401,4614405.3150878055,358936.78298546997,6827470.901647365
132,6935.364302392333,333188.7735775853,557.4312738710768,12137928.562452616,4582099.874795444,358936.7829493928,6827462.023651935
133,6616.082417261421,331052.4799472273,551.4978569667068,12137864.50403454,4573972.778393646,358936.78293382656,6827461.104050756
134,6363.492137573705,325187.7217969321,547.332733383591,12137801.95967529,4519837.475777868,358936.7829267921,6827454.987634002
135,6221.337602994814,323138.4732961282,544.5417958858343,12137742.350612946,4513090.186013952,358936.78292350296,6827454.5593169
136,6306.906128053383,317480.3943347133,542.7661059176303,12137684.091537306,4474637.946795173,358936.782895334,6827454.363091069
137,6392.430247401571,315513.4873135441,542.0166658141375,12137628.577555241,4468785.538703806,358936.7828839846,6827447.434654271
138,6301.842325069481,310051.9752236204,541.8050580921571,12137574.259544045,4430461.203720046,358936.78287908755,6827446.729976926
139,6075.660052022994,308163.0214102879,541.8844383747122,12137522.504300471,4426436.766934837,358936.78287687467,6827442.945741539
140,5822.447526661486,302888.5968024061,542.3913590397976,12137471.803320121,4411475.270129935,358936.78287583997,6827442.647152426
141,5639.300196758313,301073.4980532648,542.8391545867788,12137423.492203586,4406742.660975387,358936.7828669782,6827442.49840517
142,5486.418361963479,295977.2660963531,542.5694816944256,12137376.10716113,4397248.677081093,358936.78286340786,6827437.820614246
143,5187.482228211918,294232.19148345344,541.8303541020188,12137330.94943791,4395856.3262816565,358936.78286186745,6827437.401138653
144,4964.717205530509,289305.7978676795,540.3619849715637,12137286.603500549,4389614.906885568,358936.78286117135,6827434.3311081
145,4717.264044885072,287627.16286038555,537.3299249691481,12137244.33312065,4387918.863854605,358936.7828608456,6827434.115145843
146,4368.126147063161,282862.7536545038,532.3790689763798,12137202.77389866,4380972.384205426,358936.7828580581,6827434.061115514
147,4115.283476300723,281247.20117973076,525.4096577692409,12137163.149271326,4379690.992190872,358936.7828569349,6827430.423064553
148,3886.0932455969405,276637.38619355764,515.8952596510732,12137124.148153061,4372415.008084706,358936.7828564502,6827430.103798704
149,3677.67178170413,275081.76938364824,503.80747045970185,12137086.951178027,4371135.314206919,358936.7828562312,6827428.4862181265
150,3574.969020704738,270619.5886891998,490.0097145312066,12137050.30207437,4363874.523320627,358936.78285612876,6827428.362410457
151,3439.0971821865082,269120.95514788583,474.21359166514225,12137015.336675856,4363069.8429966895,358936.7828552518,6827428.303971388
152,3284.791089313036,264799.8484503612,455.9471668669346,12136980.854390947,4356694.357361472,358936.7828548985,6827426.372576921
153,3230.9585422349573,263355.42588607577,436.89843807645576,12136947.944756543,4355761.515555745,358936.78285474604,6827426.217800883
154,3160.680301628462,259169.20446915878,416.90261843218764,12136915.463158088,4351439.037646023,358936.7828546771,6827424.080732595
155,3089.3559795773813,257776.38756149122,396.07763469881917,12136884.451839892,4350828.103492296,358936.78285464493,6827423.9660295
156,3142.1973519457933,253719.2085607635,376.12917910233114,12136853.821961327,4347766.964075919,358936.7828543688,6827423.935112404
157,3116.562410424046,252375.54694041025,356.3770316052387,12136824.567956446,4347290.357825024,358936.7828542578,6827419.6270195665
158,3088.3207257878853,248441.88972467688,336.88620369681934,12136795.65612674,4344487.362916396,358936.78285421,6827419.426006545
159,3154.765024313498,247145.07696007,318.83842167228875,12136768.033019422,4344076.60867102,358936.7828541881,6827417.817039142
160,3134.1023013274776,243329.72142340205,301.47314142597276,12136740.719085718,4341889.23541536,358936.782854178,6827417.641114246
161,3109.7939270656852,242077.5849185364,284.5392851337222,12136714.613305146,4341537.846632492,358936.78285409097,6827417.590993449
162,3090.873805492698,238375.59150621362,268.4275135419324,12136688.788989116,4338384.635616414,358936.78285405634,6827415.217995478
163,3068.297005035444,237166.08322421304,253.21598462262017,12136664.098214585,4337943.594116916,358936.7828540411,6827415.066809993
164,3022.661241730522,233572.7745338919,238.67630306984503,12136639.665624173,4334397.840094955,358936.7828540343,6827414.2908849465
165,2979.0214424888522,232403.96246973006,224.8768007136965,12136616.297352845,4333909.462531548,358936.7828540311,6827413.6061150385
166,3028.380742279441,228914.90628524523,212.98143063701136,12136593.167657677,4327620.366365006,358936.78285400395,6827413.497431451
167,3044.0798209477534,227784.96661891116,202.54888483717247,12136571.037937798,4326834.552919524,358936.78285399283,6827409.040224374
168,3047.6077642395617,224395.96024846172,193.54165461932882,12136549.130206063,4319420.192248526,358936.78285398823,6827408.946340211
169,3199.1685420690933,223303.1701168463,186.9939138132521,12136528.162530577,4318574.764183886,358936.782853986,6827370.038317402
170,3304.591374787921,220010.2259200771,182.56124354589463,12136507.402719464,4307618.834002719,358936.78285398486,6827369.220956255
171,3342.337821182097,218952.95675207212,179.734581962107,12136487.52706941,4306214.837155077,358936.7828539764,6827368.938231023
172,3353.204682554394,215752.28875196417,178.52851522287136,12136467.847156396,4295642.811386863,358936.78285397287,6827345.072042129
173,3326.412713514827,214729.0001167983,178.79937916531185,12136448.999180611,4294501.671019638,358936.78285397147,6827344.50745471
174,3265.414115193732,211617.01160245386,180.28468493845492,12136430.336421574,4282573.6884113075,358936.7828539708,6827334.399742382
175,3206.4123148422814,210626.24552622,182.81730306518224,12136412.456737837,4281137.9324416965,358936.7828539704,6827331.790784149
176,3093.269799412123,207599.51756170002,186.40605742740942,12136394.75303682,4271752.0816273065,358936.7828539677,6827331.4055415075
177,2907.8958818855367,206639.89327142684,190.7009726480232,12136377.78663922,4270714.921730516,358936.7828539666,6827315.465310211
178,2740.49834893056,203695.17403394944,195.7608298714694,12136360.988015091,4263190.546142143,358936.78285396605,6827313.31340808
179,2581.2033240183637,202765.38309250405,201.167429142307,12136344.883773262,4262344.256294143,358936.7828539659,6827310.104785357
180,2381.266176266728,199899.57797058576,206.32918835121757,12136328.939909348,4257893.009214452,358936.7828539659,6827309.697197574
181,2221.827060287837,198998.37976920552,210.94070655653124,12136313.65014581,4257337.487522893,358936.7828539651,6827309.629123701
182,2105.760664367119,196208.5421578797,214.66113554893494,12136298.514009811,4254465.051661109,358936.7828539648,6827306.662028166
183,1890.3850887200479,195334.7597362863,217.168296593173,12136283.99414353,4254129.620811614,358936.7828539647,6827306.30079281
184,1773.3547688249075,192618.08247234442,217.78035808015176,12136269.621666346,4251802.428845043,358936.7828539645,6827304.841172404
185,1669.217049700949,191770.59863920306,216.54439797534175,12136255.829911428,4251574.78765664,358936.78285396454,6827304.657642366
186,1528.6182314115301,189124.4060247188,213.1051877555706,12136242.179715067,4249633.42353269,358936.7828539643,6827304.628758161
187,1501.809301618268,188302.15975374877,207.92097983167884,12136229.0768254,4249421.6971243415,358936.78285396413,6827303.080289329
188,1458.0697334536853,185723.90012084693,201.20018845729632,12136216.109991344,4245757.931114953,358936.78285396413,6827302.892833289
189,1431.1953867070636,184925.88320015755,193.2640954614066,12136203.659043219,4245420.84856842,358936.7828539642,6827300.288117994
190,1404.9862515455056,182413.12197425083,184.15377390132994,12136191.33891414,4242581.745788214,358936.7828539642,6827298.955563013
191,1373.0247408768503,181638.37588852143,174.30251050455158,12136179.50511985,4242218.98816527,358936.7828539641,6827298.861974185
192,1410.1196636913196,179188.78911107435,164.8150751189143,12136167.797128601,4237687.944733975,358936.78285396396,6827295.102380181
193,1471.8201157210758,178436.40213803848,155.65671234472805,12136156.547675649,4237087.015131657,358936.78285396384,6827294.824095748
194,1496.2920233663183,176047.77041337048,146.78639071594918,12136145.41919641,4234283.640913975,358936.78285396396,6827293.5774735445
195,1533.0372018732965,175316.8749177215,138.48097763767058,12136134.723107422,4233846.1841868535,358936.7828539639,6827293.397537122
196,1585.5061304471915,172987.07775147076,130.6675864506784,12136124.143325113,4230580.616997564,358936.782853964,6827293.35418136
197,1612.2793159980886,172276.84766079855,123.41745484206334,12136113.971334783,4230037.624876525,358936.7828539639,6827291.824428326
198,1659.0156404588515,170003.85816050865,116.84248220152537,12136103.911129141,4228288.987891928,358936.7828539639,6827291.632944683
199,1716.6659663783853,169313.5066092328,110.99466816193288,12136094.235574964,4227966.699777573,358936.78285396396,6827287.043965875
200,1779.2326363880832,167095.3865200295,106.03712795942421,12136084.667416807,4226440.139457227,358936.78285396396,6827286.9248752585
201,1795.093270673573,166424.16364850505,101.62069081038614,12136075.462141214,4226165.262250865,358936.7828539639,6827286.880027601
202,1834.5090614910412,164259.05869917478,97.87420584939889,12136066.35999852,4225328.4257498365,358936.78285396384,6827278.703234469
203,1821.97126186431,163606.24959625344,94.64011530241102,12136057.600260306,4225167.805740653,358936.78285396384,6827278.505474344
204,1750.149158173815,161492.3851330712,91.64892018817159,12136048.939512646,4224536.504089824,358936.7828539637,6827277.728605802
205,1771.5342750543116,160857.30791139993,89.33076082453502,12136040.601906097,4224418.620444553,358936.78285396396,6827277.577371393
206,1752.2355014158095,158792.9847989908,87.52625545184543,12136032.359265782,4223974.024356327,358936.78285396396,6827277.535065983
207,1733.690468939683,158174.98879322878,86.15694913608876,12136024.421646263,4223899.922431637,358936.7828539639,6827276.911414348
208,1711.0816442373737,156158.57956342606,85.2124169770121,12136016.57508533,4223565.715404559,358936.7828539638,6827276.764104638
209,1665.492000003575,155557.0436423865,84.5937626251065,12136009.016500346,4223512.337591109,358936.78285396384,6827272.654952664
210,1607.3057967010384,153586.98887361464,84.28368035805643,12136001.54518242,4223162.375460318,358936.78285396396,6827220.705574558
211,1575.8746664084406,153001.3198580751,84.17858937435582,12135994.345807308,4223116.186279956,358936.7828539639,6827216.548595035
212,1531.363669552856,151076.1247692012,84.24043151837658,12135987.2300238,4222867.92284893,358936.7828539638,6827164.050655857
213,1464.929470820043,150505.75594780722,84.35703659652206,12135980.371101463,4222833.967315513,358936.7828539639,6827159.781636879
214,1423.3471449592028,148623.98719168676,84.49770000175245,12135973.592211451,4222542.472240567,358936.7828539639,6827143.901973864
215,1391.1216001801808,148068.37692798776,84.60489622036351,12135967.05599563,4222497.961203937,358936.78285396384,6827140.296135523
216,1355.9196357526223,146228.65957109706,84.56700404149078,12135960.596369155,4222308.784614946,358936.78285396384,6827139.6505683595
217,1307.3528147982763,145687.289995306,84.35738170169606,12135954.366070898,4222274.8884631395,358936.7828539637,6827123.808026385
218,1282.7809160754575,143888.30467092607,83.9639192572912,12135948.209035253,4222081.466378151,358936.78285396384,6827122.116259743
219,1269.512102992342,143360.68045051311,83.3925114095957,12135942.26877225,4222036.77776613,358936.78285396396,6827114.585675608
220,1246.7647356084697,141601.1606738911,82.63147863572453,12135936.398561053,4221913.8763472205,358936.78285396396,6827114.094664054
221,1193.9684397754754,141086.80785757783,81.5214489678173,12135930.733309565,4221878.365064624,358936.78285396384,6827113.94653293
222,1158.8498385839007,139365.53749239128,80.07839465031432,12135925.135014446,4221762.481161482,358936.78285396384,6827099.625280926
223,1123.217033347913,138864.0024225387,78.382686658634,12135919.730563765,4221722.6276417915,358936.78285396384,6827098.905209312
224,1110.1581135347433,137179.81328878604,76.45909080830856,12135914.390088402,4221629.030611427,358936.78285396384,6827096.595602507
225,1142.15753234853,136690.66157755622,74.4336794490719,12135909.232997475,4221595.220827354,358936.7828539639,6827096.368468887
226,1159.4284748078,135042.43119174245,72.3969870501154,12135904.137013994,4221498.965716383,358936.7828539638,6827096.293717611
227,1193.744327351515,134565.246756767,70.42742039308474,12135899.214570269,4221463.719573614,358936.78285396396,6827094.627465661
228,1220.6212430576545,132951.89619593704,68.52537124634776,12135894.350477723,4221352.49404227,358936.78285396384,6827094.420705424
229,1261.2742855714982,132486.2803515461,66.8010780132562,12135889.65065802,4221319.5675762165,358936.78285396384,6827094.022732034
230,1316.9260658691303,130906.77223332554,65.35013412168388,12135885.006542986,4221201.266655407,358936.78285396384,6827093.978116589
231,1377.2321119280227,130452.3428336924,64.14094583374042,12135880.517976323,4221165.698948999,358936.7828539638,6827093.964410094
232,1398.6220588374213,128905.67940507267,63.084949149802206,12135876.082575427,4221012.949000077,358936.7828539638,6827093.447344218
233,1384.480068018425,128462.07003589308,62.17542034754313,12135871.794507638,4220976.1201584665,358936.7828539638,6827093.39462211
234,1395.0788506778576,126947.29136402774,61.43454754879911,12135867.55717201,4220813.224840643,358936.7828539639,6827092.940698053
235,1382.1858468403282,126514.15057960762,60.80914592334148,12135863.459432203,4220771.061699803,358936.782853964,6827092.907855294
236,1379.3557586535578,125030.33283834654,60.31124146420437,12135859.410093669,4220564.270486347,358936.78285396384,6827092.900699479
237,1375.2954474980909,124607.32344119574,59.900225238366545,12135855.493062358,4220517.372111869,358936.78285396384,6827092.449874005
238,1356.7261689855538,123153.57728754728,59.55803030079367,12135851.62220141,4220285.42684801,358936.7828539639,6827092.421211299
239,1339.663595967407,122740.37564778968,59.28046908824431,12135847.876780253,4220230.14848493,358936.78285396384,6827091.425468535
240,1282.020912208805,121315.84468288632,58.9762550815551,12135844.175395686,4219942.334171294,358936.7828539639,6827091.416258808
241,1235.0358616624455,120912.14009498482,58.615873062916265,12135840.592978826,4219877.315479873,358936.7828539639,6827091.41039608
242,1187.392361586083,119515.99940451379,58.16263323761294,12135837.052558923,4219529.73549664,358936.7828539639,6827090.263184365
243,1124.9542308821656,119121.49347899147,57.53257491696045,12135833.625005731,4219453.97820782,358936.78285396384,6827090.251359913
244,1102.2119277800907,117752.94824838925,56.699674212844315,12135830.237501007,4219026.70462061,358936.7828539641,6827084.73883328
245,1056.6075112045673,117367.35433638433,55.5808696260411,12135826.957110405,4218934.317594293,358936.7828539639,6827084.287360789
246,1003.4320878853434,116025.63853642414,54.09906265739582,12135823.714907762,4218399.587138747,358936.7828539639,6827084.25440838
247,972.4524115002596,115648.68118507382,52.21102213272728,12135820.574393755,4218295.918154721,358936.78285396384,6827078.739241398
248,923.0903994627794,114333.05632373932,49.82092345605273,12135817.470292088,4217652.7615762465,358936.7828539639,6827078.139822221
249,917.9469052650534,113964.47076051924,47.08719974433978,12135814.462760698,4217524.926230133,358936.78285396384,6827063.0665992135
250,934.2973012020124,112674.22469737001,44.16273133906832,12135811.489947759,4216742.424466244,358936.78285396384,6827062.906537598
251,994.7721167494448,112313.75634164888,41.35881115254784,12135808.608875172,4216607.0653336225,358936.78285396396,6827062.806937714
252,1054.6515601371436,111048.20216109129,38.75017974510081,12135805.760905776,4215704.360291097,358936.7828539639,6827061.371419723
253,1127.4912242199882,110695.6061612746,36.3720124242343,12135803.000117682,4215542.556863765,358936.7828539638,6827056.74495313
254,1178.3355174562737,109454.08110142245,34.25261096378633,12135800.270893041,4214520.655528867,358936.7828539639,6827053.83560114
255,1219.701327519704,109109.1218961726,32.3642181533719,12135797.624545127,4214359.977694999,358936.7828539639,6827045.9457221385
256,1285.3053337190995,107890.98633015467,30.8399769413117,12135795.008293368,4213249.895613634,358936.7828539639,6827045.795579502
257,1337.0468663983872,107553.43723226945,29.7100708376538,12135792.470852839,4213071.344118876,358936.78285396384,6827042.264740882
258,1402.9251798426944,106358.07369908353,28.968398608032093,12135789.962110624,4211926.075460932,358936.7828539639,6827042.002042185
259,1430.0445122644046,106027.7165007148,28.566533693317258,12135787.52833881,4211759.461548456,358936.7828539639,6827030.14603155
260,1436.9675879615124,104854.52878287766,28.501012664900014,12135785.121933963,4210605.239053363,358936.7828539639,6827028.035915475
261,1420.3708976922458,104531.15338085392,28.75354419438029,12135782.786869844,4210438.306293915,358936.7828539639,6827027.8889271235
262,1391.8670603520688,103379.5656262871,29.279003865476223,12135780.477904972,4209358.351914523,358936.78285396384,6827013.002367543
263,1346.059061747321,103062.96966638544,30.05904619373557,12135778.236849656,4209211.012335304,358936.78285396396,6827010.487915582
264,1286.9901481857155,101932.42555212665,31.078209967316116,12135776.020686705,4208210.033543321,358936.78285396396,6827008.676601032
265,1241.0866779022201,101622.41409121429,32.24413508884876,12135773.869188804,4208078.664593887,358936.7828539639,6827008.379943335
266,1183.1291740392544,100512.37602670594,33.48611707047859,12135771.741434468,4207221.684075956,358936.78285396384,6827008.303880973
267,1130.9032629068056,100208.76121173975,34.769008526687614,12135769.675276225,4207110.611203281,358936.7828539639,6827007.0715677915
268,1084.4562455982232,99118.70957955615,36.02662487410034,12135767.631768223,4206378.708555304,358936.78285396384,6827006.87041732
269,1054.1980713003986,98821.31034249249,37.149699938687824,12135765.646952527,4206289.496993401,358936.7828539638,6827005.786069089
270,1047.5896306241307,97750.74277453392,38.08024673768197,12135763.683746643,4205702.680257677,358936.78285396384,6827005.65063645
271,1008.244620864497,97459.38454226154,38.85467492550024,12135761.776484704,4205629.00759192,358936.78285396384,6827005.636639114
272,954.3410913801,96407.81522951563,39.45052286520102,12135759.889842601,4205159.873006785,358936.7828539638,6827004.250803142
273,932.8448860029476,96122.32964797835,39.81184570832219,12135758.056542331,4205103.387272671,358936.78285396384,6827004.092087272
274,907.5935468679287,95089.28868212042,39.926453162410475,12135756.242920035,4204739.776858132,358936.7828539639,6826994.60477026
275,887.1377420454937,94809.51335384957,39.7872424578546,12135754.480175178,4204693.003472086,358936.78285396384,6826994.5186839895
276,877.9643021872781,93794.54609899329,39.42459336692845,12135752.73621222,4204408.1735805925,358936.7828539639,6826994.446739992
277,853.1089032423484,93520.32433331625,38.838587420549956,12135751.040792001,4204369.8205154175,358936.78285396396,6826977.292116527
278,855.7572782845305,92522.99082636811,38.055054126177176,12135749.363301244,4204149.810839354,358936.78285396384,6826977.173680545
279,861.8420207024457,92254.17140160486,37.12790035866114,12135747.732140671,4204117.821848411,358936.7828539638,6826906.93592504
280,837.3171776862772,91274.04577975557,36.0618664774347,12135746.11809864,4203938.829006874,358936.78285396384,6826902.783680039
281,823.0832457507736,91010.48271675584,34.89055968732291,12135744.548289362,4203908.636413474,358936.78285396384,6826902.001724585
282,835.1424084711064,90047.15267071134,33.72534445392154,12135742.994827205,4203769.447229116,358936.78285396384,6826830.177641661
283,843.8451368353562,89788.70501712612,32.61771209383051,12135741.48360888,4203744.79286071,358936.78285396384,6826826.325235073
284,861.5777704139509,88841.77126877817,31.614458338510346,12135739.98800381,4203625.799862508,358936.7828539639,6826765.876054745
285,871.2075434029563,88588.30289349206,30.73286505005118,12135738.532755926,4203600.750559728,358936.78285396384,6826756.877708282
286,851.1629304970091,87657.37869680347,29.978037456538416,12135737.0924232,4203508.812803153,358936.7828539639,6826756.05530725
287,836.0381655276806,87408.75809399135,29.383851383852555,12135735.69065747,4203489.336434723,358936.78285396384,6826716.492978861
288,812.9829015989773,86493.46875791518,28.924305731437617,12135734.30314278,4203410.413011223,358936.78285396384,6826705.69496628
289,774.3672381019435,86249.56886021662,28.593052748848784,12135732.952495884,4203391.350438762,358936.7828539639,6826648.527828343
290,758.0971765489983,85349.55129256858,28.398042353285067,12135731.615468208,4203330.988720424,358936.78285396384,6826640.335496798
291,753.753132299494,85110.24929290365,28.34590725574119,12135730.313694993,4203317.019648531,358936.7828539639,6826639.67703102
292,739.1185436665937,84225.15156414328,28.434767670834162,12135729.024939876,4203266.445189063,358936.78285396384,6826580.201557751
293,734.9054955797668,83990.32874572085,28.626508605312154,12135727.769906934,4203253.833097213,358936.7828539639,6826572.7287938865
294,741.0054317896934,83119.80967166195,28.909116473414855,12135726.527320119,4203213.963859082,358936.78285396384,6826230.753708868
295,720.1929083637358,82889.35124575692,29.285584198902537,12135725.316999724,4203205.059398516,358936.78285396384,6826223.931212928
296,690.4387114419736,82033.07998828421,29.701142578556638,12135724.118581224,4203171.7969989795,358936.78285396384,6826221.452786854
297,668.0639922699118,81806.87493938618,30.117075440227023,12135722.95104564,4203163.998776463,358936.7828539639,6826129.922851696
298,631.0108503137046,80964.53062429877,30.515605072579977,12135721.794894038,4203135.348367601,358936.78285396384,6826127.783142444
299,600.0971523183109,80742.47156225427,30.842331074922456,12135720.668310137,4203129.555594396,358936.78285396384,6826033.517946463
300,590.3049722538503,79913.74291341625,31.04354571034822,12135719.552617311,4203104.997990553,358936.7828539638,6826024.210161451
301,580.7971613164855,79695.72593221182,31.100426109002967,12135718.465241494,4203099.522276481,358936.78285396384,6826021.750179829
302,574.0385046958039,78880.31092121617,31.065857654537574,12135717.388287596,4203076.469825584,358936.7828539639,6825961.706185528
303,581.5992977837254,78666.2354640657,30.966474107151107,12135716.338460987,4203071.813390086,358936.7828539639,6825955.145089913
304,598.2923789535421,77863.84097467457,30.820456559891046,12135715.298609737,4203051.141830604,358936.7828539639,6825853.66827904
305,609.9637760885468,77653.60970509566,30.673870795987284,12135714.28475373,4203046.358477083,358936.7828539639,6825835.82017541
306,612.8152581573778,76863.95121175681,30.536290236249112,12135713.280447926,4203026.1933196215,358936.78285396384,6825833.220716086
307,608.2129237401699,76657.46989033757,30.419369918176525,12135712.301059883,4203021.7847247515,358936.7828539639,6825736.6838371875
308,605.3992809575794,75880.27115011426,30.347287298430075,12135711.330817224,4203002.6219436955,358936.78285396384,6825722.198045549
309,595.1475782159855,75677.44851668792,30.341259343614443,12135710.384466471,4202998.083847504,358936.78285396384,6825607.056503203
310,585.7559911201346,74912.44127396063,30.360538296324496,12135709.446875604,4202979.203589108,358936.7828539638,6825601.780345817
311,557.9434253141945,74713.18893492268,30.408842899663,12135708.532199617,4202974.999955008,358936.78285396384,6825600.224217872
312,525.965156075065,73960.11263827712,30.49586959975714,12135707.625916392,4202956.212279014,358936.78285396384,6825492.799154305
313,512.316880451319,73764.3449587905,30.576523694631387,12135706.741617272,4202952.022322909,358936.78285396384,6825487.558159827
314,479.8111697312179,73022.94648952458,30.61536811858222,12135705.865361208,4202933.5852738535,358936.7828539639,6825342.338599261
315,455.5676115858473,72830.58049037782,30.599170591324206,12135705.010202255,4202929.752653931,358936.78285396384,6825337.803528756
316,428.7287936472772,72100.61390208105,30.498535710081025,12135704.162753213,4202911.318570415,358936.78285396384,6825335.804507265
317,403.9902069795291,71911.56916097086,30.261352783586204,12135703.335555784,4202907.608971298,358936.78285396384,6825283.195690546
318,391.44947164762993,71192.79542967968,29.892840560117534,12135702.515750824,4202889.901767246,358936.7828539639,6825276.822007629
319,380.70600961415045,71006.99398670699,29.394674723313546,12135701.715391297,4202886.552270724,358936.7828539639,6825116.60680811
320,378.3683520277987,70299.18077114312,28.79725289463602,12135700.922121724,4202869.434096211,358936.7828539639,6825105.029529319
321,380.7429204125913,70116.54703831856,28.131660146474644,12135700.147528648,4202866.294840814,358936.78285396384,6825102.691389458
322,376.2582039178391,69419.46844975313,27.406644495723025,12135699.37973722,4202850.345853808,358936.7828539639,6824916.322167066
323,365.282162557029,69239.92912432225,26.60680265763032,12135698.629888665,4202847.549994708,358936.7828539639,6824894.314056454
324,363.1538176083997,68553.36550563229,25.742981614272082,12135697.886566909,4202832.831750628,358936.7828539639,6824854.63184575
325,361.0625661313173,68376.84948703859,24.86537622003906,12135697.16048791,4202830.290940406,358936.7828539639,6824850.696811421
326,360.2753647310592,67700.58720054624,23.981180938454344,12135696.440673653,4202816.936252861,358936.7828539639,6824848.760418535
327,353.89198610507907,67527.0255108605,23.0511598790777,12135695.737433834,4202814.705378082,358936.7828539639,6824807.820817137
328,354.3398065254842,66860.85673454897,22.126204411411347,12135695.040208831,4202802.79811467,358936.78285396384,6824803.8342902595
329,350.18665660268147,66690.18244220242,21.191785357594775,12135694.3589201,4202800.8227860965,358936.7828539639,6824763.309525634
330,346.8651703524869,66033.90497394754,20.241332238552555,12135693.683407847,4202790.173978945,358936.7828539639,6824761.473394132
331,358.1669413830036,65866.0531206141,19.376686666144693,12135693.023222305,4202788.453191982,358936.78285396384,6824760.816388812
332,361.99150959228734,65219.47019007231,18.568787144890397,12135692.368585842,4202779.038299036,358936.7828539639,6824742.886777452
333,377.7530270466674,65054.37772055417,17.862054380368935,12135691.728693731,4202777.523849949,358936.78285396384,6824741.539918182
334,388.48755314262957,64417.29780836478,17.26879627679275,12135691.09413374,4202769.0912941,358936.7828539639,6824736.967037764
335,386.2436835535562,64254.903503342604,16.734308420430636,12135690.47376155,4202767.760247523,358936.78285396384,6824736.549182045
336,391.5122283272726,63627.140167329,16.276700973057515,12135689.85851442,4202760.21621865,358936.78285396384,6824736.283376847
337,398.03697187384734,63467.384578844816,15.923142448459432,12135689.256923063,4202759.0252431175,358936.78285396384,6824730.383162036
338,396.1789032007865,62848.7562869098,15.647903530595071,12135688.660259124,4202752.214918609,358936.7828539639,6824729.873413244
339,389.47450787141804,62691.581676457696,15.4180556847955,12135688.076742236,4202751.147145917,358936.7828539639,6824728.011189363
340,388.77379711988834,62081.91164586889,15.258914188248868,12135687.497964067,4202744.996227811,358936.7828539639,6824727.82619871
341,387.82337289187103,61927.26192497511,15.164118089015282,12135686.931846378,4202744.02385733,358936.7828539639,6824727.764922506
342,385.46571794398545,61326.37796779103,15.100538006099436,12135686.370287225,4202738.467697709,358936.7828539639,6824725.338283092
343,378.7983385377873,61174.198640970884,15.062544630186334,12135685.820923042,4202737.5876413975,358936.7828539639,6824725.141605444
344,370.286530620648,60581.93301531546,15.053650806937373,12135685.275945302,4202732.588305163,358936.7828539639,6824721.915626793
345,362.32818345892036,60432.17112529941,15.062502177032508,12135684.742717039,4202731.788929334,358936.7828539639,6824721.649965791
346,358.81595133825357,59848.360392246585,15.080048381354173,12135684.213710817,4202727.30943505,358936.7828539639,6824721.586248848
347,360.15351133080475,59700.96446737532,15.091453425416084,12135683.696027664,4202726.59380936,358936.7828539639,6824717.874498618
348,351.44538514613424,59125.44935320856,15.093774541116364,12135683.182409449,4202722.622058385,358936.7828539639,6824717.579226206
349,333.86449286510873,58980.36935689888,15.069436473068787,12135682.679706005,4202721.987409744,358936.7828539639,6824714.821310467
350,325.7707775336074,58412.9946205124,15.007752338636005,12135682.180917367,4202718.466185111,358936.7828539639,6824714.573420148
351,316.32242988052445,58270.18190270291,14.907341396344902,12135681.692652471,4202717.911642284,358936.78285396384,6824714.543094275
352,310.0393931431681,57710.79620793141,14.762226090863447,12135681.208158864,4202714.829134087,358936.78285396384,6824710.866797607
353,309.0491243659708,57570.20345842064,14.583520210281987,12135680.733814409,4202714.352083935,358936.78285396384,6824710.569517547
354,309.84704853416406,57018.65925108226,14.369215260789076,12135680.263103997,4202711.638880152,358936.7828539639,6824709.407091441
355,308.092343305825,56880.240454676394,14.12029334449418,12135679.802183801,4202711.232829932,358936.78285396384,6824709.312610697
356,308.3589977173153,56336.3938441443,13.856951355643963,12135679.34476643,4202708.880623673,358936.78285396384,6824709.287883382
357,314.90885025806426,56200.104237534775,13.589784982920715,12135678.896795224,4202708.539824762,358936.7828539639,6824707.942298743
358,312.00499568035633,55663.814882641134,13.309432961137723,12135678.452201298,4202706.4792147335,358936.7828539639,6824707.8233596105
359,313.8931694515855,55529.610912938275,13.042994447166484,12135678.016723724,4202706.193417084,358936.78285396384,6824693.189826506
360,319.66853237213815,55000.74191203193,12.802587544831423,12135677.584503302,4202704.423104664,358936.7828539639,6824691.939007786
361,323.35486291662403,54868.58119688121,12.57507502089501,12135677.161082951,4202704.18574256,358936.7828539639,6824691.63939002
362,324.8003762429448,54346.998981870456,12.361141385232667,12135676.74080481,4202702.659513833,358936.78285396384,6824679.072102866
363,315.75371127012875,54216.84027108535,12.145703378316442,12135676.329023356,4202702.460823706,358936.7828539639,6824678.277624552
364,315.0200911086108,53702.41450530497,11.936408453267756,12135675.92027408,4202701.169234598,358936.7828539639,6824597.684840751
365,314.86053126598216,53574.21764394983,11.731972535524024,12135675.519730408,4202701.002948904,358936.78285396384,6824595.4185697865
366,304.45699069073936,53066.82112368656,11.503610599728672,12135675.122113569,4202699.910488976,358936.78285396384,6824594.485984981
367,301.8685746085188,52940.54701654915,11.25413923276988,12135674.732423019,4202699.769642255,358936.78285396384,6824501.842321137
368,301.89969136836953,52440.05557609008,10.994096376707878,12135674.345558397,4202698.857261315,358936.78285396384,6824492.2198411785
369,304.58851550375914,52315.66615348357,10.719555372481596,12135673.966351938,4202698.737495307,358936.7828539639,6824469.721153653
370,309.1356074826866,51821.95857353326,10.43295176722891,12135673.589874756,4202697.975899725,358936.7828539639,6824463.987253017
371,312.8463750717723,51699.416758372725,10.140194805509037,12135673.220798314,4202697.873556456,358936.78285396384,6824463.135905014
372,314.66936104293063,51212.3746777147,9.843266036018356,12135672.85435855,4202697.234482676,358936.7828539639,6824442.725498481
373,323.7595863436545,51091.644353814416,9.550080221545787,12135672.495072277,4202697.145122071,358936.7828539639,6824441.411115279
374,328.149801830812,50611.15218407776,9.261949835045197,12135672.138333946,4202696.608494033,358936.7828539639,6824274.007638928
375,324.18576113467424,50492.19816561755,8.970996875678772,12135671.78851163,4202696.528797384,358936.78285396384,6824260.40098044
376,329.39563253317743,50018.14300903147,8.681904313000846,12135671.44115218,4202696.080784634,358936.7828539639,6824258.107215446
377,331.5156179598886,49900.931011144705,8.401189624585069,12135671.10048056,4202696.01050202,358936.7828539639,6824242.216701622
378,331.8303355790062,49433.20258115887,8.134580163085838,12135670.76219023,4202695.634962583,358936.7828539639,6824240.888071244
379,335.4292530005924,49317.699191594846,7.876896618096278,12135670.430368457,4202695.572511858,358936.7828539639,6823935.70966674
380,334.7482068325555,48856.18973625771,7.628300943981702,12135670.100849736,4202695.256002206,358936.7828539639,6823903.112425226
381,337.2684349502728,48742.36238807504,7.411070060489056,12135669.777588772,4202695.200359784,358936.78285396384,6823899.045650016
382,341.9494575653096,48286.966616051286,7.2237554539766675,12135669.456555815,4202694.932090189,358936.7828539639,6823841.169381417
383,349.47744806943876,48174.78356129902,7.074152752822535,12135669.141577933,4202694.882231476,358936.78285396384,6823836.301950136
384,356.78046451215107,47725.39857043308,6.971900528874337,12135668.828756055,4202694.654739292,358936.78285396384,6823572.2299716845
385,359.8559936472349,47614.82885478049,6.9149561512975115,12135668.521794328,4202694.610026479,358936.78285396384,6823518.7207633965
386,368.01333751065295,47171.35406310534,6.90415132738268,12135668.216919495,4202694.41596595,358936.7828539639,6823509.663679409
387,370.48949938434725,47062.36750138071,6.938432818716086,12135667.917717328,4202694.375986023,358936.7828539639,6823441.5029146075
388,373.3133445609548,46624.704580474405,7.01846717963611,12135667.620535681,4202694.212400363,358936.7828539639,6823434.052012463
389,375.76251769367286,46517.271733077534,7.140519864124979,12135667.328846317,4202694.177801959,358936.7828539639,6823384.60167098
390,361.0905053991565,46085.32454367679,7.308574533409807,12135667.039113753,4202694.040139988,358936.7828539639,6823380.220296634
391,358.84563691035805,45979.416693828505,7.505714182280835,12135666.754699862,4202694.01021872,358936.7828539639,6823379.260498697
392,344.12510628616155,45553.09122361812,7.733715369343437,12135666.472181585,4202693.894389513,358936.7828539639,6823308.682052913
393,327.0983375374116,45448.680355414705,7.981270187969428,12135666.194814863,4202693.86849453,358936.78285396384,6823303.607089956
394,312.29762074956705,45027.884658903,8.228689980549378,12135665.919284955,4202693.769156172,358936.7828539639,6823281.597607815
395,292.6635031851791,44924.943436143,8.470614686111876,12135665.648745714,4202693.746627613,358936.7828539639,6823279.992105924
396,282.78279832244425,44509.58757654561,8.677897619304366,12135665.37998678,4202693.660290544,358936.7828539639,6823279.510661599
397,273.12462440751057,44408.08932229807,8.840341467655907,12135665.116063578,4202693.640682227,358936.78285396384,6823256.29441762
398,262.2660918578376,43998.08531535591,8.942867616297695,12135664.853866365,4202693.564193348,358936.7828539639,6823254.181719178
399,254.26910044806095,43898.0039922413,8.96857214647225,12135664.59635566,4202693.546956349,358936.7828539639,6823211.246396299
400,244.86023750052456,43493.26575190638,8.913655013643309,12135664.340518719,4202693.478825996,358936.7828539639,6823209.637418533
401,238.94741593171204,43394.57594306228,8.776179977009662,12135664.089224499,4202693.463585696,358936.78285396384,6823209.258329718
402,235.44370137001846,42995.0192289612,8.550232046780499,12135663.839553837,4202693.401689415,358936.78285396384,6823186.434660629
403,233.7592079686411,42897.69611966547,8.240926867393748,12135663.594287334,4202693.388109498,358936.78285396384,6823183.88895825
404,231.91655779346763,42503.238486299866,7.855498062581338,12135663.350596078,4202693.332173183,358936.78285396384,6823043.504353273
405,234.54778528932147,42407.25784622648,7.407430111099432,12135663.111175464,4202693.319932463,358936.7828539639,6823033.670416208
406,239.7273227545305,42017.818593822805,6.917531395327267,12135662.873283602,4202693.267812841,358936.7828539639,6823031.829708164
407,246.60218993425508,41923.15675990504,6.415758751527511,12135662.639533643,4202693.256555691,358936.7828539639,6822981.040468822
408,260.2378837737045,41538.6568868721,5.947233122694039,12135662.407267699,4202693.207535441,358936.7828539639,6822978.896623672
409,279.4677959900369,41445.29074675041,5.531892400383771,12135662.179019535,4202693.197158215,358936.7828539639,6822947.098917341
410,293.3850436368966,41065.65290367001,5.181319564020718,12135661.95221231,4202693.150873197,358936.7828539639,6822945.043432689
411,310.520843392086,40973.55987970198,4.906803394172622,12135661.729303157,4202693.141361207,358936.78285396384,6822944.243519647
412,316.9378125527453,40598.708324801664,4.707841927232331,12135661.507793458,4202693.097737984,358936.7828539639,6822889.884566775
413,321.4168255765603,40507.866358611944,4.589448009539501,12135661.290066369,4202693.089115583,358936.78285396384,6822885.495439559
414,330.84329513704216,40137.72691467644,4.563290098415946,12135661.073698774,4202693.048414876,358936.7828539639,6822710.910568595
415,334.8159524835788,40048.11445222717,4.619083336009525,12135660.86100238,4202693.040587137,358936.78285396384,6822692.773086408
416,334.8372766208158,39682.61446487371,4.751829535997636,12135660.649626981,4202693.002538954,358936.7828539639,6822689.742471669
417,326.8177829970249,39594.21044203482,4.9551655056922375,12135660.44181527,4202692.995424633,358936.78285396384,6822598.54495711
418,319.45172349457215,39233.27873932664,5.211770567222337,12135660.235287467,4202692.959890031,358936.7828539639,6822590.3490971625
419,299.4387018946006,39146.06256792814,5.518335742453207,12135660.032219566,4202692.953552451,358936.78285396384,6822531.71386516
420,276.5588343676709,38789.6294212591,5.869425466880208,12135659.83039982,4202692.921256809,358936.78285396384,6822517.813937412
421,250.89955039781572,38703.58097560602,6.246887734009418,12135659.631939799,4202692.915696024,358936.7828539639,6822516.252995435
422,233.13792087751543,38351.578061824664,6.601940054408226,12135659.434693452,4202692.886387049,358936.78285396384,6822464.903523656
423,218.8549855908523,38266.67766565871,6.900693807566724,12135659.240710089,4202692.881467911,358936.7828539639,6822456.270998238
424,201.8205133819684,37919.038030375814,7.1251820065518405,12135659.047907148,4202692.854744689,358936.7828539639,6822442.897251358
425,191.23767230352482,37835.2664442661,7.247991962440565,12135658.858273774,4202692.850398901,358936.7828539639,6822440.491975443
426,184.86439302202405,37491.9244663133,7.254589325473864,12135658.669788742,4202692.826793737,358936.78285396384,6822440.217845153
427,181.83766082600374,37409.26287546087,7.146573578620808,12135658.484383028,4202692.823099187,358936.78285396384,6822429.905342162
428,185.1263674339395,37070.154232455054,6.9501239853943915,12135658.300094703,4202692.802423175,358936.78285396384,6822428.22631455
429,187.0359142238467,36988.58423489536,6.688165617195395,12135658.118798506,4202692.799307178,358936.78285396384,6822421.36274569
430,187.756750811766,36653.64586986941,6.384951776587515,12135657.938589817,4202692.781239397,358936.78285396384,6822420.496786
431,190.58133392236965,36573.149465059294,6.061376089433595,12135657.761289012,4202692.778556244,358936.7828539639,6822420.41864353
432,189.24981512848538,36242.31955412026,5.723003253376892,12135657.585046876,4202692.762786931,358936.7828539639,6822411.663539731
433,196.3676314687396,36162.879131893715,5.4298154320874055,12135657.411631176,4202692.760458712,358936.7828539639,6822410.864062252
434,203.00530278482773,35836.09705287872,5.197730706674141,12135657.239246303,4202692.746742607,358936.7828539639,6822366.520815874
435,207.90333540075906,35757.695382759346,5.046542921367026,12135657.069609137,4202692.744748343,358936.7828539639,6822363.672559178
436,218.99171690323683,35434.90168484606,4.998609507338209,12135656.9009759,4202692.733311534,358936.78285396384,6822363.188575122
437,216.27912635293006,35357.52190570268,5.045974230001834,12135656.735014249,4202692.731629138,358936.7828539639,6822305.678892721
438,209.20736909899088,35038.65827995195,5.184188966840121,12135656.570030544,4202692.721880286,358936.7828539639,6822298.60701577
439,194.48263985228863,34962.28388998532,5.420686735839894,12135656.407644821,4202692.720470354,358936.7828539639,6822292.299670627
440,182.16620963021884,34647.29314076727,5.7254663339161365,12135656.246211912,4202692.712272319,358936.78285396384,6822291.467480368
441,167.09114543628195,34571.907987815575,6.083077828519102,12135656.087305801,4202692.711070202,358936.7828539638,6822291.0827786075
442,153.23647076497758,34260.73400510764,6.458035430832753,12135655.929328227,4202692.703866535,358936.78285396384,6822282.826249807
443,148.43137730284,34186.32227725962,6.790715300520366,12135655.773808561,4202692.702814108,358936.78285396384,6822281.811492869
444,139.33660946375363,33878.91000977467,7.065040176067199,12135655.619193958,4202692.696429658,358936.78285396384,6822242.026963009
445,130.00750098853234,33805.456226279406,7.263466346538344,12135655.466970641,4202692.695505546,358936.78285396384,6822239.785426801
446,125.68964228610223,33501.75165539496,7.36162974238363,12135655.315629674,4202692.6900168145,358936.78285396384,6822239.384265455
447,118.40393578874942,33429.24065785771,7.344917770571197,12135655.166615484,4202692.689215057,358936.78285396384,6822195.919491506
448,114.41730393697176,33129.19077233026,7.206198682681575,12135655.018461702,4202692.684562591,358936.7828539638,6822188.047780729
449,115.52988890163952,33057.607716184175,6.970353596122861,12135654.872572279,4202692.683876722,358936.78285396384,6822026.146811057
450,114.46059568758518,32761.160487605917,6.649621719497887,12135654.727522004,4202692.679925911,358936.78285396384,6822020.4059646465
451,122.43298323298553,32690.490833850225,6.31404550671366,12135654.584675645,4202692.679335811,358936.78285396384,6822018.409622333
452,128.91293728547706,32397.5951928385,5.973014319864651,12135654.44264788,4202692.676127994,358936.78285396384,6821876.9604786625
453,129.99232593168304,32327.824700033267,5.618724352539759,12135654.302765518,4202692.675632742,358936.78285396384,6821872.081029454
454,132.15291068008582,32038.43051311311,5.277639521587498,12135654.16368184,4202692.672979998,358936.78285396384,6821738.313565048
455,134.40792611342704,31969.54522962206,4.96474302669017,12135654.0266869,4202692.672578907,358936.78285396384,6821704.592761768
456,142.432613071263,31683.603276796322,4.707298618439186,12135653.890471362,4202692.670374937,358936.78285396384,6821699.012511392
457,144.6994619901833,31615.58953326886,4.499543410432217,12135653.756289681,4202692.6700409325,358936.78285396384,6821590.036905835
458,143.28512574078428,31333.0514862359,4.339605762535897,12135653.622868737,4202692.668150473,358936.7828539639,6821574.083099052
459,141.86291690953118,31265.895888320203,4.237415492004139,12135653.491428474,4202692.66786838,358936.78285396384,6821741.785416669
460,139.23475760489512,30986.71428932364,4.1933638402267865,12135653.360730857,4202692.666244515,358936.7828539639,6821479.460734339
461,134.38367089281098,30920.40371060253,4.2053297720500815,12135653.231962401,4202692.665993378,358936.78285396384,6821451.61358
462,131.99819988345115,30644.53195190356,4.268681141024478,12135653.103919081,4202692.664609327,358936.78285396384,6821351.574206156
463,124.57200215137078,30579.053527045842,4.379085139035821,12135652.977754984,4202692.664387988,358936.78285396384,6821342.319312416
464,121.23191566673178,30306.445830974913,4.5219390081852735,12135652.852299046,4202692.66318743,358936.78285396384,6821289.312056851
465,117.72560514807365,30241.786949094574,4.68963654635687,12135652.72867394,4202692.662983871,358936.78285396384,6821284.359429952
466,112.70402221292332,29972.39834868433,4.870408140611842,12135652.605740527,4202692.661925574,358936.7828539639,6821282.982327648
467,108.24492999366835,29908.546646900406,5.061578529873772,12135652.484591033,4202692.661739925,358936.7828539639,6821217.792115591
468,103.72087602152847,29642.33296706566,5.24859472947545,12135652.364117276,4202692.660799044,358936.7828539639,6821213.0684816055
469,102.93013637067207,29579.27632425642,5.418716872946754,12135652.245381959,4202692.660633475,358936.7828539639,6821170.716059542
470,97.74423792592346,29316.19416351726,5.581866782045971,12135652.12730688,4202692.65975998,358936.7828539639,6821168.68204301
471,94.40453988917366,29253.920694261364,5.7261279836145835,12135652.010926161,4202692.659613431,358936.7828539639,6821167.9283463275
472,91.0744148177338,28993.927406977935,5.853109193337696,12135651.895190652,4202692.658796396,358936.78285396384,6821117.445322001
473,86.62189368350104,28932.42545567693,5.957444180642244,12135651.781106727,4202692.658667172,358936.78285396384,6821114.766563567
474,83.29103691421423,28675.479134789246,6.029257993832228,12135651.667653449,4202692.657927711,358936.7828539639,6821057.84304503
475,77.4662959639382,28614.73726996481,6.066911040417984,12135651.555810247,4202692.657809498,358936.7828539639,6821054.199071723
476,70.3944376289754,28360.796730217207,6.061845880763517,12135651.444583563,4202692.657149841,358936.78285396384,6821053.540995559
477,67.10766701622741,28300.803738977746,6.006037539754574,12135651.334926698,4202692.657041558,358936.7828539639,6821015.930185345
478,63.43126898698415,28049.828500611846,5.885625830018186,12135651.225872623,4202692.656318237,358936.78285396384,6821013.506106145
479,60.1016861014345,27990.573383282153,5.699585393989391,12135651.118349314,4202692.656203947,358936.78285396384,6820995.372415791
480,58.80200696384675,27742.52365618622,5.469684626338686,12135651.011415467,4202692.655490398,358936.7828539639,6820991.689444335
481,55.881210787201645,27683.995621095473,5.176905642725056,12135650.905974474,4202692.655376892,358936.7828539639,6820991.263493135
482,56.67261303096241,27438.832289391226,4.871601225764501,12135650.801110005,4202692.654673312,358936.7828539639,6820984.624891213
483,56.4168895776637,27381.02074781355,4.560719219716457,12135650.697701607,4202692.65457001,358936.7828539639,6820983.619910465
484,56.11104131493146,27138.705354871672,4.243688396480768,12135650.594857145,4202692.653869178,358936.7828539639,6820970.088945915
485,57.31414303269782,27081.599916114414,3.9529015372568312,12135650.493433055,4202692.653770557,358936.7828539639,6820969.176043534
486,57.5274985340176,26842.09464998105,3.6915107323860235,12135650.39256068,4202692.6530834455,358936.7828539639,6820969.003425521
487,61.32036604565611,26785.685116615685,3.4871530350498103,12135650.293074004,4202692.65298622,358936.7828539639,6820953.617338565
488,61.806053103516476,26548.952795839956,3.324113073138675,12135650.194127174,4202692.652260872,358936.78285396384,6820950.79856601
489,62.66484760850136,26493.229159071634,3.2044000869276013,12135650.096532375,4202692.652158852,358936.7828539639,6820946.884738016
490,62.35190376703084,26259.233218916484,3.126506168403687,12135649.99946588,4202692.651401166,358936.7828539639,6820946.26214872
491,62.588873196666505,26204.18565408649,3.086399476798535,12135649.903718712,4202692.651295156,358936.7828539639,6820946.118550901
492,61.363793673295284,25972.890133118886,3.0787574497035086,12135649.808488648,4202692.650505591,358936.7828539639,6820940.48420777
493,58.27078567432471,25918.508995336993,3.0929655215570824,12135649.714546155,4202692.650395036,358936.7828539639,6820939.687490177
494,56.46531488742089,25689.87852237788,3.1189584039946214,12135649.621109843,4202692.649569612,358936.7828539639,6820925.86497126
495,53.119281033113545,25636.15434227925,3.1506167714671944,12135649.528930254,4202692.64945255,358936.7828539639,6820924.394046775
496,51.20621371927102,25410.154123705583,3.1795789937573584,12135649.437246246,4202692.64863272,358936.7828539639,6820924.241243203
497,49.307611938516786,25357.07760332902,3.1929727857457704,12135649.346788973,4202692.648516801,358936.7828539639,6820914.420155072
498,47.95724023901161,25133.673410717533,3.195829380142348,12135649.256816966,4202692.647737325,358936.78285396384,6820912.233205897
499,47.77864121531103,25081.235419500535,3.191149755005556,12135649.168042578,4202692.6476283865,358936.7828539639,6820904.281575707
500,46.701815042634195,24860.393577601433,3.175472348302157,12135649.079743408,4202692.646856051,358936.7828539639,6820901.045309739
501,45.11710910514505,24808.585148488666,3.1547389955832195,12135648.992613548,4202692.646742647,358936.7828539639,6820900.886559199
502,43.574051271932575,24590.272523519772,3.132638948976447,12135648.90594914,4202692.645997937,358936.7828539639,6820896.176090524
503,42.009031071441356,24539.08484918136,3.11188613455343,12135648.820426518,4202692.6458813185,358936.7828539639,6820894.977823674
504,40.220126810121094,24323.268837430638,3.093059462851042,12135648.73535984,4202692.6451543225,358936.78285396384,6820889.476818174
505,37.532739269211135,24272.693266586404,3.0751692515096196,12135648.65140822,4202692.645039664,358936.7828539639,6820889.188607842
506,35.6161764698043,24059.341783316115,3.0622116901473575,12135648.567903265,4202692.644315696,358936.78285396384,6820889.128347671
507,33.932314132029035,24009.369817162693,3.052389079271108,12135648.485487374,4202692.644194242,358936.78285396384,6820880.565199254
508,32.422820305000194,23798.45128580797,3.0490259786882468,12135648.40350913,4202692.643468437,358936.7828539639,6820880.19012124
509,31.263508113887298,23749.074574545473,3.0551209438336664,12135648.322594658,4202692.643343393,358936.78285396384,6820878.263450826
510,28.63835735621762,23540.55791619054,3.0631827628467962,12135648.24210907,4202692.642633135,358936.7828539639,6820878.052723132
511,26.92176809916081,23491.76825564553,3.0760745608202087,12135648.16266266,4202692.642505135,358936.7828539639,6820877.997497368
512,25.121131801722303,23285.62287877735,3.093177943427688,12135648.083636569,4202692.6417550165,358936.78285396384,6820875.218490127
513,22.870668780472975,23237.412207119247,3.101165761153606,12135648.005625729,4202692.641624424,358936.7828539639,6820874.937578537
514,21.660463976855006,23033.60799764325,3.1009322521924116,12135647.928026907,4202692.640850104,358936.7828539639,6820873.966838779
515,19.81000717580451,22985.968392191036,3.086733720458865,12135647.851420058,4202692.640715001,358936.78285396396,6820873.844489539
516,17.813444870863542,22784.475703711898,3.0523220544228304,12135647.775217097,4202692.63990279,358936.7828539639,6820873.8272259785
517,16.453538590691522,22737.39937782844,2.9979322762475835,12135647.699983489,4202692.639765849,358936.7828539639,6820872.702615402
518,15.36759067202115,22538.1890221714,2.9219345670944232,12135647.625145853,4202692.638955754,358936.7828539639,6820872.546554549
519,14.251628067314702,22491.668322242575,2.8270648186700957,12135647.551255545,4202692.638812643,358936.7828539639,6820867.069768149
520,13.174131341229314,22294.71156022349,2.7139194113167773,12135647.477753494,4202692.637911871,358936.7828539639,6820866.186740194
521,12.336036155279748,22248.738962719497,2.589686287236815,12135647.405177342,4202692.637768604,358936.78285396396,6820866.125682858
522,12.040511767169956,22054.00749514837,2.4707280364372632,12135647.332981924,4202692.636838653,358936.7828539639,6820856.516761104
523,11.404353796527113,22008.575603764526,2.346562686712123,12135647.261691546,4202692.636703918,358936.7828539639,6820856.040702946
524,10.879415010137448,21816.04156267969,2.223196222926239,12135647.19077458,4202692.635712751,358936.7828539639,6820855.483970026
525,10.419797748640438,21771.143105554715,2.1061816272244624,12135647.12074235,4202692.635578307,358936.7828539639,6820855.423774876
526,9.842277198529828,21580.779045673193,1.9862921936511417,12135647.051076371,4202692.634546056,358936.7828539639,6820855.373672287
527,9.132432551673825,21536.4068726821,1.862246227263531,12135646.98227536,4202692.634410263,358936.7828539639,6820854.848033844
528,8.294370167740686,21348.18576306812,1.7290853164416904,12135646.913833639,4202692.633418616,358936.7828539639,6820854.789154105
529,7.740423979914951,21304.332843187414,1.5899612214695236,12135646.846237633,4202692.633284817,358936.7828539639,6820855.065941567
530,7.330992956754795,21118.228059131343,1.4538833142591172,12135646.778994119,4202692.632319408,358936.7828539639,6820722.587834107
531,7.177825864404029,21074.88747787469,1.3273000568437217,12135646.712577581,4202692.6321905805,358936.7828539639,6820702.667985866
532,7.208708917169136,20890.872792973438,1.2115412149193812,12135646.64650689,4202692.63120859,358936.78285396384,6820588.463580276
533,7.072536228745195,20848.037749895564,1.10586147956735,12135646.581244932,4202692.63107164,358936.78285396384,6820576.399892826
534,7.016586939987633,20666.087328323312,1.0083824080553652,12135646.516322343,4202692.630037403,358936.78285396384,6820543.038912308
535,6.725709834417715,20623.751134589602,0.9133124591085251,12135646.452190712,4202692.629890716,358936.7828539638,6820538.338635167
536,6.633971731984265,20443.839523571747,0.8290109805762607,12135646.388392126,4202692.628827996,358936.7828539639,6820537.291502009
537,6.8759971602346255,20401.9955995921,0.7602622834590722,12135646.325367188,4202692.628677715,358936.7828539639,6820518.460988401
538,7.141146516570101,20224.097722052014,0.7054344635954204,12135646.262669127,4202692.627607258,358936.7828539639,6820516.279640292
539,7.274754539864061,20182.739595176812,0.6614844862146457,12135646.200727845,4202692.627451403,358936.78285396396,6820510.017180556
540,7.164931879795356,20006.83074257008,0.6260168877241271,12135646.139107404,4202692.626384033,358936.7828539639,6820508.760730408
541,7.237736641166331,19965.95204484624,0.599779047090189,12135646.078227315,4202692.626223051,358936.78285396396,6820508.565985239
542,7.512065307734811,19792.007870166584,0.5826701455147719,12135646.017662186,4202692.625081446,358936.7828539639,6820501.607975439
543,7.242093467167057,19751.602336152184,0.5716579698824877,12135645.957821392,4202692.62491651,358936.78285396396,6820500.273523288
544,7.0072085328447615,19579.598847108482,0.5635991642798975,12135645.898289818,4202692.623761235,358936.78285396396,6820477.052324844
545,6.922335826863674,19539.66031174379,0.5572217642635314,12135645.839466974,4202692.623591876,358936.7828539639,6820476.652992825
546,6.283255298772878,19369.573864101956,0.5497238441856696,12135645.78094773,4202692.622415019,358936.7828539639,6820476.472085797
547,5.864468376840171,19330.096260635673,0.5379381021495802,12135645.723122008,4202692.62224412,358936.7828539639,6820465.728896111
548,5.836075390807121,19161.903551719857,0.522609523920572,12135645.66559441,4202692.621063289,358936.7828539639,6820465.298235449
549,5.684254161915202,19122.880909688545,0.5036539076294089,12135645.608745512,4202692.620892953,358936.7828539639,6820461.678603346
550,5.766732680669397,18956.558972036688,0.48245727063348354,12135645.552189365,4202692.619653917,358936.7828539639,6820461.44144814
551,5.928032598124927,18917.98541529602,0.4610262286984221,12135645.49629748,4202692.619477028,358936.7828539639,6820461.321574353
552,6.080255334464935,18753.51161046896,0.44039006081809623,12135645.440693099,4202692.61823143,358936.7828539639,6820457.815137874
553,6.212826486803709,18715.3813552751,0.42098224988907557,12135645.3857389,4202692.618048194,358936.7828539639,6820457.553612567
554,6.1180496443455485,18552.73336781072,0.40182061860433266,12135645.331067085,4202692.616816186,358936.7828539639,6820454.9070444
555,5.962191767169339,18515.040720950452,0.3835142327576261,12135645.277031709,4202692.616629731,358936.7828539639,6820454.700825261
556,6.089358137942665,18354.1965524637,0.36822343453112133,12135645.223273726,4202692.615327799,358936.7828539639,6820454.652718263
557,6.17014777275697,18316.93590943178,0.3556647706002654,12135645.17013878,4202692.615136009,358936.7828539639,6820450.384592258
558,5.92726204559698,18157.8738728475,0.34435064607584287,12135645.117276333,4202692.613788661,358936.78285396396,6820450.128806044
559,5.8613429765910485,18121.039716070063,0.33586035355635,12135645.065023864,4202692.613592738,358936.78285396384,6820413.778968673
560,5.668349139300926,17963.738429996487,0.32972463098876875,12135645.013039112,4202692.61222756,358936.78285396396,6820409.58441803
561,5.546700553430981,17927.32532709885,0.3252008903214202,12135644.961651592,4202692.612028064,358936.78285396384,6820409.057433648
562,5.416801503211435,17771.76371032859,0.3219340976470183,12135644.910527114,4202692.610632616,358936.78285396384,6820350.189339781
563,5.149701780960345,17735.76631244642,0.319430851106943,12135644.859987449,4202692.610423894,358936.78285396384,6820344.409531762
564,4.897521169518559,17581.923578585778,0.31732333923073935,12135644.809706235,4202692.608959739,358936.78285396384,6820308.093096861
565,4.835159973558187,17546.336618718226,0.31533516428894515,12135644.759997709,4202692.608738459,358936.7828539639,6820305.7766737705
566,4.83314829568375,17394.192270940854,0.31371815828471716,12135644.710543169,4202692.607140776,358936.78285396396,6820305.093334913
567,4.7837737106851215,17359.01056234437,0.3118998316756285,12135644.661649488,4202692.606907048,358936.78285396396,6820281.382005435
568,4.868371315598889,17208.544388265276,0.31023597371800277,12135644.613005416,4202692.60524228,358936.7828539639,6820278.754253642
569,4.953865433101448,17173.76282288719,0.3096389069732634,12135644.56491066,4202692.604996734,358936.7828539639,6820185.73544952
570,4.713606596326937,17024.95488955233,0.30883626227863703,12135644.517061226,4202692.603335302,358936.7828539639,6820180.911776687
571,4.607688184270713,16990.568436502785,0.3073689623744064,12135644.469749844,4202692.603081422,358936.7828539639,6820179.728895027
572,4.306490758351841,16843.39908549531,0.3053678454381649,12135644.42267959,4202692.601412625,358936.7828539639,6820112.356654746
573,3.953632372374706,16809.402789556563,0.30093386120841037,12135644.376136402,4202692.6011563875,358936.7828539639,6820104.399423877
574,3.9785291587201015,16663.852632211452,0.29474583627199324,12135644.32983024,4202692.599483471,358936.7828539639,6820078.049383246
575,3.7827379206353804,16630.24161238347,0.2862855633643297,12135644.28404042,4202692.599230078,358936.7828539639,6820073.859970216
576,3.7547439380322865,16486.29152511158,0.2756903171368344,12135644.238483608,4202692.597506483,358936.7828539639,6820072.922416643
577,3.8414944060695433,16453.060973192947,0.26454012588895753,12135644.193432657,4202692.597250454,358936.7828539639,6820040.604047666
578,3.822747018314896,16310.69209290633,0.25270087488824794,12135644.148610786,4202692.595446908,358936.7828539639,6820036.3033828605
579,3.915777873503869,16277.837272109331,0.24112633848947496,12135644.104284553,4202692.595186476,358936.7828539639,6820019.874404786
580,3.980365961945624,16137.030991753296,0.23052547956417657,12135644.060183555,4202692.593337483,358936.7828539639,6820018.030304585
581,3.989434582117618,16104.54723535227,0.2206089554587062,12135644.01656822,4202692.593067798,358936.7828539639,6820017.662220597
582,3.905415938612922,15965.2851995343,0.21136800601001016,12135643.973174345,4202692.591242894,358936.7828539639,6819995.714510726
583,3.9342290953208945,15933.167909546304,0.20360590948274762,12135643.930256391,4202692.590966363,358936.7828539639,6819993.11449023
584,3.8024844317918673,15795.432010262119,0.19678010690301634,12135643.8875562,4202692.589158178,358936.7828539639,6819805.324269737
585,3.668127390444681,15763.676656159147,0.1907647091418123,12135643.845322415,4202692.588881438,358936.7828539639,6819800.44970282
586,3.5856170031104475,15627.449028610323,0.18582147815109368,12135643.803302787,4202692.587102557,358936.7828539639,6819798.4064963935
587,3.504106162533753,15596.051146061936,0.1825800203348335,12135643.761740264,4202692.5868304055,358936.7828539639,6819742.686274708
588,3.4979594879751863,15461.31416456933,0.18060537265522236,12135643.720388366,4202692.584980957,358936.7828539639,6819737.059142495
589,3.4408187391972826,15430.269354214968,0.1797571531988898,12135643.679484494,4202692.584713716,358936.7828539639,6819727.273584598
590,3.3778445830756736,15297.005628217357,0.1805899997261327,12135643.638787778,4202692.582892764,358936.7828539639,6819726.224878973
591,3.307542605808107,15266.309554467625,0.182644341543138,12135643.598530216,4202692.5826291,358936.7828539639,6819725.723520841
592,3.244458503704888,15134.501924607772,0.18590578522480447,12135643.558476416,4202692.580769485,358936.7828539639,6819714.364281405
593,3.134620723686802,15104.150314473696,0.19019518266884425,12135643.51885312,4202692.580505243,358936.78285396396,6819713.125720881
594,3.0629528165646716,14973.781848770244,0.1952439942098709,12135643.479430253,4202692.578701333,358936.7828539639,6819710.359454279
595,2.951169624846416,14943.770490719744,0.20115607938433933,12135643.440429438,4202692.578441963,358936.7828539639,6819710.017458363
596,2.766264784219908,14814.824480820977,0.2073003572627364,12135643.40162577,4202692.576682179,358936.7828539639,6819709.934769845
597,2.623467371705684,14785.149223661956,0.21324902374955557,12135643.363235885,4202692.576427782,358936.78285396396,6819706.7311056275
598,2.345371122846613,14657.60918117707,0.21925876032137362,12135643.325039968,4202692.5746876355,358936.7828539639,6819706.360282838
599,2.0392191718890587,14628.265932966242,0.22390562152414265,12135643.28724976,4202692.574428326,358936.7828539639,6819703.946732419
600,1.8666074439579143,14502.115585877867,0.22610929015211767,12135643.249650385,4202692.5726988455,358936.7828539639,6819703.764942297
601,1.6905329996436926,14473.100312854747,0.22545494255304824,12135643.21244882,4202692.572433312,358936.7828539639,6819703.722892801
602,1.5693008044642227,14348.32360200385,0.22153256121100276,12135643.175435016,4202692.570640186,358936.78285396384,6819699.618460016
603,1.4854165624467799,14319.632327548994,0.2151481435300805,12135643.138811307,4202692.570367838,358936.78285396384,6819699.321391816
604,1.3452032672424485,14196.213403196967,0.20604710704946969,12135643.102372363,4202692.568543781,358936.78285396384,6819693.708021747
605,1.2605014320210548,14167.842206814,0.19532171456693936,12135643.066315966,4202692.568267031,358936.78285396384,6819693.48792909
606,1.2352049595383487,14045.76542527554,0.18493881000658333,12135643.030441385,4202692.566356665,358936.7828539639,6819693.435026402
607,1.1573298424672902,14017.710441596353,0.17417508222224348,12135642.994941976,4202692.566074423,358936.7828539639,6819686.346505104
608,1.0687297983340465,13896.960361940544,0.16340260669104317,12135642.95962149,4202692.564084233,358936.7828539639,6819686.0357257575
609,1.0661322185256612,13869.21777975283,0.1548722975751263,12135642.92466898,4202692.563795477,358936.7828539639,6819678.835193582
610,1.0073021255073287,13749.779160575268,0.1475298204779193,12135642.889892561,4202692.561725092,358936.7828539639,6819659.600177633
611,0.9574268517087479,13722.345221871956,0.14188366747263476,12135642.855477067,4202692.561425939,358936.7828539639,6819658.010918898
612,0.9432520515491281,13604.20301813065,0.13819384952444125,12135642.82123487,4202692.559277747,358936.78285396384,6819637.534135011
613,0.8858632533694046,13577.074017180576,0.13570969635773258,12135642.787346724,4202692.558969468,358936.7828539639,6819635.919442642
614,0.8323003006189189,13460.213377099952,0.13413590612677503,12135642.753629161,4202692.55668255,358936.78285396384,6819603.594165566
615,0.7803417906207214,13433.385659539254,0.1329644372805869,12135642.72025891,4202692.556366554,358936.7828539639,6819603.291030794
616,0.7016171193070192,13317.791921574883,0.1318037807519449,12135642.687056558,4202692.554076891,358936.78285396384,6819602.876650719
617,0.6414681230069469,13291.261883518499,0.13003678519178827,12135642.654194936,4202692.553751857,358936.7828539639,6819581.974847418
618,0.5661027238164597,13176.920573383397,0.12688323673609755,12135642.621498585,4202692.5513715455,358936.7828539639,6819581.183821526
619,0.5122255026036103,13150.68466055619,0.12254328687752025,12135642.589136535,4202692.551027663,358936.78285396384,6819574.45209487
620,0.4704811758113405,13037.581488309406,0.11705987221800246,12135642.556937177,4202692.548732897,358936.78285396384,6819573.288736042
621,0.43580880135780614,13011.63619519627,0.11056510418824596,12135642.525065823,4202692.548387947,358936.7828539639,6819573.032971933
622,0.40414348790598587,12899.757052387464,0.10359740841111474,12135642.493354635,4202692.54622417,358936.7828539639,6819561.428085801
623,0.3735753838562691,12874.098921402163,0.09606171682369695,12135642.461965293,4202692.545892767,358936.7828539639,6819560.116539773
624,0.3572252387708041,12763.429878274115,0.08864882044839222,12135642.430733634,4202692.543711877,358936.78285396384,6819551.395260505
625,0.3129434125135003,12738.055498946058,0.08036260671894996,12135642.399817798,4202692.543372148,358936.7828539639,6819550.042495249
626,0.2814006190103591,12628.5828016945,0.07143745049518084,12135642.369057223,4202692.54106143,358936.78285396384,6819549.842651314
627,0.26399579809943224,12603.488809873228,0.06288642445286438,12135642.338606577,4202692.54070737,358936.78285396384,6819538.542715176
628,0.2340759565472286,12495.198877956842,0.05376069621895614,12135642.30830879,4202692.538230512,358936.78285396384,6819536.346149532
629,0.23710455201886946,12470.381955033541,0.046110053941438287,12135642.278315175,4202692.5378697775,358936.7828539639,6819514.9825280635
630,0.2351361738612653,12363.261378540945,0.03957575381078864,12135642.248472078,4202692.535305615,358936.78285396384,6819488.455534416
631,0.23230689840006546,12338.718250686796,0.03385319312762944,12135642.218927516,4202692.534936358,358936.7828539639,6819487.727803908
632,0.2580886261467491,12232.753787753682,0.03016982559712923,12135642.189531164,4202692.532364617,358936.7828539639,6819448.463652904
633,0.2610639914021483,12208.48122517434,0.027567099383326906,12135642.160427827,4202692.531990097,358936.7828539639,6819445.980280022
634,0.2642823049638961,12103.659799450243,0.02589380895459546,12135642.131470451,4202692.529347007,358936.78285396384,6819430.11354764
635,0.26525049109684135,12079.654615656229,0.025330121932265175,12135642.102800688,4202692.528968156,358936.7828539639,6819428.620597034
636,0.24878117319080076,11975.963313821161,0.025368096316907156,12135642.07427467,4202692.526279036,358936.78285396384,6819428.19231456
637,0.2403317665023081,11952.22236491368,0.025951831882004395,12135642.046030978,4202692.5258973045,358936.7828539639,6819402.007693896
638,0.2203997944652325,11849.648434241963,0.026789711687702934,12135642.017928852,4202692.523189312,358936.7828539639,6819398.314567007
639,0.19327316345921863,11826.168618213687,0.027573550877914903,12135641.990103884,4202692.522793892,358936.7828539639,6819263.917541701
640,0.1793788394892338,11724.699464186599,0.028156893682424484,12135641.962418351,4202692.519711714,358936.78285396384,6819251.69704398
641,0.15817757510092703,11701.477720237119,0.028162882278679944,12135641.9350049,4202692.519279427,358936.7828539639,6819249.903856318
642,0.14030275089410613,11601.100904199842,0.027460705875268616,12135641.907728795,4202692.516266745,358936.78285396384,6819131.175762686
643,0.12705662356222633,11578.134212065484,0.02616777887436872,12135641.88071982,4202692.515825356,358936.7828539639,6819123.775092505
644,0.11322753697476741,11478.837448925397,0.024115999076750858,12135641.85384612,4202692.513074558,358936.78285396384,6819088.7903319895
645,0.10532266803166822,11456.12282822283,0.02157223884631246,12135641.827234713,4202692.512653651,358936.7828539639,6819085.92047284
646,0.10211695904338498,11357.893984197328,0.018979374841666678,12135641.800756555,4202692.510119408,358936.78285396384,6819085.186751692
647,0.10608477175487155,11335.428493780799,0.016609286108248338,12135641.774535941,4202692.509701298,358936.78285396384,6819046.310644484
648,0.1065849316706532,11238.2555841817,0.014477826784648604,12135641.74844658,4202692.507090464,358936.7828539639,6819042.808552893
649,0.11193223761982718,11216.036321513386,0.012771402777917643,12135641.722610118,4202692.506672333,358936.78285396384,6818924.957200329
650,0.11543811461187421,11119.907508578379,0.011425309991701346,12135641.696902968,4202692.504072866,358936.7828539639,6818915.251137727
651,0.11201204833166946,11097.931609111673,0.010405368130903783,12135641.671444155,4202692.503667935,358936.7828539639,6818913.604481354
652,0.11210086336116828,11002.835199871342,0.00972469359599335,12135641.64611274,4202692.501074367,358936.7828539639,6818842.30440327
653,0.11044566307955443,10981.099836446801,0.009405920906445035,12135641.62102521,4202692.500690895,358936.7828539639,6818836.3287573
654,0.10473191544340822,10887.024280631616,0.009359822837513703,12135641.596063185,4202692.498242233,358936.7828539639,6818800.070502939
655,0.10395230861518834,10865.526662884944,0.00950548631304132,12135641.571340691,4202692.497877365,358936.7828539639,6818796.349511631
656,0.09915424356871651,10772.46055087501,0.009833881270144243,12135641.546741847,4202692.495539655,358936.7828539639,6818795.80585193
657,0.09236222090776319,10751.197924657032,0.010195050081883318,12135641.522378258,4202692.495186951,358936.7828539639,6818757.37690905
658,0.08489644219734539,10659.129985465628,0.0105541307946188,12135641.4981365,4202692.492927992,358936.78285396384,6818754.259243168
659,0.07461250650898507,10638.099632274025,0.010846327068831686,12135641.474125808,4202692.492587172,358936.7828539639,6818723.312919825
660,0.06719259964613264,10547.018731567947,0.010934780845983524,12135641.450235175,4202692.490420632,358936.78285396384,6818720.188207092
661,0.058410988502545655,10526.217967990186,0.010771732681185522,12135641.426571501,4202692.490093209,358936.7828539639,6818719.80498104
662,0.051869029284139556,10436.1131061488,0.010350083021607713,12135641.40302613,4202692.488031015,358936.7828539639,6818673.504096926
663,0.044969266096247205,10415.539283316179,0.00961564670012682,12135641.379703706,4202692.487717721,358936.7828539639,6818668.882456968
664,0.04301102944196044,10326.399593522176,0.008789760500564727,12135641.356497854,4202692.4858254045,358936.7828539639,6818636.310311092
665,0.04097759660494914,10306.050096574714,0.00795491859957874,12135641.333511017,4202692.485525314,358936.7828539639,6818633.995344498
666,0.039381908547857405,10217.864842941075,0.007157106447270406,12135641.310639063,4202692.4837374715,358936.7828539639,6818633.508133513
667,0.03920608944653527,10197.737090502915,0.00650921314766613,12135641.287982272,4202692.483449214,358936.7828539639,6818594.813436973
668,0.03735759747086939,10110.495666233133,0.005964145609859349,12135641.265438689,4202692.4817009065,358936.7828539639,6818592.47705917
669,0.03443162496902227,10090.587109898208,0.005492419606918397,12135641.243106492,4202692.481426204,358936.7828539639,6818574.626949442
670,0.03302285904002866,10004.279035476999,0.005146328418096792,12135641.220885865,4202692.479710694,358936.7828539639,6818573.59597261
671,0.030981452480411446,9984.587159304665,0.0048675203098153905,12135641.198872937,4202692.479434179,358936.7828539639,6818573.4255446335
672,0.028114998518989937,9899.202080727002,0.004626869344678909,12135641.176969966,4202692.477628605,358936.7828539639,6818561.362164469
673,0.028288429352895886,9879.724400747513,0.004451284960016825,12135641.155271072,4202692.477341439,358936.7828539639,6818560.561007874
674,0.025326006537980422,9795.252087770914,0.004268098412522867,12135641.133680537,4202692.475669498,358936.7828539639,6818527.993744138
675,0.023735873508099505,9775.986151500489,0.004084824893660306,12135641.11229054,4202692.475402266,358936.7828539639,6818527.299255478
676,0.02360308813676407,9692.416495932082,0.00391546970038373,12135641.091007346,4202692.473836715,358936.7828539639,6818527.098294673
677,0.02220178206048265,9673.359881897173,0.003735450236838411,12135641.06992121,4202692.473595599,358936.7828539639,6818517.17010662
678,0.021194787145035244,9590.682895911961,0.0035572695190833332,12135641.048940357,4202692.472121722,358936.7828539639,6818516.46715731
679,0.020093371089417424,9571.833213182728,0.003367551038339951,12135641.028153133,4202692.471892384,358936.78285396384,6818508.554825382
680,0.018005234393193046,9490.039027666584,0.003150003207462183,12135641.007469695,4202692.470527277,358936.7828539639,6818507.7409299705
681,0.01644180552379817,9471.39391539916,0.0029194233196569363,12135640.98697654,4202692.470319174,358936.7828539639,6818507.636510094
682,0.015849449351803033,9390.4727783252,0.0026971855216505795,12135640.966585701,4202692.46904025,358936.7828539639,6818496.140457538
683,0.014894440700849554,9372.029905312673,0.0024916834730020036,12135640.94638188,4202692.468840247,358936.7828539639,6818495.10195709
684,0.014355078863183606,9291.972180141898,0.0023123120540291717,12135640.9262789,4202692.467621111,358936.7828539639,6818492.2000191165
685,0.013882714717559898,9273.72924437379,0.002168320444661618,12135640.906359732,4202692.467423087,358936.7828539639,6818491.956989775
686,0.013027693714920734,9194.525408484324,0.002055734041274396,12135640.886539983,4202692.466326372,358936.7828539639,6818491.883025324
687,0.012496685890342685,9176.480136714194,0.00197033668155463,12135640.866900891,4202692.466154162,358936.7828539639,6818488.732673005
688,0.011354142717759738,9098.120779858606,0.0018977916876230158,12135640.847359812,4202692.465207641,358936.7828539639,6818488.485317616
689,0.010389883842036351,9080.270927179883,0.0018250614010263454,12135640.8279963,4202692.465060054,358936.7828539639,6818487.598418553
690,0.009814019218520357,9002.746749965885,0.0017549596498964174,12135640.80872943,4202692.464194318,358936.7828539639,6818487.510257042
691,0.009226859809246108,8985.090099395471,0.0016797284191290705,12135640.7896371,4202692.464059562,358936.7828539639,6818487.492212777
692,0.008309294287076939,8908.391911795217,0.0015845278356726353,12135640.77064004,4202692.463207333,358936.7828539639,6818486.77465826
693,0.008153849970519236,8890.926273864843,0.0014904522530170261,12135640.751814572,4202692.463084148,358936.7828539639,6818486.697086655
694,0.007592228831525628,8815.044993746156,0.0013859422842930308,12135640.733083028,4202692.462358316,358936.7828539639,6818486.091292516
695,0.006992961141435166,8797.768206101238,0.0012661963812767535,12135640.714520162,4202692.462248151,358936.7828539639,6818486.040251306
696,0.0068003918241371425,8722.694857785867,0.0011536021865049355,12135640.6960499,4202692.461638438,358936.78285396384,6818486.031189583
697,0.006578200049075683,8705.60478479169,0.0010424438477648738,12135640.677745478,4202692.461541385,358936.7828539639,6818485.292722379
698,0.006316427634122157,8631.33049763576,0.0009386424561607645,12135640.659532368,4202692.461014074,358936.7828539639,6818485.235079673
699,0.006226597235374711,8614.42502999091,0.0008546063216797308,12135640.64148229,4202692.460930507,358936.7828539639,6818485.0545464
700,0.006124459120420424,8540.941036989369,0.0007875397318807685,12135640.62352226,4202692.460498973,358936.78285396384,6818485.037259662
701,0.005816314412538755,8524.218091346085,0.0007396323736672415,12135640.605722517,4202692.460428469,358936.78285396384,6818485.032646261
702,0.005577287417061351,8451.515727760905,0.000711877754830215,12135640.588011557,4202692.460043592,358936.7828539639,6818484.863185054
703,0.005281914582316077,8434.973246352323,0.0006994060815032133,12135640.570458211,4202692.459983084,358936.7828539639,6818484.845959823
704,0.005014974845098739,8363.043948361608,0.0006988636691073797,12135640.552992417,4202692.459661515,358936.7828539639,6818486.8894506255
705,0.004620318205279198,8346.679898635708,0.0007043870389634202,12135640.535681583,4202692.459610077,358936.7828539639,6818483.254208758
706,0.004237503972154086,8275.515202006814,0.0007089366767856908,12135640.518457094,4202692.459339632,358936.7828539639,6818482.863704499
707,0.003891432466609108,8259.327576266902,0.0007074557155099638,12135640.501384983,4202692.459295641,358936.7828539639,6818482.0640114555
708,0.0032972959207253345,8188.919115048468,0.0006915983394881469,12135640.484398026,4202692.459075422,358936.7828539639,6818482.023089709
709,0.0029024999826319214,8172.905930100069,0.0006582423440327902,12135640.467560913,4202692.459040469,358936.7828539639,6818481.523904618
710,0.0026622592443801035,8103.24543533738,0.0006119965643531633,12135640.450807769,4202692.458854269,358936.7828539639,6818481.466371537
711,0.0025058664196296447,8087.404732141367,0.0005581964895616888,12135640.43420198,4202692.4588256525,358936.7828539639,6818481.44992095
712,0.002465132695989134,8018.484030611289,0.0005040711166228467,12135640.417679008,4202692.458652564,358936.7828539639,6818480.814070722
713,0.002446811918854824,8002.81387394314,0.0004529865147859285,12135640.401300944,4202692.458626491,358936.7828539639,6818480.771914639
714,0.0023247404101908475,7934.624886909789,0.0004034522645791714,12135640.385004565,4202692.458477529,358936.78285396384,6818479.902869945
715,0.0022972688735832794,7919.123365024824,0.0003595632543078667,12135640.368850704,4202692.458454833,358936.7828539639,6818479.509837092
716,0.002252054643583663,7851.658107013938,0.0003235782654020151,12135640.352777405,4202692.458328614,358936.78285396384,6818479.469929934
717,0.0021972621629191245,7836.32333131841,0.0002940582334824126,12135640.336844275,4202692.458308464,358936.7828539639,6818478.026001085
718,0.0021255443970222116,7769.573908912535,0.00027243620139885027,12135640.3209906,4202692.45818816,358936.7828539639,6818477.879245705
719,0.001982589070395106,7754.404013640388,0.0002579034701103432,12135640.305274786,4202692.458168885,358936.78285396384,6818477.490325297
720,0.00193746245855694,7688.362624292628,0.0002502524193282569,12135640.289637346,4202692.458051164,358936.7828539639,6818477.424094721
721,0.0017652716047234236,7673.3557661879395,0.00024697937221370076,12135640.274135511,4202692.458034012,358936.7828539639,6818477.412126023
722,0.0016719091976143744,7608.014697052513,0.00024745343320732344,12135640.258710979,4202692.457939506,358936.7828539639,6818476.961572508
723,0.0015707682140537113,7593.169055057309,0.000249093623451658,12135640.243419828,4202692.457922138,358936.7828539639,6818476.926183067
724,0.0014349056261862099,7528.520681842761,0.0002493553179849486,12135640.22820493,4202692.457778769,358936.7828539639,6818474.589202003
725,0.001284855381627733,7513.834456790274,0.0002482813018567097,12135640.21312124,4202692.457756414,358936.7828539639,6818472.533580959
726,0.0011216305731636632,7449.871242624108,0.00024352725892111694,12135640.198112769,4202692.457619859,358936.7828539639,6818472.457675676
727,0.001029052944242939,7435.342656937201,0.00023471902122978086,12135640.183233362,4202692.457596209,358936.7828539639,6818466.762004257
728,0.0009489437345418872,7372.05715125482,0.0002231834602477764,12135640.168428157,4202692.457460431,358936.78285396384,6818466.439109171
729,0.0008291334554100018,7357.684448649561,0.00020733339322957022,12135640.153749926,4202692.457437189,358936.7828539639,6818465.060304439
730,0.0007757059801328998,7295.069286095446,0.0001899714698460545,12135640.139144877,4202692.457303078,358936.7828539639,6818464.74297145
731,0.0007058560930976126,7280.850731289713,0.00017186988829168172,12135640.124664754,4202692.457280578,358936.78285396384,6818464.692171178
732,0.0006255602422896804,7218.898630637493,0.00015120730137269085,12135640.110256834,4202692.457152098,358936.7828539639,6818462.384363707
733,0.0005977160156337653,7204.832509064401,0.00013188689577680666,12135640.09597181,4202692.457132472,358936.78285396384,6818462.173969079
734,0.000556151361670184,7143.536272153441,0.00011425783508322531,12135640.081758019,4202692.457000756,358936.7828539639,6818460.910625087
735,0.0005498555818801052,7129.620889679724,9.915242869038317e-05,12135640.067665143,4202692.456980955,358936.78285396384,6818460.795856957
736,0.0005682939465216003,7068.973400367398,8.875589961549729e-05,12135640.053642536,4202692.456835206,358936.7828539639,6818460.777796478
737,0.0005676022162439489,7055.207083016337,8.149496680676433e-05,12135640.039738894,4202692.456813071,358936.7828539639,6818459.163651776
738,0.0005473883482846087,6995.201306146168,7.674654717491656e-05,12135640.025904585,4202692.4566561505,358936.7828539639,6818459.022422766
739,0.0005263026218894685,6981.582399825208,7.443800709184683e-05,12135640.012187336,4202692.4566316735,358936.7828539639,6818431.662247345
740,0.0004794468667520228,6922.211380210185,7.333011832219883e-05,12135639.99853849,4202692.456461954,358936.7828539639,6818420.3910224885
741,0.0004320709794070909,6908.738250443051,7.248862839584614e-05,12135639.985004818,4202692.456434068,358936.7828539639,6818418.873193788
742,0.00039640917450712947,6849.995111865882,7.140989317102308e-05,12135639.971538637,4202692.456235224,358936.78285396384,6818357.643389159
743,0.00034617060918660066,6836.666143529014,6.919819983933117e-05,12135639.958185794,4202692.456203054,358936.7828539639,6818353.4885201175
744,0.00030821878291551066,6778.544087755602,6.563643052963552e-05,12135639.944899542,4202692.455967384,358936.78285396384,6818345.389179421
745,0.0003040702220802702,6765.357684819076,6.188797651017104e-05,12135639.931724818,4202692.4559300905,358936.78285396384,6818344.632156647
746,0.0002838749189452442,6707.849990626623,5.7735853747985335e-05,12135639.918615801,4202692.4556868635,358936.7828539639,6818344.335264588
747,0.0002727013805286901,6694.804575899165,5.361018656596307e-05,12135639.905616531,4202692.455647799,358936.7828539639,6818339.938957367
748,0.0002656732685100014,6637.904598119497,5.003648517149378e-05,12135639.89268209,4202692.455425195,358936.7828539639,6818339.457764549
749,0.00024256340648530936,6624.998612997673,4.650539376247238e-05,12135639.879855663,4202692.455389606,358936.7828539639,6818326.478437301
750,0.00022842041271483433,6568.699781574922,4.331052620327306e-05,12135639.867093204,4202692.455139853,358936.7828539639,6818323.567311617
751,0.0002031151778520403,6555.931685796386,4.026902081766929e-05,12135639.85443705,4202692.455104326,358936.7828539639,6818323.382214364
752,0.00017921379821949043,6500.227504858487,3.722930267319141e-05,12135639.841844006,4202692.4548295215,358936.78285396384,6818308.149745243
753,0.00016617074975255685,6487.595776259189,3.465217385155208e-05,12135639.82935559,4202692.454791924,358936.7828539638,6818305.809835724
754,0.00014736933331785862,6432.479823202147,3.2321515054979e-05,12135639.816929456,4202692.454498643,358936.78285396384,6818299.3842175
755,0.00013981305542200973,6419.982957477496,3.0501955887616316e-05,12135639.804606298,4202692.454458836,358936.78285396384,6818298.645717147
756,0.00012972335383990965,6365.4488820622555,2.9113722400702745e-05,12135639.792344593,4202692.454141319,358936.78285396384,6818298.528976682
757,0.00011482081940135299,6353.085392532058,2.786157025711087e-05,12135639.780184243,4202692.454097819,358936.78285396384,6818291.457650225
758,0.00010493334318031605,6299.126915996856,2.670594693047486e-05,12135639.768084541,4202692.453773749,358936.78285396384,6818290.815606123
759,9.188654010833397e-05,6286.895333373943,2.544647098119097e-05,12135639.756084608,4202692.453727106,358936.7828539639,6818283.378309959
760,7.780813317248764e-05,6233.506247558225,2.3871941198967595e-05,12135639.74414452,4202692.453377953,358936.78285396384,6818282.83294475
761,6.837167281891493e-05,6221.40511972084,2.2120656057947797e-05,12135639.732302627,4202692.453327734,358936.78285396384,6818282.744518996
762,6.255247335722091e-05,6168.579286201218,2.041164876632908e-05,12135639.720519803,4202692.452961468,358936.7828539639,6818272.736895099
763,5.5299036231584736e-05,6156.607177968852,1.8639645530102878e-05,12135639.708833639,4202692.452906375,358936.78285396384,6818272.070368894
764,4.994752104539001e-05,6104.338527209663,1.6891507238429636e-05,12135639.69720577,4202692.452521135,358936.7828539639,6818269.809634683
765,4.4669543166066224e-05,6092.4940201225545,1.5196315632372264e-05,12135639.685673056,4202692.452462591,358936.7828539639,6818260.222053944
766,3.887903900538223e-05,6040.776550635402,1.3511398465674678e-05,12135639.67419786,4202692.452055159,358936.78285396384,6818260.051950231
767,3.541053243210983e-05,6029.058242737429,1.1947016629421169e-05,12135639.662816346,4202692.451993211,358936.7828539639,6818250.062126073
768,3.158096272572995e-05,5977.886020254568,1.0456942820081168e-05,12135639.651491595,4202692.45157569,358936.7828539639,6818249.794672877
769,2.749400229800396e-05,5966.292525879483,8.964072711259749e-06,12135639.640259074,4202692.451509031,358936.7828539639,6818246.88369299
770,2.5934761328820292e-05,5915.65968253945,7.695752025841703e-06,12135639.629082581,4202692.451041192,358936.78285396384,6818245.632527369
771,2.3613816721066393e-05,5904.189632100519,6.599397231801486e-06,12135639.617996877,4202692.450971917,358936.7828539639,6818245.518069771
772,2.289898566711074e-05,5854.090365642464,5.7002600193200414e-06,12135639.606966477,4202692.450451032,358936.78285396384,6818238.079565781
773,2.238996886918836e-05,5842.742405425268,5.008127940884911e-06,12135639.596025456,4202692.450378084,358936.7828539639,6818237.821001205
774,2.096812897081613e-05,5793.170978399215,4.458465679103439e-06,12135639.58513903,4202692.44984913,358936.7828539639,6818235.497022375
775,2.124492732713025e-05,5781.943770357604,4.0737099352125695e-06,12135639.574340606,4202692.449772473,358936.78285396384,6818235.189614075
776,1.964716016194542e-05,5732.8945093423,3.7772414744413646e-06,12135639.563596055,4202692.449199399,358936.7828539639,6818235.117502534
777,1.7981474008404938e-05,5721.786730897628,3.5241437509447394e-06,12135639.552938148,4202692.449120606,358936.78285396384,6818232.82294285
778,1.7070590322705917e-05,5673.2540257292685,3.3284286466957056e-06,12135639.542333422,4202692.448539325,358936.7828539639,6818232.624468003
779,1.5613780089794513e-05,5662.264369572556,3.1466252266650385e-06,12135639.531814003,4202692.448459303,358936.7828539639,6818229.303642259
780,1.4434107853710632e-05,5614.242672586405,2.9649917085066193e-06,12135639.521347081,4202692.447870931,358936.7828539639,6818228.811398005
781,1.4142863831144945e-05,5603.369846483546,2.817191057935098e-06,12135639.510964168,4202692.447790221,358936.7828539639,6818228.760421628
782,1.3371770038003029e-05,5555.853671764517,2.6771667659043178e-06,12135639.500633057,4202692.447195433,358936.7828539639,6818224.0368966805
783,1.2714186883703087e-05,5545.096398364449,2.53881032014169e-06,12135639.49038467,4202692.447110889,358936.7828539639,6818223.25458305
784,1.1401370086391745e-05,5498.08032100846,2.386522565654892e-06,12135639.480187427,4202692.446513038,358936.7828539639,6818215.618102939
785,1.0106045486962791e-05,5487.437337654203,2.2050888587162535e-06,12135639.470071632,4202692.446423978,358936.7828539639,6818214.491624784
786,9.264513679349441e-06,5440.915993039212,2.0129932645410217e-06,12135639.460006326,4202692.445856038,358936.7828539639,6818214.407667346
787,8.445770286477533e-06,5430.3860515817905,1.807688295025366e-06,12135639.450021239,4202692.44577061,358936.78285396384,6818202.144884317
788,8.07534535598089e-06,5384.354134649899,1.6163354712690678e-06,12135639.440085977,4202692.445166194,358936.7828539639,6818200.976933307
789,7.849251118546563e-06,5373.936001264976,1.460368187681424e-06,12135639.43022971,4202692.445079634,358936.78285396384,6818199.617614049
790,7.490275594440762e-06,5328.388265813542,1.331882615976197e-06,12135639.420422638,4202692.444456657,358936.7828539639,6818199.489674005
791,7.135665513708185e-06,5318.080720820823,1.2401161386131795e-06,12135639.410693355,4202692.444362254,358936.7828539639,6818199.436704012
792,7.034470800898604e-06,5273.011978804062,1.1852062722976207e-06,12135639.401012639,4202692.4436950935,358936.7828539639,6818198.447690054
793,6.208909504056796e-06,5262.8138164894135,1.144319809374242e-06,12135639.391408531,4202692.443596456,358936.7828539639,6818198.363830486
794,5.555839991945483e-06,5218.218937327371,1.1172868976059603e-06,12135639.38185237,4202692.442939543,358936.7828539639,6818197.42553013
795,5.064465297898315e-06,5208.128965767538,1.0905861075170925e-06,12135639.37237166,4202692.442836613,358936.7828539639,6818197.188995813
796,4.48262907202734e-06,5164.002875667141,1.0554727638568457e-06,12135639.362938272,4202692.442189826,358936.7828539639,6818197.176373161
797,3.850955753652929e-06,5154.019916557002,1.008969860211327e-06,12135639.353579206,4202692.4420755,358936.7828539639,6818195.824254269
798,3.389591358007697e-06,5110.357597841269,9.497590994019794e-07,12135639.344266862,4202692.4413709575,358936.7828539639,6818195.474908186
799,2.976098244011658e-06,5100.480486323702,8.812412815730696e-07,12135639.335027717,4202692.441249529,358936.7828539639,6818194.7954488145
800,2.6420137120716904e-06,5057.276976768641,8.079962738490728e-07,12135639.325834695,4202692.440532177,358936.7828539639,6818194.5950728515
801,2.517718234735175e-06,5047.504561266855,7.410700760263306e-07,12135639.316713769,4202692.440408562,358936.7828539639,6818194.5904193325
802,2.1922256301797725e-06,5004.754953449617,6.700584450948058e-07,12135639.307638383,4202692.439647289,358936.7828539639,6818193.951656075
803,2.017851944444546e-06,4995.086095501893,6.024700069319315e-07,12135639.298634002,4202692.439515238,358936.7828539639,6818193.807828405
804,1.8498321558147762e-06,4952.78553615542,5.398939251893571e-07,12135639.289674599,4202692.438760628,358936.7828539639,6818193.499065113
805,1.6886606967984886e-06,4943.219110252303,4.807244037389576e-07,12135639.280785125,4202692.438627316,358936.7828539639,6818193.426356729
806,1.5810462960722204e-06,4901.362799630358,4.2908487554792944e-07,12135639.27194005,4202692.437846736,358936.7828539639,6818193.42452735
807,1.456147278356234e-06,4891.897693054141,3.836651288763083e-07,12135639.263163878,4202692.437712218,358936.7828539639,6818193.140521011
808,1.3448692011313104e-06,4850.480884303681,3.440170752729444e-07,12135639.25443153,4202692.436913522,358936.7828539639,6818193.0824131165
809,1.2544617597016608e-06,4841.115996970297,3.1152807183934573e-07,12135639.245767059,4202692.43677724,358936.7828539639,6818192.950979433
810,1.2035662904782802e-06,4800.1339955121075,2.865193685052222e-07,12135639.237145858,4202692.435923028,358936.7828539639,6818192.920301874
811,1.1692446554202159e-06,4790.868239815174,2.673708676763907e-07,12135639.22859152,4202692.435780446,358936.7828539639,6818192.919511402
812,1.0764930390583701e-06,4750.316402733895,2.505464733076725e-07,12135639.220079912,4202692.43486551,358936.78285396384,6818192.810747635
813,9.74526548018727e-07,4741.148703391069,2.3498568666665308e-07,12135639.211634167,4202692.4347207155,358936.7828539639,6818192.786603871
814,9.02803404911618e-07,4701.022438832094,2.2113246244099932e-07,12135639.203230605,4202692.433794159,358936.7828539639,6818192.734371616
815,7.730416408107031e-07,4691.951732733627,2.0562890938741874e-07,12135639.19489195,4202692.433646976,358936.78285396384,6818192.721255444
816,6.58670117540238e-07,4652.24649930733,1.8870802133208178e-07,12135639.186594931,4202692.432663712,358936.7828539639,6818192.7207455505
817,6.004255930699306e-07,4643.271735366747,1.735461492405998e-07,12135639.178361855,4202692.432509733,358936.7828539639,6818192.665128767
818,5.512531739536593e-07,4603.983041562402,1.5958295710518708e-07,12135639.170169897,4202692.431407939,358936.7828539639,6818192.653102095
819,5.171021876043617e-07,4595.103180569279,1.4766725118648153e-07,12135639.16204093,4202692.431242688,358936.7828539639,6818192.598126714
820,4.691687614705398e-07,4556.226584175279,1.3706816854470674e-07,12135639.153952576,4202692.430005258,358936.7828539639,6818192.5864064265
821,3.9937117387669183e-07,4547.440598650119,1.2566779968495822e-07,12135639.145926274,4202692.429830415,358936.7828539639,6818192.585958438
822,3.730885409915782e-07,4508.9717061823885,1.1589165579977167e-07,12135639.137940077,4202692.428442079,358936.7828539639,6818192.5147082135
823,3.257218615855566e-07,4500.278580233559,1.0659196160694298e-07,12135639.130015021,4202692.428252975,358936.7828539639,6818192.5011507915
824,3.034692448262035e-07,4462.213046370406,9.787878400207671e-08,12135639.122129561,4202692.426759093,358936.7828539639,6818192.46395622
825,2.721495912566075e-07,4453.611775553075,9.024670977586182e-08,12135639.114304349,4202692.426553819,358936.7828539639,6818192.4573700195
826,2.3909482132279676e-07,4415.945302578025,8.283475663806787e-08,12135639.106518239,4202692.425005034,358936.7828539639,6818192.4571687495
827,2.0713307594717028e-07,4407.43489375503,7.54674590161925e-08,12135639.098791488,4202692.4247885,358936.7828539639,6818192.427024893
828,1.760242074549378e-07,4370.163231007776,6.824176496698026e-08,12135639.09110334,4202692.423131087,358936.7828539639,6818192.421881619
829,1.5243903910995784e-07,4361.742702212458,6.109440717360057e-08,12135639.08347369,4202692.422901752,358936.7828539639,6818192.398984862
830,1.282090540483524e-07,4324.861645545408,5.362627265949098e-08,12135639.075882176,4202692.421164631,358936.7828539639,6818192.395628012
831,1.1343178488622364e-07,4316.530025846356,4.690679602280164e-08,12135639.068348289,4202692.420918337,358936.7828539639,6818192.3955810405
832,9.447879262849145e-08,4280.035417088524,4.016368688319471e-08,12135639.060852055,4202692.419138581,358936.7828539639,6818192.373118259
833,8.652890451513495e-08,4271.7917464562215,3.426973191113548e-08,12135639.053412616,4202692.418877057,358936.7828539639,6818192.370071465
834,7.463914333205027e-08,4235.679472883874,2.913630348614539e-08,12135639.046010368,4202692.4170042705,358936.7828539639,6818192.367828408
835,6.528002056472795e-08,4227.522802059109,2.4267101379937152e-08,12135639.038664084,4202692.416729217,358936.7828539639,6818192.367192332
836,6.110061200493697e-08,4191.788795874125,2.0346201993774136e-08,12135639.03135451,4202692.414736605,358936.7828539639,6818192.367021925
837,5.554723323938982e-08,4183.718186238272,1.720517819268627e-08,12135639.024100099,4202692.414448928,358936.7828539639,6818192.356896021
838,5.459932808540851e-08,4148.358424052039,1.4671703966518606e-08,12135639.016881956,4202692.41231852,358936.7828539639,6818192.3555063885
839,5.3815798285205065e-08,4140.372947499099,1.281447063178497e-08,12135639.009718155,4202692.412008209,358936.7828539639,6818192.286068792
840,5.048805473381469e-08,4105.3834498236665,1.132877019836375e-08,12135639.00259018,4202692.409796661,358936.7828539639,6818192.278404164
841,5.251093468642013e-08,4097.482188634058,1.0272679152711594e-08,12135638.99551576,4202692.409469445,358936.7828539639,6818192.277383191
842,5.079800791802441e-08,4062.859019379154,9.593485756742168e-09,12135638.988476714,4202692.407213975,358936.7828539639,6818192.027116793
843,4.866552827452915e-08,4055.04106609523,9.076902034619114e-09,12135638.981490452,4202692.406882737,358936.7828539639,6818192.002385982
844,4.4431051542801955e-08,4020.780332071618,8.720784471146329e-09,12135638.97453913,4202692.404527377,358936.7828539639,6818191.834684016
845,3.906098514414693e-08,4013.0447893748687,8.40503052272768e-09,12135638.967639826,4202692.404187183,358936.7828539639,6818191.817674227
846,3.49217768962074e-08,3979.1426398048056,8.051290208595347e-09,12135638.960775038,4202692.401792397,358936.7828539639,6818191.8175300285
847,3.043691771393038e-08,3971.488620394729,7.613947017041429e-09,12135638.953961516,4202692.401446847,358936.7828539639,6818191.688749548
848,2.7098277283165114e-08,3937.941246427712,7.059624066524243e-09,12135638.947182069,4202692.398818095,358936.7828539639,6818191.675802632
849,2.393751604407103e-08,3930.36787290232,6.382212444144451e-09,12135638.940453157,4202692.398451334,358936.7828539639,6818191.57957365
850,2.2287686346485875e-08,3897.1715071370795,5.680094363269706e-09,12135638.933757905,4202692.395653234,358936.7828539639,6818191.569481765
851,2.147335908721724e-08,3889.6779118749964,5.0338271966277105e-09,12135638.927112464,4202692.395269934,358936.7828539639,6818191.569351034
852,2.0764882633984014e-08,3856.828827888291,4.4492780724202755e-09,12135638.920500258,4202692.392394847,358936.7828539639,6818191.487321696
853,2.0841806385268148e-08,3849.414152932438,3.979086345224212e-09,12135638.91393715,4202692.391996331,358936.7828539639,6818191.478563648
854,1.9308447320765173e-08,3816.908664812576,3.5919288749984135e-09,12135638.907406881,4202692.389082452,358936.7828539639,6818191.429520015
855,1.8853900957257268e-08,3809.5720617554744,3.289821929857765e-09,12135638.900924997,4202692.388671067,358936.7828539639,6818191.424314725
856,1.694996352628113e-08,3777.4065236417837,3.061372262552013e-09,12135638.894475546,4202692.3857636135,358936.78285396384,6818191.4242303865
857,1.608362134221711e-08,3770.14715351233,2.87981908825342e-09,12135638.888073795,4202692.385335471,358936.7828539639,6818191.386602331
858,1.4653376490145784e-08,3738.3179591404955,2.7419707362815917e-09,12135638.881704062,4202692.382319428,358936.7828539639,6818191.382647107
859,1.3069672315002696e-08,3731.13499229223,2.613260073577129e-09,12135638.875381356,4202692.381873466,358936.7828539639,6818191.357632409
860,1.2597195338582498e-08,3699.638574546587,2.5063585644131395e-09,12135638.869090287,4202692.378769062,358936.7828539639,6818191.355065323
861,1.047558646719199e-08,3692.531190547461,2.3792848032429826e-09,12135638.862845575,4202692.378315006,358936.7828539639,6818191.355048069
862,9.806732010960112e-09,3661.364021017297,2.254855138382506e-09,12135638.856632108,4202692.37503509,358936.78285396384,6818191.335996051
863,8.7337335815263e-09,3654.33140854094,2.145212171950603e-09,12135638.850464327,4202692.374559096,358936.7828539639,6818191.334054926
864,7.950419667447964e-09,3623.4899970818014,2.0274827970356376e-09,12135638.844327418,4202692.371183313,358936.7828539639,6818191.319983774
865,7.704643244137673e-09,3616.5313538002038,1.932496643817388e-09,12135638.83823555,4202692.370690869,358936.7828539639,6818191.318551814
866,6.849873059337916e-09,3586.012248101939,1.8451350274928992e-09,12135638.83217417,4202692.367287708,358936.7828539639,6818191.318546725
867,6.118084907593462e-09,3579.1267805795283,1.7465591985135653e-09,12135638.826157195,4202692.366780998,358936.7828539639,6818191.30710109
868,5.366664851261741e-09,3548.9265657393335,1.6382425047058368e-09,12135638.82017034,4202692.363356294,358936.78285396396,6818191.305938167
869,4.358845152914771e-09,3542.113489328431,1.4997682883238632e-09,12135638.81422725,4202692.362842842,358936.7828539639,6818191.299766085
870,3.7843842186806294e-09,3512.2287874290755,1.3482188164111887e-09,12135638.808313916,4202692.359300128,358936.7828539639,6818191.299141147
871,3.4867799487941003e-09,3505.4873261667767,1.2139168068107962e-09,12135638.802443739,4202692.358776263,358936.7828539639,6818191.299134149
872,3.0536009320759633e-09,3475.914795859302,1.0822497184676139e-09,12135638.796602942,4202692.355005806,358936.7828539639,6818191.29547753
873,2.8620030657020804e-09,3469.2441823656736,9.679331051902326e-10,12135638.790804699,4202692.354468899,358936.7828539639,6818191.295106902
874,2.58308539908361e-09,3439.980518457776,,12135638.78503548,4202692.350642688,358936.7828539639,6818191.2948440565
875,2.4411831328857008e-09,3433.3799938353573,,12135638.77930821,4202692.350101909,358936.7828539639,6818191.29481745
876,2.15362824952288e-09,3404.4219268855404,,12135638.773609621,4202692.346371053,358936.78285396396,6818191.2948014755
877,1.998625921590398e-09,3397.8907406201756,,12135638.767952388,4202692.345832041,358936.78285396396,6818191.294601553
878,1.8403747937603533e-09,3369.2350365353786,,12135638.762323473,4202692.3421865795,358936.7828539639,6818191.294577505
879,1.6620624178796044e-09,3362.772446398365,,12135638.756735351,4202692.341664124,358936.7828539639,6818191.294565841
880,1.545295149879546e-09,3334.415906036879,,12135638.751175202,4202692.338076465,358936.78285396396,6818191.294559954
881,1.3128959715279067e-09,3328.021177988325,,12135638.745655261,4202692.337564666,358936.7828539639,6818191.294557696
882,1.235556295442055e-09,3299.960636768527,,12135638.740162972,4202692.334094073,358936.7828539639,6818191.294495559
883,1.12705846065196e-09,3293.6330448619915,,12135638.734710325,4202692.3335839,358936.7828539639,6818191.294487541
884,1.066990878316532e-09,3265.865372374482,,12135638.729284985,4202692.330320348,358936.7828539639,6818191.294485054
885,9.619330186021707e-10,3259.604198662814,,12135638.723898727,4202692.329819748,358936.7828539639,6818191.294484649
886,,3232.126298288214,,12135638.718539458,4202692.326577887,358936.7828539639,6818191.2944839485
887,,3225.9308327306585,,12135638.713218724,4202692.3260826,358936.7828539639,6818191.294472529
888,,3198.739641261031,,12135638.70792465,4202692.322817796,358936.7828539639,6818191.294469622
889,,3192.6091816314556,,12135638.70266859,4202692.322324217,358936.7828539639,6818191.294459503
890,,3165.7016688972794,,12135638.69743885,4202692.318987108,358936.78285396396,6818191.294458835
891,,3159.6355206936223,,12135638.692246592,4202692.318491816,358936.7828539639,6818191.294458317
892,,3133.0086891949927,,12135638.687080344,4202692.315212692,358936.7828539639,6818191.294437207
893,,3127.0061655498303,,12135638.681951057,4202692.314716209,358936.78285396396,6818191.29443602
894,,3100.657050091662,,12135638.676847477,4202692.31142927,358936.78285396396,6818191.294434606
895,,3094.7174716839477,,12135638.671780333,4202692.310932405,358936.7828539639,6818191.2944333255
896,,3068.643139015548,,12135638.666738585,4202692.307490172,358936.78285396396,6818191.294433015
897,,3062.7658339834584,,12135638.661732778,4202692.306979552,358936.78285396396,6818191.294429373
898,,3036.96338244307,,12135638.656752054,4202692.30336556,358936.782853964,6818191.294421208
899,,3031.1476862979553,,12135638.651806783,4202692.3028346505,358936.7828539639,6818191.294419048
900,,3005.6142454605283,,12135638.646886284,4202692.299208473,358936.78285396396,6818191.294416083
901,,2999.8595010019385,,12135638.642000746,4202692.298682041,358936.7828539639,6818191.294415871
902,,2974.5922313322844,,12135638.637139693,4202692.295296297,358936.7828539639,6818191.294410906
903,,2968.8977885640875,,12135638.632313121,4202692.294770191,358936.7828539639,6818191.294410557
904,,2943.8938810730965,,12135638.627510732,4202692.291392871,358936.7828539639,6818191.29440845
905,,2938.259097120653,,12135638.62274235,4202692.290856985,358936.7828539639,6818191.294408317
906,,2913.5157730257574,,12135638.617997864,4202692.287487507,358936.7828539639,6818191.294408224
907,,2907.9400120541072,,12135638.613286916,4202692.286967948,358936.78285396396,6818191.294406725
908,,2883.4545224446297,,12135638.608599588,4202692.283678907,358936.78285396396,6818191.29440476
909,,2877.9371555777425,,12135638.603945328,4202692.28316488,358936.78285396396,6818191.294404413
910,,2853.70678108314,,12135638.599314405,4202692.279937894,358936.78285396396,6818191.294404382
911,,2848.247186324131,,12135638.594716094,4202692.279448613,358936.7828539639,6818191.294404295
912,,2824.2692367869367,,12135638.590140851,4202692.276003369,358936.7828539639,6818191.294403654
913,,2818.8667989393084,,12135638.58559777,4202692.27552262,358936.78285396396,6818191.294402566
914,,2795.1386130914693,,12135638.581077477,4202692.272269934,358936.7828539639,6818191.294401975
915,,2789.792723681359,,12135638.576588912,4202692.271802629,358936.78285396396,6818191.294401888
916,,2766.3116688238383,,12135638.57212286,4202692.268741181,358936.7828539639,6818191.294401852
917,,2761.0217260231743,,12135638.567688104,4202692.268298038,358936.78285396396,6818191.29440042
918,,2737.785197711008,,12135638.56327559,4202692.265460901,358936.7828539639,6818191.294400158
919,,2732.5506062616364,,12135638.558893964,4202692.265036739,358936.7828539639,6818191.294399984
920,,2709.5560279913648,,12135638.554534297,4202692.262459208,358936.78285396396,6818191.2943998175
921,,2704.3761991301462,,12135638.550205091,4202692.2620665915,358936.7828539639,6818191.2943997905
922,,2681.6210220306725,,12135638.545897605,4202692.259738034,358936.7828539639,6818191.29439956
923,,2676.4953734154888,,12135638.541620154,4202692.259374972,358936.7828539639,6818191.294397786
924,,2653.9770759435814,,12135638.537364163,4202692.257211315,358936.7828539639,6818191.294396877
925,,2648.905031580233,,12135638.533137806,4202692.256858044,358936.7828539639,6818191.294395825
926,,2626.621119218779,,12135638.52893265,4202692.254804271,358936.7828539639,6818191.294395779
927,,2621.602109388822,,12135638.524756733,4202692.254464172,358936.7828539639,6818191.294392936
928,,2599.5501143488486,,12135638.520601757,4202692.252687756,358936.7828539639,6818191.294392761
929,,2594.5835755382764,,12135638.516475623,4202692.25234864,358936.7828539639,6818191.294392201
930,,2572.761056465045,,12135638.512370193,4202692.250281943,358936.7828539639,6818191.294392175
931,,2567.8464312938772,,12135638.508293206,4202692.249930569,358936.7828539639,6818191.2943921415
932,,2546.250972974923,,12135638.504236687,4202692.247868908,358936.7828539639,6818191.294391295
933,,2541.387710127642,,12135638.500208223,4202692.2475233,358936.7828539639,6818191.294390535
934,,2520.0169232060066,,12135638.496199973,4202692.245717637,358936.7828539639,6818191.294390069
935,,2515.2044773628536,,12135638.492219416,4202692.245421504,358936.7828539639,6818191.2943898775
936,,2494.0559980517537,,12135638.488258837,4202692.243675563,358936.7828539639,6818191.2943898495
937,,2489.2938298208437,,12135638.48432557,4202692.243401487,358936.78285396384,6818191.294389149
938,,2468.365319623809,,12135638.480412045,4202692.241742216,358936.7828539639,6818191.294388589
939,,2463.6528954740884,,12135638.476525463,4202692.2414707085,358936.7828539639,6818191.294388464
940,,2442.942040906524,,12135638.472658392,4202692.239943651,358936.7828539639,6818191.294386569
941,,2438.2788331015545,,12135638.468817905,4202692.239694664,358936.7828539639,6818191.294386342
942,,2417.783345415724,,12135638.464996692,4202692.238253617,358936.78285396384,6818191.294383418
943,,2413.1688319482414,,12135638.461201718,4202692.238035088,358936.7828539639,6818191.294382791
944,,2392.8864468627594,,12135638.457425801,4202692.236703264,358936.7828539639,6818191.294371165
945,,2388.3201113900445,,12135638.453675753,4202692.236506063,358936.7828539639,6818191.294368091
946,,2368.248588821091,,12135638.449944533,4202692.235271184,358936.7828539639,6818191.294367939
947,,2363.729920601129,,12135638.446238846,4202692.235089782,358936.78285396384,6818191.294364985
948,,2343.8670443970577,,12135638.442551764,4202692.234013856,358936.7828539639,6818191.294350461
949,,2339.3955382254394,,12135638.438889878,4202692.233853229,358936.7828539639,6818191.294348341
950,,2319.739115905257,,12135638.43524638,4202692.232941817,358936.7828539639,6818191.294348005
951,,2315.314272052871,,12135638.431627737,4202692.232803841,358936.78285396384,6818191.294347843
952,,2295.862134546488,,12135638.428027267,4202692.232017888,358936.7828539639,6818191.294349856
953,,2291.4834586979573,,12135638.42445133,4202692.231897494,358936.7828539639,6818191.294346095
954,,2272.2334600904246,,12135638.42089334,4202692.231166417,358936.7828539639,6818191.294346022
955,,2267.900463283256,,12135638.417359553,4202692.231053288,358936.78285396384,6818191.294346003
956,,2248.8504805613593,,12135638.413843514,4202692.230360635,358936.78285396384,6818191.294345984
957,,2244.5626791258774,,12135638.410351362,4202692.230255413,358936.78285396384,6818191.294345851
958,,2225.7106119275736,,12135638.406876743,4202692.22960879,358936.7828539639,6818191.2943457365
959,,2221.4675274275137,,12135638.403425694,4202692.229510038,358936.7828539639,6818191.294320512
960,,2202.81129779498,,12135638.399991967,4202692.228886018,358936.7828539638,6818191.294317797
961,,2198.6124569688386,,12135638.396581504,4202692.228788874,358936.78285396384,6818191.29431749
962,,2180.150009103293,,12135638.393188173,4202692.228199018,358936.78285396384,6818191.294282377
963,,2175.994943806351,,12135638.389817784,4202692.228103392,358936.78285396384,6818191.294280341
964,,2157.7242438266007,,12135638.386464324,4202692.227517667,358936.78285396384,6818191.294280237
965,,2153.612490973654,,12135638.38313351,4202692.227420297,358936.78285396384,6818191.294280225
966,,2135.531526676642,,12135638.379819427,4202692.226866612,358936.78285396384,6818191.294279921
967,,2131.4626281853907,,12135638.376527693,4202692.226769186,358936.7828539639,6818191.294278674
968,,2113.5694088107634,,12135638.37325249,4202692.2262121895,358936.7828539639,6818191.294278529
969,,2109.5429115459065,,12135638.36999934,4202692.226115869,358936.7828539639,6818191.294278512
970,,2091.8354675408204,,12135638.36676254,4202692.225519915,358936.7828539639,6818191.294278506
971,,2087.8509232588185,,12135638.363547495,4202692.225417963,358936.78285396384,6818191.294278487
972,,2070.327306047785,,12135638.360348605,4202692.224794055,358936.7828539639,6818191.294278423
973,,2066.384271342231,,12135638.357171195,4202692.224689123,358936.78285396384,6818191.294278329
974,,2049.042553098652,,12135638.354009748,4202692.224051582,358936.78285396384,6818191.294278314
975,,2045.1405893463366,,12135638.350869497,4202692.223948185,358936.78285396384,6818191.294271003
976,,2027.9788627664918,,12135638.347745026,4202692.223348416,358936.7828539639,6818191.294270778
977,,2024.1175360740745,,12135638.344641471,4202692.223247967,358936.78285396384,6818191.294262265
978,,2007.1339141542219,,12135638.34155351,4202692.222635418,358936.78285396384,6818191.2941637635
979,,2003.3127953055487,,12135638.338486196,4202692.22253569,358936.78285396384,6818191.294158003
980,,1986.5054111208533,,12135638.3354343,4202692.222014005,358936.78285396384,6818191.2941168565
981,,1982.724075524896,,12135638.332402771,4202692.221924093,358936.7828539639,6818191.294114292
982,,1966.0910820114293,,12135638.329386484,4202692.221431396,358936.7828539639,6818191.294097092
983,,1962.349109650835,,12135638.326390304,4202692.221347058,358936.7828539639,6818191.294096007
984,,1945.888679389421,,12135638.323409185,4202692.220843418,358936.7828539639,6818191.294095793
985,,1942.185654769681,,12135638.320447905,4202692.220761091,358936.7828539639,6818191.2940957155
986,,1925.895979772725,,12135638.31750152,4202692.220272026,358936.78285396384,6818191.294095578
987,,1922.2314918719,,12135638.31457472,4202692.220189853,358936.78285396384,6818191.294095267
988,,1906.1107833728468,,12135638.31166263,4202692.219684866,358936.78285396384,6818191.294095142
989,,1902.4844255919313,,12135638.308769869,4202692.219598139,358936.78285396384,6818191.294095123
990,,1886.5309138359826,,12135638.305891665,4202692.219113512,358936.78285396384,6818191.2940951185
991,,1882.9422839498318,,12135638.303032529,4202692.219028259,358936.7828539639,6818191.294095109
992,,1867.154217988185,,12135638.300187778,4202692.218547909,358936.78285396384,6818191.294095096
993,,1863.6029180970036,,12135638.297361856,4202692.218464579,358936.7828539639,6818191.294094969
994,,1847.9785655829228,,12135638.294550141,4202692.2179909805,358936.7828539639,6818191.294094601
995,,1844.4642020643266,,12135638.291757021,4202692.2179101575,358936.7828539639,6818191.294094581
996,,1829.0018490516943,,12135638.288977943,4202692.217438136,358936.78285396384,6818191.294094577
997,,1825.52403251335,,12135638.286217216,4202692.217363007,358936.78285396384,6818191.294094561
998,,1810.2219832567166,,12135638.283470375,4202692.216887063,358936.7828539639,6818191.294094176
999,,1806.7803284895276,,12135638.280741649,4202692.2168141175,358936.78285396384,6818191.294093988
1000,,1791.6369052475566,,12135638.278026635,4202692.216256964,358936.7828539639,6818191.294093315
