Iteration,Global CG,Global MR,Global LOMR,Inner-outer - 2 inner iter MR,Inner-outer - 2 inner iter LOMR,Inner-outer - 5 inner iter MR,Inner-outer - 5 inner iter LOMR
0,2958963670.564674,2958963670.564674,2958963670.564674,2958963670.564674,2958963670.564674,2958963670.564674,2958963670.564674
1,619392061.7514977,603581263.1611679,604161082.2867159,630918911.8547697,630918911.8547697,630918911.8547697,630918911.8547697
2,280249180.2856279,345409269.1406585,272600272.379181,309516899.46986264,309516899.46986264,309516899.46986264,309516899.46986264
3,178895269.55628827,242641358.8059503,160123298.48153976,83183930.34971936,83183930.34971938,207611009.08296663,175903784.00124848
4,113299724.05768606,184000434.3670409,99000424.48622447,44928097.82058709,35415452.70109579,155768283.70854515,127157700.86158766
5,71474481.61199398,140001212.34743202,64258985.45773895,38810474.36913184,35113730.26346871,123457158.46920651,82321758.78810099
6,48688799.576510645,99969781.1867739,43360016.38195665,35101674.17602154,17453811.52017578,59235166.548196994,70661248.39735577
7,44542602.006066106,77891431.6161562,30502770.11393932,33257516.49094484,16950889.721532974,53728195.736755036,41759754.28528091
8,38235182.59356099,68362870.72297919,25075242.150821023,32775799.812144224,11475378.7973745,50319865.99907415,32265582.45140839
9,31082890.81254738,61117716.08107014,22599580.989675265,32115309.887628574,11133265.479972415,49971658.19146926,22552299.51321297
10,27661595.921220087,55306662.19332948,21247788.890408147,31982709.777787406,8367556.454664644,48360850.13175969,20393705.266665407
11,26366303.25207062,50559877.37082694,20365897.50886013,31992326.74694193,8287393.322944416,47390028.952085905,20196051.010801505
12,25106680.236911736,46252622.678952165,19509862.196382403,31978831.55939638,6874239.473263576,46640744.446985,14063945.047510473
13,24116464.83197119,42473403.718435824,18730108.90693961,31945782.658328887,7061783.676003038,46501117.28844856,12571330.416199008
14,22790394.461813312,39072683.88250724,18035797.56321997,31927957.137715522,5921391.382694955,46334358.11381782,10455293.742869835
15,21828921.23475865,35734228.6842553,17507448.805025384,31930882.783929937,6128960.303511487,46309948.532945655,9283465.453231357
16,21252822.480017073,31358353.466526974,17042102.232742857,31923969.955005523,5203061.36963155,45394894.598673545,10338890.328589441
17,20994667.076009516,27529097.404398218,16606971.686784396,31920741.27361046,5330442.34395697,45067437.9651314,7938751.079729071
18,20816169.522296518,25258676.65684614,16222985.816304164,31917317.707847506,4594083.30877502,44651318.81038302,6922175.298120395
19,20706506.622277915,23496725.783429816,15858293.030052288,31916959.950341135,4713742.180225091,44494118.9809424,6155889.811380368
20,20511749.591869555,22048692.812062494,15484799.269896498,31920163.59474378,4091575.18763835,44339961.18412474,5576095.1277893
21,20288895.389798433,20891684.793512832,15123059.90221327,31919875.63783887,4204727.020398653,44300543.71732813,5599872.9652244365
22,20050515.452289447,19933813.499366786,14684367.328027721,31918621.645866327,3660571.0486338637,44059849.864787586,4861833.625034303
23,19855080.737841725,19118777.174474854,14228494.886389604,31918473.925205305,3747497.8735534647,44062688.17405611,4559078.868273958
24,19668444.314009078,18402208.494221717,13933879.283624139,31918663.321137954,3293081.7401691778,43996788.42270625,4273356.807081599
25,19468027.347109117,17767041.441345327,13686576.03623656,31918212.41828538,3385556.3594582183,44004812.811453894,4058878.9179114806
26,19224024.16574223,17184180.0541922,13490245.046260126,31916884.846651062,2980679.164453327,43729643.62449515,4214921.277066366
27,19083766.771127243,16667709.567298245,13304304.774000503,31916543.142810978,3062848.2865749104,43705157.863115296,3685329.5126864053
28,18974390.73325702,16204071.989948036,13111174.81115135,31916566.953342926,2712208.1290983674,43607767.24138983,3443291.3667918285
29,18904020.929548625,15744778.612646054,12906450.28980208,31916560.304029886,2783889.3284866903,43610721.142356955,3288623.24264652
30,18847741.863303706,15320639.685654175,12659939.54110601,31916329.299646266,2480431.344368731,43578164.02065656,3124533.282985177
31,18790088.124297682,14927056.666764613,12486615.336469848,31916272.227402195,2542035.89194313,43626441.25536106,3329583.679626319
32,18766914.731361907,14551050.438476121,12358508.57206582,31915937.522157412,2273370.4013140057,43524111.70625634,2906390.976234824
33,18779857.165024474,14051555.914728919,12252245.258797185,31915865.916405853,2326055.7236584555,43548710.51209488,2691472.2860764656
34,18800597.472089235,13679806.92417771,12125616.022479733,31915780.27385695,2096779.6672138523,43514334.72112362,2588963.661839436
35,18754154.762207627,13401542.828290803,12014935.397732897,31915716.61548434,2142199.919074046,43527574.117907,2475116.2804249683
36,18709587.606225826,13080001.37545794,11887197.23896711,31915683.35663765,1940802.5394078942,43389291.284774,2608912.54719622
37,18559874.166238204,12811693.619405055,11752907.804389575,31915690.90416161,1981074.7443985885,43420761.58580323,2331240.2411434003
38,18465047.13072717,12626045.391179694,11647974.186643468,31915679.42649624,1801820.6850666907,43378762.482316315,2165935.50286599
39,18349251.79227483,12446144.381340187,11581769.677798912,31915675.855745666,1837061.2360275593,43393910.18779097,2098340.918007348
40,18231791.248316143,12262785.589412201,11397242.155962383,31915661.28523519,1676675.328035893,43377334.51948214,2017998.1814656388
41,18139163.09748041,12077163.336844224,11253941.59043723,31915662.018843163,1711979.4624235046,43420889.422746554,2156756.0720183994
42,18061044.591709103,11940721.197808977,11130672.941841433,31915633.52862954,1564978.0500542417,43359832.35349493,1914821.2166596998
43,17975082.319424137,11821617.524573255,11006711.748090325,31915597.833544828,1595384.238019369,43381997.07754774,1775777.9490766693
44,17890006.191451896,11703070.095533332,10899138.266285086,31915591.8124819,1462678.2339518482,43361519.05009227,1717767.8974367026
45,17830827.99668567,11577913.239498181,10807432.841861155,31915594.314911444,1492647.763343412,43372400.39342347,1665873.380086244
46,17777517.666413657,11461618.961469777,10705686.740313634,31915598.008716006,1371661.7552073107,43288521.306099065,1772757.1768070036
47,17713434.312338635,11330413.457071446,10571708.032724952,31915531.969473943,1395171.0620982056,43318598.490406476,1583158.1475947301
48,17664191.087672167,11256846.611181373,10445486.657558039,31915518.170662347,1286181.8730296448,43293164.215437844,1472595.9786554256
49,17609901.52195393,11127136.922169672,10325502.626981486,31915520.058994904,1311357.6877290513,43306636.28402496,1427849.3100363666
50,17538542.33320016,10960429.72636979,10222329.757801963,31915519.053221814,1209977.021949119,43296379.778451666,1386972.155981601
51,17481026.75776042,10822550.128521932,10083092.90594625,31915518.872766584,1231022.8703060588,43330731.1283529,1479981.1047332333
52,17435530.694870364,10714119.362757757,9966824.207230989,31915520.775195844,1138265.3567840327,43291805.82849965,1322893.340701975
53,17383064.090222165,10611932.367366213,9852562.60621929,31915520.857925277,1157939.695216173,43309078.651501395,1232479.9839600627
54,17327267.028441295,10526683.604270538,9740630.090762239,31915522.55570386,1073545.6286370836,43296361.36147513,1197078.0292890407
55,17269572.077906445,10425549.011555262,9621198.571056034,31915522.500351004,1090634.8231823244,43304791.731183894,1165830.9780684202
56,17214801.725417353,10305083.730482653,9511295.804558624,31915523.40959959,1012547.1044839846,43249884.92985093,1238753.3664085888
57,17166704.457526688,10193196.229952794,9401956.139771502,31915523.44582344,1029802.3849613296,43274214.58805469,1110240.920753254
58,17104854.116311826,10090123.643573299,9295047.430765191,31915523.94370389,958398.6469354376,43257811.32028945,1038140.2673178158
59,17041884.37310114,9983098.3043798,9179976.636272054,31915523.916725617,974018.5881363624,43267327.892596744,1010182.3629724474
60,16985312.311957434,9866245.358131796,9075624.91311082,31915523.988287088,905968.9925951716,43260481.88371883,985376.3057538263
61,16934334.166831847,9750125.314604178,8974155.351183996,31915523.914463725,919917.9176228831,43285930.442048855,1050001.2421675934
62,16888495.139812205,9637986.798416378,8872788.008959295,31915526.998740315,858919.2158764191,43261260.94817277,938788.2906441228
63,16850932.286320303,9529460.235093305,8770336.166605098,31915526.91923,873239.8810725108,43274205.98432691,879137.1511620764
64,16814771.790369492,9421856.619567323,8670154.66244819,31915525.128693987,813529.5042183035,43266203.71074442,856388.5611849513
65,16778084.571309943,9317208.683650415,8573291.20068143,31915525.158318326,826678.0365066609,43272344.496319994,834422.213586169
66,16745957.444328623,9213466.876028994,8489481.781300243,31915532.974737186,772541.9715261296,43235746.497211136,889554.198371409
67,16719458.736884486,9110746.440942394,8396774.853350556,31915532.93361115,784508.8950090065,43254294.23014281,795508.801336093
68,16698623.877224525,9007746.864819793,8298046.606407365,31915528.84983034,733239.6875313418,43243773.769254364,746281.0730856003
69,16673797.701454172,8905595.773253424,8201231.374086486,31915529.024657983,744971.0354214261,43251027.26443781,727127.0914898178
70,16649537.608367963,8806646.027667295,8100920.804886097,31915533.786523785,697000.9499752976,43246372.92920898,708558.9555523272
71,16634618.951058147,8711703.731646297,7996689.869772625,31915533.77285758,708161.3960262261,43265263.59026043,760698.4272078854
72,16612264.730975585,8615967.004425986,7894415.410323182,31915529.020872038,663254.1539940287,43248756.7204416,675233.854217355
73,16594584.004997106,8528340.1234425,7791607.462634493,31915529.17357525,673386.6781233173,43257979.55022988,633562.3010128706
74,16578358.14146416,8437527.407407846,7691293.645592457,31915531.97316241,630993.8002630216,43252665.19662921,616682.9474918302
75,16563113.916953154,8337623.4484087685,7600030.04498656,31915531.799474686,640243.599532339,43257156.769563526,601858.7212617836
76,16549078.867233315,8240392.026125465,7504047.492534038,31915529.392454717,600598.0142433827,43232069.87674993,644624.670033405
77,16538532.094285939,8144381.397191945,7395184.281354745,31915529.422738872,609831.435332465,43245593.38362749,574236.2105334713
78,16533022.764244564,8048019.511632723,7277785.280929024,31915531.106561966,572368.7477109355,43238303.92825233,538879.1160916482
79,16530891.02951625,7950081.142937528,7155431.927118569,31915531.103111643,582134.3960966686,43243498.79368473,524733.4282763911
80,16525782.18818875,7837664.487261271,7036964.286432483,31915529.535798755,545554.5540069827,43240269.145290874,512184.7265593923
81,16522079.256205438,7724649.568327048,6927868.231912519,31915529.58064262,552908.7774763276,43253993.30494065,553059.4773261062
82,16514415.172234036,7613407.872935446,6829666.901357526,31915530.675371233,520216.4335274479,43242663.14132404,488379.0470323246
83,16496023.211621597,7514025.257974702,6731383.349288996,31915530.63526269,528469.098485317,43249143.2787003,457568.6336896085
84,16479553.879720598,7418861.897321567,6638550.097406436,31915529.863149326,496543.9992961572,43245565.10417049,445239.7181670148
85,16451405.637881106,7322842.816249473,6546852.596480994,31915529.873176813,503867.42443183047,43248809.66704278,434493.0789102175
86,16421602.151943939,7219957.981605478,6450287.8714598045,31915530.550531637,473957.95969798265,43230968.139735356,471546.37627217104
87,16401251.121628413,7116030.600816827,6360576.555771552,31915530.54814601,481092.3142017715,43240856.41891979,417078.98603079846
88,16388347.58316603,7014130.547184352,6279512.108191475,31915529.995800227,453271.1972843177,43235856.32663404,390105.1927054124
89,16373691.532194134,6914105.047186427,6193228.41904709,31915529.99548023,460391.44258192513,43239753.00259165,379158.0826898753
90,16360929.334690591,6817975.640747197,6096323.483954317,31915530.342674524,433209.3863896378,43237522.24553882,369975.6168176469
91,16350928.54577485,6725169.635589194,5984475.943408722,31915530.343486257,439821.0057450053,43247870.79574514,406096.30892720015
92,16329207.964001153,6625311.211076786,5882429.360152917,31915530.30348066,414420.1435058799,43239955.68892874,355321.7102249936
93,16308552.13613594,6534291.473069734,5792896.479286383,31915530.302154552,420834.434501641,43244865.1662193,331754.10787258024
94,16287174.952247351,6444651.855276392,5717827.792066029,31915530.29940323,396969.6476219851,43242268.353407696,322023.1198877314
95,16265349.693210285,6356733.852236014,5645644.783173106,31915530.300557755,403383.61915413185,43244645.61154572,313819.1743563799
96,16244505.352182537,6267221.66084609,5573528.5352928415,31915530.316266105,379733.5910180882,43231786.965244725,344937.4545506996
97,16225355.381894631,6173715.134034118,5505605.034769791,31915530.315721925,385131.5667558972,43239061.57635326,302413.47503844183
98,16206132.29389854,6080035.416868341,5445388.078870569,31915530.33986307,364102.21405677614,43235605.26556793,282185.9578600453
99,16186356.110235184,5981665.6856785305,5374556.822615631,31915530.340207335,369840.0447115904,43238473.59606672,273833.19967933075
100,16172467.579377001,5874075.829332333,5281926.766233941,31915530.34649013,348503.0925616466,43236885.781017214,266924.21243894973
101,16150513.459515652,5775597.028990686,5194314.028202781,31915530.347244404,353700.319511102,43244506.45031443,294050.80899852497
102,16131558.30117109,5690190.323242395,5117254.179379934,31915530.31303035,334631.38721044845,43238815.64751319,257580.08116601667
103,16111751.61275948,5616731.394429867,5051113.867870171,31915530.31299667,339852.9679147277,43242413.53993437,240416.10266429043
104,16082342.781074282,5548569.034830758,4990299.207777576,31915530.284579497,320466.5108360324,43240551.436069064,233229.89105662104
105,16052782.54641649,5486717.707621658,4934368.913620771,31915530.28477019,325145.59133196884,43242301.08104832,227587.0113302282
106,16026914.97420408,5426861.462068532,4878124.444548935,31915530.26322823,307963.06908967247,43232940.70930215,250545.4106471653
107,16002634.899611581,5371429.941257188,4824175.416992264,31915530.263973393,312826.78012712405,43238307.70225239,220143.9473185437
108,15980219.10611462,5296548.168797779,4768140.221376467,31915530.273867972,295704.9187928421,43235774.61462906,205929.41346465852
109,15960217.825099805,5216158.982897704,4709690.988676239,31915530.275030598,300031.15908697346,43237858.43173919,199683.75311217277
110,15939025.598888204,5140676.821461576,4652977.255199141,31915530.307593256,284182.2106396606,43236735.28605394,194790.06802020525
111,15916873.782833783,5074590.110956281,4601725.269911626,31915530.30856684,288695.19301550783,43242420.05603807,215428.41365833904
112,15894545.369124448,5012280.956488198,4550614.192827226,31915530.304099362,273128.74866391707,43238355.23800866,189066.3969605398
113,15873979.107880158,4945952.453148241,4499818.252180414,31915530.30513909,277397.67628365743,43241031.73637987,176957.74984034698
114,15851808.942503536,4880408.440681987,4448789.351231527,31915530.314727325,262568.5319804229,43239660.34989372,171657.8024697573
115,15829195.401948933,4818346.983690597,4397827.768587954,31915530.3155737,266810.0253225708,43240981.22826352,167403.20891736113
116,15806123.43737019,4756370.58716914,4346589.557423495,31915530.33352392,252271.93092821477,43234075.34613388,185022.48568302314
117,15786022.459635872,4695530.186887428,4299379.388373662,31915530.335401934,256066.5255483745,43238054.346552946,162565.6607134662
118,15770182.586302929,4635269.373244486,4255617.472880187,31915530.347021833,242945.48880266087,43236233.87325197,152479.34744343572
119,15751146.699970763,4578559.653564459,4210560.830042597,31915530.348117266,246960.9622051298,43237780.89983817,148025.34092681107
120,15732734.055886455,4525421.769666498,4166439.9479537904,31915530.368286464,233791.90164989457,43236959.79164896,144304.63492688202
121,15711022.4416911,4474075.333408493,4124253.5237270477,31915530.37051752,237567.65080865746,43241173.017123945,158664.1011903362
122,15690844.463735955,4421495.847870032,4084070.311230795,31915530.374461923,225217.17056824002,43238171.81529602,140025.9457648023
123,15673151.086670453,4372229.325216257,4044398.150508313,31915530.377147835,228906.98617743267,43240165.168633096,131939.6083007174
124,15654928.949038113,4322405.786155238,4005576.766517516,31915530.367622323,216741.80620838926,43239168.4417186,128112.76567606415
125,15637164.387268726,4273136.157082526,3966653.0892604333,31915530.369766664,220257.55537435866,43240150.53387479,125087.20987600477
126,15618494.639820397,4225904.707542432,3927356.8209713227,31915530.38054145,208796.13797470724,43235061.60471365,136993.01808738403
127,15597568.573275799,4180576.9512718213,3887913.064189161,31915530.38216724,212181.6383586446,43237972.872659855,121314.6480671692
128,15576967.747058103,4136799.040560452,3848003.3198847966,31915530.373573102,201185.12492254705,43236596.51115785,114835.50087651284
129,15558045.010124987,4093394.987654483,3808424.8441806156,31915530.376104012,204224.2527702026,43237751.61975909,111661.52416205994
130,15537566.49050426,4051731.9565091142,3770222.248325061,31915530.345145505,193921.76782978832,43237129.14902641,108984.79186573272
131,15518628.380116591,4009830.7572868224,3732576.192232301,31915530.347296227,197349.22774780053,43240308.800986916,117853.89654362523
132,15499029.11333525,3969861.0639107097,3694457.6443099794,31915530.362764403,187180.30342939647,43238139.36948557,105363.87593097877
133,15479650.652784957,3931317.295669677,3656827.8077607933,31915530.36441577,189964.0636533135,43239644.39728602,99985.24398737334
134,15460271.852482352,3893152.9152820013,3619547.4180975193,31915530.401847836,180491.97203314918,43238901.72000409,97296.43752267091
135,15442022.702102453,3855715.057008189,3583496.156021243,31915530.40343123,183270.803912432,43239641.02284359,95056.70194915032
136,15423563.249960382,3818629.497423384,3548278.048906295,31915530.410546247,174359.1790523532,43235831.5278457,102926.44979906417
137,15404781.683218341,3780730.6344693606,3513462.463933589,31915530.41434582,177162.22035950367,43238033.60473237,92209.63502922824
138,15389289.98472291,3741970.6085354546,3478022.0833923765,31915530.416542202,168363.3195806373,43236995.27501396,87851.66057312558
139,15375030.466992171,3702020.9493593466,3442461.1960001662,31915530.417941917,170981.50310469614,43237878.131071456,85508.02973889872
140,15359430.863835072,3663716.891838917,3406725.580289066,31915530.41496123,162674.52379970567,43237418.4526242,83568.56670637052
141,15344928.794965737,3626259.007417917,3370958.5408230983,31915530.416303467,165583.3756573797,43239810.70250819,89568.823580996
142,15331677.259041924,3590233.5983737116,3335209.12827251,31915530.43060147,157252.26623098,43238158.9023109,80984.04185825482
143,15317849.849627912,3553964.806443424,3299128.173080081,31915530.432788473,159303.66096324637,43239281.16191317,77330.63998477127
144,15304916.2353989,3518425.200931273,3262434.9415529827,31915530.41441031,151948.7395824454,43238726.13793113,75366.8888431124
145,15290608.100600995,3482874.595863881,3225411.936582527,31915530.41716094,154740.4967652196,43239285.62541363,73682.05702046961
146,15276453.748796271,3447608.8127905694,3189618.19537789,31915530.424376648,147002.23079323038,43236438.45692007,78350.67716921997
147,15262046.752797266,3411911.354869605,3154462.0672621774,31915530.42669041,149190.09535824566,43238106.45328579,71241.92049565844
148,15248485.3969928,3378098.4214045526,3118992.652786902,31915530.421575878,142255.56408670903,43237344.58384225,68329.31406147729
149,15236965.014810292,3344233.0264641386,3084451.5636915,31915530.42412403,144726.09566417016,43237999.0862678,66612.64650541307
150,15225160.949279273,3310371.0004598144,3050166.6975629195,31915530.415411152,137775.39294791743,43237660.8278035,65156.0662177916
151,15213248.436143164,3276764.388406932,3016472.7754154406,31915530.415075973,139751.64297013535,43239465.16075493,68738.4251676445
152,15202856.79664917,3242676.5369105698,2984146.1827152176,31915530.401916977,133303.36183700044,43238254.16320125,63003.20913372146
153,15194198.838072734,3207890.309812055,2952333.3806420146,31915530.40294802,135682.55132087792,43239115.000893295,60634.57690527773
154,15184617.78486898,3173302.9462899873,2920332.49474884,31915530.407457314,129190.9804981808,43238697.77205247,59150.03695447526
155,15172864.010875909,3138074.3790667127,2887837.0806967644,31915530.409164865,130933.69502698144,43239108.2050047,57886.85655597514
156,15162206.545785898,3104106.1792151188,2855737.3811866282,31915530.412710402,125147.50601180673,43236964.888181485,60687.25171836978
157,15150238.201394314,3070725.0072235446,2823767.4389429735,31915530.412845276,127502.63292245592,43238215.609241344,55943.14867040016
158,15141714.821636114,3038301.7517254637,2792132.406484262,31915530.468253728,121367.31107964089,43237640.30598809,53955.703984272
159,15132143.038987137,3005034.8882160187,2760480.2394185043,31915530.468321294,123140.07477794668,43238136.14830646,52709.607553709364
160,15121940.154208688,2971823.749279565,2730060.6501531187,31915530.524932865,117714.68293771487,43237877.756812476,51598.724048282435
161,15112264.483022828,2938956.505282734,2700163.609305707,31915530.526220113,119724.47703358962,43239241.103474736,53688.05887146575
162,15104057.224467045,2906595.341575617,2670209.190946328,31915530.538732454,114302.89912447307,43238315.81310615,49866.87614914172
163,15092782.705484549,2874215.3315951773,2640841.0256167776,31915530.53792247,115952.31261724276,43238961.05576648,48219.6276063227
164,15084344.815999862,2843174.888485153,2611555.556583287,31915530.62080215,110783.23326275758,43238652.01821949,47065.11443873505
165,15075157.180995349,2812103.9561056206,2583046.7257418702,31915530.620425306,112631.05087912593,43238976.62995831,46073.686019002525
166,15066235.028416516,2781589.991223809,2555461.807208813,31915530.695500825,107676.31356785388,43237350.67687848,47891.30673691545
167,15056009.071057038,2750985.0955264205,2528516.0574265323,31915530.697586987,109397.49557986569,43238290.810250364,44653.875507059005
168,15046056.0332087,2720868.626333256,2501908.334842296,31915530.723633464,104773.85736590996,43237851.98163538,43208.037396186686
169,15036255.25497526,2690547.0821250034,2474988.6434827344,31915530.72293965,106309.67020840327,43238233.84331089,42202.13057361804
170,15026319.951796098,2660458.338549264,2449265.7991824183,31915530.70958256,101695.62098114024,43238031.02704039,41310.36553690249
171,15015238.198435245,2630039.623719695,2424056.5464473027,31915530.708883148,103260.09788227508,43239073.84727608,42711.87207609046
172,15004300.930246405,2599976.324366175,2400025.86854349,31915530.750065118,98896.63763532907,43238379.28822591,39859.694404690876
173,14992885.754520852,2570308.5713625085,2376419.5312534124,31915530.75107327,100644.34543214075,43238865.78752983,38672.9129378469
174,14981852.162332548,2541835.3878559894,2352344.203958921,31915530.759278845,96255.33878735847,43238634.38598207,37778.628246322354
175,14970760.533045651,2514182.376892865,2328300.4454135336,31915530.759523198,97719.91446710596,43238877.626107164,36975.475980903415
176,14959261.07992513,2487581.392716439,2305311.8320360524,31915530.794321373,93720.43648184703,43237642.72942849,38205.31240578352
177,14947833.51356641,2462013.5659685023,2282422.736501711,31915530.793321617,95487.23027053298,43238355.5100567,35820.24661000904
178,14937147.526982585,2436513.547893739,2260112.591078788,31915530.87334501,91202.22013811172,43238031.224721596,34760.786026149486
179,14925867.943692055,2411311.764673856,2237992.499619827,31915530.873928454,92607.17377915741,43238313.06889769,33978.44945429742
180,14914738.523032218,2385812.4862185037,2215858.7327386034,31915530.89997724,88658.88919603385,43238166.56740804,33301.150072702214
181,14904095.522698272,2359905.149197084,2193772.1470200033,31915530.90117398,90292.55091077591,43238955.05789208,34383.48437479568
182,14892846.781332035,2334899.5272510443,2171989.8146543712,31915530.874861855,86432.77763922213,43238433.60300241,32243.080941558113
183,14882062.799309114,2311109.3395746667,2150948.2740073926,31915530.872470427,87932.70595120214,43238803.09084099,31274.11468386469
184,14871091.012169482,2287677.730195165,2129983.364083405,31915530.839227628,84292.47709746586,43238624.61583567,30529.97874555593
185,14859400.240673916,2264886.35654147,2109423.320667622,31915530.83655167,85720.81721677375,43238809.30780803,29880.45313262176
186,14848010.588912887,2242319.56731343,2088294.767139356,31915530.830878124,82140.33250765025,43237878.10075624,30878.281510271358
187,14835590.695925163,2219391.3647685405,2067051.0037279683,31915530.83052628,83379.67834753956,43238416.79288527,29025.915669174123
188,14824004.478895843,2196868.6708007297,2045970.0001345926,31915530.836295284,80061.29549759408,43238160.94346044,28141.485175834037
189,14810650.152225353,2174309.1694131866,2024740.1830618763,31915530.836176757,81612.53712424154,43238380.4973187,27485.41659239386
190,14796223.24291239,2152590.86672977,2003925.0991383982,31915530.831368867,78161.13404600436,43238266.79408472,26934.326523018528
191,14783397.267011097,2131206.2632637997,1983687.2421912085,31915530.830986053,79481.98302869641,43238866.17850009,27890.454552178697
192,14769990.226108056,2109252.001764943,1964043.5605720526,31915530.82706029,76309.74085790053,43238470.18116343,26290.558447355856
193,14756457.028882235,2087680.1639790607,1944352.9050343996,31915530.827757988,77854.67783387014,43238760.148535766,25520.684391586303
194,14744275.729874697,2066452.4273836834,1924517.4890574922,31915530.839835767,74550.26927774258,43238624.58311046,24931.4953587205
195,14731128.3610267,2045654.9677166913,1904682.151528577,31915530.84022016,75794.3715974624,43238762.23613931,24408.523612556743
196,14719060.987852788,2024995.3051604622,1884808.8243322975,31915530.83777602,72745.81151248397,43238056.62587565,25336.42847203266
197,14707723.284278149,2004832.3546144566,1865140.4685072475,31915530.837436546,73970.7157000699,43238468.94459166,23786.540535754866
198,14697133.282981122,1984206.596619874,1845162.4970535026,31915530.829994116,71027.65098835074,43238276.606690064,23084.226040028552
199,14684881.859464437,1963396.4231849513,1825109.266599954,31915530.82955596,72374.22231388523,43238439.48949684,22518.997004783694
200,14672964.64286255,1942476.9235083268,1805190.4354562783,31915530.839586843,69398.69777657842,43238351.81857234,22016.34219914913
201,14660902.700188825,1921418.6067580695,1784627.1250194404,31915530.839751374,70606.34192466263,43238807.767173044,23104.060750292
202,14649955.984937113,1901193.031321591,1765221.9988993893,31915530.849733714,67831.17185356982,43238505.430531904,21649.57274811954
203,14639073.954586046,1882014.6159945887,1746221.0362625963,31915530.850038964,68985.33556485771,43238722.96433168,20961.324069835737
204,14626876.323942948,1863115.6960594787,1727778.8948061473,31915530.849889714,66228.1432029642,43238622.99267183,20454.623366588214
205,14614779.826444045,1844054.8345563777,1709715.1290476546,31915530.849618107,67643.30423655332,43238729.92806736,20019.463329263428
206,14603569.111643951,1824653.252273987,1691206.8925306518,31915530.83656008,64850.85268170125,43238193.21084098,20914.42277965779
207,14593492.587988758,1806092.3757238656,1672348.916694574,31915530.838204805,66118.16184449107,43238507.37437269,19685.81336160152
208,14582488.975021048,1786943.832160916,1653819.9934224086,31915530.836732246,63375.79287051104,43238361.8156141,19067.399825206427
209,14571832.290541185,1767526.2870472982,1635812.1918012123,31915530.83550376,64459.86742099623,43238488.1538124,18590.25580557254
210,14561539.335547514,1747689.9517291856,1618028.3554845927,31915530.847152084,61941.91958619478,43238423.2894216,18185.389070834106
211,14550989.46321843,1728224.9651572614,1600255.5137934722,31915530.847156994,63241.45402367192,43238770.95037282,18962.531429855473
212,14539682.146544246,1709417.4463598055,1583023.2026718564,31915530.84817352,60560.8736055447,43238540.23974726,17826.8471494598
213,14529852.915311307,1691207.1313723878,1565509.2708763464,31915530.848833982,61586.018998089945,43238709.14770853,17285.271815627726
214,14518677.192181831,1673457.374641513,1547639.2364556708,31915530.85320582,59186.4266465692,43238632.99452247,16862.684206925336
215,14508713.1138368,1656008.458855346,1529871.6937963339,31915530.85119776,60451.24770924165,43238714.704518944,16482.56726175939
216,14499055.401864814,1638149.1076943628,1512414.9350563614,31915530.85212951,57905.189288857444,43238304.838088565,17216.253939951792
217,14489546.71737659,1620124.0991966554,1495576.4894925144,31915530.853061497,58882.15099983847,43238541.88171338,16196.627807484874
218,14479731.5959034,1602606.831655441,1478626.9680028032,31915530.853702575,56612.43419534152,43238430.691171736,15697.720784886009
219,14469875.960204413,1585906.1216529068,1462172.5488141205,31915530.853788264,57729.53275388824,43238525.43714099,15305.098447508399
220,14460015.465721067,1569544.8725922685,1446898.3207330045,31915530.855716713,55421.84040523883,43238475.67184453,14987.82006848604
221,14451190.453245014,1552544.017748218,1431819.5179130097,31915530.8548366,56551.71030749082,43238741.00086385,15755.266738019598
222,14441893.233906401,1536022.4478484127,1417007.320150989,31915530.857299514,54268.22645112252,43238563.471251406,14803.380632033959
223,14432848.055730887,1519954.60615663,1402113.3559810424,31915530.856621534,55283.27355274581,43238692.02695793,14329.854015441062
224,14424373.507314634,1503604.2087859472,1387478.449855438,31915530.858770814,53069.369656571755,43238632.96911798,13973.884625476037
225,14415167.1122382,1486979.2861313152,1373570.9385492657,31915530.858154412,54116.255775266145,43238695.61150094,13664.043907093122
226,14406995.241425134,1470798.3338692784,1359046.6587579607,31915530.858037326,51970.452658866445,43238385.05056973,14298.812324441005
227,14398513.90934308,1454719.0138283214,1344645.0618994364,31915530.856998693,53132.5843554178,43238567.065836124,13448.188439485582
228,14389525.416878667,1438823.45317936,1330531.744208703,31915530.859519526,50946.04230543335,43238482.232651815,13063.536268929574
229,14380538.362321006,1422583.3902789701,1316869.287308262,31915530.85814643,51663.45551392901,43238555.58948008,12735.6302078688
230,14372194.506137433,1406465.9446382353,1303133.812534499,31915530.85728306,49748.89632925373,43238517.94626171,12458.711839220245
231,14363526.858944062,1390545.241010825,1289192.3923377062,31915530.857490238,50894.15135412641,43238719.93641879,13172.518150034146
232,14355407.198351083,1374578.3845072074,1275777.5952027212,31915530.854331475,48850.27325199767,43238587.26336545,12395.15748019134
233,14346535.788356306,1359310.2091675955,1262636.424812959,31915530.854539707,49761.0882580735,43238684.17714674,12003.447061891617
234,14338059.014660714,1344458.767692381,1250041.195762382,31915530.838882565,47870.46407040881,43238639.60136506,11694.199632647647
235,14330056.093068285,1329944.268221338,1237992.972698042,31915530.838910785,48969.59291714199,43238686.30618632,11426.150137099141
236,14321905.739412017,1316100.5808033294,1226254.1509502712,31915530.823278975,47013.86163528559,43238449.62763151,11948.766240469484
237,14313397.462297317,1303052.0588744155,1214507.7377026011,31915530.822404407,47920.33848196255,43238587.555544525,11291.494210803276
238,14305016.864776837,1289947.9752097952,1203010.661680525,31915530.821487732,45964.32310869325,43238522.64062778,10939.239648045948
239,14296164.765315777,1277245.0432687465,1191725.7489071307,31915530.820913978,46869.74132260333,43238577.92893102,10654.738946199666
240,14288273.331834994,1265105.4135597944,1180317.8370911207,31915530.86089019,45111.90056527096,43238549.35757369,10420.471233591476
241,14281183.599985382,1252574.505711022,1168969.2895606055,31915530.86029583,46009.563066949486,43238703.821185976,11042.565183549312
242,14273851.418067932,1240173.270968344,1157804.6106635104,31915530.858076863,44240.850601861195,43238601.88898161,10389.849005732904
243,14265425.396722095,1228147.0576234309,1146938.8157868974,31915530.85705941,45108.8333216171,43238677.48880323,10052.697953230594
244,14257184.861296637,1216215.3924273038,1136466.4217326844,31915530.852852996,43368.92482484357,43238643.504320905,9791.583904626717
245,14249771.86389654,1204481.014014863,1126000.730096245,31915530.852467455,44186.601100882566,43238679.833971076,9567.617076844655
246,14241246.628958473,1192802.4864752241,1115598.7946969275,31915530.893111236,42452.5094300776,43238497.97388362,10245.602830593625
247,14233306.7302199,1181277.330879031,1105205.4026375962,31915530.893624205,43381.54532816483,43238603.71954703,9637.25992056493
248,14226038.63391808,1169888.7219466073,1094783.9720350546,31915530.92861053,41661.70460505388,43238553.9229346,9320.671696299658
249,14217846.519861735,1158981.4742939419,1084401.4138975202,31915530.92929075,42386.313365004906,43238596.46977805,9075.021733914202
250,14210278.280988118,1148120.1614358795,1074198.6487410467,31915530.961288128,40798.70823710188,43238574.72584855,8858.54388554374
251,14203035.071581533,1137545.9855853943,1064187.0543335688,31915530.959427405,41645.67086337967,43238692.37717398,9503.928977375872
252,14194727.222324995,1126902.621127395,1054506.8765775915,31915530.941542912,40023.732742005865,43238615.1749064,8920.342873311949
253,14186980.46130858,1116372.5896809993,1044925.4763540839,31915530.941171635,40758.44555804552,43238672.600064844,8612.049455499426
254,14179949.537228826,1106055.8425516274,1035331.6678673101,31915530.935344122,39176.55718326407,43238646.378825866,8356.78046024884
255,14172710.298142748,1095812.9755503647,1025980.0436209103,31915530.93465695,39986.53784340691,43238673.973343186,8147.086984654305
256,14165685.636229321,1085691.7045433936,1016583.4419309294,31915530.940770347,38465.35856754772,43238535.98446436,8736.240541296129
257,14157406.244305165,1075655.0239855968,1007395.7319741148,31915530.940516714,39131.72768212335,43238616.7501034,8186.224296158676
258,14150824.910925936,1065829.9497249962,998092.8801750559,31915530.951415464,37678.86446179948,43238577.78559194,7910.202984864697
259,14143101.675867192,1056045.4867779755,988845.9832784394,31915530.951074034,38501.558490209296,43238610.39358136,7689.789508978218
260,14136221.126033084,1046302.5973330515,979616.8804041428,31915531.019942604,37024.00932153187,43238593.87573302,7492.819884865447
261,14127317.661493167,1036604.1083345741,970456.856734214,31915531.019448,37662.05576115306,43238683.85788862,8082.052531493279
262,14117967.910887951,1026950.9460245412,961421.6669571098,31915531.061407387,36333.778640746765,43238625.06044546,7553.92700963274
263,14110735.27858455,1017530.249273727,952144.2709784441,31915531.060882434,37115.43970367178,43238668.71083067,7277.197627073828
264,14104239.361659326,1008173.8459717165,943137.0293206868,31915531.081076168,35675.8651530283,43238648.88533578,7054.8250887087825
265,14096447.515385635,998942.9080799596,934482.2060870708,31915531.080830943,36281.079671937914,43238669.35475412,6873.579926606194
266,14088940.294269718,989770.508066659,926123.3844123181,31915531.155620597,34984.28858718715,43238563.91473717,7488.445520672389
267,14082299.72430287,980708.859872584,917799.4872753967,31915531.156332437,35825.40881156948,43238624.438555725,7007.65986389527
268,14074532.055751855,971583.2305370658,909454.3219437263,31915531.098783765,34409.01839849167,43238595.24571698,6737.179092856258
269,14067206.389519786,962453.5200839012,901403.875910707,31915531.097029556,35113.441695749905,43238620.304504685,6535.538685861875
270,14060317.761409706,953439.2063153044,893673.1510403183,31915531.16786365,33821.48491930738,43238607.508209206,6361.726152704195
271,14052925.474037291,944699.7124696092,885953.1860363182,31915531.167577326,34521.19863099884,43238676.34535582,7025.1952646100945
272,14045773.174899979,936051.5261671306,878045.5569869813,31915531.161742635,33155.595157202784,43238631.62127069,6509.176260185243
273,14039249.57500348,927542.3476327982,870152.3909811974,31915531.161679372,33924.688526303275,43238664.625593856,6251.0554634624195
274,14031588.342102975,919178.4877043734,862278.1724207842,31915531.23947918,32595.036424334256,43238648.86399754,6056.489555158168
275,14025383.034549348,910883.4193571806,854667.8932185582,31915531.237741508,33222.14670003519,43238664.78808279,5894.791670054622
276,14019321.416542267,902752.9804864837,847053.9511912466,31915531.221555203,31982.962031468596,43238583.7303579,6466.5454138646055
277,14012891.925948398,894512.2084750815,839647.8898832976,31915531.221206255,32635.115957454447,43238630.24593676,6017.333632470386
278,14005414.911242625,886400.3162260486,832343.974938105,31915531.21603657,31429.210847590093,43238607.7433891,5786.265995204504
279,13998453.23487112,878489.14586686,825145.5596981838,31915531.21587321,32205.751526532767,43238626.89987109,5609.274757821537
280,13992400.834476931,870612.3403861573,818077.1385298556,31915531.19860305,30920.129983149767,43238617.21635511,5445.835135750042
281,13985488.552394394,862925.8578962734,811066.1544241093,31915531.197709087,31556.66880745487,43238670.07080261,6045.1528209451635
282,13979293.84313754,855311.195640091,804165.56256976,31915531.19547652,30301.946705203904,43238635.89213294,5571.2550585336385
283,13972506.34764783,847657.0996906153,797317.4869136467,31915531.19533301,30979.180364577416,43238661.16196982,5329.031551446107
284,13966977.515273493,840073.4830522564,790478.7345733028,31915531.21451183,29800.980836230727,43238649.032160014,5149.518509091471
285,13960304.413379598,832566.3952215884,783781.3758137175,31915531.21485103,30481.691579552346,43238661.31847711,5004.252228228187
286,13954166.620111499,825113.7501365192,777005.9269635377,31915531.226745356,29284.036959221463,43238599.524453506,5577.036605765723
287,13948356.843837323,817817.0238765734,770285.1539672884,31915531.224920798,29951.23149217822,43238635.55054423,5169.958384349832
288,13942080.583647693,810602.1576956444,763696.6529636814,31915531.22210345,28809.054403960574,43238618.335629955,4947.649228969634
289,13935971.272265157,803444.2240328124,757065.7656572114,31915531.222417317,29369.891982540405,43238632.97230644,4796.129034416044
290,13930033.220182465,796404.0986436416,750432.8652744237,31915531.24957098,28265.422418627215,43238625.495456904,4657.460367539846
291,13923930.738872308,789362.4225585003,743943.3027050132,31915531.24917322,28840.37847662738,43238666.06569555,5235.42867179963
292,13918501.729269978,782562.1321700301,737478.1665367336,31915531.27008048,27730.463522952155,43238639.73955458,4816.464737172588
293,13912526.971358312,775802.0062190788,730961.832736136,31915531.27223092,28396.4678286353,43238659.23842864,4607.183994419257
294,13906519.104435716,769128.046645955,724530.4577437164,31915531.288885146,27259.656763987772,43238650.33057398,4465.542481609546
295,13900135.770575754,762416.2550744545,718297.7075079473,31915531.285847,27820.550630971346,43238659.774338245,4319.0383385019295
296,13894333.088972995,755732.3394635764,712270.0016154776,31915531.280650586,26798.31779472542,43238612.368197046,4995.843961587627
297,13888704.496456394,749040.5549312782,706232.7101361537,31915531.28015688,27402.083015184046,43238640.273532905,4542.813180476222
298,13882548.349469328,742489.8702082728,700234.0041055232,31915531.266402192,26297.626741752374,43238627.12741512,4338.96034784758
299,13876761.960522149,736010.2141762839,694222.6506710693,31915531.266803388,26955.148546710305,43238638.31199347,4182.036259000228
300,13870671.197750082,729447.9637010087,688307.181754801,31915531.250238065,25841.271404394774,43238632.5736873,4055.8885759951695
301,13865192.891093949,722890.7977840008,682375.3165930399,31915531.250693955,26488.46144203332,43238663.91987005,4647.155569457823
302,13858904.67066319,716454.333788638,676572.8565121728,31915531.268645346,25394.65948592793,43238643.48799261,4257.389874809523
303,13853418.48516886,710131.7230090068,670806.4372046188,31915531.26708708,25868.395259867975,43238658.31379273,4031.7768911223966
304,13848408.721701825,703786.3985969046,665061.5084562529,31915531.28947864,24870.37174318424,43238651.458688386,3878.1606787639694
305,13842224.892248008,697539.5398643041,659242.3136061265,31915531.2886386,25576.918209199095,43238658.65872329,3754.8352749356063
306,13835621.101665737,691435.2306792529,653546.3268032908,31915531.29307221,24489.022010566776,43238622.03610486,4303.9457000889215
307,13830161.409898113,685417.9376298446,647844.554913672,31915531.29302756,25021.79206981087,43238643.09034737,3921.425371827708
308,13824772.535834763,679420.8997527669,642188.4630798014,31915531.287655585,24032.632852061564,43238632.98448513,3742.652235263068
309,13819347.812098248,673558.496211485,636586.9129002482,31915531.286767274,24598.41624312685,43238641.493107155,3591.202668584657
310,13813724.296518303,667792.4038146001,631062.7534172556,31915531.285880856,23589.37264305231,43238636.938241765,3463.4436609955183
311,13808762.690819759,662114.9092260386,625594.5376915765,31915531.28665794,24253.638532416437,43238660.96829007,4000.6235049591874
312,13803137.940865163,656516.6704425971,620159.3420818945,31915531.28316204,23246.350005313176,43238645.17388802,3647.1684194042796
313,13797981.031537741,650814.3982123223,614761.5983877738,31915531.281725243,23768.938637659874,43238656.54277618,3459.909218817014
314,13792270.402156213,645157.4895180496,609462.2994254591,31915531.28264372,22795.055734114547,43238651.10156562,3322.004314056115
315,13787598.482409026,639524.8463212795,604207.1612040289,31915531.282128848,23501.657764599157,43238656.728634246,3226.3421535721086
316,13782698.285021415,633915.912848545,598943.4354590379,31915531.277163174,22454.93206405818,43238628.490575016,3801.654134255588
317,13777589.592011401,628395.847517124,593779.7177460248,31915531.27874677,22999.833706926143,43238644.90236819,3432.3997179180265
318,13772805.92469349,623020.9817820281,588620.5797760949,31915531.28628601,22008.497643909737,43238637.29537473,3250.4575950301914
319,13767524.748795442,617613.5854683254,583620.5598194043,31915531.28606862,22657.026656289592,43238643.92088822,3120.323013620863
320,13763147.380252056,612193.6051496876,578582.9971603517,31915531.281023312,21640.003324147587,43238640.46793368,3016.8469683312264
321,13758661.457898302,606782.4031311674,573626.2569008782,31915531.279897906,22178.75924133312,43238658.96614195,3568.0549181425586
322,13753931.919629607,601489.0100834818,568724.6551745962,31915531.289584395,21240.924181983577,43238646.90210048,3192.6883514360234
323,13749338.020880684,596294.5126635939,563957.3657901523,31915531.287666902,21856.845826929504,43238655.77465166,3017.8555375441247
324,13744510.26543631,591164.9656191032,559264.6134125976,31915531.28988299,20897.403585511318,43238651.62381814,2881.382722602138
325,13739636.580653341,586029.309405659,554536.9986774276,31915531.28961862,21451.061287898912,43238655.94997652,2775.5696355820096
326,13734728.67154421,580987.5814651469,549945.1723100105,31915531.304800242,20536.996417813014,43238634.35369267,3254.65419091661
327,13729343.140756845,575997.747774138,545406.7327932591,31915531.304543335,21137.08978859772,43238646.93802362,2936.6813667422957
328,13724480.546782933,571038.2588199946,540839.6223231442,31915531.31846746,20237.12661517581,43238640.88500272,2779.7088540826517
329,13719303.975504434,566112.1189846582,536365.6230555845,31915531.31769793,20794.91519710797,43238645.996027894,2673.208530701148
330,13715335.522506041,561269.1501914429,531989.6649038134,31915531.326504715,19874.48345955189,43238643.285972714,2589.580809989072
331,13710513.285746993,556618.0503095273,527559.3400019034,31915531.325032,20490.587828376814,43238657.416450016,3112.3245485080297
332,13705940.578082036,551987.7029232694,523104.9116585439,31915531.328746833,19594.73215157041,43238648.14570551,2789.6936010059567
333,13701231.731153723,547347.8309600763,518812.40686587675,31915531.328851644,20154.00922844266,43238654.99501646,2611.590140712782
334,13696379.366055787,542814.1987541519,514542.8433825765,31915531.332641292,19248.952795464138,43238651.93228209,2495.309210358548
335,13691831.709471088,538301.507059013,510192.83504942537,31915531.332483675,19860.987569015102,43238655.18702847,2393.4354522885883
336,13687061.307951117,533878.7187585741,505956.4595289169,31915531.321977913,18928.661320011266,43238638.59386538,2869.143241988901
337,13682361.573239855,529557.3622244472,501740.9243213796,31915531.320952155,19421.692710157844,43238648.18486567,2573.1466086599394
338,13678116.742841814,525250.7379933267,497454.23298662953,31915531.323667876,18578.634842489002,43238643.62332134,2414.158071109172
339,13673637.177048773,520957.1861759566,493159.3861460258,31915531.3247315,19118.681136607105,43238647.516372986,2301.378008915993
340,13669345.340614118,516497.3329752192,488930.64539623156,31915531.32855467,18265.87539577336,43238645.47478743,2209.469226069872
341,13665057.765534433,512132.61946283863,484764.2132582811,31915531.327463172,18807.15811010907,43238656.313023835,2703.9820594684466
342,13660639.810094673,507858.786894256,480691.37501992565,31915531.328110233,17950.157838675113,43238649.272672296,2391.8726843804343
343,13655941.422229454,503565.30837976537,476603.4583968305,31915531.325842217,18472.949351456795,43238654.58856514,2258.1521424623093
344,13651525.139564365,499311.7317544994,472658.012170024,31915531.32874597,17609.09126101841,43238652.21560057,2148.243314585482
345,13647640.51156789,495085.3473444105,468668.85704127746,31915531.32875675,18073.632861735616,43238654.75310571,2055.330940221208
346,13643276.430177027,490744.3597797024,464776.4062469158,31915531.33196574,17300.006085413454,43238642.0066056,2541.346873244578
347,13638545.21056899,486529.8560782393,460885.18129349564,31915531.332307838,17875.981288560284,43238649.35145322,2235.5294270877184
348,13634338.250870224,482314.724392853,456972.8343715072,31915531.330834992,17096.22927133543,43238645.85693488,2098.5214393636948
349,13629734.725698585,478114.63989916834,453081.58023182896,31915531.329924818,17665.763786894488,43238648.803438716,1998.9605825742697
350,13625582.41588778,473963.64148520684,449294.526149762,31915531.33927608,16800.58411585055,43238647.2172442,1912.6348510248697
351,13620938.32823467,469898.62306241126,445540.4437729595,31915531.33865376,17272.42217660211,43238655.55993862,2334.853564289287
352,13616200.363910541,466009.3922691899,441804.4873788028,31915531.33793942,16500.745408276172,43238650.17020912,2059.8265179510295
353,13612222.096721195,462182.4538271962,438083.36769056687,31915531.337709133,17015.170030016463,43238654.16680969,1925.3317270457637
354,13608057.521940472,458364.8420814728,434382.155145651,31915531.336856075,16196.689430072352,43238652.33164276,1831.2007144505271
355,13604014.354829356,454584.31885789754,430753.836950689,31915531.33659464,16656.108885818467,43238654.25971549,1759.0913734696178
356,13599607.613296121,450730.96262874966,427148.0629370034,31915531.341758836,15914.454050021177,43238644.51898252,2282.042312384104
357,13595951.693461254,446999.1440316662,423572.3559259729,31915531.341541033,16490.538843212948,43238650.09115536,1973.704215760279
358,13592002.384338101,443177.7741022639,420091.16337881616,31915531.347601686,15692.08018281236,43238647.39586808,1820.684803529183
359,13588080.000816256,439368.5189966192,416634.32930434134,31915531.348818183,16155.207638520998,43238649.70941639,1727.0422239642799
360,13583285.753166571,435619.79786255554,413294.0478756813,31915531.35513384,15405.051822171186,43238648.541317016,1646.5871831269505
361,13578776.354558997,431996.61812524684,409993.77426153957,31915531.35370668,15934.842617980645,43238654.9636223,2081.097941310033
362,13574791.68155737,428322.9482771855,406772.9949481246,31915531.355101854,15175.388646075051,43238650.78437826,1802.781826153881
363,13570334.282516122,424687.82684557914,403514.66789929604,31915531.355193783,15633.162729116224,43238653.85724947,1680.6921748998336
364,13566348.71387787,421156.5919339003,400275.1934603535,31915531.353100233,14919.154819480016,43238652.4210968,1590.5163349676027
365,13562526.794731995,417651.1445499594,397053.9076961797,31915531.352573544,15517.857896202517,43238653.91027856,1526.6553651357087
366,13558491.273892019,414143.28363556106,393803.413924313,31915531.36174094,14739.284931370905,43238646.38070547,1955.3819011496719
367,13554524.623749949,410670.50639386347,390622.93276393716,31915531.363328133,15239.569363468974,43238650.70380024,1682.1956730663167
368,13550783.752032435,407267.6383987428,387500.60121783556,31915531.36963362,14430.579615553328,43238648.657458074,1551.3198811447596
369,13546820.524503784,403976.95340639004,384476.281837121,31915531.36796332,14967.055975488973,43238650.40486437,1471.4845264236085
370,13542870.480692375,400781.6627025502,381454.65852841554,31915531.374834877,14240.096766283998,43238649.500016056,1408.17379344023
371,13538862.529421031,397619.65256013273,378444.4859936658,31915531.373674553,14708.890029296437,43238654.38960299,1731.4889623367042
372,13534903.820350526,394485.3714665455,375554.1479927484,31915531.387130413,13961.180128456175,43238651.18063969,1519.4436247243632
373,13530846.973665873,391354.62585016375,372667.33911634324,31915531.387700077,14513.312877828284,43238653.54197543,1408.6612094953634
374,13527105.400863603,388277.92478391505,369763.9337478768,31915531.387199476,13744.101695215808,43238652.455640785,1334.3048451930197
375,13522966.054437073,385230.6953932404,366821.91647928546,31915531.38692369,14150.581200909111,43238653.58706346,1274.3727356833163
376,13519172.501907445,382169.0196344324,363938.77106096124,31915531.392183226,13427.699291741827,43238647.8326477,1663.1352401291126
377,13515035.532133814,379123.1242003578,361088.40889462,31915531.390209217,13911.86269326528,43238651.13079632,1428.1112395461157
378,13511087.57010672,376091.0922583043,358278.69569550897,31915531.395108156,13222.881358673203,43238649.5558839,1322.7958514366364
379,13507028.41213621,373103.6663451733,355499.5213385287,31915531.395271346,13712.637246800525,43238650.89824536,1250.3073316397522
380,13502760.55987802,370120.97025360755,352703.72018715757,31915531.39618054,13013.985162023404,43238650.222431205,1195.9066254320705
381,13499006.720489867,367205.8940069597,349966.35073072376,31915531.396628,13489.651266964569,43238653.97978016,1486.1967548447597
382,13495276.81404556,364372.6640069206,347243.917080005,31915531.39854805,12788.91282495679,43238651.51717011,1302.738713931436
383,13491274.673210502,361537.0701267331,344506.18857028754,31915531.397409856,13249.303914713058,43238653.36116307,1216.9080543515295
384,13487111.599433016,358666.56449405744,341778.3344044268,31915531.39978103,12551.41415063645,43238652.50171854,1152.3595136350466
385,13483554.766139237,355836.1285893241,339120.3260231879,31915531.398822047,13059.056946142737,43238653.388950445,1097.8791643289997
386,13479609.430336218,353115.10807430826,336495.9620317484,31915531.398159813,12408.097477091336,43238648.95509624,1448.0033416360186
387,13475742.245569324,350381.15565247,333922.7068336833,31915531.39882835,12861.054743019113,43238651.48873765,1241.1920426720133
388,13472337.553047301,347689.17764572334,331330.3187557636,31915531.397359215,12200.890754321357,43238650.28249603,1144.9236202904162
389,13468603.514169488,345003.36769554584,328697.7889216012,31915531.395745337,12669.991528884082,43238651.306210734,1073.7644802599368
390,13464544.478901237,342311.2794304523,326043.7912894368,31915531.398415387,11998.64673894351,43238650.76844029,1022.0117089881874
391,13460663.887022799,339607.073448533,323359.9143697409,31915531.398362394,12458.226822656616,43238653.64646984,1323.7719297301544
392,13456370.307930425,336971.7003496849,320761.0674500571,31915531.40141587,11791.429692002997,43238651.74893582,1132.7708058217722
393,13452367.971041432,334317.7671082229,318234.6088086228,31915531.402901337,12207.549972718634,43238653.116738595,1046.631666242386
394,13448026.86504302,331668.0207849682,315704.5248029058,31915531.403662372,11575.124247096504,43238652.44702548,984.3801656124839
395,13443792.377209874,329048.1130303695,313233.8830161377,31915531.401302166,12055.777937197356,43238653.10606182,936.3887785091798
396,13439803.877911635,326473.83669383504,310764.43020427675,31915531.403670643,11399.622902642457,43238649.72210774,1322.0329706035361
397,13436029.190856675,323878.8534426623,308310.2133887636,31915531.402982425,11837.454541253443,43238651.69140943,1103.044038192136
398,13432161.504801815,321350.64623188786,305833.6090189332,31915531.405364346,11201.526912067067,43238650.792474546,1001.1729607323064
399,13428635.027935162,318761.9743694551,303393.0331805689,31915531.405647475,11701.667158740376,43238651.59874727,934.460440209094
400,13425348.27553833,316174.54310240503,301010.04245358094,31915531.40557138,11041.114308975084,43238651.183890745,886.7154413326238
401,13421927.061081255,313588.39789445203,298651.18101873115,31915531.405744474,11446.11821996454,43238653.38970113,1146.2192353802852
402,13418305.55663342,311061.03915242414,296293.6913697585,31915531.40993968,10815.351360284638,43238651.94424023,981.8469058276817
403,13415234.012698548,308513.1376598964,293915.7946338768,31915531.4084884,11280.171747637492,43238653.00337079,899.6281132710182
404,13411792.363749512,306039.84699321404,291561.89951792796,31915531.40915051,10665.055235020503,43238652.50971804,843.3350944822377
405,13408243.02103291,303610.19490644376,289227.3795297239,31915531.40933494,11184.853916466252,43238653.01274776,805.9020360624596
406,13404631.920253122,301204.5772298926,286966.88715155,31915531.41407343,10508.885182066844,43238650.42380028,1056.0077532437167
407,13401037.440532355,298813.4513728385,284777.0869045847,31915531.41342958,10997.631549724154,43238651.92322216,910.0833980102974
408,13397446.208134446,296418.42432746507,282537.4601452551,31915531.4192373,10358.643591553324,43238651.234498814,837.7022469756012
409,13393649.5250904,294069.3077876996,280276.0613590071,31915531.41846674,10754.265966247855,43238651.83996098,787.589695677066
410,13389952.17296879,291761.88030333543,278097.8343105745,31915531.442838944,10144.49222100003,43238651.525984064,747.8000464262218
411,13386349.509643076,289509.5165506505,275937.69767113484,31915531.44436402,10559.567476494112,43238653.21070283,1040.4188831529718
412,13382635.013331782,287245.6157732457,273770.5959687698,31915531.456546843,9944.661807682774,43238652.10267478,874.7035066935084
413,13378946.472910766,284965.2253494411,271654.45322000276,31915531.454701602,10288.22742716249,43238652.923115574,797.6387291534901
414,13375531.076455293,282703.6913140263,269523.18147787557,31915531.45657117,9743.55646837603,43238652.55307274,743.2396864252015
415,13371534.712807972,280432.5562502976,267426.0108136392,31915531.45531464,10104.736600072265,43238652.94611179,705.3841645059138
416,13367863.317088494,278221.7295299149,265328.39886833687,31915531.44859942,9577.827334112268,43238650.95163892,957.9348772929254
417,13364616.750216302,276028.27392497746,263295.77236592374,31915531.448555183,9931.771020269647,43238652.09114876,811.0671671442711
418,13361185.185592797,273856.7372889554,261211.80994784812,31915531.44592055,9379.688407065767,43238651.54183525,736.3859355546913
419,13357293.318426417,271687.49382304016,259153.78590959564,31915531.44567028,9803.889200253361,43238652.00013443,686.2647430879214
420,13353770.517800272,269525.1574902499,257109.8197234941,31915531.45309875,9239.460035053162,43238651.75220834,649.4778025760686
421,13350293.506542077,267342.3317035175,255090.6659817675,31915531.454256944,9617.097135269554,43238653.05080406,910.7356505362197
422,13347104.781780897,265227.21729812777,253145.31758197633,31915531.457586844,9083.164137048581,43238652.20984546,754.0429778089052
423,13343532.442585329,263101.7824351972,251198.11596332068,31915531.455929264,9504.775268866231,43238652.830533706,682.4571979506446
424,13340133.954987057,261027.77592386465,249276.4792977495,31915531.46784494,8956.601572626865,43238652.54440279,634.2495631741972
425,13336489.03562116,258987.8574919299,247397.0219487658,31915531.467594687,9345.01726363877,43238652.841315776,598.9678965996675
426,13333115.021061612,257017.80674628154,245484.659364589,31915531.463876896,8778.991582281564,43238651.3217611,782.0850126285517
427,13329528.882985009,255064.87873192015,243561.45432411844,31915531.463000577,9121.614155367848,43238652.18495056,664.7276603678388
428,13326302.513055015,253113.51323541603,241660.28205701915,31915531.48122539,8602.038543350027,43238651.76675028,611.5230985011997
429,13323147.136512674,251150.36837392155,239830.3186234192,31915531.48092015,8974.047087557834,43238652.12506973,574.9807415871574
430,13319662.950869512,249198.61076033607,238031.09632598504,31915531.491835568,8442.533375800203,43238651.940682255,546.7440002720784
431,13316050.28709449,247232.20200883807,236251.1101810542,31915531.491917957,8822.80895659666,43238652.9322938,768.4415335925629
432,13312821.929176843,245338.16021406383,234488.8209293787,31915531.494328525,8305.724022431657,43238652.27936697,638.5148340749944
433,13309612.71609063,243438.06940138203,232730.82810069778,31915531.494866114,8595.226732294583,43238652.75535683,577.3854939830425
434,13305795.012376538,241573.75836988262,230998.3752638925,31915531.494002014,8139.48396708681,43238652.535912365,536.7954449467142
435,13302032.760418419,239717.14288808772,229265.79548065492,31915531.49375102,8465.185106574447,43238652.76538641,507.0829962308923
436,13298924.651808407,237811.2361771686,227552.72692535978,31915531.502022255,7992.027748164565,43238651.59934954,722.8680810127634
437,13295556.876892937,235971.12777194902,225857.20624610042,31915531.501405083,8367.272310097323,43238652.26305719,597.4826432643096
438,13292300.931573778,234156.4589926913,224146.75740528302,31915531.506090377,7903.074644946339,43238651.94518144,534.7787792923082
439,13289128.32704161,232332.2311391809,222438.94760837159,31915531.50574029,8318.485395212703,43238652.21832852,495.73214530020886
440,13285624.281777686,230552.0151165197,220752.63834412285,31915531.505119503,7813.035165215823,43238652.07395958,468.3186684077332
441,13282226.823844342,228803.83094764155,219100.48784437284,31915531.505070765,8124.969499241592,43238652.83259731,686.0685321423277
442,13278900.917293195,227083.1218662823,217477.1947866776,31915531.50631404,7651.073063905227,43238652.34163707,560.021750109189
443,13275582.242255857,225391.81238625216,215863.5231015478,31915531.505403463,8102.4343226167475,43238652.69881334,498.38574097928023
444,13272320.776959218,223700.56350504974,214277.26334524478,31915531.507920496,7569.182806675171,43238652.52795989,461.5537259069561
445,13269194.45695323,222037.99310210402,212690.49545747964,31915531.507880937,7936.277139705583,43238652.70825704,433.9609163828546
446,13265722.613890275,220406.72444902334,211152.35603969308,31915531.50801769,7425.130764941898,43238651.81511868,614.3851309346236
447,13262334.312963404,218800.5582730011,209590.479953749,31915531.508042518,7777.485324088155,43238652.32823889,505.50208237489994
448,13259028.180737901,217166.60870218682,208021.39221025308,31915531.51056523,7276.923747969908,43238652.0822143,454.29945438651674
449,13255550.962904304,215557.40251236342,206465.7800127372,31915531.509275675,7639.3520038689385,43238652.2940572,421.1245743071701
450,13252597.844775151,213970.86321033852,204922.4679432497,31915531.509895187,7141.7211134903155,43238652.18398598,397.5193211202613
451,13249251.721927537,212423.56640908864,203387.36891901973,31915531.51050253,7530.511254711307,43238652.76028063,535.553028226815
452,13246145.533895345,210861.44115083024,201821.018263215,31915531.513674125,7044.616777588441,43238652.37331084,447.1631877262686
453,13242956.411548182,209299.81843160087,200287.16182554743,31915531.513979204,7339.043412624316,43238652.649997406,406.5286034441785
454,13239979.254474316,207737.61531930236,198750.4882923954,31915531.50618306,6860.76025187375,43238652.52365425,378.0757331359847
455,13236685.962475624,206188.13703900483,197280.18912494514,31915531.50461139,7231.552695535002,43238652.657669984,356.8575947416277
456,13233588.675085044,204627.13025900422,195831.31890963844,31915531.50689995,6740.524220351809,43238651.97584198,513.3724308932982
457,13230329.579673525,203128.5405483402,194394.79679218784,31915531.50655925,7087.366770488433,43238652.368722215,424.43008327273844
458,13226960.546419557,201621.693444407,192992.6846131226,31915531.49659758,6625.588014133532,43238652.181501076,383.6290324314327
459,13223468.188984849,200140.87099956762,191600.68276721376,31915531.49683619,6920.694000290315,43238652.34142179,356.7218877070999
460,13220227.585804654,198659.0150285944,190192.8925016182,31915531.496534627,6465.741261430058,43238652.256954014,336.7021319072021
461,13216315.278349321,197192.35964884885,188808.75584481622,31915531.495162196,6821.634497227007,43238652.70471218,472.4349832526758
462,13213416.458638415,195728.30567434468,187435.07373087193,31915531.4926045,6373.26991417797,43238652.414582655,391.2249892040291
463,13210172.916084168,194299.2936355523,186075.60516021017,31915531.491805013,6743.104088677768,43238652.62582728,353.49398783979416
464,13206321.207623864,192858.66980236286,184733.45804215266,31915531.505171735,6295.707542238619,43238652.52278756,328.7482400144561
465,13202978.42853719,191443.62769127425,183398.63534996394,31915531.50554202,6616.733011927497,43238652.626913145,309.15379211202503
466,13199886.402015684,190033.93219116857,182088.28431180783,31915531.50506094,6156.466807957651,43238652.1084821,450.305737220912
467,13196728.489495909,188649.0836157408,180772.1611671158,31915531.503907755,6490.222519266967,43238652.408499874,369.6874233252056
468,13193676.61905747,187274.8147182771,179481.26379542268,31915531.506729215,6044.978198071919,43238652.26409254,333.27915169490603
469,13190795.827265697,185898.61976590543,178164.3568070169,31915531.507113665,6403.878990098016,43238652.38671717,309.04740421314534
470,13187751.62968488,184548.7151399335,176851.75979155363,31915531.503562905,5955.869165106384,43238652.324313305,290.4560985744416
471,13184869.714684451,183212.65669385786,175587.02965235463,31915531.503873594,6292.515385708978,43238652.66518023,412.15837547109584
472,13181620.520823922,181898.13819400265,174320.50906413828,31915531.51291785,5844.733395383782,43238652.44358748,337.9933961332326
473,13178582.23375679,180597.0462309682,173052.2406707937,31915531.514221944,6171.980459876934,43238652.60621673,304.808243980883
474,13175357.971876396,179304.00356431986,171828.94641978486,31915531.51920376,5762.221247859185,43238652.53052444,282.8816168103964
475,13172171.514584446,178009.8789613408,170595.51641642812,31915531.517220058,6055.599267321967,43238652.609652855,266.32449195876626
476,13169160.73185973,176691.944295757,169390.03156410757,31915531.519731928,5645.998801089745,43238652.209771164,378.9287833878489
477,13166242.312410455,175381.32606210926,168176.55385324094,31915531.520173635,5928.436282415625,43238652.43666311,312.42521741367005
478,13163400.96232511,174061.67985448113,166955.92575338556,31915531.52331974,5537.264588008564,43238652.327868395,281.6438541210742
479,13160432.10839056,172794.33872656416,165741.42348560423,31915531.522427436,5863.861989138464,43238652.422460996,262.1606781265296
480,13157557.595292132,171557.48172529164,164526.28122683088,31915531.534045823,5437.510862457753,43238652.37348008,247.2518348086492
481,13154479.220812323,170333.57545505615,163306.82764279065,31915531.53284772,5763.394685864158,43238652.63279097,354.91647720990574
482,13151477.645628287,169140.87667619952,162132.3627273603,31915531.543480046,5363.668125285714,43238652.46182268,292.800389526333
483,13148023.410390947,167939.49289897695,160959.6565278666,31915531.543894853,5686.990746873796,43238652.58372535,264.265414239689
484,13144623.257727522,166743.81622432076,159834.35910017067,31915531.54491165,5276.091010831174,43238652.52470148,245.03479373378823
485,13141281.155023616,165540.25411108366,158706.73576996807,31915531.544050425,5578.386499002806,43238652.58557994,230.80743653772998
486,13137965.574135268,164359.59032541135,157589.02709461286,31915531.538833395,5180.439758449794,43238652.278917484,336.68671057089097
487,13134824.215403598,163162.00387502235,156473.42907728042,31915531.537929352,5488.6982921601875,43238652.45477944,275.3667158254105
488,13131900.862009855,161967.17387418353,155354.7146356255,31915531.541565236,5085.6441053872595,43238652.37069666,248.83328226766463
489,13128824.875539025,160778.32071732287,154240.84893169635,31915531.54332078,5373.6965951883585,43238652.442039944,231.18037591755834
490,13125472.805753136,159620.19997612134,153118.53409736135,31915531.54793055,4991.781326337487,43238652.40458255,217.69362699559161
491,13122221.835865144,158468.03583029014,152010.587719913,31915531.547743145,5313.8311563601665,43238652.6040693,326.61153541974727
492,13119338.642865112,157326.10268832502,150908.02317405003,31915531.55558035,4904.5663930615165,43238652.475495934,265.03970015249274
493,13116091.129663927,156183.75153600928,149819.70156227634,31915531.552992243,5170.377211896738,43238652.5718436,238.70608850864957
494,13112845.132632785,155087.5951125921,148743.47980065792,31915531.546090394,4773.972894726101,43238652.526794165,221.39214606543598
495,13110057.550948923,153996.95092222677,147677.9212851531,31915531.546617888,5070.636057217437,43238652.57255246,208.71389207341622
496,13106879.576418648,152902.8053785166,146632.3762969781,31915531.554348115,4701.135300217668,43238652.338713065,314.98820787950876
497,13103956.83651586,151806.5772419823,145603.48707935683,31915531.55422401,5024.9632016930345,43238652.473785274,256.5749172841903
498,13101202.8746304,150716.43634106097,144590.15221749057,31915531.55464755,4646.532667055977,43238652.41018055,230.81548550262053
499,13098260.64330431,149644.35915196524,143591.64977342144,31915531.55332767,4973.254290558108,43238652.465403385,214.23166661010708
500,13095548.040761326,148590.19922466917,142596.16592243005,31915531.560342576,4589.929830800425,43238652.43650456,201.88089110054673
501,13092519.616049225,147550.82333061303,141607.68294341376,31915531.560119446,4942.573790673936,43238652.58908489,291.07285423935707
502,13089375.261869952,146518.47151271446,140604.3165481792,31915531.55872254,4527.613865105184,43238652.49029376,237.1571809975235
503,13086585.808720334,145477.5259798723,139591.1853773,31915531.558963947,4849.392216169967,43238652.56131736,214.66485453815295
504,13083531.325851526,144443.76644724852,138569.9249472356,31915531.56717431,4438.841254023347,43238652.52774572,199.65507560718686
505,13080622.400103893,143412.75477259938,137567.56713597116,31915531.56669029,4752.069170382643,43238652.56281137,188.64074308547643
506,13077807.93801482,142398.76732344925,136559.98502365442,31915531.575301062,4347.864882415415,43238652.38386816,282.2593012493083
507,13074761.095782578,141398.94535477113,135571.7771457828,31915531.5764215,4712.45048226397,43238652.48609979,228.62747999277292
508,13071689.96511729,140417.16934095888,134592.97098937808,31915531.575632293,4291.577787386339,43238652.436883315,205.8788048466621
509,13069162.55407796,139449.29722539312,133632.44591161335,31915531.575624593,4558.0205921571605,43238652.47976417,191.4656052176327
510,13066137.639686942,138454.04020969852,132670.23049641895,31915531.58556104,4177.313843042921,43238652.45779574,180.92106252064997
511,13063286.698196784,137472.69424774798,131726.51852077345,31915531.583716255,4539.752612929329,43238652.57528301,273.1828430595084
512,13060207.146713113,136485.0670145442,130804.38215519981,31915531.577124573,4133.941609703116,43238652.498715326,220.9984541531053
513,13056937.977481192,135482.23023846606,129874.00083513462,31915531.577461317,4448.203908988006,43238652.55460185,198.9042919363013
514,13053883.958461104,134489.03889664126,128962.92504366882,31915531.567684427,4053.339744841876,43238652.52843614,184.52380786021743
515,13050327.255531408,133519.45653833874,128058.30269584483,31915531.566711124,4320.823046420748,43238652.55570585,174.07386211899123
516,13047269.679617818,132570.8511779816,127164.32057992964,31915531.56647877,3963.5843584824183,43238652.41788735,260.9468017518105
517,13044204.39901573,131623.79413819994,126277.10252133828,31915531.56585041,4253.077770569741,43238652.49613856,211.4206796936133
518,13041128.53222213,130684.63996487984,125398.47379876816,31915531.560786564,3898.1129468601234,43238652.458780795,190.73351479991214
519,13037963.184676556,129757.49921439463,124523.84860271323,31915531.561440475,4182.595424518886,43238652.49117901,177.4089058897742
520,13034974.319458988,128848.2439319646,123647.612456341,31915531.561049808,3816.7525918538386,43238652.4741774,167.50871769788728
521,13032241.783991791,127967.99289757953,122825.78890878551,31915531.56061869,4131.411692076543,43238652.5644528,250.6776158348661
522,13029009.7430249,127097.83379339687,122020.2160871303,31915531.56602951,3754.5582188494427,43238652.50640878,203.15400457910175
523,13025386.352132605,126217.87174897807,121215.84836494812,31915531.565343052,4084.487943287699,43238652.54786766,183.48422241799568
524,13021819.232309626,125362.00716900086,120396.22811456677,31915531.5704783,3704.773597030407,43238652.527506694,170.7361331689008
525,13018689.6452461,124527.74380903867,119590.79844304088,31915531.572231602,3996.090576639616,43238652.54789574,161.29929322640132
526,13014832.609610552,123686.93115363372,118780.50008939132,31915531.565564472,3627.466488314527,43238652.44261714,239.99295393433584
527,13011256.76009154,122886.30797748081,117954.05868564881,31915531.565384515,3919.2533874281144,43238652.50271029,195.19204170247554
528,13008166.193322673,122077.75435811872,117127.92170688328,31915531.56026809,3571.766797755462,43238652.47374695,176.75364776550265
529,13004987.091419445,121257.18136821498,116306.71276027933,31915531.55881419,3898.836974357644,43238652.498695314,164.8544939170238
530,13002150.301574377,120429.83676859857,115494.15123861903,31915531.55384038,3522.0174786750795,43238652.48570293,156.26036215907885
531,12999140.084118815,119606.84420820983,114708.075915585,31915531.553293023,3807.749991027198,43238652.55469481,227.98550276279238
532,12996171.273354748,118789.88520032656,113902.99092960921,31915531.553508352,3449.635623500156,43238652.51028985,186.7548714705513
533,12993320.629032891,117997.46199743164,113116.62287867385,31915531.552671846,3733.343269312831,43238652.54327995,169.4380313750255
534,12990363.800177306,117198.30122050607,112351.71396479201,31915531.552709125,3376.8713860558164,43238652.52768788,158.4692178387356
535,12987571.797533596,116403.11424041205,111586.34121421215,31915531.55256419,3648.314083932186,43238652.54332687,150.23298160511095
536,12984707.60047085,115574.37233877846,110802.33801526659,31915531.5480098,3314.5655592100134,43238652.4630065,220.90249229356232
537,12981668.399803245,114773.9400306782,110035.94420776401,31915531.54829721,3618.3435998473838,43238652.50962055,181.8923016430465
538,12978835.507119233,113959.47591471476,109277.42456929963,31915531.565250207,3258.5176744047076,43238652.48721765,165.65364564097345
539,12975801.047273826,113162.50448287958,108515.6359653981,31915531.563879084,3548.1581108698397,43238652.50621897,155.00334393302836
540,12973111.225877142,112367.82650782779,107773.48660353238,31915531.567075744,3211.3045372178503,43238652.49665991,147.37933099675948
541,12969994.090410186,111592.71562123783,107065.616120172,31915531.566266086,3472.9846204004284,43238652.54934382,215.0394237997825
542,12967273.476073464,110837.93177127371,106356.92679634076,31915531.568650726,3150.30700092801,43238652.51498854,176.89426156947434
543,12964557.182773216,110077.6187080051,105651.41981127857,31915531.57031054,3406.0917693145175,43238652.54026428,160.56725831927497
544,12961512.74118022,109316.02334755502,104959.17989336832,31915531.561268684,3076.996889946678,43238652.52839393,149.9450373453006
545,12958522.775128838,108550.4714573571,104264.78015114306,31915531.56120529,3304.6107316552643,43238652.54050705,142.01338090122462
546,12956025.488800175,107813.43261957934,103578.73925947955,31915531.557821613,2995.086912777939,43238652.47874756,207.98700734604333
547,12953224.232633892,107091.53864857984,102893.25387023842,31915531.555850115,3228.0141476142126,43238652.51432888,171.0644982130311
548,12950096.10192627,106362.7349605879,102205.15588297676,31915531.547215763,2937.973067696789,43238652.49729503,155.24853901320986
549,12947315.299943531,105635.84012497762,101524.28894581918,31915531.547365107,3182.104614134539,43238652.511861145,145.14713702262983
550,12944538.089104418,104947.09463182176,100837.468111775,31915531.55032622,2903.0986772391407,43238652.50442667,137.418438807144
551,12941820.285223426,104263.90939517632,100164.52364948149,31915531.550033413,3146.411479350274,43238652.54495069,198.15237985717857
552,12939010.571364421,103583.12237724365,99500.49431234146,31915531.54753599,2846.9279230247143,43238652.51871389,164.99065693427832
553,12936371.432452954,102909.15238679484,98839.3750406093,31915531.547284957,3082.2463298089374,43238652.538048886,149.64848127245165
554,12933771.13882565,102232.9689315647,98199.30511570496,31915531.549285382,2785.21015894933,43238652.52917768,139.70491092986452
555,12930748.406241914,101559.30864469278,97556.9742300067,31915531.549146406,3002.628416855377,43238652.538515694,132.34365513112587
556,12927793.999507861,100898.46157351616,96909.17068289868,31915531.549566012,2711.2386321374083,43238652.4912588,196.7120080452845
557,12924929.887768995,100238.36370279282,96284.75662089788,31915531.54912987,2983.2775519867646,43238652.51854306,162.78561561296596
558,12922084.546499223,99577.74441909745,95648.38917138679,31915531.543367513,2689.1440782059058,43238652.505996384,147.94242222972338
559,12919466.270774467,98909.30482070077,95021.5356253279,31915531.54347367,2956.3289631748294,43238652.5172127,138.62306570223225
560,12916509.958879411,98250.94061403383,94406.657787057,31915531.536402907,2642.8900630017133,43238652.51160225,131.58595514966132
561,12913844.050627207,97595.09354423327,93793.77154775309,31915531.537215617,2873.5025047538584,43238652.54256349,190.93087334953347
562,12911043.36279841,96962.22778799567,93161.08268834995,31915531.533343196,2587.886765225372,43238652.5224629,158.45420305824294
563,12908448.989195127,96336.4960500892,92532.53141170752,31915531.531978995,2855.1812700656733,43238652.53690694,143.52741551837255
564,12905627.123661647,95728.6424276176,91922.18589179423,31915531.527442962,2560.9385572235224,43238652.53020145,134.26254220823648
565,12903051.462332698,95121.55638916061,91307.76899605714,31915531.526626207,2800.098775614999,43238652.53729666,127.5713624341658
566,12900227.488032281,94513.39159840709,90711.06455678713,31915531.51707435,2500.4370045579044,43238652.5010122,185.2408224711908
567,12897731.536954496,93901.06863994237,90132.60834017114,31915531.518473655,2758.306507758448,43238652.521846,154.61686850805032
568,12895151.733264355,93292.24128130249,89555.99050314655,31915531.50819464,2471.749844346812,43238652.51177801,140.4440874560568
569,12892242.91261671,92682.07776941366,88976.96886094757,31915531.508560095,2691.8530136323093,43238652.520189844,131.41989548713352
570,12889736.115820333,92077.85245803728,88397.40968046624,31915531.51993061,2419.985981792733,43238652.5158113,124.62450800421755
571,12887196.649811434,91474.81030416371,87809.21402758147,31915531.51766961,2691.8542533751997,43238652.539534755,183.13769780060645
572,12884585.80866377,90877.45428834487,87223.75011906795,31915531.52542299,2406.8208591291777,43238652.52414049,152.77928468708092
573,12881926.580300232,90276.2939947738,86662.6132634206,31915531.525192127,2638.486617207174,43238652.535396785,139.17142886365232
574,12879372.945391035,89695.72106790534,86102.61169507907,31915531.5303555,2352.856543127195,43238652.53016098,130.22139591364513
575,12876660.859876836,89123.04877322065,85557.74686344882,31915531.530590322,2595.1008192121853,43238652.535597,124.00221650763771
576,12874075.23381134,88541.15637337192,85019.8929261115,31915531.5410336,2298.5907212157604,43238652.50791377,184.0985927520695
577,12871517.547487339,87982.69247916272,84490.05116445366,31915531.54039168,2540.3360791162063,43238652.52376774,152.38220252060705
578,12868998.27209092,87432.10731685185,83975.79024911668,31915531.54973121,2259.4109227517083,43238652.516317196,138.57526445551616
579,12866623.750570808,86879.07818269366,83461.93954343846,31915531.548816215,2483.6994359267946,43238652.52279059,129.91954801637084
580,12864113.766999599,86334.03452125736,82943.05809895173,31915531.557102017,2214.385917291268,43238652.51938655,123.23721676313441
581,12861315.517003566,85786.78822812863,82431.29383537217,31915531.556585304,2452.7885939938974,43238652.537568465,182.21981589832504
582,12858677.751962105,85245.92120600677,81914.55701145361,31915531.558926392,2186.16316737609,43238652.526004106,150.64725946852602
583,12856070.842103867,84691.63839164408,81381.74075585903,31915531.55934085,2423.2681458397506,43238652.53473392,136.66363988149806
584,12853439.227835715,84139.5174109949,80858.96836595108,31915531.572550956,2160.2339939359795,43238652.530766435,127.95400848030289
585,12850742.871244041,83606.57002205476,80345.70963327715,31915531.573327146,2399.158224054831,43238652.534974135,121.64908542116238
586,12848248.966616085,83070.53793978876,79844.0546972199,31915531.574491844,2118.299118351207,43238652.51384498,180.95038516499113
587,12845817.012238484,82544.82201639825,79336.78740603717,31915531.572678704,2308.5615303296563,43238652.526123956,149.7467442993575
588,12843038.63844078,82015.39706892801,78825.13124221851,31915531.572563864,2049.5921321283427,43238652.52034948,135.7967010373696
589,12840475.403331555,81485.54042034074,78322.02857603625,31915531.57140938,2269.9524720323684,43238652.52531073,127.3502920309349
590,12838025.87008574,80956.16489579176,77823.89605761693,31915531.57075456,2014.5470470629634,43238652.52273449,121.08637425603978
591,12835562.151734723,80442.89902771237,77331.67159260652,31915531.571861006,2236.8673871345045,43238652.536633976,178.44354462826547
592,12832680.74815783,79931.26146020384,76821.69432855233,31915531.57581397,1991.284062624678,43238652.527659796,147.36066652962535
593,12830117.249865107,79422.96456498346,76312.39314240722,31915531.574992944,2215.3194259611946,43238652.53427335,134.55325535118595
594,12827715.82713266,78922.14013178776,75816.50108624065,31915531.570944425,1966.0268797644865,43238652.5311932,126.25591077303132
595,12825322.890812555,78420.0973617869,75334.65838447133,31915531.56996969,2180.239245557622,43238652.53438246,120.2693417207663
596,12822660.133119822,77918.7495688216,74866.63000186221,31915531.57807373,1937.006153370175,43238652.51807697,178.8936670768665
597,12819901.053945359,77425.92703778004,74398.63678507695,31915531.578733113,2188.0892909828767,43238652.52752887,146.55807767535384
598,12817401.84003702,76946.11776057346,73918.3893570234,31915531.578303263,1932.9702670293557,43238652.52313151,133.45528215332487
599,12814852.77071209,76450.21200161614,73447.74262510674,31915531.577460587,2153.986711783362,43238652.526973695,125.12171647726154
600,12812230.83751761,75951.17625499795,72987.57138681029,31915531.583699606,1891.8556589291336,43238652.524981424,119.5429575427771
601,12809641.289757835,75443.09705658682,72532.89807956682,31915531.583423458,2107.7820647377794,43238652.535588935,178.30706150665196
602,12807208.047009079,74964.63971905266,72083.58217507236,31915531.584786896,1861.2790113233568,43238652.52873168,146.94751948218956
603,12804817.941432964,74489.84364532978,71630.13149758946,31915531.586170137,2089.6394322463257,43238652.53376893,133.09067955897916
604,12802222.243346212,74011.42604855554,71185.461640323,31915531.588520583,1835.0534229513696,43238652.53137842,124.68850882978148
605,12800009.582001034,73531.30923101759,70736.94893023942,31915531.586926814,2058.5948351761012,43238652.53383448,118.68110270984481
606,12797711.032159634,73066.48438560692,70296.71038122191,31915531.589478474,1805.6536555749549,43238652.52143797,178.16082378495358
607,12795243.992499052,72621.59897139542,69846.46456411624,31915531.58850404,2009.947006830594,43238652.52863982,148.167291609507
608,12792853.55184109,72186.52077563123,69407.86066853782,31915531.592574935,1772.0738270876718,43238652.52516875,135.36556453529337
609,12790489.608581064,71750.92467035916,68971.06098300769,31915531.59298921,2001.1993864839362,43238652.52809014,127.37455632466566
610,12788025.871903324,71309.82802897276,68526.03829883409,31915531.60093328,1751.6899109875305,43238652.526577145,121.33392881741177
611,12785500.007338474,70870.5601590161,68093.52579257006,31915531.601357434,1949.1600700784143,43238652.534690574,175.6075159084922
612,12783054.35264952,70433.35623182941,67672.25563204453,31915531.606928952,1707.468505704499,43238652.52942375,144.49469508163915
613,12780763.267029699,70004.37689856213,67246.51667232825,31915531.60752393,1908.2774193965993,43238652.53327132,132.11564429014433
614,12778273.270032605,69566.79505528117,66826.09610968722,31915531.596322548,1681.3184282379877,43238652.53149421,124.02905285789811
615,12775880.344658509,69152.39536669789,66418.28619963425,31915531.59549939,1870.5573147290668,43238652.53334622,118.56699341539779
616,12773544.773553176,68734.36336440734,66014.4299269606,31915531.598994814,1643.9808289737946,43238652.52379706,176.27424173838168
617,12770957.157819873,68314.92555947384,65604.60961694494,31915531.59894152,1810.7209707789552,43238652.529258616,147.660765578019
618,12768377.87681285,67911.99329457918,65185.36492544791,31915531.591620114,1603.7242385462996,43238652.5266926,136.17193243123083
619,12766123.916041424,67508.71169820277,64757.91727080222,31915531.591690194,1765.1687564338326,43238652.52891842,129.2550115689329
620,12763647.813265674,67097.13237891051,64337.419569577774,31915531.587646667,1562.0559523709153,43238652.52774235,123.9056519456609
621,12761150.960653733,66685.66259363387,63912.46032700718,31915531.587668978,1727.6715162426506,43238652.53397609,179.4203695784622
622,12758933.611569593,66259.24251490929,63512.64686449244,31915531.596035168,1525.4169045330186,43238652.529927954,146.41146496001764
623,12756726.981484095,65860.18199750021,63109.74203202623,31915531.595343594,1677.3759709781987,43238652.53294806,133.6802800629811
624,12754245.52865619,65466.959905509364,62697.33494010393,31915531.6106638,1490.6690605762644,43238652.53158516,125.69009724093341
625,12751962.81283537,65067.972854761465,62303.04370158854,31915531.61006472,1659.694435980028,43238652.5330227,120.0336471000689
626,12749409.660874283,64679.7225909698,61908.3526537778,31915531.618321754,1469.7679032862907,43238652.52574126,180.59193789630018
627,12747186.247515358,64281.193818704334,61515.268325565135,31915531.61871377,1618.1841447677787,43238652.52994045,150.05871898805407
628,12744728.205079202,63889.077052232446,61121.57297181134,31915531.63531812,1428.9559813274107,43238652.52794099,138.2667433738094
629,12742154.801322822,63500.17914968121,60729.349084410715,31915531.635216236,1594.8979654840173,43238652.529700264,131.0592460685189
630,12739873.715016315,63115.605514559415,60338.705439479476,31915531.637761757,1408.9357890732836,43238652.52882838,125.80034973627859
631,12737442.598930936,62732.83114977356,59962.44542499827,31915531.63831723,1561.134492467982,43238652.53363016,184.00984225782327
632,12735196.698545905,62352.891854961345,59589.80389657062,31915531.640817966,1377.3000685273314,43238652.53054021,152.98260345616927
633,12733004.878833072,61968.807467886196,59217.305659419755,31915531.641489126,1537.5562279141025,43238652.5327946,140.93337651332703
634,12730686.9726141,61579.60061666565,58838.20745244373,31915531.651908375,1357.4490372838084,43238652.53172543,133.58395397302053
635,12728125.335280912,61190.771870744815,58464.00841773594,31915531.650837936,1511.40749594587,43238652.532824196,128.43246332906418
636,12725575.861062527,60810.53856003394,58098.22835612274,31915531.657162458,1329.0176577580548,43238652.52719868,180.2656496439099
637,12723206.059912048,60435.016083883005,57734.43333756449,31915531.656885304,1463.4639696622069,43238652.5303947,150.3276319551833
638,12720610.30932402,60055.309339126456,57382.35957701863,31915531.664741434,1290.8419124976908,43238652.528847575,138.6985528623173
639,12718144.983741878,59684.253324046156,57020.63468601986,31915531.66488565,1441.337640774653,43238652.5301592,131.59966165360174
640,12715614.132674294,59311.89916032928,56662.07954944672,31915531.680111904,1278.7520433609723,43238652.529466584,126.26524260769871
641,12713228.824549815,58944.18912227208,56312.67836688497,31915531.67973733,1447.9123529728777,43238652.53310339,174.2180826071834
642,12710573.211246684,58567.88680989558,55954.859642929216,31915531.684320584,1272.2528756492638,43238652.530714914,143.50373065970282
643,12708265.708942488,58198.44799468637,55603.69965430809,31915531.68323434,1397.7937306964643,43238652.53245624,132.24788175559726
644,12705940.54614617,57844.50503370828,55258.428821263115,31915531.673590675,1234.768730553324,43238652.53166857,125.34652191026002
645,12703409.594461078,57497.76423997723,54914.78748340355,31915531.67370572,1360.1391978585302,43238652.532508686,120.6711424889277
646,12701043.446750809,57156.12631439546,54576.57308849005,31915531.67346669,1205.528265774135,43238652.52821149,172.3286282589045
647,12699017.878552802,56811.12433423114,54243.90373625853,31915531.67340136,1354.403685630351,43238652.53069007,143.96986202701555
648,12696827.709093235,56463.25206500887,53915.12884145224,31915531.685928352,1191.9288750734408,43238652.529525705,133.70930043541037
649,12694295.945927838,56118.18211088348,53588.91084221346,31915531.685219407,1325.0369712172746,43238652.53054713,127.51407129763672
650,12691999.477821894,55769.72074541976,53259.26251675421,31915531.685717277,1167.602874766122,43238652.530029446,122.99759406967564
651,12690027.323643547,55436.01947327506,52930.28881086891,31915531.68508658,1293.94657366422,43238652.53283904,173.88503193028592
652,12687800.841016835,55101.80069024486,52607.82135311233,31915531.69358911,1141.0322513188717,43238652.530990705,147.15164336709722
653,12685528.216977391,54765.200926615566,52290.07458952177,31915531.693839222,1247.623372603237,43238652.53231585,136.95659980873918
654,12683111.21867361,54439.45319744185,51973.44492678394,31915531.702596113,1109.6854985682296,43238652.53168927,131.12668636651162
655,12680956.43776953,54112.77977070896,51647.632562832405,31915531.702862866,1237.982469909581,43238652.53233471,126.47153476581553
656,12678613.63930413,53785.07531226746,51323.92995664762,31915531.70109304,1098.963157090521,43238652.52903419,171.29719032987848
657,12676360.744788377,53469.305786071236,51003.42639018566,31915531.702185247,1212.7489748947887,43238652.530933775,145.8718639000809
658,12673995.131596755,53152.07285523043,50693.88966615691,31915531.701481212,1072.271140543138,43238652.53005343,136.4942127396255
659,12671927.246427266,52836.999770705326,50374.963674612045,31915531.700124886,1177.004712006135,43238652.53081514,131.2275030536421
660,12669711.051771685,52525.50706643265,50056.85718074043,31915531.703114454,1046.1018504854408,43238652.530419655,127.65338475400426
661,12667248.61957169,52208.32083406772,49741.40110912074,31915531.70339886,1149.2771095319831,43238652.532573,172.19237583752172
662,12665111.489375215,51894.38563585099,49435.44197845161,31915531.706831563,1019.1913732227141,43238652.531179324,150.10972690180697
663,12662910.639155421,51587.911811766586,49126.2558992497,31915531.707062673,1118.7662899657464,43238652.53220458,142.54797114585622
664,12660695.354836635,51281.78841194458,48818.212183889314,31915531.711779453,997.0466253059501,43238652.531717926,138.47199799479404
665,12658684.501118043,50979.14052623868,48515.593538342895,31915531.711366817,1106.9675240866673,43238652.53221516,135.86770171492108
666,12656549.721406171,50676.756665689114,48218.23859472063,31915531.717945114,980.258720462838,43238652.52969727,172.122659535381
667,12654258.028650215,50375.73089729885,47920.41462434032,31915531.71818024,1086.0202701217377,43238652.531154945,152.25178301249866
668,12651903.279151157,50078.33253429586,47629.901508995514,31915531.715449005,959.5383309306775,43238652.53047667,145.18961654037668
669,12649597.274535347,49785.77661663581,47342.43996210442,31915531.716076303,1071.1524953687199,43238652.531079024,139.1017900765391
670,12647209.45128955,49488.3871023303,47054.025895629115,31915531.71784286,946.8728768054998,43238652.53076454,134.89936564770446
671,12644989.367076613,49187.4277465852,46765.13121113436,31915531.71619308,1051.2082670101067,43238652.53239924,163.90786082311104
672,12642675.771333983,48889.79462402471,46469.335730427454,31915531.72336243,927.9889379112467,43238652.531325586,155.7219479054807
673,12640402.277401622,48594.58845226198,46185.99331379902,31915531.72233681,1028.398681345863,43238652.53212187,153.87707436888059
674,12638069.506533086,48304.84864765684,45904.6071867415,31915531.736539762,912.2095137279881,43238652.53175677,151.92701567708792
675,12636146.498200232,48019.29653002665,45621.923018218644,31915531.73627948,1034.681526902307,43238652.53213496,150.23831135168592
676,12633862.990062617,47737.19176445773,45344.16467231002,31915531.755062066,905.495083271537,43238652.53020262,164.75941436132612
677,12631488.847852817,47453.852999912306,45067.006580785026,31915531.75428389,1001.4621280202307,43238652.53131937,156.46008053247377
678,12628953.841139464,47163.95532619996,44791.60740384885,31915531.771055836,880.9341420310652,43238652.5307938,154.9861221210461
679,12626397.054767804,46875.52093997987,44517.49096042794,31915531.770521272,991.6384289427987,43238652.531243354,153.7221268020432
680,12624428.633710233,46591.760664634676,44245.52116628671,31915531.75998025,869.8662158101638,43238652.53101216,153.10428274659108
681,12622207.023744961,46314.33504541273,43977.46191968083,31915531.76014519,982.4777318315449,43238652.53227246,170.25299723362068
682,12619857.661041861,46033.65813803907,43709.71437264003,31915531.765387345,862.9932403103644,43238652.53144199,161.87951938061718
683,12617605.351500764,45757.04229779316,43455.81074318827,31915531.76432686,959.2245589209589,43238652.532035284,160.84193155231839
684,12615569.915530844,45480.11458973088,43194.576162681944,31915531.761462085,845.5807945904864,43238652.53175601,159.75134239186448
685,12613406.957882756,45206.38620327761,42944.88232879376,31915531.76135357,929.751181534701,43238652.5320484,159.25801442492428
686,12611021.716454651,44935.15598475381,42686.139149701456,31915531.757268395,820.1721907179401,43238652.53057133,176.09290360090117
687,12608720.9025415,44663.84827375451,42435.80248228727,31915531.75740058,925.0057385315038,43238652.53142252,164.5818044676285
688,12606419.05011425,44399.51679958928,42181.968838066925,31915531.748480532,810.679018379458,43238652.531021304,161.78518312761025
689,12604304.702555109,44140.60501772061,41933.4078429928,31915531.749150105,895.0340377429227,43238652.531364754,159.74940320197734
690,12601859.926418886,43892.48348039974,41685.63222957533,31915531.74621138,793.007472818106,43238652.53118547,158.54667635851592
691,12599722.162894065,43636.59208998986,41435.74765650973,31915531.74667573,869.0549595299549,43238652.53214726,177.34382116814538
692,12597365.034337586,43384.68552593369,41189.60478312575,31915531.749187853,772.2509519254106,43238652.53150971,165.52358727828334
693,12594965.188181836,43137.919701133236,40948.128001057245,31915531.748313252,862.0179951260222,43238652.53196195,163.54453471231938
694,12592998.200458104,42893.10310972141,40703.18300313723,31915531.743301395,762.8595280745485,43238652.53173967,162.12418131819118
695,12590815.206624363,42649.08347682957,40456.04380116138,31915531.743501473,853.7111829321502,43238652.531965666,161.04910871480297
696,12588857.614306208,42403.10974227816,40212.663997813856,31915531.74246961,752.4824941189123,43238652.53083965,185.82431298131127
697,12586796.757455036,42155.62230869774,39970.5625551671,31915531.74198284,836.415897787539,43238652.53148877,174.13205147810967
698,12584501.583094198,41912.99150295532,39729.45462272358,31915531.74445047,739.4467802671588,43238652.53118004,172.53285618121953
699,12582254.424892703,41673.28320190166,39498.348531225616,31915531.74490183,836.9002217636646,43238652.53144796,171.61038753542175
700,12579875.10800269,41435.3683939497,39269.672184326046,31915531.750755843,736.3053061726805,43238652.53130919,171.48434767536787
701,12577542.4999576,41197.396702934086,39043.8186427465,31915531.749838255,830.4543298532648,43238652.53205257,199.69695424198395
702,12575298.322851757,40961.849005081334,38821.1497266167,31915531.7551975,730.6461507327891,43238652.53157156,187.9181864405828
703,12573409.711616557,40725.460923531835,38598.27016976419,31915531.75477714,819.6416456039917,43238652.531925164,183.39946523119693
704,12571042.087833615,40493.39738859653,38374.73547477966,31915531.75953675,720.1657382745227,43238652.531755745,180.4399311429986
705,12569115.410216715,40261.11075805789,38155.28075276984,31915531.759862833,809.1438768158984,43238652.53192819,178.41383948077709
706,12566842.621607963,40032.8984193721,37934.26218967054,31915531.761334892,710.2181007426996,43238652.53105969,195.16491936282836
707,12564691.305121291,39801.84593706553,37717.522140411456,31915531.760921814,795.0241906349036,43238652.53155225,182.0709472309442
708,12562690.307793621,39576.0485234267,37504.899137920875,31915531.766132005,697.5429873842667,43238652.531310976,177.66715779617414
709,12560405.966362005,39353.79300656622,37290.82442610646,31915531.76504751,792.6156510284968,43238652.5315107,175.02063177181554
710,12558264.244391821,39125.18412585781,37073.583245712245,31915531.763170786,691.5880720360243,43238652.531406745,172.8613718830842
711,12556285.652525855,38903.86911289079,36856.70357184084,31915531.763596334,784.3024387716413,43238652.53203126,192.268426928925
712,12554272.649750404,38680.61427357849,36644.10470449594,31915531.770426158,684.209577197101,43238652.531654246,182.2960736133903
713,12552111.795972114,38467.74376447785,36436.65610112842,31915531.770424977,769.5507855613964,43238652.531925105,179.38625778943762
714,12550087.984991578,38262.14791724537,36229.68202219488,31915531.765581097,674.0751255895583,43238652.53179145,177.91612856612517
715,12547909.325074788,38046.066585168446,36018.74964640871,31915531.76639382,755.8420689543682,43238652.53192916,176.3875714034564
716,12545528.919258632,37837.45031885705,35805.19222288732,31915531.761948735,661.3515951524901,43238652.53122828,195.22251181831706
717,12543548.248894433,37619.74306400652,35595.726067676274,31915531.763938256,753.4911332394125,43238652.53161277,184.35670465509153
718,12541418.851045026,37403.42037840525,35390.56680467899,31915531.761090375,659.6908972380637,43238652.531428665,181.09379618305184
719,12539600.61729626,37191.02882538647,35187.29989102222,31915531.759301376,750.0111911893841,43238652.531600736,178.83898495325204
720,12537403.37342005,36986.95969329455,34980.51417506409,31915531.759191915,654.2670343540203,43238652.531510554,176.92131645898232
721,12535094.173721518,36778.313746367756,34774.5031938402,31915531.758282017,736.5224180529292,43238652.53200292,194.1127865075623
722,12533121.029008307,36573.6314468084,34570.017014523684,31915531.754372668,642.8482249848463,43238652.53170113,183.48684908191333
723,12530963.13588658,36371.47895669455,34369.44424514919,31915531.754607495,729.1608577671867,43238652.53191845,179.89232676509147
724,12528888.818460204,36162.691021976825,34167.24204334728,31915531.75167985,635.801959442252,43238652.5318099,177.48322505558494
725,12526855.646346962,35959.10964869876,33966.24214889031,31915531.750645466,717.8711782638126,43238652.5319187,175.84445329116426
726,12524905.386772545,35758.66028428509,33770.22816726001,31915531.750211243,626.2711111519013,43238652.53135144,194.79599252126548
727,12522832.183726206,35560.26132373028,33574.30342383124,31915531.749614727,713.4154510307162,43238652.5316541,185.1498243398174
728,12520736.790976485,35364.1082263968,33383.40742776023,31915531.74770208,620.9005402247907,43238652.531504214,182.12794707065726
729,12518488.431798121,35166.84824222302,33195.0681732869,31915531.748620484,698.565508446096,43238652.53163734,180.43041261225144
730,12516458.38053527,34969.84649143942,33008.54479623167,31915531.741531648,609.5419214415776,43238652.53156418,179.03177760909614
731,12514497.201654844,34778.42412350493,32821.82149589175,31915531.742065493,698.7815388043916,43238652.531954534,196.89282393573305
732,12512519.314430878,34584.32244396686,32634.981272843037,31915531.738191653,606.7937810012784,43238652.53172278,184.75638308577155
733,12510630.364096994,34391.019485541365,32446.959172435952,31915531.738062453,688.4594335222587,43238652.53188948,180.44743114153877
734,12508619.454026591,34193.45081628186,32260.642158599814,31915531.729223233,598.7767846993684,43238652.531799965,177.97983987048303
735,12506596.446658177,34001.78937471185,32077.258095669877,31915531.729409482,680.131594425489,43238652.53188836,176.1921452096808
736,12504514.971595725,33812.13313778923,31895.145581986897,31915531.729541846,590.8480788782898,43238652.53144257,195.75585973863969
737,12502218.576219633,33624.80233102844,31714.461707037695,31915531.729477506,676.2015243368852,43238652.53168235,181.2924620473087
738,12500401.35354968,33441.48073442836,31530.20407711797,31915531.73179746,588.4575792188076,43238652.53156417,177.10948721346944
739,12498327.119444951,33256.353536854214,31345.689308070792,31915531.730783522,678.7246490592272,43238652.53166741,175.18467377124594
740,12496261.339636037,33071.830894282946,31168.074166125964,31915531.7289643,587.6000222754759,43238652.53161148,173.98883429549062
741,12494291.382750874,32891.11151052998,30991.75328028967,31915531.72873283,669.6901973832554,43238652.53192,194.09711057359874
742,12492360.078659557,32706.55987766371,30813.455055089034,31915531.73066229,579.5897199810838,43238652.53173589,182.28401993265337
743,12490539.01112601,32523.22833156297,30640.323160436525,31915531.729948524,662.4818066384488,43238652.53186851,181.57176726653017
744,12488624.700247994,32346.09458884822,30462.985379738428,31915531.722890332,575.6893384233215,43238652.53180097,181.17442354983757
745,12486771.206464255,32167.069740780204,30286.90509768502,31915531.722346466,653.413093840817,43238652.53186965,181.68041324407636
746,12484727.544825103,31990.74173814886,30120.786016219787,31915531.720439058,566.511660945453,43238652.53151845,207.8403235747593
747,12482835.481473261,31816.449099611782,29949.454947386497,31915531.719587278,647.8322415081274,43238652.53170976,199.9464364489045
748,12480885.6360299,31640.66253301835,29779.133152533766,31915531.72015275,561.5478860439471,43238652.53161952,199.65567881441396
749,12479047.357163984,31469.623630195867,29611.479872016505,31915531.72034677,642.6216345012955,43238652.531699695,198.69276208041907
750,12476826.561219394,31301.55250831909,29442.669533864046,31915531.729598675,558.058006809091,43238652.53165406,198.21759408766144
751,12474689.734449964,31133.834584629716,29278.052347895344,31915531.729932986,639.6980555045276,43238652.53189598,198.5581673352836
752,12472779.96798649,30966.141826937925,29111.223543130276,31915531.736592107,553.2921422442466,43238652.53175585,183.8599556458487
753,12470889.796401909,30800.04277732603,28954.674089187327,31915531.735274885,632.7351417715986,43238652.53186186,178.42778762611752
754,12469077.301968737,30635.57545916904,28794.532955214298,31915531.731079344,547.6859616267734,43238652.531809315,174.90941476973464
755,12467295.38347894,30472.210310342547,28636.76333808741,31915531.730267473,631.3249794923539,43238652.53186277,172.6614648442174
756,12465306.187262824,30304.079787531922,28479.899248002617,31915531.724724207,546.2847206555726,43238652.53158824,184.55741912376325
757,12463462.945102569,30137.66706271439,28319.61992406648,31915531.72494342,630.6894930908081,43238652.531732365,177.48708182214156
758,12461440.26185389,29983.22269750876,28163.377469274088,31915531.744191173,545.4152384781175,43238652.531661384,175.41828067382949
759,12459427.440134626,29832.62965888071,28005.24667613126,31915531.74388025,628.9077247094755,43238652.53172512,174.06054409838933
760,12457374.766585948,29673.681601680033,27848.766766967365,31915531.75131886,543.0855482352346,43238652.53168949,173.04712777335985
761,12455400.04540537,29519.57939374138,27692.869823699977,31915531.750503592,617.0809349757744,43238652.53189071,182.99787959243528
762,12453247.093205119,29364.65612213632,27542.262119963674,31915531.7600212,536.2413698752049,43238652.531773604,174.98855477930616
763,12451419.342191985,29209.84995388127,27391.895157685773,31915531.759205986,613.6690058092339,43238652.53185455,172.41003394581836
764,12449363.310832156,29061.758720265174,27247.17990042572,31915531.771536134,531.2826758162356,43238652.5318092,170.75922055054008
765,12447815.838161007,28911.243179454115,27100.635905654257,31915531.772279706,609.018106926216,43238652.53185287,169.61184685665492
766,12445710.673811588,28765.803340782088,26953.133467260417,31915531.775761176,527.5589390506025,43238652.53162601,183.26950018655177
767,12443509.835382262,28614.21170247962,26805.64509805192,31915531.776689477,598.1641930055247,43238652.53174281,176.60655714798236
768,12441330.173122967,28468.344513030464,26659.975030714235,31915531.7802084,518.5754339341628,43238652.53168492,175.0833546999339
769,12439369.579160001,28322.68009211826,26510.046920910463,31915531.78018036,590.6621652858324,43238652.53173657,174.00874423867623
770,12437590.621263593,28175.43457458689,26360.10322355331,31915531.781628758,512.7468048036208,43238652.531704895,173.13611100132766
771,12435907.636563225,28028.24009015523,26212.612429453355,31915531.782047562,578.5044038250983,43238652.53187298,182.2805193031268
772,12433914.757359808,27883.68507275836,26067.16044290555,31915531.785083033,503.0138010347568,43238652.531779245,172.8230217019535
773,12432095.171637079,27736.652224838563,25922.923062717804,31915531.78465431,575.5679752898158,43238652.53184384,170.43631842865267
774,12430196.266043533,27590.83899725968,25778.235272691047,31915531.783996567,498.4300731726555,43238652.53180668,168.75461631951754
775,12428417.996470267,27445.17127443691,25633.999684524373,31915531.78450741,575.5581715447812,43238652.531843655,167.61464382648686
776,12426443.017088003,27297.855331459687,25487.4485721401,31915531.789090972,498.05815573031435,43238652.53165582,176.96056969525276
777,12424614.314848544,27151.264492269074,25345.52376976365,31915531.789843123,570.4973402847928,43238652.53175185,169.46676506833154
778,12422752.364762897,27006.620161407685,25202.461790212998,31915531.79215995,495.3176571231527,43238652.53170392,167.72407410387802
779,12421075.68125873,26862.816844572717,25061.36470645496,31915531.790587734,570.4536068609503,43238652.53174683,166.5735499963475
780,12419319.408505237,26717.535493667263,24927.15706010717,31915531.791528333,495.2818824062852,43238652.53172055,165.76596850353883
781,12417592.87846326,26574.397302755104,24787.86742444231,31915531.790536918,562.623596731255,43238652.531860605,176.30517908335887
782,12415788.789401045,26435.056185026457,24649.071626262292,31915531.797690548,487.4880024788736,43238652.53178379,170.59578803665383
783,12414028.13431511,26293.115212184402,24512.389758481506,31915531.79779326,553.4707291736668,43238652.53183665,168.65220309097722
784,12412125.279264672,26155.181753672656,24379.599348009095,31915531.80014492,479.91238703656387,43238652.53180551,167.6833056171868
785,12410142.392898232,26017.509516711496,24248.452255664983,31915531.79997045,551.5107142980287,43238652.53183578,166.90843529622788
786,12408362.965218687,25883.61561255374,24118.618307550878,31915531.793270316,477.6390305710516,43238652.5316815,175.8890869106481
787,12406400.17543733,25750.095580553643,23988.08568596388,31915531.792995054,547.7861830617925,43238652.53176057,170.22544014160513
788,12404591.239668919,25617.133809314786,23857.556639930925,31915531.783618767,474.03217333567983,43238652.531720735,167.911256218283
789,12402691.924612641,25485.358203021326,23725.456261634354,31915531.784510516,540.9478428047483,43238652.53175706,166.5807214641017
790,12400956.676912507,25356.172359568798,23592.79611481324,31915531.78476049,469.0844771075305,43238652.531735346,165.63927428781378
791,12399174.521327753,25228.80090529217,23462.321463591543,31915531.785220604,537.9410183146551,43238652.53186438,175.9271038363096
792,12397304.246385263,25097.58016803829,23331.765193074225,31915531.789011642,464.1643029394076,43238652.53180498,170.80559366421465
793,12395474.148038644,24971.217760660173,23204.970161629986,31915531.788756564,535.018908279098,43238652.53185153,168.89627387493968
794,12393421.953131888,24845.881239768136,23080.312562986954,31915531.794925667,461.6419380441581,43238652.531825334,167.72641496772397
795,12391411.192096155,24721.729269152816,22952.673854618115,31915531.794208158,542.6487641546084,43238652.53185224,166.96964100041987
796,12389469.62385509,24596.176051593004,22827.4730209641,31915531.790121254,466.06259454907115,43238652.53172313,175.18281398065636
797,12387686.457743103,24473.41162955365,22702.296353339294,31915531.790534515,538.0440627781993,43238652.531785935,169.04434600855467
798,12385889.777104905,24349.260510901076,22578.72319123493,31915531.78586464,461.68332924227667,43238652.53175232,166.61842757374967
799,12384099.206587985,24226.513216095853,22452.45370974086,31915531.78582508,528.5772905829502,43238652.531784564,165.1723070052052
800,12382111.086006261,24105.797710553405,22326.4053356906,31915531.790366538,455.24976232633827,43238652.53176333,164.16716896121758
801,12380084.753808416,23982.050410610398,22208.602978894683,31915531.79086827,527.3042656480651,43238652.53189182,170.75557745058276
802,12378336.790382553,23861.451916192043,22090.036881751068,31915531.799965132,454.4389550035613,43238652.53184709,166.40496970467797
803,12376579.714736046,23736.59248210823,21974.60843367026,31915531.800752666,521.9578485524942,43238652.531892434,164.70058067800954
804,12374710.253403816,23614.3772198835,21861.57986391347,31915531.798946504,450.9222350380849,43238652.53186735,163.66109071286783
805,12372815.754493708,23493.602903073865,21748.752746854956,31915531.797347188,515.7275461762187,43238652.531897046,163.00637960143268
806,12371141.373633038,23375.48024628123,21636.65350674726,31915531.79733715,444.5789560901026,43238652.53176878,171.22228950368188
807,12369432.783789907,23254.328241467356,21522.06660765802,31915531.796769485,508.6574437952878,43238652.53182209,167.31159671080118
808,12367753.10431619,23128.752462305376,21405.89637322032,31915531.800158102,438.5345124078705,43238652.53178727,165.87047800908866
809,12365961.114654588,23008.702909395084,21286.974908819862,31915531.800549794,502.89847300272663,43238652.53182227,164.87715146531485
810,12364320.701854229,22890.889831655393,21171.49768743992,31915531.800250202,435.2020833168436,43238652.53180152,164.2687642313985
811,12362383.318576103,22775.6544863975,21055.214810850117,31915531.799932837,501.9697439190101,43238652.53191923,174.05337567509565
812,12360686.501087923,22663.055977185537,20941.955344535472,31915531.799146287,433.4149444217371,43238652.53187358,169.18585139739258
813,12358981.40999042,22549.51826630125,20832.915912107117,31915531.798071075,501.77753780320444,43238652.53192293,167.24167205445073
814,12357308.996916473,22440.073332338958,20720.724951566033,31915531.79862092,433.3075608069813,43238652.53189785,166.1412266552869
815,12355550.239886448,22330.34300127053,20612.220259693553,31915531.799648065,500.5734708154049,43238652.53192604,165.53790942529292
816,12353847.936597053,22216.577958942777,20504.63552935165,31915531.801536553,430.49761239428454,43238652.53179369,175.10832713728783
817,12352110.729224835,22102.200746754286,20396.478211794954,31915531.801449224,503.7486166990429,43238652.531843595,169.1049938027922
818,12350329.744419577,21994.875116415686,20286.856239349712,31915531.800019294,432.5366953411966,43238652.53180406,166.6863225007254
819,12348604.337350585,21885.508104379907,20178.818675679402,31915531.80029136,506.54270655707506,43238652.53183463,165.19540118079826
820,12346828.266482314,21775.4432112998,20073.260336450112,31915531.79869658,433.0801775691585,43238652.531814046,164.2798993839775
821,12345006.2794509,21669.76111662235,19966.520602909906,31915531.799732815,503.6797780182758,43238652.53192054,171.35894277467318
822,12343391.857927375,21564.40790667355,19861.812842413616,31915531.798891433,430.734570703005,43238652.53187081,166.50753946840265
823,12341595.66684855,21456.53546180013,19756.103802560905,31915531.797848538,494.6674273340493,43238652.531917326,164.61933064130739
824,12339706.700582452,21352.65478196751,19654.214857949726,31915531.795338064,425.55087538712365,43238652.53189338,163.43523775926369
825,12338046.019624684,21246.037258655026,19550.278735784657,31915531.795374013,496.6705302483339,43238652.5319206,162.8157073755518
826,12336195.526949331,21141.830075818667,19445.860600348,31915531.803043403,426.0502212945635,43238652.5317908,170.53313673398415
827,12334466.167842273,21036.023497587114,19343.281656285842,31915531.80311655,490.04692923351524,43238652.53184385,166.44130653449315
828,12332629.115211168,20931.40260025925,19240.400684091514,31915531.80957006,422.5239744622614,43238652.5318059,164.84826055971195
829,12330866.2952863,20831.46609337189,19139.60172219081,31915531.80859555,486.66825327984145,43238652.53183632,163.920976188084
830,12329085.658584122,20733.53660761626,19040.449835769577,31915531.81478147,419.6794007893664,43238652.531816594,163.39108272365658
831,12327383.968355926,20635.611475876172,18942.379389242877,31915531.814457566,489.1671606427507,43238652.53192459,171.38217386596128
832,12325523.135103874,20535.052336268313,18843.513093166148,31915531.81549159,420.9661760767391,43238652.531875186,166.92514656701837
833,12323735.485304706,20433.1664293345,18745.074543623097,31915531.816434726,483.9099161827827,43238652.53191982,165.45917543097656
834,12321831.712703085,20335.58524530796,18646.437464586343,31915531.824575588,417.00749006778466,43238652.53189583,164.53068679491108
835,12320067.586745618,20234.984081301507,18550.185129625763,31915531.82491217,476.26699222173096,43238652.53192257,164.04358976675002
836,12318228.873607198,20136.110432032874,18455.958907040396,31915531.817250103,411.40699186436916,43238652.5317989,172.6167225159544
837,12316513.583103372,20037.70817741238,18364.130774897927,31915531.81690784,474.42113914946805,43238652.531852566,167.5780009657782
838,12314981.90667219,19939.98975828397,18270.17227583501,31915531.80835868,407.9672442645012,43238652.53181657,165.86387733389597
839,12313092.873141805,19841.932360870956,18176.552738394497,31915531.808317907,473.03936917342133,43238652.531847686,164.82686011578332
840,12311278.110811226,19749.359777630554,18083.120601674687,31915531.81620672,407.55338424889044,43238652.53182749,164.18095368669512
841,12309686.934950087,19654.033960996712,17987.701940951178,31915531.8161181,472.65648718280823,43238652.53193848,174.257818290619
842,12307874.357034096,19560.082619835077,17893.45948514527,31915531.818092525,406.03036750698095,43238652.5318884,169.49034558302267
843,12305988.41607497,19467.315739411246,17799.919243631695,31915531.817892212,469.48314910993486,43238652.531934306,167.5342005228341
844,12304286.469865711,19372.540378745845,17707.018621517964,31915531.812515687,402.7286038889361,43238652.53190757,166.2932159948557
845,12302180.252839379,19281.23822301739,17615.214680559955,31915531.81320202,470.2070140176887,43238652.531934224,165.562844681759
846,12300421.753961407,19188.759668917646,17519.534222202758,31915531.810418032,403.14856946130817,43238652.53181112,176.0232660513249
847,12298595.772824608,19097.45133021094,17427.580892653645,31915531.808754455,467.6659420223763,43238652.53186268,169.8960164993335
848,12296672.922192762,19005.462254487873,17336.34472136535,31915531.808414403,400.9375749169946,43238652.5318251,167.71274822635834
849,12294838.603670735,18911.6466237936,17243.6726866272,31915531.808150176,468.6474188981263,43238652.531857274,166.53839326052253
850,12292991.202021934,18820.812768551405,17154.216401116206,31915531.807221036,400.5161454769219,43238652.531836174,165.79322645688694
851,12291214.654737681,18728.37309466334,17063.040415736814,31915531.807186954,466.51489923773454,43238652.53194058,177.05772889381848
852,12289612.805935549,18639.36856244919,16974.645714998573,31915531.80616466,398.93148034308143,43238652.53189039,171.40730334862738
853,12287774.331228148,18550.012821129327,16884.685821716495,31915531.805698324,465.7463706681276,43238652.531936154,169.16051905348692
854,12286112.300545191,18462.03951748513,16795.54768579208,31915531.805265952,397.9560308738035,43238652.53190977,167.93973408723753
855,12284284.156738076,18374.622848873303,16707.862767285096,31915531.804995656,465.4561072730145,43238652.5319364,167.16804016035078
856,12282251.207403662,18288.667909546308,16621.431886356157,31915531.801217765,398.649740058284,43238652.53181583,179.66245223293953
857,12280645.681328168,18201.7887717464,16534.83566760798,31915531.801191594,460.7290124558669,43238652.53186782,173.6969003452636
858,12278980.156123543,18114.36200271797,16448.39293017609,31915531.8001196,395.4076538909453,43238652.53183003,171.09436790853707
859,12277436.536154915,18027.06143395913,16363.963536372306,31915531.800071083,455.473467339724,43238652.53186147,169.61386880961476
860,12275771.513275702,17941.570051959956,16280.46602914538,31915531.80288656,391.0326505237003,43238652.531839386,168.59197012772617
861,12273792.273151606,17858.13193690644,16197.104111468818,31915531.803403147,446.01975812383955,43238652.5319476,183.31817934614793
862,12272153.78095367,17775.804666132502,16113.639046184682,31915531.80517985,384.0340111025061,43238652.531892695,176.92205664769637
863,12270619.46526772,17692.626387783374,16030.55657190559,31915531.80579355,448.8949530265676,43238652.531938426,174.49512772107815
864,12269169.679269906,17609.28301669714,15948.760133983216,31915531.807621635,385.899071658823,43238652.53191109,173.15152911967795
865,12267476.549682567,17526.426070152636,15868.463640736452,31915531.805952754,451.8335337497352,43238652.53193663,172.37190672863338
866,12265851.427850641,17440.644878393137,15785.073867783934,31915531.811070915,386.89810623405737,43238652.53180197,187.88900845221673
867,12264213.841298105,17360.19816676478,15703.125312769393,31915531.811438203,447.3813432742089,43238652.53185641,180.82343165384356
868,12262514.861584865,17279.13026306933,15619.719017595995,31915531.810339715,383.2348177957712,43238652.53181855,177.74288193080164
869,12260777.254848676,17198.66339292557,15535.527865709588,31915531.80978202,445.42562720695514,43238652.53185071,175.77018011552826
870,12259102.528494315,17121.034851116663,15454.540308791538,31915531.812987097,382.53384350370857,43238652.5318301,174.60127841082644
871,12257425.85121728,17043.503144301372,15373.727712727035,31915531.81232978,446.63670790646376,43238652.53194275,197.1445405561669
872,12255616.16857731,16964.894202514577,15293.880704901005,31915531.809070695,383.3169785771306,43238652.5318904,189.11902976999323
873,12254089.060795313,16884.224309461293,15213.064472627733,31915531.808970097,447.2980220055645,43238652.53193714,186.3676884976175
874,12252344.27591652,16804.791932487624,15131.266760385306,31915531.806799408,383.32826636834704,43238652.53191152,185.83816436569026
875,12250758.412686218,16724.437947088634,15050.778750808113,31915531.806583624,441.5316834930509,43238652.53193882,185.2492174121621
876,12249129.973103546,16646.364618943993,14971.091744433434,31915531.806200013,378.66544244988785,43238652.531809546,209.88078092509247
877,12247703.902618365,16567.10971675759,14891.610793793541,31915531.80574202,437.7605409332086,43238652.531863496,198.5899454705166
878,12246230.96934758,16487.635650794935,14812.231581830109,31915531.793490037,376.5835711852049,43238652.53182633,193.3102802418074
879,12244543.284535786,16409.032918802317,14733.31939806215,31915531.793101344,437.63867328838666,43238652.531856366,190.40819577433433
880,12242961.874398826,16330.776101586831,14656.30352844174,31915531.80331456,375.08731862479317,43238652.53183518,187.8597904547749
881,12241423.765848922,16252.887886318862,14579.033370003082,31915531.80298921,436.29359238237663,43238652.531950176,210.38764161381866
882,12239880.52371591,16175.0573867035,14501.804561774836,31915531.803258777,373.29884201780806,43238652.531898856,200.3908082131408
883,12238348.524578061,16097.905497283366,14426.2282631974,31915531.80288161,431.6210104836622,43238652.531946935,196.00877145666936
884,12236734.03304245,16022.072136038776,14349.649018111362,31915531.806138184,370.0787410479404,43238652.53192214,192.92698926601165
885,12235078.08878562,15946.295874000058,14273.208853452594,31915531.806461133,431.5631812233212,43238652.531950384,189.94406894614914
886,12233597.966216123,15871.40324645754,14199.342799147144,31915531.802683737,369.9768807800895,43238652.531831674,214.02731603137374
887,12232023.359813023,15797.385579844406,14125.597264945034,31915531.803386305,425.482147067922,43238652.5318921,203.4599190537396
888,12230493.052320218,15723.961973349968,14052.739636752962,31915531.822488144,365.87867462022786,43238652.53185444,198.41156727127
889,12228892.051009228,15650.083118482047,13980.759050873688,31915531.822666995,421.66655045360494,43238652.531885415,194.3423688422985
890,12227294.700706735,15576.204686852832,13906.9121615304,31915531.819881316,362.9961842049243,43238652.53186184,191.3132160103463
891,12225691.487402678,15503.20101628237,13834.021182858733,31915531.819865562,417.3941015051763,43238652.53197843,218.56793059191796
892,12224169.614952145,15431.172496254914,13760.464305799489,31915531.8261111,360.1303280405479,43238652.53192185,206.56846020485838
893,12222655.042416044,15359.545033329223,13688.331482076092,31915531.82610394,416.68285423698205,43238652.5319661,201.3612207282654
894,12220721.472351614,15288.343749057678,13616.071087263297,31915531.820970856,358.8385776976733,43238652.531938426,197.96477788306316
895,12219152.216073416,15217.208021686221,13544.18278190412,31915531.820099168,414.0030718573384,43238652.53196547,195.56922293557798
896,12217624.438301072,15148.40126807047,13474.306037816592,31915531.81825211,356.45907236773786,43238652.531833015,224.06453366533094
897,12216029.559108082,15078.729559338652,13404.891917710187,31915531.818538822,409.43379238815595,43238652.53189233,212.5851970681821
898,12214485.842490043,15008.92243225238,13333.844279303961,31915531.821180355,353.77402010697926,43238652.53185159,208.6340236430402
899,12213054.576993905,14939.455171279855,13263.185360101103,31915531.820630085,408.65451399863343,43238652.53188092,206.63670824819866
900,12211698.51998884,14872.931655863003,13193.50034089924,31915531.82320449,352.52108421788125,43238652.53185792,205.6479277379642
901,12209949.119310578,14805.034507846989,13125.204169328013,31915531.82295119,404.4032164197614,43238652.53198036,237.3671300468693
902,12208665.772824055,14736.984508868603,13058.305461261925,31915531.82107635,349.8711135628012,43238652.53192426,223.18132171132677
903,12207094.421404386,14669.77890098678,12991.333987762902,31915531.82027145,402.37957898632834,43238652.531973064,216.07594261672946
904,12205626.542879164,14604.314308460536,12923.832285941802,31915531.821048446,348.5692979245951,43238652.53194497,212.26978799328518
905,12204246.370918829,14535.37617481871,12858.852493061284,31915531.82124155,397.7652823392326,43238652.531973094,209.59764595264116
906,12202757.35698411,14468.481796013728,12794.045814605815,31915531.823888145,344.8589287787806,43238652.531843096,236.06870668977217
907,12201045.083861062,14401.436195135499,12730.169597094018,31915531.824090045,399.7122640478023,43238652.53190647,222.69182760005108
908,12199587.829937376,14333.748453134402,12665.040058952145,31915531.82639663,346.332273150781,43238652.53186423,216.03325777796627
909,12198155.38843709,14267.061680722449,12601.562962218763,31915531.828590047,396.83194380090254,43238652.53189613,211.24019891754548
910,12196569.439629521,14199.024749972812,12538.02088033835,31915531.828097966,343.5946026870248,43238652.531872466,208.06875555100177
911,12194999.14150355,14132.723920991408,12474.112863954406,31915531.829260334,393.31585848536105,43238652.5319945,242.55848957427938
912,12193456.49191291,14066.9504887361,12410.933990660284,31915531.835230786,339.91107657607586,43238652.531933635,230.67214976336624
913,12192068.940737061,14001.381726251391,12346.603567622593,31915531.833238237,385.91258136093273,43238652.53197986,224.2571678721708
914,12190364.788905002,13937.679324676335,12284.95587626132,31915531.83428232,336.5030616470354,43238652.53194873,220.11536039525745
915,12188809.193774387,13872.693641861257,12224.121620973656,31915531.83374587,384.5270966554773,43238652.53197573,217.1298294630233
916,12187412.421064967,13808.527233120749,12163.148765015812,31915531.833511062,334.6260424339146,43238652.531839445,247.7332187615378
917,12185761.255862238,13743.594122818278,12103.597538235941,31915531.83372701,378.4826160602313,43238652.53189841,231.6952078075422
918,12184404.100437716,13680.183162524398,12044.651682283415,31915531.82807829,330.0703646246926,43238652.53185484,225.35116330332616
919,12182961.97613355,13618.19772092017,11986.879808765401,31915531.827640798,376.92118275262,43238652.53188614,220.6679393432268
920,12181750.994819121,13555.73006058994,11927.83319084669,31915531.819963373,328.4228874471276,43238652.531863414,217.04373964411656
921,12180343.672710314,13494.201829189995,11869.841497782714,31915531.819459796,375.9626199788821,43238652.531979255,236.2598070034802
922,12178839.624821605,13432.795395246525,11812.000198750671,31915531.81727157,326.8168448154032,43238652.531918,223.18837502530732
923,12177271.075572155,13372.657453423779,11754.62564580888,31915531.817443166,368.4687558544936,43238652.53196709,217.83188080703889
924,12175767.855595509,13311.40108081686,11699.438422507294,31915531.812591333,321.2387305170071,43238652.531938575,214.61158226123914
925,12174141.551071327,13251.461904013318,11642.369013073192,31915531.81182298,367.98822897226165,43238652.53196731,211.72876357501556
926,12172556.300494563,13190.363665116796,11585.952321309333,31915531.802944172,320.57300077344865,43238652.53181281,244.26237937609383
927,12170923.272224365,13131.062819017674,11528.345006679268,31915531.802357677,366.7421080906669,43238652.53187506,232.4573766420046
928,12169548.498865124,13072.276155032496,11470.845159287865,31915531.81524853,319.1334245761437,43238652.5318365,226.27621214440248
929,12167786.873418381,13013.030841758391,11415.849147113722,31915531.81543054,363.6894436202867,43238652.53187356,222.5700230285267
930,12166382.481733412,12955.696894119108,11362.624032221795,31915531.81403126,316.2998992497581,43238652.531854115,219.44873143272503
931,12165056.103336373,12898.13553188541,11309.528792618225,31915531.813722536,358.0265154662434,43238652.53197919,248.40139858634316
932,12163341.538004186,12840.531459096277,11256.460339114277,31915531.821605973,312.1754415442622,43238652.531922676,233.62899851188777
933,12161770.336274074,12783.939141804467,11201.915201303902,31915531.822705697,352.26771373976015,43238652.53197685,227.6224311536386
934,12160291.159532122,12726.175535004186,11150.138799292936,31915531.823558047,308.2289903455228,43238652.53195262,223.28793952141916
935,12158760.065508459,12668.849800274667,11095.944416622871,31915531.825474188,349.15011694569813,43238652.53198533,219.73745768084808
936,12157436.31496046,12610.596212651888,11043.41913190417,31915531.832264207,305.045347004499,43238652.53185581,258.316554728819
937,12156001.360141693,12554.54951112686,10989.43192763081,31915531.830727752,347.31358270317253,43238652.53191738,247.01357462190245
938,12154595.307752766,12499.5620766364,10935.345111551407,31915531.8215376,303.37503364365904,43238652.53187346,241.61673868650306
939,12153267.10756742,12444.98765374356,10882.877621979915,31915531.8211328,346.94769696416114,43238652.53190602,237.95043195348657
940,12151878.323643127,12390.122379371209,10828.554227162525,31915531.81172257,302.6159697128597,43238652.53188039,234.65055438274499
941,12150361.583527561,12335.415225488969,10775.6375421251,31915531.81217715,347.5688881521321,43238652.53199646,275.16632447920176
942,12148943.769115346,12280.894209520635,10723.301107401676,31915531.81580747,301.7759209117964,43238652.531932056,262.2135983680841
943,12147511.130229518,12226.300484571253,10671.39047897293,31915531.815148167,349.73614081312166,43238652.531981856,254.62569153997532
944,12146009.358561272,12171.148378796222,10620.672874609916,31915531.809540294,302.89067818233804,43238652.53195221,249.49015467172188
945,12144418.289033493,12116.475809076046,10570.852692716979,31915531.809988286,347.8510142960223,43238652.531979315,244.87186881385503
946,12142817.418018319,12061.91598269694,10519.512473563924,31915531.81051231,300.9963794906377,43238652.53185397,274.5403326047818
947,12141346.26131518,12008.548062009557,10470.60564172183,31915531.810691465,349.19581398676075,43238652.5319159,261.79043932544386
948,12139668.67167888,11954.212280710877,10421.086738331993,31915531.809471354,301.71431684564874,43238652.53187526,254.0641895136487
949,12138228.151619319,11900.779784465503,10371.251940534417,31915531.808157016,348.7138525760965,43238652.5319093,248.62287351154384
950,12136888.469523467,11846.6727456059,10321.909066616532,31915531.816434342,300.8370702722421,43238652.53188544,244.12636904342233
951,12135407.173515998,11794.490502330824,10272.855607318716,31915531.81562227,346.10345948323516,43238652.53200967,270.4514784383636
952,12134067.51148215,11741.434477955814,10223.852819929638,31915531.811057102,299.5002727167045,43238652.53194985,256.4013507933177
953,12132864.897233773,11688.997315885668,10176.743443465184,31915531.810676195,345.7334906531323,43238652.53199979,250.40680887900893
954,12131538.02888226,11638.611784717918,10129.75427863324,31915531.81236377,299.04318215519424,43238652.53197203,245.706935231923
955,12130199.281268742,11586.446418725656,10084.174091677407,31915531.81233783,346.9412092253366,43238652.53199925,242.26057739052771
956,12128781.08882195,11534.361029006668,10037.989546183815,31915531.812242646,299.3566566302767,43238652.531863146,268.9402005694546
957,12127332.830218835,11483.705046592604,9993.050800119308,31915531.813035425,347.8382786666128,43238652.53192726,257.1926478337398
958,12125885.638695786,11432.814960828156,9949.769951795073,31915531.816164147,300.0837298056933,43238652.53188306,250.98146395327552
959,12124472.182798626,11383.312315939569,9906.146400911271,31915531.81684414,344.05265704886284,43238652.53191428,246.01797059674197
960,12122982.785912573,11333.051043101741,9861.618049535904,31915531.818086833,296.6198028228207,43238652.53189078,242.1248900815542
961,12121528.344011452,11283.025450281555,9816.759907356716,31915531.81793707,342.1445529935042,43238652.532017365,273.8824840820939
962,12120252.533878297,11233.730931914237,9772.136536810007,31915531.82347778,296.4161243062469,43238652.531956986,260.51178895691805
963,12118780.619121317,11184.044370962345,9727.848273289865,31915531.823516943,343.55942127062684,43238652.53200426,254.19077449303072
964,12117398.440047402,11133.08107043445,9684.689600431131,31915531.824520387,297.03402342106534,43238652.531976916,250.45296919762268
965,12115975.173702074,11084.987333402947,9641.21034568505,31915531.823971204,343.1701898489042,43238652.532003246,247.2256162837032
966,12114620.86855025,11035.661672926504,9596.03553063563,31915531.820059657,296.5693464616937,43238652.53187744,274.3443358165393
967,12113111.196157143,10987.16105538645,9551.692694679405,31915531.819636296,344.05766848962435,43238652.531935945,260.8494711063166
968,12111754.686648352,10938.38387440679,9507.626761879583,31915531.829481844,296.3449798721578,43238652.531890795,254.61692104120291
969,12110311.938958162,10890.947657835075,9462.851898624303,31915531.829845592,336.56731577656393,43238652.53192016,251.966100932986
970,12108946.573067347,10843.952378598367,9419.129578300259,31915531.823093988,291.5470231010999,43238652.53189592,249.0020383161357
971,12107544.512191134,10796.29157908703,9376.82047733095,31915531.82355735,336.6807003739488,43238652.53200243,276.61335665582595
972,12106219.124939058,10750.24829668982,9333.635741931144,31915531.8288837,290.93553881275403,43238652.53194129,261.4282938561799
973,12104718.611119073,10703.037628348942,9290.525661254507,31915531.82883996,332.41587845974243,43238652.531985156,254.1788919690009
974,12103394.667054377,10656.195548924374,9247.722364226009,31915531.831275705,288.0742664091401,43238652.53195771,249.60002964975087
975,12102072.030954083,10610.200924439057,9205.239031902021,31915531.830554407,330.25270076863654,43238652.53198187,245.149527839871
976,12100850.821618019,10563.857449396217,9164.742270849503,31915531.817766048,286.09555358247525,43238652.53185904,276.61723702624874
977,12099517.173019402,10516.416173735512,9122.416088375874,31915531.817170028,329.224717076206,43238652.531918496,264.2746818099781
978,12098406.62262313,10470.4951149401,9080.010799372592,31915531.818885904,285.581661094851,43238652.53188191,259.26481062517394
979,12097047.759658331,10424.918845473101,9039.240745237665,31915531.819392458,328.81454311257426,43238652.53191044,256.7332798041174
980,12095735.151602251,10380.057687558912,8998.593799472917,31915531.821144048,284.95692924530357,43238652.53189071,253.54107801345467
981,12094407.83702449,10334.439769596062,8957.91293635424,31915531.82157076,331.3330209165422,43238652.531997,287.6846538727609
982,12093023.976576822,10289.271819615316,8916.984872161202,31915531.820830464,286.3653481738435,43238652.53194823,271.63518383340306
983,12091775.466916336,10244.967071900142,8876.45148489047,31915531.820735402,334.8983845166192,43238652.531987496,264.42168224258234
984,12090488.885321002,10201.476743480822,8836.842164957203,31915531.82098314,288.1288848698736,43238652.53196334,259.95578700154107
985,12089211.058929602,10157.35893471553,8797.76363877959,31915531.820334107,335.38743576834463,43238652.53198626,255.26745425654963
986,12087901.207994524,10113.215960746995,8757.513986216554,31915531.82344581,288.1869033712773,43238652.53187537,286.5142962004606
987,12086484.702355167,10070.024761123697,8717.659134421208,31915531.823602878,335.64488817303993,43238652.53192779,272.7468343834122
988,12085092.406983722,10027.137839725123,8677.72092395996,31915531.824161325,288.4019423239593,43238652.531893976,266.7802479943417
989,12083758.461853502,9984.710341475356,8638.67831544403,31915531.82445609,335.42310962916605,43238652.53192134,262.7558876118218
990,12082546.638991933,9943.053192893507,8599.851394540252,31915531.831285425,287.5142070648676,43238652.53190268,258.32336226561233
991,12081161.052697783,9899.757079505662,8561.593687349874,31915531.829642147,335.19990749234444,43238652.53200014,284.4091488078793
992,12079631.833822716,9856.76046834373,8523.53740002012,31915531.830094717,286.9409456941774,43238652.53195404,270.28395530845245
993,12078445.937441187,9813.63729661277,8484.603371439182,31915531.830543365,327.9626638230201,43238652.53199085,265.08482046369375
994,12076997.374844577,9770.611246076125,8446.254149159353,31915531.83374751,281.86569480492483,43238652.531968385,261.88724342815453
995,12075649.57876771,9729.192325705031,8408.084389788732,31915531.83420513,324.87863961051255,43238652.53199047,258.1751846040766
996,12074386.981137292,9687.791203062645,8369.751038803675,31915531.83928343,279.5245343858978,43238652.53188792,274.7923557249196
997,12072934.61847639,9647.338418148165,8332.111710159166,31915531.83964235,317.3536180976692,43238652.53193445,257.5327878368518
998,12071588.36640292,9605.629259944442,8293.178781656108,31915531.844999615,274.87490373795794,43238652.53189918,250.56556355852067
999,12070006.227857273,9563.51477131346,8255.208802953593,31915531.84503285,314.96515039605765,43238652.531926565,246.05640316707672
1000,12068616.665784992,9522.449861750758,8217.195616857336,31915531.852018196,272.9286043680663,43238652.5319063,242.3246346373726
