Iteration,Global SPAI CG,Global SPAI MR,Global SPAI LOMR,Inner-outer MINRES,Inner-outer MR,Inner-outer LOMR
0,1.0,1.0,1.0,1.0,1.0,1.0
1,0.4596825742205478,0.9947538237727507,0.6699217887440537,1.0033849319472001,0.2701741166893016,0.957567974065536
2,0.3079831446251976,0.994423458651631,0.4697857716784459,0.9946134427215017,0.271921261548395,0.9537369223713196
3,0.3094134538609565,0.9946316596688166,0.46962024818340287,0.9852466665357004,0.22471980793250876,0.8603414259399914
4,0.2319636999358398,0.9949170291953068,0.4327579695220389,0.9861599673439307,0.22423273368672952,0.8459543164519314
5,0.21975752660661266,0.9949433621807962,0.35264876378135873,0.9850337711526316,0.2121765120108772,0.8076192243446046
6,0.20124988342663094,0.9950319552083218,0.3270112029934005,0.9839009281131544,0.20826018543268168,0.7294080295931886
7,0.1745169707682468,0.9951520371899233,0.34054489518252484,0.9817953268180213,0.2049373671421428,0.736804994353758
8,0.16741993369486138,0.9952825327783763,0.31564887790818635,0.9820524323131743,0.2011828819378829,0.6811450467765784
9,0.15335091346803037,0.9954066584659301,0.29244383551044784,0.9794144578909837,0.19959581897339568,0.6638040447910236
10,0.15805942469651604,0.9955120082076455,0.297023266605943,0.9781295946270312,0.19900944766661366,0.6280844505654025
11,0.14347899262824484,0.9955912269173436,0.2989981568032742,0.9777818732775,0.1972577672708309,0.5701589252278089
12,0.14335182701250712,0.9956421710389138,0.28748604231106356,0.9778671055488494,0.19733655620536197,0.5806924589475264
13,0.14395440994499556,0.9956671794028823,0.2922919221111499,0.9754949784591447,0.19691774561860206,0.5304481062195847
14,0.14261188321677634,0.9956715825283763,0.28003241531688544,0.9755673778735332,0.19812951535774082,0.5397853782170772
15,0.14082764947951512,0.9956619281176109,0.2666959900352389,0.9751162234133184,0.19816140000229612,0.5010305723310774
16,0.14063471220095614,0.9956444570606752,0.26961608152892985,0.9733496015670515,0.1980782330109482,0.5106569445944504
17,0.1404625834845882,0.9956241559953256,0.2428357239156086,0.9712651939576442,0.19794855619966342,0.4767143817142343
18,0.13843611033910305,0.9956044224702773,0.2429715198253687,0.9703834122186047,0.19819776646872583,0.48796877738598526
19,0.13535316941817296,0.9955871784651036,0.24072037885839245,0.9711347158281439,0.19918318794728948,0.4516999406871825
20,0.13324382300360021,0.9955732107735346,0.21739317215622103,0.9708750820881471,0.2002165172581759,0.4615514813555259
21,0.13291547846050702,0.99556255943434,0.21612158737600684,0.9685042939531303,0.2004955576983101,0.4331357352005982
22,0.13268267665210567,0.9955548512851089,0.21770230627555098,0.9657907096464802,0.20037806469059552,0.43310940971827094
23,0.1313094239316267,0.9955495409253264,0.19792519274542,0.964456862292793,0.20124259834254069,0.42282070435888053
24,0.1293654551678443,0.9955460613486309,0.19626806134602326,0.964677210329751,0.2011035910010444,0.4202478363818935
25,0.127552184695079,0.9955439040609209,0.2027454683845656,0.9647477760069544,0.20135074270797743,0.41290218757997865
26,0.12703611066954457,0.9955426518419844,0.19106958327422877,0.9651647424775897,0.20222785129863055,0.42670417759172424
27,0.1274831640083359,0.9955419837660845,0.18520483126566867,0.9646475846345651,0.20242665209893354,0.4104527842641235
28,0.1268681169146567,0.9955416664046661,0.18993189077419584,0.9629305443378752,0.2022241256830032,0.4070637113572295
29,0.12567307518444384,0.99554153974236,0.1833324088648343,0.9617372904720092,0.20218591616663814,0.41396861246237826
30,0.12524706944459066,0.9955415022158903,0.17892849175804587,0.9618308938553117,0.2022545326150839,0.4305617358854652
31,0.1254315815969664,0.9955414966010663,0.1812449718172488,0.9621573760186666,0.2025235549379689,0.442013800533258
32,0.1252858655499632,0.9955414970237808,0.1741802087934032,0.9623463453884589,0.20300078352976123,0.4422051763874611
33,0.12284108337427148,0.9955414968283154,0.16834605825473595,0.9621312667031543,0.2035736130536402,0.4346549880611125
34,0.12152256349663818,0.9955414970794739,0.17032674286661367,0.9614696186090368,0.2040529656142876,0.42420961928281176
35,0.12269742440326417,0.9955414960189268,0.16661957533122168,0.9605208835783904,0.20428902126167772,0.4143814651235482
36,0.12165186042672234,0.9955414755436585,0.15813101951343247,0.959503022713342,0.20425498361099922,0.40675108474983507
37,0.11964963949899945,0.9955413866972528,0.15762545504034847,0.9586041496164998,0.20403664425912285,0.4016154859654024
38,0.12007865048692455,0.9955411331796744,0.15989899455779047,0.9579784677408444,0.20376449266343996,0.39869627345594927
39,0.11727790533432167,0.9955405494693046,0.15615065133496067,0.9577180018751628,0.20355063738770116,0.3974765909979023
40,0.11534747218050835,0.9955393662855038,0.15093267285565265,0.9577810268796015,0.2034564494173131,0.397312043341791
41,0.11577359435574977,0.995537150640435,0.15163677652068885,0.9581183126871321,0.20347994622779314,0.39742151346984755
42,0.11517253817984237,0.9955332011721114,0.15379383164425145,0.958349015394551,0.20359114262054134,0.3952378432287614
43,0.11365750632661402,0.9955263736433342,0.14984942450667882,0.9582318044735479,0.20414851917500532,0.3917990022726502
44,0.11356458713346981,0.9955148106764721,0.14670747442652607,0.9576145865429067,0.20406021251940853,0.39588024759139656
45,0.11251222687603683,0.9954955622664807,0.14932727253315967,0.9564012976784716,0.20439780664638987,0.39671790842672155
46,0.11041644896236441,0.9954641228791328,0.14979012669522315,0.9548471397202211,0.20458184713398012,0.3959186765183868
47,0.1088624455497433,0.9954139926626746,0.14559849876365694,0.9535942277774913,0.20454766736535512,0.401080402399616
48,0.10886289990092449,0.9953364971753631,0.14550248604558194,0.9531374273534156,0.20465733930442837,0.4014917219801615
49,0.10887091351297898,0.9952212277108115,0.14270542531753183,0.9534665640028063,0.2049639733195765,0.39869615282872056
50,0.10888595829517896,0.9950574646353988,0.1415326307891617,0.9542572085417294,0.2054394827308273,0.3959188415107057
51,0.10890770125092923,0.9948366384759578,0.13860454228028227,0.9548125348346597,0.20599021387009958,0.39406452094663375
52,0.10893585025336196,0.9945552246048286,0.13622043644845425,0.9542738523473936,0.2065031911272179,0.3931015886587406
53,0.10897010369417152,0.994216813223949,0.13507103367305814,0.952498272709672,0.20689287173406992,0.3927566422714074
54,0.10901011972074418,0.9938321178139227,0.1299569180218419,0.9504926393374702,0.20712075982669026,0.39272860252747877
55,0.10905549278653615,0.9934166755530043,0.13082590343010939,0.9493362527578578,0.20718943420192773,0.39274581624505683
56,0.1091057356529384,0.9929872869783694,0.12474681842469926,0.9493310490927361,0.20712656884094788,0.39264841178140625
57,0.10916026761906299,0.9925587754891761,0.12557016199934382,0.9496054734272837,0.20697039119351485,0.3922482278873445
58,0.1092184105224234,0.9921421199546582,0.12085912231627835,0.9501086482474588,0.20676014522893688,0.3913711767799323
59,0.10927939408016385,0.9917440762260964,0.12200597571389307,0.9507486590234421,0.2065309047879338,0.3899830325590149
60,0.10934237171081553,0.991367788979387,0.11737990610324037,0.9513823155573842,0.20631115419065724,0.3885638389778994
61,0.10940644719100817,0.9910137922604435,0.11887684736565825,0.951827479390821,0.20612190406680433,0.38865884457339894
62,0.10947071144106622,0.990680985879825,0.11341714849794104,0.9519144099025522,0.20597660273237847,0.39142751537068493
63,0.10953428750987443,0.9903674040067111,0.11473712036696855,0.9515602565027553,0.20588140014339523,0.3931456256068936
64,0.10959638059744709,0.9900707459850377,0.10870011011131132,0.9508170577278537,0.20583535973291003,0.392670745680574
65,0.10965632890037011,0.9897887096082061,0.1099022661699134,0.9498539044450094,0.2058296592601299,0.3932505476086461
66,0.1097136503838647,0.9895191843522477,0.10439567874328273,0.9488880679552669,0.20583792516670485,0.39424563285253417
67,0.10976808043747517,0.9892603554247227,0.10565969645468101,0.9481156624167295,0.2058724064407102,0.3930470588019197
68,0.10981959585395754,0.9890107561223346,0.1010748677388465,0.9476739006867271,0.20594012567591774,0.3926379836003246
69,0.10986842168034248,0.988769293440471,0.1024637669610466,0.9476301835513639,0.20604575441238607,0.3926388373475377
70,0.1099150191157778,0.9885352623606316,0.09861528957282191,0.9481480343618136,0.20619181639745945,0.3926383166607359
71,0.10996005456636378,0.9883083577143807,0.10006933187102796,0.9487576349590195,0.20637841288838807,0.39263992645013596
72,0.11000435194551966,0.9880886882589881,0.09669534659207406,0.9490277857632676,0.2066028738776516,0.39265369593288185
73,0.11004883205070742,0.987876794840682,0.09798524794971222,0.9487723167847166,0.20685953332530865,0.39269450381105886
74,0.11009444411573871,0.9876736726724499,0.09515251358745647,0.9480207175515035,0.2071397707369295,0.3927813423598468
75,0.11014209527795531,0.9874807964065587,0.0952258814739894,0.9468965255171612,0.20743241110362895,0.39293678735219684
76,0.11019258366313862,0.9873001455823381,0.09438064717010827,0.9455781416082158,0.20772450402933462,0.39318637063085243
77,0.11024654013557887,0.9871342270376603,0.0921792263496931,0.9443373226749313,0.20800241597479188,0.3935575595098112
78,0.110304382627927,0.9869860899358236,0.09293100675701692,0.9435137777241073,0.2082530880279422,0.39407803878335534
79,0.11036628554607666,0.9868593281963327,0.08996484359740028,0.9433365287745646,0.2084652614258565,0.39477308499568997
80,0.11043216523994856,0.9867580644059764,0.08933113785447272,0.9437560937948188,0.20863047256691458,0.3956620792331777
81,0.11050168112093027,0.9866869088537341,0.0891091583206272,0.9443981830927903,0.2087436697668293,0.39675460223400183
82,0.11057425082595286,0.9866508873455281,0.08918861630567593,0.9448371449121342,0.2088033884898308,0.3980469584276387
83,0.11064907695891033,0.9866553320964166,0.08628786750264955,0.9447287484948041,0.20881151252432958,0.399520165778377
84,0.1107251824142044,0.9867057314387834,0.08607102175803111,0.9439164206488049,0.20877271926275814,0.4011402448735706
85,0.11080145109621968,0.9868075364400916,0.08695077983105891,0.9425491798798245,0.20869374271613472,0.4028610444373569
86,0.11087667095665488,0.9869659258031767,0.0864749254558976,0.9410595670239843,0.20858258719923495,0.40462908255734875
87,0.1109495766269443,0.9871855344848385,0.08443735000904269,0.9399220934838382,0.2084477976344758,0.4063893054988482
88,0.11101888946478766,0.9874701559914756,0.08334431691467997,0.9393989127701844,0.20829785331095566,0.40809051161039084
89,0.11108335349440937,0.9878224327880288,0.08405571822430134,0.9394703701847159,0.20814071329703082,0.40968946433647896
90,0.11114176642117915,0.9882435530450591,0.08458474769235162,0.9403237772142119,0.20798351142936702,0.4111532333342943
91,0.11119300554224625,0.9887329743594883,0.08334415637887349,0.9402343233098831,0.20783237972556487,0.4124598110777092
92,0.11123604880465901,0.9892881955149561,0.08183091415800602,0.9384851738299601,0.20769237032331894,0.41359738974411897
93,0.11126999118371321,0.9899045954269312,0.08169623205145081,0.9365139622740292,0.2075674448567607,0.4145628090808209
94,0.11129405511499743,0.990575354127504,0.08258145376465734,0.9358297142107429,0.20746050326850038,0.4153596489938475
95,0.11130758714921278,0.9912914643778867,0.08241319479567547,0.936282277336465,0.20737342837283512,0.4159963197676505
96,0.11130999177586885,0.9920418350236515,0.08110370253519941,0.936935640180203,0.2073071250724065,0.4164843648686319
97,0.11129906890837404,0.9928134795480001,0.08028748243096874,0.9360220973239889,0.207261529547084,0.41683707506279494
98,0.11127571729356213,0.9935917764952499,0.08057891755409721,0.9339499561748339,0.2072355412497009,0.4170684318634916
99,0.111240906570722,0.9943607833954483,0.08102278124574326,0.9327532349792846,0.2072267284176573,0.417192351432173
100,0.11119588666911423,0.9951035829406013,0.08046633810395537,0.9330298136095202,0.20722992691377806,0.4172221787589141
101,0.11114220877202144,0.9958026391436368,0.07934608261799514,0.9329691199703453,0.20732645870470226,0.41717037713243976
102,0.11108169773821452,0.9964401405688758,0.07884900119861535,0.9309020777223883,0.20753453893402168,0.4170483621425758
103,0.11101639311319766,0.9969983034762462,0.07914824041912577,0.931032052358236,0.20783924558525754,0.41686643763959486
104,0.11094846421257754,0.9974595886318599,0.07935201855991122,0.9291646762732797,0.20820031398248323,0.41663380014376333
105,0.11088010436583623,0.9978067122355074,0.07870942554147624,0.9279309085589602,0.20856775443466635,0.41635858656595015
106,0.11081341109464117,0.9980220152582324,0.0775571856562129,0.9285130536416153,0.20889748767082955,0.4160479471103853
107,0.11075026087422998,0.9980836846431115,0.07675740881792677,0.9284516436614975,0.20916026477572364,0.41570813075341084
108,0.11069218855110192,0.9978903980067718,0.07674719852221848,0.928616333843522,0.20934301570773284,0.4153445748555584
109,0.11064028216640548,0.9975318873114216,0.0757160772460472,0.9266460789723583,0.20944554380277416,0.4149619934964857
110,0.11059510369028469,0.997082045049068,0.07439498330611828,0.9266195054248036,0.20947583039520076,0.41456446126617486
111,0.11055664490068828,0.9966155374378213,0.0741559441608511,0.9272619866807437,0.20944591208076468,0.4141554907198582
112,0.11052432529216447,0.996206957965583,0.07445409017123035,0.9268970459552945,0.20936899765791753,0.41373810268848
113,0.11049703551557515,0.9959281285533245,0.07423071257459772,0.9251787345425745,0.20925776289166217,0.41331488927169713
114,0.1104732256044639,0.9958443835332708,0.07316319348335694,0.9239473158190249,0.20912350845587957,0.4128880697322338
115,0.11045103249417366,0.9960083501826021,0.07204427552307043,0.9243312125849182,0.2089758600684293,0.4124595397361822
116,0.11042843663404887,0.9964484425320893,0.0716819130962984,0.9247876722228107,0.20882276749128248,0.41203091449897894
117,0.11040343352769541,0.9971492485453756,0.07204583088441073,0.9237909422803813,0.20867064350423722,0.4116035664401777
118,0.11037420354634762,0.9980249117121102,0.07250714413354055,0.921988682260413,0.20852454971448148,0.4111786579486414
119,0.1103392629569441,0.9988989506488395,0.07247418890812464,0.921329750781239,0.20838838037997803,0.410757169831606
120,0.11029758109969087,0.9995247444202365,0.07299395403160067,0.9219542655049558,0.208265022709518,0.41033992597837327
121,0.11024865291329919,0.9996889080371756,0.07271129942949035,0.9217737376045533,0.20815648758069583,0.4099276147200561
122,0.11019252193729219,0.9993914910113054,0.07210669419281948,0.920093165977607,0.20806401241696248,0.4095208073158274
123,0.11012975552900069,0.9989185238233292,0.07246078742558211,0.9183991320376867,0.20798814088626086,0.4091199739465521
124,0.11006138014391946,0.9988227015310078,0.07278070298199271,0.9181397553384147,0.20792878380623428,0.4087254975502169
125,0.109988789053125,0.9994875646270666,0.07206366686661565,0.918626761695393,0.20788526284928147,0.4083376857911018
126,0.10991363705974043,1.0003378139493768,0.07178697279711367,0.9177229412616266,0.20785633265350545,0.4079567814164661
127,0.10983773637565859,1.0002245122293285,0.07229764817414536,0.9157106233219776,0.20784016353893003,0.40758297122065174
128,0.10976296510028828,1.0009741331675346,0.07216238383228613,0.9143041990186779,0.20783422684127648,0.4072163938067168
129,0.10969119539110621,1.0005039875302497,0.07139510226810042,0.914322452282039,0.20783483035383474,0.4068571463096929
130,0.10962424334184938,1.0007796912613462,0.0711931045507066,0.9147150123798432,0.20783292355975508,0.4065052902229481
131,0.10956383771283207,1.001580501778248,0.07158902968337641,0.9151866456419111,0.20782656453515516,0.40616085644955907
132,0.10951160075067627,1.001264717840027,0.07140313886034523,0.9154522755639399,0.2078144259040928,0.4058238496836941
133,0.10946903185475688,1.0009791774015526,0.07061180459328373,0.9153065819995108,0.20779546544892577,0.4054942522124447
134,0.10943748376626639,1.0013123650636044,0.0702677031203513,0.9146703560416621,0.20776883836116244,0.4051720272160089
135,0.10941811992362295,1.0022082984359977,0.07053601750520311,0.9136002966840784,0.20773387656367864,0.40485712163336385
136,0.10941183148635476,1.0029043388806322,0.0703600969523298,0.9122611750216235,0.20769010168222077,0.4045494686513006
137,0.10941891559027732,1.0029184845617578,0.06951567689969894,0.9108713461074222,0.2076372623335515,0.4042489898667528
138,0.1094402421220603,1.0024636096695474,0.06891542356601629,0.9096408401546082,0.2075753926171397,0.40395559716551555
139,0.10947603438966934,1.0020292494082477,0.06903271373067306,0.9087217549532167,0.2075048898624094,0.40366919435458626
140,0.1095259883933514,1.0019065677913441,0.06913704438563022,0.9081830666885251,0.20742660835986115,0.40338967858031505
141,0.10958924924589955,1.0020444179578696,0.06868216433632393,0.9080102626289418,0.20734196251427484,0.40311694156021577
142,0.10966440988395065,1.002563213140583,0.06795819317037417,0.9081141138464175,0.20725302771877754,0.40285087065255637
143,0.1097495574369285,1.0033784385551412,0.06763837454578438,0.9084662417575041,0.20716262058721974,0.4025913497846328
144,0.10984237416793327,1.0042572997214372,0.06782066409286916,0.9089297350095682,0.20707433298681396,0.40233826025786246
145,0.10994028788386112,1.0049219023396891,0.06793492225217508,0.9093332996503037,0.2069924886112859,0.40209148144544293
146,0.11004065617531289,1.0051788719368975,0.06756952925811226,0.9095129301101582,0.20692198983251467,0.4018508913962606
147,0.11014096110031782,1.0050049429035082,0.06700659006982514,0.9093479082467666,0.20686803020521174,0.40161636735695033
148,0.1102389876773244,1.0045372000488377,0.0668074150225407,0.9087865640555672,0.20683566757269695,0.4013877862224677
149,0.11033296159262562,1.0039862274356588,0.06707234160757983,0.9078565462563184,0.2068292845641417,0.4011650249242
150,0.11042162831819094,1.0035389554848864,0.06726479753052214,0.9066569834335102,0.20685200223791714,0.40094796076348826
151,0.11050426568675571,1.00330134271884,0.06698866966532607,0.9053344857695531,0.2069051471040108,0.40073647169742577
152,0.11058063261607083,1.0032826031243713,0.06659059867176337,0.904049876573613,0.20698788622962241,0.4005304365829332
153,0.11065086597674742,1.003328446684602,0.06662828383141405,0.9029452785110752,0.20709712683356407,0.4003297353843504
154,0.11071534409334062,1.0034663951764553,0.0670315693993412,0.9021199649989843,0.20722772401218997,0.40013424934912883
155,0.11077453847465286,1.0037090607592314,0.06726729167668076,0.9016189318442015,0.20737296710790482,0.3999438611556353
156,0.11082887526692431,1.0040602625984927,0.06704008124535209,0.9014327171938007,0.20752524818673762,0.3997584550365788
157,0.11087862523078443,1.0045155543153024,0.06673470080139249,0.9014982160138677,0.20767678265960626,0.39957791688113814
158,0.11092383646778303,1.0050619591772012,0.06685028757662939,0.9018707030008292,0.20782026742028334,0.3994021343184853
159,0.11096431823769566,1.0056777922274975,0.06728400196118585,0.9024065103563875,0.20794941959220922,0.3992309967850721
160,0.11099967741709504,1.0063329939051446,0.06734511082880655,0.9028968871914418,0.208059408470056,0.39906439557775386
161,0.11102940182929082,1.006990306820096,0.06700578913765669,0.9031336032998694,0.20814722508570968,0.39890222389457086
162,0.11105297740413163,1.0076075429145337,0.06688823800591485,0.9029704886620047,0.2082119843359517,0.3987443768647897
163,0.11107001986401702,1.0081410197028144,0.06718774596979467,0.902364503240401,0.20825504073095535,0.3985907515696051
164,0.11108039771045969,1.008549973907081,0.06743091246647451,0.901384442395174,0.20827974048212392,0.3984412470547388
165,0.11108432310915561,1.0088014332200497,0.06720407770073522,0.9001874813585484,0.2082907702914952,0.3982957643360191
166,0.11108239177431434,1.0088747444612904,0.06688689982347171,0.8989738645716566,0.2082933538094266,0.3981542063988921
167,0.11107556199174325,1.0087648465855776,0.066949888375901,0.8979350668805134,0.20829272413757588,0.3980164781927042
168,0.11106507492473017,1.0084835308715367,0.06712087149452516,0.8972106140869709,0.20829423676018904,0.3978824866204883
169,0.11105233051063018,1.0080583405972579,0.06669813568681206,0.896863521805609,0.20830296078791885,0.39775214052490343
170,0.11103874233304226,1.0075293038004083,0.06665183689698362,0.8968733398746422,0.20832399308347976,0.3976253506708916
171,0.11102559829580201,1.0069441721659003,0.06685607490974935,0.8966744449626264,0.208361811328602,0.39750202972555393
172,0.11101395084589757,1.0063530888269023,0.06676238997525272,0.8962330803593036,0.20841882828399394,0.3973820922356815
173,0.1110045519792821,1.00580356509162,0.06629906600480047,0.8955271313150643,0.20849376624321006,0.3972654546033251
174,0.11099783681834739,1.0053363683462437,0.06601994490383,0.8945524048337504,0.2085809563413351,0.39715203505974167
175,0.11099394767373094,1.004982532091997,0.06613857393718206,0.893339134449579,0.2086713990874023,0.39704175363801103
176,0.11099277662308002,1.0047612684115237,0.06620130585324965,0.8919725274795284,0.20875532297871752,0.3969345321445824
177,0.11099392040242355,1.0046778221571997,0.06582491644333825,0.8906068158189417,0.20882492943334896,0.39683029412997567
178,0.110997408828209,1.004715267258102,0.06532465731268264,0.8894564588532129,0.20887599333494672,0.39672896485883474
179,0.11100301786251356,1.004947835155574,0.06523651661266155,0.8887514664666454,0.2089079085563069,0.3966304712795061
180,0.11101043705577553,1.005380168040097,0.06537497732867495,0.8886637095937554,0.20892268312304405,0.3965347419932914
181,0.11101929689109441,1.0059811482111531,0.06511789437603556,0.8892379871889059,0.20892366055366587,0.3964417072235034
182,0.11102915563920795,1.006684142663912,0.06448873553810948,0.8903681069576603,0.2089144910671898,0.3963512987844412
183,0.11103945914154531,1.0073902416296854,0.0640821223624335,0.8918303685612472,0.20889851455113742,0.3962634500503791
184,0.11104948611773555,1.0079798047084016,0.06415313572403199,0.893349487892493,0.20887849300346556,0.39617809592465514
185,0.11105829551004913,1.0083346498661458,0.06422949723730338,0.8946607345956961,0.2088565628669104,0.3960951728089312
186,0.11106469480240144,1.0083687553770617,0.06394325030095192,0.8955500669968425,0.20883429564130043,0.3960146185726863
187,0.11106724715368148,1.0080591685493883,0.06339713317045603,0.8958778092660197,0.20881279600577593,0.3959363725229968
188,0.11106432960330116,1.0074644099662595,0.06297653853913392,0.8956168964833101,0.2087928012288772,0.3958603753746457
189,0.1110542447407108,1.006719500457656,0.06290337984820762,0.8946760194691027,0.2087747672804677,0.39578656922060185
190,0.11103537575616707,1.0060056851409611,0.06304720781767903,0.8931196605159151,0.20875893822986497,0.39571489750289707
191,0.11100636275113442,1.0055036523706684,0.06303716253395306,0.8911422569002739,0.20874540027898725,0.39564530498392897
192,0.11096627021466242,1.0053439025788589,0.06271439990401488,0.8890282197185619,0.2087341232516205,0.3955777377182092
193,0.11091471458286675,1.0055595669189776,0.062288873263816186,0.8870748382215743,0.20872499239501568,0.3955121430245742
194,0.11085192770957265,1.0061120465044602,0.06206532793090213,0.8855143543226635,0.20871783289303084,0.39544846945887147
195,0.11077874521823947,1.0068405919684564,0.06213025764456487,0.884475652008277,0.20871242895930223,0.3953866667871303
196,0.11069652432352695,1.0074901892191421,0.062277578849731174,0.883993219256739,0.20870853892800542,0.3953266859592252
197,0.1106070093717751,1.0077871890664984,0.06227189920299192,0.8840392130296112,0.20870590742569528,0.3952684790830343
198,0.11051217157659711,1.0075617778485961,0.062034916253488434,0.8845500485112614,0.20870427548692305,0.3952119993990979
199,0.11041405079373401,1.006866855918145,0.06171434289014655,0.8854334390053655,0.20870338936391292,0.39515720125577447
200,0.11031462245551314,1.0060077319228227,0.06152650171609992,0.8865580329277696,0.20870300880354378,0.3951040400848953
201,0.11021570423195882,1.0054258809865002,0.061570924647656455,0.8877404767939917,0.20870291586378886,0.3950524723779148
202,0.11011890730551395,1.005467990090321,0.06172236845406005,0.8887533807759235,0.20870292657037218,0.39500245566255093
203,0.11002562858283228,1.0059353242732498,0.061828840088875514,0.8893737179039128,0.20870291456571896,0.3949539484799143
204,0.10993707404872674,1.006644038804978,0.06177270421140534,0.8894672704640728,0.20870316419741847,0.394906910362117
205,0.10985430020431879,1.007305303344138,0.06155938982785399,0.8891789108708902,0.20870407665000104,0.3948613018103583
206,0.10977825988943977,1.0076132076970277,0.06130887321911093,0.8884700394946795,0.20870614133189686,0.39481708427347695
207,0.10970984022719885,1.007377102341632,0.061158383778015864,0.8873877256366985,0.20870993141605154,0.394774220126966
208,0.1096498833467083,1.0066425700699253,0.061180504509476215,0.8860489049131363,0.2087161048955309,0.3947326726524398
209,0.10959918437694627,1.0057201618484173,0.06130408054210669,0.8846189513085347,0.2087254021514318,0.394692406017547
210,0.10955846538436921,1.0050719660612764,0.06145396117880261,0.883280806062943,0.20873863211932997,0.3946533852563207
211,0.1095283276375299,1.0050836903999218,0.061539487057956505,0.8822016347673173,0.20875663945859446,0.3946155762499563
212,0.10950918602228354,1.005245351890107,0.06150009533930856,0.8815035468377633,0.20878024658654665,0.39457894570801133
213,0.10950118110184398,1.005540284316933,0.06134513795385231,0.8812432092750158,0.2088101681454026,0.39454346115001443
214,0.10950396583803697,1.0059505089908527,0.061146241056516365,0.8814042525712741,0.2088469019810324,0.39450909088747943
215,0.10951871691465236,1.0064543913846857,0.0609922373107509,0.8819047709126061,0.2088906095515274,0.3944758040063122
216,0.10954517484605632,1.0070264465493701,0.060947295045027106,0.882618256757401,0.20894100781518274,0.3944435703496035
217,0.10958258945780396,1.0076377473814149,0.06102943913963626,0.8834013354935043,0.20899730049766813,0.3944123605007987
218,0.10962984673545043,1.0082567346622902,0.06116821787836461,0.8841194769754175,0.20905817517923184,0.3943821457672366
219,0.10968557906591146,1.0088503896876955,0.06125634390165328,0.8846645745785148,0.20912188152800062,0.39435289816404767
220,0.10974828494503344,1.0093857336495908,0.06121575060843153,0.8849641561194225,0.20918638676369122,0.3943245903984038
221,0.10981644780458469,1.0098315796049941,0.0610512786532525,0.8849894793546834,0.20924958304908559,0.39429719585411316
222,0.10988863812709943,1.0101604133002204,0.060840276130871215,0.884872347237218,0.20930950624016467,0.3942706885765491
223,0.10996358541041612,1.0103502354749883,0.060680944912221195,0.8845883904760816,0.2093645226732252,0.39424504325790793
224,0.11004021244977158,1.0103861742121854,0.06064524933097143,0.8841252281438122,0.20941345138935538,0.39422023522278554
225,0.110117631445518,1.0102616810631273,0.06075260394920303,0.8834797993842913,0.20945560846137673,0.39419624041406814
226,0.11019510786090327,1.0099791622874394,0.060920391220286835,0.88266093752123,0.20949077999829588,0.3941730353791265
227,0.1102720026292765,1.0095499619001298,0.06101908276639085,0.8816931905656329,0.2095191442561085,0.39415059725630835
228,0.11034770578221839,1.0089936943481228,0.06095698091992501,0.8806202157960074,0.20954116828023442,0.3941289037617225
229,0.11042157488922001,1.0083370053121266,0.060757157765044034,0.879505822437983,0.209557501819632,0.39410793317630516
230,0.11049289019823934,1.0076119033079733,0.06055331686873975,0.8784306421327779,0.20956888425026027,0.39408766433316467
231,0.11056083545768053,1.0068538409618717,0.060494352647910525,0.8774832316617421,0.20957607239644643,0.3940680766051961
232,0.11062450946956459,1.006099728913248,0.06062058378218916,0.8767463891374678,0.2095797907483775,0.3940491498929599
233,0.11068296882737405,1.0053860409156015,0.060832647988652046,0.8762819434722922,0.2095807015303824,0.3940308646128184
234,0.11073529742733221,1.0047471258112752,0.06095027740249223,0.8761187846909375,0.2095793902334822,0.39401320168532455
235,0.11078069372676856,1.004213794940596,0.06085990949378291,0.8762481361290185,0.20957636195796092,0.39399614252385623
236,0.11081856302431148,1.0038122222362729,0.06062295096193956,0.8766271662070653,0.20957204452470274,0.39397966902349
237,0.1108485999989489,1.0035632260358631,0.06044625505737772,0.8771887282305667,0.2095667952664528,0.3939637635501105
238,0.11087084701734536,1.0034823665343013,0.060489405932722784,0.8778532568444601,0.2095609093660281,0.393948408929748
239,0.11088571661797206,1.0035874986013769,0.06070722062690765,0.8785392953419523,0.2095546284053843,0.3939335884381401
240,0.1108939718819253,1.0038599959809795,0.060767745295656976,0.8791709469539483,0.20954814837994368,0.39391928579051205
241,0.11089666525832546,1.0042800083270167,0.06054211170999315,0.8796824259168703,0.20954162683128882,0.3939054851315705
242,0.11089504348343901,1.004821303079904,0.0602809564206087,0.8800210495828931,0.20953518899777895,0.39389217102570584
243,0.1108904319966555,1.0054512931704884,0.060279975792047975,0.8801506870137377,0.20952893302015405,0.3938793284473989
244,0.11088411544024662,1.0061320245047496,0.060297537176779374,0.8800630730459669,0.20952293430499014,0.393866942771827
245,0.110877230782771,1.0068217923753462,0.060333688486164425,0.8797099523430554,0.20951724917111278,0.3938549997656643
246,0.11087068648009178,1.0074773106284762,0.060387170987745264,0.8790838853653211,0.20951191790222085,0.3938434855780736
247,0.1108651157577717,1.0080563320493041,0.06045559661597035,0.8782077209142871,0.20950696731553542,0.3938323867318839
248,0.11086086586258147,1.0085205353169235,0.06053536798146625,0.8771340611065211,0.2095024129387208,0.3938216901149508
249,0.11085801931987817,1.00883840793426,0.06062160732077124,0.8759402548451269,0.20949826086970832,0.393811382971694
250,0.11085643886998649,1.0089877992843226,0.060708221598406525,0.8747182885493892,0.2094945093783561,0.3938014528948108
251,0.11085582535532779,1.0089578174991989,0.060788211366336845,0.8735619523002615,0.20949115029579365,0.39379188781715885
252,0.11085577731508263,1.0087498083323416,0.06085428872946168,0.8725549493595292,0.20948817022688385,0.39378267600380673
253,0.11085584127602267,1.0083772755585516,0.06089978143310484,0.8717628584897201,0.20948555161318222,0.39377380604424733
254,0.11085552232406724,1.0078647550983937,0.06091967882999441,0.8712296967827045,0.20948327366769398,0.3937652668447718
255,0.11085435906266487,1.0072458036547314,0.06091156948760776,0.8709776969839332,0.20948131319819932,0.3937570476209994
256,0.1108519336677694,1.0065603732041883,0.06087619330145335,0.8710079193797826,0.20947964533257557,0.3937491378905613
257,0.11084785774322348,1.005851893438493,0.06081742023843179,0.8712997083585473,0.20947824415708255,0.39374152746593394
258,0.11084175609830328,1.0051643713836023,0.06074164677279154,0.8718084386444304,0.2094770832767518,0.3937342064474198
259,0.11083325409064682,1.0045397541891417,0.060656785853445,0.8724629862337829,0.209476136305656,0.39372716521627193
260,0.11082197551167494,1.0040157119296105,0.060571128271101275,0.8731662502549468,0.20947537729379143,0.39372039442796003
261,0.110807555934323,1.0036239116452255,0.060492336323173405,0.8738027239410077,0.20947478109649445,0.3937138850055738
262,0.11078967294837366,1.0033888110568134,0.06042672538430576,0.8742552237030665,0.20947432369166843,0.39370762813336285
263,0.11076809054478268,1.0033271489007094,0.06037885981705338,0.8744284293797813,0.20947398244957155,0.39370161525040875
264,0.11074271093481039,1.0034522335851481,0.06035138587995915,0.874275807414041,0.209473736359494,0.39369583804442704
265,0.11071362420714514,1.0037549848967522,0.06034492204278229,0.8737730592276626,0.20947356621730606,0.3936902884456971
266,0.11068114518478665,1.0042184419440123,0.06035663651219676,0.8729557879577617,0.20947345477759152,0.3936849586211171
267,0.1106458280172523,1.0048166378361731,0.0603867669695755,0.8719022897184829,0.20947338687387848,0.3936798409683815
268,0.11060845229535139,1.0055152227379733,0.06043342545233225,0.8707150133274605,0.20947334951034938,0.39367492811027827
269,0.1105699791644002,1.0062727522468409,0.06049320463014363,0.8695039346882362,0.2094733319283374,0.3936702128891049
270,0.11053148105391249,1.007042609535519,0.0605613830328516,0.8683758093367406,0.20947332565088772,0.39366568836119925
271,0.11049405317397397,1.0077755791827494,0.06063219736272005,0.8674285547632474,0.20947332450862874,0.39366134779158457
272,0.11045871798005216,1.008423019748189,0.060699266041066346,0.8667467280847092,0.20947332464999216,0.39365718464872523
273,0.1104263348955149,1.0089404661170331,0.06075617139300295,0.8663933616165737,0.2094733245377352,0.39365319259939174
274,0.11039752667255007,1.0092913645220853,0.06079714382177066,0.8663954710640517,0.20947332492467097,0.39364936550363344
275,0.11037263122171023,1.0094505376250387,0.06081773750680066,0.866725426911886,0.20947332890777517,0.39364569740985544
276,0.11035168413917912,1.0094069295325496,0.060815364030169315,0.8672868376941351,0.20947334194669856,0.3936421825499997
277,0.11033443316651452,1.009165217457146,0.06078957168695488,0.867917385842473,0.20947337188662773,0.39363881533482703
278,0.11032038201526832,1.0087460040573168,0.060742018783407604,0.868416808429584,0.20947342899496854,0.3936355903492976
279,0.11030885781384184,1.0081845020782825,0.060676165304182905,0.8685959919142071,0.20947352601922362,0.39363250234805125
280,0.11029909415515503,1.0075278473521083,0.06059676939014394,0.86833262930028,0.20947367827292604,0.3936295462509809
281,0.11029032046891817,1.006831374092219,0.060509303032756846,0.867603456952299,0.20947390375609368,0.3936267171389023
282,0.11028184823789654,1.006154313348346,0.06041939260742292,0.8665071074408596,0.20947422331604013,0.39362401024931454
283,0.11027314538044143,1.005555414855562,0.06033235624425262,0.8652487520539096,0.20947466085334107,0.3936214209722524
284,0.11026389183105349,1.005088974817556,0.06025286879768149,0.8640898071754262,0.20947524357616595,0.3936189448462273
285,0.11025401180233702,1.0048018232750593,0.060184750226809,0.8632689508300393,0.209476002303899,0.3936165775542549
286,0.11024368116565603,1.004732924824378,0.06013085103635623,0.8629199062936957,0.20947697181785271,0.39361431491997034
287,0.11023331153346376,1.0049531767520739,0.06009299801997584,0.8630218571622981,0.20947819125277078,0.39361215290382623
288,0.11022351562964554,1.0054254101945677,0.0600719549317907,0.8634014967786612,0.20947970451760842,0.39361008759937366
289,0.1102150611859116,1.006099541149895,0.06006729432100508,0.8637781976298518,0.2094815607276533,0.3936081152296259
290,0.11020882333031713,1.0069096640012591,0.06007586659868067,0.8638445369207067,0.20948381462239138,0.39360623214350043
291,0.11020575229262908,1.0077785630755387,0.06009824014828672,0.8634089513137719,0.20948652693466868,0.3936044348123399
292,0.11020693443555116,1.0086239862153235,0.060133452434964894,0.8625123732272337,0.20948976466688585,0.3936027198265109
293,0.11021262082426043,1.0093658206624223,0.06017957713779375,0.8615099665182075,0.2094936012195954,0.3936010838920772
294,0.11022329112673374,1.009933587548128,0.060233857898105536,0.8608773935312338,0.2094981163076802,0.39359952382754854
295,0.11023936967553158,1.0102735558992924,0.06029283434569192,0.8608288607905026,0.20950339559033318,0.3935980365607017
296,0.11026120805632704,1.0103546629610716,0.06035252350481555,0.8611345109268052,0.2095095299348212,0.3935966191254734
297,0.11028907976875338,1.0101724351799735,0.060408671687205644,0.8612868794299784,0.2095166142324047,0.39359526865892436
298,0.11032317289639847,1.0097502790769861,0.060457067861131246,0.8608882965352256,0.20952474569006913,0.3935939823982714
299,0.11036357654818675,1.0091378392091184,0.06049388971478693,0.860104857838794,0.20953402153638767,0.39359275767798846
300,0.11041025964894648,1.0084065344444717,0.06051603940016705,0.8597212262670842,0.20954453610623705,0.393591591926974
301,0.11046304267627853,1.0076427881169527,0.060521421146206185,0.8599815712503579,0.20955637730900964,0.3935904826657843
302,0.11052156479584907,1.0069397811783067,0.060509119705022756,0.8600371649002614,0.2095696225389519,0.3935894275039306
303,0.11058525052034962,1.0063887868574146,0.06047945551092073,0.8594639387316703,0.20958433415290073,0.3935884241372402
304,0.11065328135429517,1.0060716446290956,0.06043391466891997,0.8591192716214643,0.20960055471590225,0.393587470345279
305,0.11072457868523379,1.006060286151592,0.06037497307669384,0.8594595277449739,0.20961830229177827,0.3935865639888355
306,0.11079780422548885,1.0058617733063537,0.06030584865647345,0.859169961005701,0.20963756612335674,0.3935857030074645
307,0.11087138340716929,1.0054966502314044,0.06023022109882536,0.8589403619849516,0.2096583030932074,0.39358488541708964
308,0.11094355518058746,1.0049791956356815,0.060151955138775935,0.8591571530548524,0.209680435367139,0.39358410930766435
309,0.11101244870764788,1.0043231131729835,0.06007485396087533,0.8587318256965626,0.20970384958819058,0.39358337284088774
310,0.11107618373221254,1.0035431294412043,0.060002457496319085,0.8590134577969364,0.20972839790216968,0.3935826742479783
311,0.11113298743530275,1.0026558275098731,0.059937889329796525,0.8587940254308303,0.20975390095857707,0.39358201182750113
312,0.11118131702144682,1.001680178297029,0.059883747716285726,0.8586617079972886,0.20978015285422866,0.3935813839432481
313,0.11121997488704907,1.0006378416770727,0.05984203157049271,0.8591523817228813,0.2098069277916293,0.3935807890221729
314,0.11124820264768337,0.9995532180485607,0.05981409084948948,0.8590309972744843,0.20983398803751704,0.3935802255523753
315,0.11126574191409323,0.9984532119625198,0.059800590533905976,0.8585602642569906,0.20986109261823835,0.3935796920811376
316,0.11127285343523285,0.9973666802121643,0.05980146514390427,0.8586714321252137,0.20988800610284844,0.3935791872130105
317,0.11127029152188733,0.9963235659732338,0.05981762858980066,0.8592812140145569,0.20991450681731688,0.3935787096079476
318,0.11125923659442553,0.9953537612844932,0.059847504522359624,0.8595053545853208,0.20994039390562816,0.3935782579794885
319,0.11124119416324735,0.9944857842745733,0.059888634512582486,0.8590984797976636,0.2099654927934491,0.3935778310929874
320,0.11121787255422111,0.9937453951535563,0.05993781182175118,0.8586741270486027,0.2099896587936452,0.3935774277638899
321,0.11119105358265254,0.9931542961200861,0.05999125465442499,0.8587897153734687,0.2100127787906079,0.39357704685605277
322,0.11116246998745422,0.9927290578163408,0.060044836815234454,0.8594793535820998,0.21003477112292843,0.39357668728011064
323,0.11113370106676446,0.9924803870522105,0.06009436715204917,0.8602169773250542,0.2100555839283251,0.3935763479918833
324,0.11110609425727358,0.9924128020142816,0.06013589511863952,0.8604744590910957,0.21007519230739155,0.39357602799082764
325,0.11108071616946005,0.9925247223066859,0.06016601042993305,0.8601260083720428,0.21009359470065317,0.3935757263185314
326,0.11105833257808831,0.9928089245750942,0.060182101666045276,0.859542304392021,0.21011080886253136,0.3935754420572463
327,0.11103941363014726,0.9932532714112,0.060182542837368125,0.8592290432137992,0.21012686776803918,0.39357517432846306
328,0.11102415837982785,0.9938415986031066,0.06016678747988567,0.8594338737987538,0.21014181571779353,0.39357492229152496
329,0.11101253176599453,0.994554644847954,0.060135364143690334,0.8601610184421052,0.21015570482813567,0.3935746851422797
330,0.1110043072120136,0.9953709251400289,0.060089781617398794,0.8611724405355026,0.21016859201709234,0.3935744621117699
331,0.1109991089527772,0.9962674776817888,0.060032363641754224,0.8621235041424559,0.21018053653128063,0.3935742524649597
332,0.11099644975419716,0.9972204472854264,0.059966039186007604,0.862688560066548,0.21019159800770393,0.39357405549949814
333,0.11099576179028894,0.99820550003346,0.05989411517153742,0.8626965015292535,0.21020183502868764,0.3935738705445181
334,0.11099642496768403,0.9991980907332243,0.059820054792300605,0.8622147330341469,0.21021130410676597,0.3935736969594694
335,0.11099773356582565,1.0001736247481499,0.05974727806549505,0.8615077820292066,0.21022005902669008,0.3935735341329869
336,0.11099899191939115,1.001107568803995,0.0596789938687694,0.860898513161587,0.21022815047093565,0.39357338148179016
337,0.11099951411402531,1.0019755714876255,0.05961806608120884,0.8606354444901118,0.2102356258602451,0.3935732384496184
338,0.11099864335433847,1.0027536530132963,0.05956691160780927,0.8608284552955753,0.2102425293493582,0.3935731045061943
339,0.1109957802224875,1.003418513468434,0.05952742561896406,0.8614894014784023,0.21024890192820983,0.39357297914622147
340,0.11099041810949882,1.0039479832769747,0.05950092983804488,0.8625127756061248,0.21025478158911998,0.39357286188841095
341,0.11098218244614284,1.0043215793677451,0.059488146001008185,0.8637145506875334,0.21026020352998256,0.393572752274538
342,0.11097086815403932,1.0045209397790238,0.05948924078718862,0.864873017972134,0.21026520037169105,0.39357264986852813
343,0.11095646830918514,1.0045287092721764,0.05950123567504291,0.8657773895664304,0.21026980237483137,0.3935725542555717
344,0.11093918698209773,1.0042012455030178,0.05952298159255153,0.8662766860143796,0.21027403764603494,0.39357246504126614
345,0.11091943079249686,1.0045973161066384,0.05955301836377254,0.8663135329992592,0.21027793232844144,0.3935723818507854
346,0.11089777666222365,1.0043788973214196,0.05958955927649722,0.8659307820792068,0.21028151077366702,0.39357230432807666
347,0.11087491698251338,1.0042134371186051,0.05963053251573037,0.8652513082141529,0.21028479569470024,0.39357223213508147
348,0.11085158716781704,1.0044944131638358,0.0596736501686056,0.8644425786866701,0.21028780830046875,0.39357216495098457
349,0.11082848362565852,1.003985188331578,0.05971649967206925,0.8636800667684668,0.21029056841359947,0.3935721024714853
350,0.11080618202531299,1.0047489056704642,0.05975665377818146,0.8631184325813402,0.21029309457328763,0.3935720444080944
351,0.11078506618816596,1.0039418316542095,0.059791793042439326,0.8628727637222492,0.21029540412531617,0.393571990487454
352,0.11076527700859741,1.004514358985853,0.059819832309376104,0.8630099939097533,0.21029751330121466,0.39357194045068117
353,0.11074668877541537,1.004750443994073,0.059839040746028783,0.863523013236857,0.2102994372883913,0.3935718940527328
354,0.11072891738808252,1.003996595014282,0.05984814431969649,0.8643601758908037,0.21030119029286012,0.3935718510617937
355,0.11071136152186073,1.0045556243878724,0.05984640058805356,0.8654293415885915,0.21030278559595014,0.3935718112586855
356,0.11069327403876775,1.0051449793903817,0.05983363826413365,0.8666123207923706,0.21030423560615238,0.39357177443629565
357,0.11067385713577141,1.004475612917439,0.059810257861091926,0.8677830786684807,0.2103055519070442,0.3935717403990279
358,0.11065237122822182,1.0042131991410024,0.059777194144871246,0.8688259116984975,0.21030674530203683,0.3935717089622722
359,0.1106282448790023,1.0050117272562498,0.059735845330546176,0.8696498431639852,0.21030782585652466,0.39357167995189307
360,0.11060117179558301,1.0056969739760782,0.05968797722323661,0.8701968612341952,0.21030880293787607,0.39357165320373777
361,0.11057118158590358,1.0053340074893762,0.05963561234117839,0.8704437232291188,0.2103096852535897,0.39357162856316186
362,0.11053867389630817,1.0046358974024638,0.05958091431517657,0.8703988114794982,0.2103104808878503,0.39357160588457346
363,0.11050441058247924,1.0046695280455014,0.05952607671262544,0.8700962821332259,0.21031119733664558,0.39357158503099354
364,0.11046946692292012,1.004473495446088,0.0594732233040598,0.8695894962564685,0.21031184154155264,0.39357156587363407
365,0.11043514929059231,1.0051822645322082,0.059424324205868455,0.8689449085472868,0.21031241992226143,0.39357154829149205
366,0.11040289165082026,1.0045553039858972,0.05938112981317167,0.8682367295937846,0.2103129384078765,0.3935715321709593
367,0.11037414546746672,1.0055417927293067,0.059345122418008316,0.8675421136202576,0.21031340246701682,0.39357151740544816
368,0.1103502763637287,1.004824490540526,0.05931748428106597,0.8669364718304499,0.21031381713672376,0.39357150389503126
369,0.11033247601083768,1.0058290801167187,0.059299081413553605,0.8664887417480407,0.21031418705017876,0.39357149154609683
370,0.11032168811801124,1.0051967068466037,0.05929046798479517,0.8662570644999881,0.21031451646323215,0.39357148027101785
371,0.11031852034373951,1.0059848749603761,0.05929196624959052,0.8662878296872942,0.21031480927974305,0.39357146998783404
372,0.1103228056881799,1.0057013972646471,0.05930207496512659,0.8665299999978912,0.2103150690757326,0.39357146061994863
373,0.11033543763387571,1.0060131778076575,0.059320138891664646,0.8669734735668502,0.21031529912235858,0.39357145209583677
374,0.11035679733470478,1.0058624189083585,0.05934533676452832,0.8676007656331155,0.21031550240772076,0.39357144434876656
375,0.1103869589727826,1.006441342828393,0.05937665233080923,0.8683868422489255,0.21031568165751297,0.3935714373165332
376,0.1104256973073802,1.0059460032917495,0.05941288297809723,0.8693004803759613,0.2103158393545414,0.3935714309412037
377,0.110472464968863,1.0069349212441518,0.059452661083332255,0.8703060770241166,0.21031597775713315,0.3935714251688734
378,0.11052635882434472,1.0061844398509723,0.059494484644400325,0.8713655888138454,0.21031609891646263,0.39357141994943307
379,0.11058608562349834,1.0073348498444694,0.059536756770117855,0.8724404103041657,0.21031620469282772,0.39357141523634775
380,0.1106499378546243,1.0065271464135084,0.05957783382739314,0.873493063512973,0.2103162967709088,0.3935714109864443
381,0.11071579197237737,1.0076993230114557,0.059616081447433876,0.8744886275085653,0.21031637667404823,0.3935714071597101
382,0.11078114083381535,1.0068858422714029,0.05964993665687485,0.8753958869293238,0.21031644577758793,0.39357140371910054
383,0.11084316947942566,1.0080099871104018,0.059677973357755085,0.8761882157872785,0.21031650532130516,0.39357140063035606
384,0.11089887810868841,1.0072781978422574,0.059698967425950066,0.8768442338812307,0.21031655642098665,0.39357139786182854
385,0.11094524864628799,1.0082123089953412,0.05971195701627688,0.8773482774537585,0.21031660007918365,0.3935713953843153
386,0.11097944278905812,1.0076638183733275,0.05971629341595003,0.8776907167325833,0.21031663719518706,0.3935713931709023
387,0.11099901157112337,1.0084028369898095,0.059711678085116106,0.877868136177997,0.2103166685742658,0.39357139119681495
388,0.11100209124302746,1.0078864314411011,0.059698182390408666,0.877883374655955,0.21031669493620797,0.3935713894392764
389,0.11098755929671517,1.008734353334407,0.0596762479024963,0.8777454076828571,0.21031671692320503,0.39357138787737406
390,0.11095512857504555,1.0079970860035958,0.05964666682387919,0.8774690460857861,0.21031673510711776,0.39357138649193196
391,0.11090536611038215,1.0091079998477206,0.059610543902422604,0.8770744266937821,0.21031674999616295,0.39357138526539115
392,0.11083963490556915,1.0081849872643869,0.059569242808989425,0.8765862808969834,0.21031676204105565,0.3935713841816962
393,0.11075996874562676,1.0093734514304469,0.05952432118196319,0.8760329843111084,0.21031677164064452,0.3935713832261876
394,0.11066889967918676,1.008486860104399,0.059477459209855935,0.875445412398218,0.2103167791470728,0.3935713823855013
395,0.11056926309838729,1.0095821388562183,0.05943038668106957,0.8748556490941198,0.21031678487049765,0.39357138164747263
396,0.11046400563340443,1.008765370289888,0.0593848129307029,0.8742956145504113,0.21031678908339949,0.39357138100104694
397,0.11035601689256977,1.0098345808270324,0.059342363202670875,0.8737956906922225,0.21031679202451048,0.3935713804361955
398,0.1102479988999144,1.008934253734084,0.05930452382844493,0.8733834268036373,0.2103167939023896,0.3935713799438354
399,0.11014237879648403,1.0100732084461954,0.05927259755060651,0.8730823994487409,0.21031679489867228,0.39357137951575577
400,0.11004126273911223,1.0090611482263696,0.05924766961732929,0.872911275541446,0.2103167951710174,0.39357137914454743
401,0.10994642321343501,1.0102101957354437,0.059230585644182404,0.8728830339954896,0.21031679485577778,0.39357137882353826
402,0.10985930880208401,1.0091846240485394,0.059221946746537045,0.873001945269476,0.210316794070414,0.3935713785467309
403,0.10978106484898771,1.0102738749631923,0.0592221649446633,0.8732709788703082,0.21031679291567365,0.3935713783087471
404,0.10971255502984162,1.009253420815205,0.05922677727062026,0.8736874072872072,0.210316791477555,0.3935713781047731
405,0.10965437689572287,1.0103376187045068,0.05923558072764146,0.8742434421698058,0.2103167898290732,0.39357137793051095
406,0.10960686817512486,1.0092597149147449,0.05924835966295099,0.8749268144660624,0.21031678803184606,0.39357137778213175
407,0.10957010408527795,1.0103839473231466,0.059264853786121535,0.8757214402595112,0.21031678613751476,0.3935713776562335
408,0.10954388800624672,1.009299804360389,0.059284751242616666,0.8766081504881107,0.2103167841890148,0.3935713775498006
409,0.10952773648621023,1.0103178657050018,0.059307687038209135,0.8775654496840786,0.21031678222171002,0.39357137746016724
410,0.10952084587844645,1.009463747961125,0.059333243738281916,0.8785702730341746,0.21031678026440245,0.3935713773849839
411,0.10952191729417425,1.0101400229280213,0.05936095377388534,0.8795987190144329,0.21031677834022988,0.39357137732218533
412,0.10953770831381841,1.0096778925692242,0.05939030327974821,0.8806267429840461,0.21031677646746147,0.3935713772699622
413,0.10956518682954905,1.0100892610862622,0.05942073756095056,0.8816308037831746,0.21031677466020127,0.39357137722673413
414,0.10959977182534203,1.009682053337002,0.059451668311298604,0.8825884598091891,0.21031677292900888,0.3935713771911255
415,0.10963644682901919,1.0102126651750825,0.05948248266246793,0.8834789131142097,0.21031677128144544,0.39357137716194346
416,0.109670640638357,1.009476465207469,0.059512554055223696,0.8842835001068391,0.21031676972255228,0.393571377138157
417,0.10969885311680683,1.0102671747748524,0.05954125480645663,0.8849861260766344,0.21031676825527007,0.3935713771188787
418,0.10971889427927792,1.0092904696133973,0.05956797011012147,0.8855736387321235,0.21031676688080328,0.39357137710334844
419,0.10972971191374309,1.0102060335952414,0.05959211306912287,0.88603613396048,0.21031676559893756,0.3935713770909172
420,0.10973091466452511,1.0091541675758584,0.05961314022298784,0.8863671856487829,0.21031676440831343,0.393571377081034
421,0.10972218669280376,1.0100537653066293,0.0596305669278197,0.8865639910273221,0.210316763306663,0.393571377073233
422,0.10970281341467479,1.00908014304313,0.05964398187487999,0.8866274237729709,0.2103167622910121,0.39357137706712275
423,0.10967149814123987,1.0097842498770309,0.0596530600139427,0.8865619890308686,0.2103167613578532,0.39357137706237577
424,0.10962655961827503,1.0091412027499864,0.05965757318458438,0.8863756774204014,0.21031676050329196,0.3935713770587204
425,0.10956647842308775,1.0093301472961864,0.05965739785410897,0.8860797187380212,0.21031675972317046,0.39357137705593176
426,0.10949063417056515,1.009380228780607,0.059652519509419195,0.8856882401547705,0.21031675901317082,0.3935713770538259
427,0.10939998732182192,1.0085086254257998,0.05964303343989227,0.8852178379115775,0.21031675836890068,0.393571377052253
428,0.10929745261992539,1.0095501885777922,0.05962914186202372,0.8846870755245461,0.21031675778596323,0.3935713770510918
429,0.10918780442585735,1.008607328783925,0.059611147554002944,0.8841159250262094,0.2103167572600146,0.39357137705024564
430,0.10907711849982263,1.0084894503161,0.05958944436880578,0.8835251705125474,0.21031675678680892,0.39357137704963746
431,0.10897191872243762,1.0093431507523631,0.059564505159471794,0.8829357949947861,0.21031675636223418,0.393571377049207
432,0.10887828513606776,1.0082087664933195,0.05953686776625226,0.8823683720529233,0.21031675598233918,0.3935713770489073
433,0.10880115675167236,1.0082454215834256,0.059507119774685785,0.8818424828437996,0.21031675564335361,0.39357137704870265
434,0.10874395284456684,1.0091278307732257,0.05947588275544722,0.8813761763376244,0.21031675534170174,0.3935713770485656
435,0.10870850065414953,1.0081019733403713,0.05944379664624367,0.8809854855644609,0.2103167550740115,0.3935713770484759
436,0.10869514684866997,1.0077373305671415,0.05941150484315773,0.8806840029526524,0.21031675483711884,0.3935713770484187
437,0.10870275537716759,1.008786899101731,0.05937964044675472,0.880482494740782,0.21031675462806862,0.39357137704838324
438,0.10873066710351664,1.008387694294814,0.05934881397113871,0.8803884503431778,0.21031675444411335,0.3935713770483621
439,0.10877640572222477,1.0072383145516026,0.05931960268539726,0.8804048309615966,0.21031675428270846,0.3935713770483498
440,0.10883623370063315,1.0074842397971804,0.059292541627793856,0.880556574294004,0.21031675414150697,0.39357137704834305
441,0.10890516106015578,1.0085189520527746,0.059268116221734495,0.8808473750502731,0.21031675401835181,0.3935713770483395
442,0.10897701227338863,1.0082463560187533,0.05924675633298379,0.8812757173731324,0.21031675391126786,0.3935713770483378
443,0.10904469465353345,1.0070619386362096,0.059228831538346564,0.8818357751516497,0.21031675381845263,0.39357137704833695
444,0.10910073188434527,1.0064105677984654,0.059214647315192395,0.8825179293815487,0.2103167537382669,0.3935713770483366
445,0.10913803175637796,1.006994728011714,0.05920444176625461,0.8833092790695868,0.21031675366922467,0.39357137704833656
446,0.1091507600683189,1.0080637130855896,0.05919838218531496,0.8841941864165945,0.2103167536099838,0.39357137704833645
447,0.10913512940920102,1.0082736485479553,0.05919655907183745,0.8851548473687537,0.2103167535593353,0.39357137704833645
448,0.10908991123528493,1.0071284449573992,0.059198949297246166,0.8861718695929215,0.2103167535161943,0.39357137704833645
449,0.109016545993313,1.0069042610730943,0.05920557193218471,0.8872248407381161,0.2103167534795903,0.39357137704833645
450,0.108918833594646,1.0079670372752534,0.05921634452335386,0.8882928734891273,0.2103167534486579,0.39357137704833645
451,0.10880229363752807,1.0081605323261758,0.05923110542095101,0.8893551180190515,0.21031675342262834,0.39357137704833645
452,0.1086733544673582,1.0073693210094496,0.059249617084656765,0.8903912359913949,0.21031675340082062,nan
453,0.10853854596444179,1.0084389301258407,0.05927156779249141,0.8913818328378235,0.21031675338263406,nan
454,0.10840383924107004,1.0073983006889726,0.05929657376014068,0.8923088465785447,0.2103167533675406,nan
455,0.1082742175431615,1.0079728554339693,0.059324182377398074,0.8931558921007053,0.21031675335507752,nan
456,0.10815349860378617,1.008052551363011,0.05935387699624871,0.8939085598170595,0.21031675334484137,nan
457,0.10804437490799788,1.0090659991773407,0.05938508359247344,0.8945546672770203,0.21031675333648148,nan
458,0.10794860182017665,1.0097573831714457,0.05941717952599084,0.8950844618601912,0.21031675332969446,nan
459,0.10786724575602533,1.0093312351344785,0.059449504510572515,0.8954907723627057,0.2103167533242191,nan
460,0.10780090536718022,1.0083074019013056,0.05948137376432578,0.8957691072384671,0.2103167533198313,nan
461,0.1077498382255106,1.007918876011079,0.05951209315245369,0.8959176975641877,0.21031675331633995,nan
462,0.10771396331313754,1.0088263367059456,0.05954097596361032,0.8959374834830819,0.2103167533135829,nan
463,0.10769276283271398,1.009690658876567,0.059567360795263334,0.8958320439223031,0.21031675331142324,nan
464,0.10768518089434528,1.0093782227583565,0.05959062987879241,0.8956074707104437,0.2103167533097461,nan
465,0.10769001822490708,1.0083806557429844,0.059610227068657325,0.8952721897525862,0.21031675330845576,nan
466,0.10770183736783134,1.0081110740194634,0.059625674666575194,0.894836733541935,0.21031675330747285,nan
467,0.10771750042521401,1.0092062174153953,0.059636588261222756,0.8943134708799001,0.21031675330673222,nan
468,0.10773469813792158,1.0096100160015664,0.059642688839858814,0.8937163011206029,0.21031675330618055,nan
469,0.10775191964271687,1.0087165795690738,0.059643811566160485,0.8930603214388646,0.2103167533057749,nan
470,0.10776842040721452,1.0082715852681872,0.059639910806747555,0.892361476446669,0.21031675330548066,nan
471,0.10778407911551159,1.0093361847629054,0.05963106120952381,0.8916361998797917,0.2103167533052705,nan
472,0.1077991458467705,1.0098998947957167,0.059617454868562444,0.8909010580017628,0.21031675330512284,nan
473,0.10781392057770973,1.0090887530054198,0.05959939483048729,0.8901724038181301,0.21031675330502095,nan
474,0.10782841731911698,1.0085458898825344,0.059577285386008746,0.8894660501841988,0.21031675330495214,nan
475,0.10784207500158363,1.0095000518975954,0.05955161973199635,0.8887969684733219,0.2103167533049067,nan
476,0.10785357429351618,1.0103876984672353,0.05952296567503141,0.8881790177069767,0.21031675330487745,nan
477,0.107860809322996,1.009943623524732,0.05949195007445777,0.8876247069577444,0.21031675330485924,nan
478,0.10786104277469342,1.0090584362188535,0.05945924269559855,0.8871449913264621,0.21031675330484817,nan
479,0.10785124115495519,1.009255199214672,0.059425540071179915,0.8867490984035029,0.21031675330484173,nan
480,0.10782854727080361,1.0103191617274516,0.059391549863574776,0.8864443762086944,0.21031675330483818,nan
481,0.10779080790242625,1.0113952889073614,0.0593579760961259,0.8862361389394758,0.2103167533048363,nan
482,0.10773704937859858,1.0117092845791447,0.05932550549206902,0.8861274331658452,0.21031675330483537,nan
483,0.10766779493239766,1.0111427215137947,0.05929479503623513,0.8861183063928552,0.21031675330483499,nan
484,0.10758515070158665,1.0102446242254768,0.05926646076675339,0.8861868193344887,0.21031675330483476,nan
485,0.10749264521081381,1.009763180057487,0.059241067716696946,0.886335007926893,0.21031675330483474,nan
486,0.10739487184009817,1.0101374330751387,0.05921912085921719,0.8865626970510068,0.21031675330483468,nan
487,0.10729703275754691,1.0111816264251918,0.05920105685527503,0.8868683167031705,0.21031675330483474,nan
488,0.10720450005028936,1.0123712581827267,0.059187236327712195,0.8872490873663452,0.21031675330483474,nan
489,0.10712249350848364,1.0131472970590178,0.059177936165752974,0.8877010991615256,0.21031675330483474,nan
490,0.10705593937439813,1.0132006878436233,0.05917334037777096,0.8882193657062811,0.21031675330483474,nan
491,0.10700955577005664,1.0126030709860996,0.059173520493366015,0.8887978761115528,0.21031675330483474,nan
492,0.1069883353401384,1.0117329602447218,0.05917997773247986,0.8894296548685169,0.21031675330483474,nan
493,0.1070005538066409,1.0110620643301915,0.05919263304479481,0.8901068348358965,0.21031675330483474,nan
494,0.10703905837094002,1.010935459528039,0.05921119777216553,0.8908207464964443,0.21031675330483485,nan
495,0.10710209626695047,1.0114368274083982,0.05923518866708804,0.8915620253575393,0.21031675330483504,nan
496,0.10718797559071994,1.0124401963604275,0.05926393663009515,0.8923207382707291,0.21031675330483546,nan
497,0.10729452087605863,1.0136529949473985,0.05929659998285909,0.8930865283566192,0.21031675330483637,nan
498,0.10741889714421322,1.0147260004010428,0.05933218457867829,0.8938487771039192,0.21031675330483798,nan
499,0.10755758773165414,1.0153687178532655,0.05936957140340323,0.8945967810874048,0.21031675330484081,nan
500,0.10770649978104116,1.0154385951869356,0.05940755143076699,0.8953199396734384,0.21031675330484567,nan
501,0.10786118554142368,1.0149775753221184,0.05944486673159777,0.8960079491227303,0.21031675330485355,nan
502,0.10801715329948706,1.0141854071162093,0.05948025613978424,0.8966509977303729,0.210316753304866,nan
503,0.10817022319792723,1.013343457861009,0.059512503203920285,0.8972399561284173,0.2103167533048851,nan
504,0.1083168702509898,1.0127217705899647,0.05954048377630223,0.8977665566671823,0.21031675330491376,nan
505,0.10845449524624737,1.012502849893861,0.05956321046921319,0.8982235559177537,0.21031675330495578,nan
506,0.10858157586234954,1.0127288225764677,0.059579871367338465,0.8986048748042333,0.21031675330501626,nan
507,0.10869767302749087,1.013412621704654,0.05958986080807929,0.8989057116580277,0.2103167533051016,nan
508,0.10880329565172382,1.0144418057728337,0.05959280067198962,0.8991226245403827,0.2103167533052204,nan
509,0.1088996532326783,1.01562271320584,0.05958855137789148,0.8992535804348493,0.21031675330538313,nan
510,0.10898834419155752,1.0167281398271342,0.059577212552943876,0.8992979702848667,0.21031675330560326,nan
511,0.10907103465593061,1.0175490604083237,0.059559114053519636,0.8992565902523563,0.21031675330589727,nan
512,0.10914917774213548,1.0179407476185744,0.059534798574656295,0.8991315909112707,0.21031675330628566,nan
513,0.10922381004308661,1.017853573053914,0.05950499745988502,0.8989263972841556,0.2103167533067933,nan
514,0.10929544430443122,1.017341150294023,0.05947060149703815,0.8986456036137614,0.21031675330745053,nan
515,0.10936405944688053,1.0165437480986483,0.059432628475098066,0.8982948474889464,0.2103167533082938,nan
516,0.10942917435347337,1.0156519045688586,0.05939218911880977,0.8978806683897504,0.21031675330936672,nan
517,0.10948998190267192,1.0148609574249865,0.05935045275952212,0.8974103558777122,0.2103167533107212,nan
518,0.10954551500205283,1.0143288383025337,0.059308613793104294,0.896891792551231,0.2103167533124186,nan
519,0.1095948164166775,1.0141455561170105,0.05926785966546847,0.8963332965454132,0.21031675331453112,nan
520,0.10963708813575034,1.0143033059410844,0.05922934085239794,0.8957434678264892,0.21031675331714356,nan
521,0.10967180289069484,1.0148458671976304,0.05919414309462238,0.8951310418645578,0.2103167533203544,nan
522,0.10969876916597422,1.0157138790990412,0.05916326204026428,0.8945047535190663,0.2103167533242783,nan
523,0.1097181504227201,1.016779746005657,0.05913758047735312,0.8938732131908297,0.21031675332904765,nan
524,0.10973044779929149,1.0178737106024438,0.05911784862252996,0.8932447965286197,0.21031675333481492,nan
525,0.10973646102314177,1.0188160786220528,0.05910466891193468,0.8926275482653783,0.2103167533417553,nan
526,0.1097372351718244,1.01945113517405,0.05909849088343127,0.8920291001272618,0.21031675335006902,nan
527,0.10973338289511667,1.019676698833248,0.05909965597699334,0.8914566022258761,0.2103167533599845,nan
528,0.10972838533986079,1.0194635297008043,0.059107362691392266,0.8909166669171963,0.2103167533717616,nan
529,0.10972570252972864,1.0188604129540237,0.05912130667091746,0.8904153237851609,0.2103167533856946,nan
530,0.10972897685191231,1.0179836139009557,0.05914106717875642,0.8899579841653086,0.21031675340211697,nan
531,0.10974198088077816,1.0169929813209553,0.05916608438988359,0.8895494134251634,0.21031675342140438,nan
532,0.10976838981825217,1.0160601782473708,0.05919566184637248,0.8891937089856844,0.2103167534439801,nan
533,0.10981139216643401,1.0153361687031628,0.059228977761323354,0.8888942816334074,0.21031675347031972,nan
534,0.1098731896353021,1.0149243841603697,0.05926510230530428,0.8886538366147959,0.21031675350095652,nan
535,0.1099544794876721,1.0148615686732883,0.05930301993963177,0.8884743480692845,0.2103167535364875,nan
536,0.11005404053063113,1.0150478066633002,0.05934165614754039,0.8883570108815394,0.21031675357757995,nan
537,0.11016854725311995,1.0154966142538362,0.05937990780256984,0.8883021138824113,0.21031675362497865,nan
538,0.11029270817929596,1.0161809232938415,0.05941667618517446,0.8883084726337547,0.2103167536795139,nan
539,0.110419763208195,1.0170437447381018,0.05945090141505362,0.8883942210312806,0.21031675374211017,nan
540,0.11054228969617712,1.0180045882488475,0.059481596863273846,0.8885599792728205,0.2103167538137958,nan
541,0.11065317998129946,1.0189677091679774,0.05950788198263757,0.8888044238396167,0.2103167538957139,nan
542,0.11074659379136434,1.019832343257029,0.059529011972586116,0.8891248297134704,0.21031675398913413,nan
543,0.1108186837099515,1.0205040910507481,0.059544402789480685,0.8895172457278202,0.21031675409546619,nan
544,0.11086794884418172,1.0209061628992502,0.05955365022424907,0.8899766058215456,0.21031675421627435,nan
545,0.11089517370773244,1.0209889979808298,0.05955654208348394,0.8904968304670122,0.2103167543532945,nan
546,0.11090301896521597,1.020736844012132,0.05955306290147653,0.8910709337607747,0.21031675450845233,nan
547,0.11089540850987105,1.0201702462065563,0.05954339104478137,0.8916911412213956,0.21031675468388472,nan
548,0.11087688002177609,1.0193439920594518,0.05952788850854275,0.8923490193617264,0.2103167548819628,nan
549,0.1108520352289704,1.018340767145151,0.059507084106097737,0.89303561611032,0.21031675510531894,nan
550,0.11082516282449573,1.017261433130356,0.059481651086489694,0.8937416099448088,0.21031675535687647,nan
551,0.11080003865998989,1.016213296370886,0.059452380453607595,0.8944574647963973,0.21031675563988383,nan
552,0.11077985447655922,1.0152979092784098,0.05942015139216855,0.8951735872669374,0.21031675595795285,nan
553,0.11076719184036637,1.0145998227042476,0.05938590022819094,0.8958804824270726,0.2103167563151026,nan
554,0.11076390412938864,1.0141772711890753,0.0593505892744792,0.896568904416959,0.21031675671580846,nan
555,0.11076992480697198,1.0140545259073415,0.05931517675303865,0.8972299982325519,0.21031675716505896,nan
556,0.11078742182208567,1.0142024317101443,0.059280588769422486,0.8978554294262227,0.21031675766841898,nan
557,0.1108177760571813,1.0146342792271315,0.05924769406295562,0.8984374989480651,0.21031675823210286,nan
558,0.11086169120572309,1.0153160037578608,0.05921728199222302,0.898969240964342,0.2103167588630568,nan
559,0.11091903251097891,1.0161805441284957,0.05919004394863456,0.8994445021687676,0.21031675956905285,nan
560,0.11098867382304872,1.0171349270449552,0.05916655811503454,0.8998580018066374,0.2103167603587954,nan
561,0.11106844318881465,1.018069824273708,0.059147277151651266,0.9002053723198126,0.2103167612420428,nan
562,0.11115522977750153,1.018871926421561,0.05913251782982769,0.9004831811561056,0.21031676222974513,nan
563,0.11124527779516254,1.0194380764548272,0.05912245024712351,0.9006889348410113,0.21031676333420074,nan
564,0.11133463934064981,1.0196893430205716,0.059117079339682285,0.900821066862607,0.2103167645692341,nan
565,0.11141970225435169,1.0195828192080956,0.0591161834128657,0.9008789112602588,0.21031676595039722,nan
566,0.11149767292959234,1.0191190240809451,0.05911856752401114,0.9008626640310551,0.21031676749519843,nan
567,0.11156689573152281,1.018343410428565,0.05912452144383927,0.9007733345784275,0.21031676922336087,nan
568,0.1116269331660295,1.0173415149345892,0.05913407334582833,0.9006126894346695,0.21031677115711575,nan
569,0.1116783992080592,1.0162284422303653,0.05914712468660293,0.9003831904066609,0.21031677332153303,nan
570,0.11172260616940216,1.0151343237580095,0.05916347842581757,0.9000879291382781,0.2103167757448956,nan
571,0.11176112915235939,1.014187902486146,0.05918285109216306,0.8997305598710681,0.21031677845912103,nan
572,0.11179540018795671,1.0135004117383448,0.05920488107637127,0.8993152319341015,0.21031678150023708,nan
573,0.11182642037361282,1.013151537267182,0.05922913647094579,0.8988465232208035,0.21031678490891678,nan
574,0.1118546362110605,1.0131783482115786,0.05925512367543614,0.8983293756297043,0.2103167887310804,nan
575,0.11187998108595178,1.0136124837071745,0.05928229728116434,0.8977690331701015,0.21031679301857117,nan
576,0.11190204559588958,1.0143859496945187,0.05931007142618032,0.8971709831731312,0.21031679782991378,nan
577,0.11192031691599592,1.0153725820178794,0.05933783261153567,0.8965409008120346,0.21031680323116345,nan
578,0.11193441929543331,1.016405302191037,0.05936495381569671,0.8958845969288541,0.21031680929685695,nan
579,0.11194429476055473,1.0173017672710822,0.05939080961170543,0.8952079689929081,0.2103168161110744,nan
580,0.11195028337446325,1.0178958062574777,0.05941479187787131,0.8945169548821291,0.21031682376862507,nan
581,0.11195309190551116,1.0180693845533477,0.05943632560140321,0.8938174890832145,0.21031683237636867,nan
582,0.11195367124910925,1.017778240397298,0.05945488421210139,0.8931154608508682,0.21031684205468607,nan
583,0.11195304678945978,1.0170645936193663,0.05947000385640895,0.8924166738493501,0.2103168529391141,nan
584,0.11195215290982914,1.0160528601408365,0.059481296035068396,0.8917268068191793,0.21031686518215992,nan
585,0.11195170595977247,1.014928456994975,0.059488458081375456,0.8910513748651246,0.21031687895531237,nan
586,0.11195206729476039,1.0139040019120176,0.059491281048749574,0.890395691044293,0.21031689445126722,nan
587,0.11195393333835164,1.0131799709410727,0.0594896546993939,0.8897648280396265,0.21031691188638704,nan
588,0.11195787132904808,1.0129079307717428,0.05948356943031795,0.8891635798272824,0.21031693150341454,nan
589,0.1119644240847831,1.0131724954216468,0.05947311512691833,0.8885964233771674,0.21031695357446217,nan
590,0.11197418463134466,1.0138899967699473,0.05945847708488819,0.8880674805527885,0.21031697840429947,nan
591,0.11198780687567259,1.0149040487149141,0.05943992927641165,0.8875804804842666,0.21031700633396277,nan
592,0.11200588686676734,1.0159999280485301,0.059417825346416465,0.8871387227551676,0.21031703774471164,nan
593,0.11202869091602737,1.016943396661362,0.05939258780218151,0.8867450417354968,0.21031707306235703,nan
594,0.11205576888137156,1.0175279260235066,0.05936469590148241,0.8864017722481639,0.2103171127619883,nan
595,0.11208555310961232,1.0176206186285581,0.059334672750986334,0.8861107163469366,0.21031715737312476,nan
596,0.1121150854751928,1.0171955098092047,0.0593030721012466,0.8858731100070851,0.21031720748531918,nan
597,0.11214001868149717,1.0163441796612978,0.059270465273321124,0.8856895861514426,0.21031726375423931,nan
598,0.11215499162712146,1.01525894951805,0.059237428582167774,0.8855601239235186,0.2103173269082539,nan
599,0.11215438284238342,1.0141918128938558,0.05920453154150864,0.8854839520827287,0.21031739775554822,nan
600,0.11213332156428306,1.013399338159276,0.059172326051393755,0.8854592660965952,0.2103174771917915,nan
601,0.1120887252797432,1.0130878138557842,0.05914133668974617,0.885481315887507,0.21031756620837824,nan
602,0.11202008653057574,1.013387119044977,0.05911205215762367,0.8855535085221767,0.21031766590126036,nan
603,0.11192978367298247,1.0141780776339224,0.05908491786766137,0.885675665771593,0.21031777748038352,nan
604,0.11182283049183905,1.015262654929205,0.05906032961657331,0.8858464517282656,0.21031790227973618,nan
605,0.11170615264427493,1.0163849732834178,0.05903862824273995,0.8860637328775716,0.2103180417680128,nan
606,0.111587610700872,1.0172836439528468,0.05902009513002099,0.8863247173018348,0.21031819755988423,nan
607,0.1114750282764263,1.0177489438012126,0.05900494835675084,0.8866260402787377,0.21031837142785986,nan
608,0.11137542617538417,1.0176719684389226,0.058993339142223294,0.8869638343894076,0.21031856531471327,nan
609,0.11129454956145798,1.0170728868784082,0.0589853478007678,0.8873337961723755,0.2103187813464311,nan
610,0.11123665895012744,1.0160989646460683,0.05898097672315597,0.8877312535266468,0.21031902184562726,nan
611,0.11120447283763131,1.0149910315391624,0.05898012802431997,0.8881512350758997,0.21031928934534888,nan
612,0.11119906854308029,1.0140267486706518,0.05898233189636988,0.888588541366763,0.21031958660317787,nan
613,0.1112177570662465,1.0134561620664044,0.0589876450429164,0.8890378171190232,0.21031991661550992,nan
614,0.11126063494472518,1.0134492183971806,0.05899598872611036,0.8894936234261593,0.21032028263186625,nan
615,0.11132617501394608,1.0132190034285218,0.059007209911485906,0.889950508676726,0.21032068816906466,nan
616,0.11141142225212548,1.0127784395247994,0.05902109467410029,0.8904030769621551,0.21032113702504568,nan
617,0.11151205525005674,1.0121386543022266,0.0590373748799839,0.8908460528159983,0.21032163329211404,nan
618,0.1116225891620359,1.01131189529668,0.059055733544752576,0.8912743412679249,0.21032218136932143,nan
619,0.11173678585975187,1.0103123478515086,0.05907581029552111,0.8916830823732415,0.21032278597367582,nan
620,0.11184825183661465,1.0091566193619261,0.05909720744114005,0.8920676995790001,0.21032345214982603,nan
621,0.11195112784048514,1.0078641374435386,0.05911949683800316,0.8924239414969084,0.21032418527782712,nan
622,0.11204072401171206,1.006457492056235,0.05914222758610513,0.8927479168593995,0.21032499107855573,nan
623,0.11211395277659075,1.0049626917915924,0.059164934493060706,0.8930361226286401,0.21032587561630547,nan
624,0.11216946331571087,1.003409280560938,0.05918714717013471,0.8932854654015031,0.21032684529805906,nan
625,0.1122074670567635,1.0018302509651622,0.059208399564614815,0.8934932764012923,0.21032790686890587,nan
626,0.11222932980690832,1.0002616910223858,0.059228239685571955,0.8936573204661993,0.21032906740305285,nan
627,0.11223706168322775,0.9987421123347383,0.05924623924640782,0.8937757995338008,0.21033033428986522,nan
628,0.1122328458225334,0.9973114313645314,0.05926200292940743,0.8938473511808612,0.21033171521437713,nan
629,0.11221871509165059,0.9960096111339762,0.05927517697618793,0.8938710428100421,0.21033321813172912,nan
630,0.11219642955535168,0.9948750157432203,0.059285456823864685,0.8938463620826173,0.21033485123502604,nan
631,0.1121675461489188,0.9939425789347394,0.05929259353909567,0.8937732041824766,0.21033662291616648,nan
632,0.11213362172093383,0.9932419320856902,0.05929639884878109,0.8936518564653824,0.21033854171927757,nan
633,0.1120964610889409,0.9927956667154252,0.05929674862381661,0.893482981002679,0.21034061628649572,nan
634,0.11205831745124782,0.99261791311458,0.05929358473682135,0.8932675954743324,0.21034285529597035,nan
635,0.11202197373515468,0.9927133950446164,0.05928691528164266,0.8930070528059882,0.21034526739213144,nan
636,0.11199067656761075,0.9930770715042117,0.0592768132071395,0.8927030198820193,0.21034786110845238,nan
637,0.11196795375420483,0.9936944076558376,0.05926341347614468,0.8923574556041531,0.21035064478315804,nan
638,0.111957434472979,0.9945422405463996,0.059246908909258676,0.8919725885056944,0.2103536264685647,nan
639,0.11196328575358346,0.9955901355746007,0.059227544909898976,0.8915508940765191,0.21035681383499422,nan
640,0.11198487073614352,0.9968020792580182,0.05920561329061573,0.8910950719054287,0.2103602140704674,nan
641,0.11202235407207078,0.9981383302942123,0.05918144543099875,0.8906080227051761,0.21036383377764334,nan
642,0.11207551220776907,0.9995572553775361,0.05915540499544927,0.8900928252521904,0.2103676788697206,nan
643,0.11214370260707683,1.0010170040855297,0.05912788042637488,0.8895527132480264,0.2103717544672418,nan
644,0.11222585986286067,1.0024769199775294,0.059099277407232996,0.8889910520928952,0.21037606479792775,nan
645,0.112320448163238,1.0038986333279112,0.059070011462826214,0.8884113155529388,0.2103806131018036,nan
646,0.11242537335014867,1.0052468263252756,0.059040500833912817,0.8878170623017835,0.2103854015439488,nan
647,0.11253788675223295,1.0064896984036797,0.059011159731941216,0.8872119123225359,0.21039043113719702,nan
648,0.11265452726607891,1.0075991849369017,0.05898239204963159,0.886599523167958,0.2103957016770239,nan
649,0.11277114960314773,1.0085509967347395,0.05895458557586927,0.885983566093016,0.21040121169068224,nan
650,0.11288307500141231,1.0093245524006313,0.05892810674012535,0.885367702094246,0.2104069584023789,nan
651,0.112985377182882,1.0099028737376667,0.05890329589305942,0.8847555579131894,0.21041293771593647,nan
652,0.11307328477239392,1.0102725115764606,0.058880463116268884,0.8841507020853087,0.2104191442159604,nan
653,0.11314264877113846,1.0104235863337745,0.05885988454498061,0.8835566211399923,0.2104255711880484,nan
654,0.11319039914757181,1.010350308144681,0.058841799181841035,0.8829766960802645,0.21043221065805673,nan
655,0.11321490681963578,1.0100470741570469,0.05882640617579116,0.8824141792913521,0.21043905344989905,nan
656,0.11321618088273115,1.0095138395528063,0.058813862532814974,0.8818721720441411,0.21044608926082148,nan
657,0.11319586379575303,1.0087550998874957,0.058804281203268305,0.8813536027715241,0.21045330675260027,nan
658,0.11315703042707112,1.0077801848705612,0.05879772941347029,0.8808612063015003,0.21046069365666498,nan
659,0.11310383756680746,1.0066036322144523,0.05879422679047715,0.8803975042292229,0.21046823689078725,nan
660,0.11304109693412513,1.0052455000259453,0.05879374079130302,0.8799647865992257,0.21047592268470322,nan
661,0.11297385049093023,1.0037315216423615,0.058796101367157336,0.8795650950462823,0.21048373671187035,nan
662,0.11290701295058769,1.0020930153464411,0.05880123453719965,0.8792002075044327,0.21049166422450286,nan
663,0.1128451197080256,1.000366474403693,0.05880901365049356,0.8788716245309656,0.21049969018907466,nan
664,0.11279218887009854,0.9985927873700438,0.05881926948675739,0.8785805571903226,0.21050779941962755,nan
665,0.11275168375158351,0.9968160752808826,0.05883179417760029,0.8783279162702299,0.21051597670645208,nan
666,0.11272656008351897,0.9950821781208006,0.05884634454657177,0.878114302287386,0.21052420693800983,nan
667,0.11271945721618813,0.9934368717284628,0.05886264566726361,0.8779399951074482,0.21053247521431329,nan
668,0.11273475708402773,0.991923939735497,0.058880394839693984,0.877804940571386,0.21054076695035934,nan
669,0.11277134604613305,0.9905832546391393,0.058899266032164575,0.8777087277348179,0.21054906796859763,nan
670,0.1128279676885909,0.9894490308886601,0.058918914774184636,0.8776505379157958,0.21055736457979563,nan
671,0.11290262907054482,0.9885483980044403,0.058938983450639804,0.877628988975698,0.21056564365201497,nan
672,0.11299257013744246,0.9879004052524085,0.058959106921940244,0.8776412113271048,0.21057389266773419,nan
673,0.11309436793053572,0.9875155178863787,0.058978918374935574,0.8776903552503468,0.21058209976942613,nan
674,0.11320413079995245,0.9873956080285567,0.058998055293897,0.8777762686337862,0.21059025379412558,nan
675,0.11331775179434919,0.9875343909783147,0.0590161654298882,0.8778980042736857,0.21059834429769794,nan
676,0.11343118078991613,0.9879182183089413,0.05903291264070077,0.878054115008045,0.21060636156964638,nan
677,0.11354067128791001,0.9885271171723073,0.05904798247248764,0.8782427576004106,0.21061429663937598,nan
678,0.11364296544993464,0.9893359614021494,0.0590610873583599,0.878461749504171,0.2106221412748762,nan
679,0.11373539780266813,0.9903156715095766,0.05907197131832522,0.8787086097686947,0.21062988797478696,nan
680,0.11381591854746063,0.9914343626299092,0.05908041405857398,0.878980594047083,0.2106375299547956,nan
681,0.11388305534085845,0.9926583864126864,0.059086234385543314,0.8792747275549105,0.21064506112926765,nan
682,0.11393584321174403,0.9939532398197504,0.05908929287049094,0.8795878375993744,0.21065247608895674,nan
683,0.11397375415300373,0.9952843371589967,0.05908949372243576,0.8799165863414217,0.21065977007557196,nan
684,0.11399665169977097,0.9966176592752292,0.059086785850155275,0.8802575039920317,0.21066693895390537,nan
685,0.11400478404022832,0.9979203048382841,0.059081163116376366,0.880607022401936,0.21067397918214822,nan
686,0.11399881515050968,0.9991609733437211,0.059072663808344805,0.8809615088704059,0.21068088778094884,nan
687,0.11397988028602397,1.000310408719126,0.059061369367751214,0.8813172999237304,0.21068766230169395,nan
688,0.11394964259722552,1.0013418277626815,0.05904740243885594,0.8816707347736579,0.21069430079442644,nan
689,0.1139103236527401,1.0022313510252452,0.05903092430613924,0.88201818814784,0.2107008017757531,nan
690,0.11386468326877812,1.0029584483137977,0.059012131801682605,0.8823561021811478,0.21070716419703656,nan
691,0.11381593299534175,1.0035064135080756,0.05899125376774354,0.8826810170643921,0.2107133874131185,nan
692,0.11376758107605488,1.0038629159111039,0.0589685471618129,0.8829896001626704,0.21071947115177403,nan
693,0.1137232213398326,1.0040208517303943,0.05894429289017787,0.883278673337331,0.2107254154840592,nan
694,0.11368628988326444,1.003981255050837,0.05891879145213255,0.8835452382319194,0.21073122079568016,nan
695,0.1136598163084719,1.0037086435380045,0.05889235847103381,0.883786499312273,0.21073688775948093,nan
696,0.1136461803269261,1.0032004703270658,0.05886532018099442,0.883999884483185,0.2107424173091233,nan
697,0.1136467741328262,1.0024637403536307,0.0588380089297527,0.8841830631379358,0.2107478106140092,nan
698,0.11379326074784003,1.0015134971708681,0.05881075874975237,0.8843339615317665,0.21075306905547783,nan
699,0.11392364149434961,1.0003719599874952,0.05878390104127195,0.8844507754053954,0.21075819420429348,nan
700,0.11389129618902337,0.999067541103099,0.05875776040407867,0.8845319798194139,0.21076318779942674,nan
701,0.1138587480298582,0.9976336582425732,0.058732650648037975,0.8845763361943061,0.21076805172812105,nan
702,0.11397466763533409,0.9961073859211604,0.05870887100888141,0.8845828965834938,0.2107727880072256,nan
703,0.11415452343154726,0.9945280293357371,0.058686702593523814,0.8845510052378001,0.21077739876576904,nan
704,0.11418841421869107,0.9929357119223744,0.05866640508082888,0.8844802975486923,0.2107818862287419,nan
705,0.11408777863745743,0.9913700577065109,0.058648213710267585,0.8843706964843024,0.2107862527020493,nan
706,0.11409842257743577,0.98986902899392,0.05863233660625839,0.884222406656243,0.21079050055859272,nan
707,0.1140254826106356,0.9884679546245575,0.058618952519411655,0.8840359061764032,0.21079463222543626,nan
708,0.11422208768154751,0.9871987589603773,0.05860820914321797,0.8838119364810425,0.21079865017200872,nan
709,0.11421093972759205,0.9860893808267056,0.05860022236925714,0.8835514903144185,0.21080255689929453,nan
710,0.11437127375211371,0.9851633570952338,0.05859507751094813,0.8832557980757976,0.21080635492996203,nan
711,0.11454131153398824,0.9844395383055791,0.058592836580511225,0.8829263127419466,0.21081004679937987,nan
712,0.11449491363973581,0.9839319032529071,0.05859358469621421,0.8825646935820465,0.21081363504747055,nan
713,0.11430024584691063,0.9836494445487955,0.05859692862385277,0.8821727888834868,0.21081712221135226,nan
714,0.11423128337509723,0.9835961060494917,0.05860270803300762,0.8817526179052333,0.2108205108187189,nan
715,0.11434078212150044,0.9837707638383048,0.05861076060231848,0.8813063522706037,0.2108238033819114,nan
716,0.11452619431151877,0.9841672532990738,0.05862090620125842,0.8808362970035005,0.21082700239263344,nan
717,0.11454334538453835,0.984774454069979,0.058632943851400506,0.880344871401692,0.2108301103172666,nan
718,0.1143390149982021,0.9855764509590694,0.05864665192150645,0.8798345899279136,0.21083312959274103,nan
719,0.11414402329048833,0.9865527912596028,0.05866178966595777,0.8793080432846901,0.21083606262292162,nan
720,0.11414281028474031,0.9876788568357784,0.05867809951580654,0.8787678798222585,0.21083891177546815,nan
721,0.11415303496173691,0.9889263629448856,0.058695309877024315,0.8782167874111771,0.2108416793791331,nan
722,0.11417597910232995,0.9902639857299111,0.05871313830541437,0.8776574758925807,0.21084436772146078,nan
723,0.11421209307282902,0.9916581079514803,0.05873129497014848,0.877092660199995,0.21084697904685407,nan
724,0.1142614020069665,0.9930736595568207,0.05874948633354392,0.8765250442276039,0.21084951555497636,nan
725,0.11432356526544932,0.9944750179988465,0.058767418979429054,0.8759573055012809,0.21085197939946054,nan
726,0.11439786015728665,0.9958269245244735,0.05878480352271533,0.8753920806909432,0.21085437268689414,nan
727,0.11448314249857391,0.9970953680703794,0.05880135853159232,0.8748319519862435,0.2108566974760578,nan
728,0.11457780776948151,0.9982483880670386,0.05881681439263387,0.8742794343425875,0.2108589557773894,nan
729,0.11467977089895659,0.9992567499481887,0.058830917048912364,0.8737369635912446,0.210861149552654,nan
730,0.11478648068464994,1.000094448225483,0.05884343154246246,0.8732068853960989,0.21086328071479613,nan
731,0.11489498191315134,1.0007389795865758,0.0588541452953811,0.8726914450305362,0.21086535112795673,nan
732,0.11500203270828172,1.0011712591831086,0.05886287106858786,0.8721927779411317,0.21086736260763572,nan
733,0.11510427615186061,1.0013746916283572,0.05886944954375852,0.8717129010602038,0.2108693169209842,nan
734,0.11519845463568062,1.0013295707408723,0.058873751482024186,0.8712537048268176,0.2108712157872104,nan
735,0.11528164470534685,1.0010897292582923,0.05887567942244638,0.8708169458752661,0.210873060878086,nan
736,0.11535148209499974,1.0006654860409816,0.058875168893706725,0.8704042403511176,0.21087485381853968,nan
737,0.11540634392627597,1.000065354966748,0.05887218912350898,0.8700170578170845,0.21087659618732624,nan
738,0.11544545928151899,0.9992980462099998,0.058866743241472015,0.8696567157136028,0.21087828951776066,nan
739,0.1154689302949582,0.9983729311003778,0.05885886798238239,0.8693243743410284,0.2108799352985074,nan
740,0.1154776612010264,0.9973002068050432,0.05884863290718045,0.8690210323301812,0.21088153497441578,nan
741,0.11547320867675456,0.9960909834400189,0.05883613916861842,0.8687475225629016,0.2108830899473941,nan
742,0.11545757938218269,0.9947573530573587,0.05882151785685775,0.8685045084894935,0.21088460157731487,nan
743,0.11543300704736881,0.9933124565569951,0.058804927967136315,0.8682924807559762,0.21088607118294422,nan
744,0.11540174093651145,0.9917705490952491,0.05878655403688981,0.8681117539807808,0.210887500042891,nan
745,0.11536587116085636,0.9901470577773697,0.05876660350328891,0.8679624633605082,0.21088888939656844,nan
746,0.1153272065180057,0.9884586220340102,0.05874530383407411,0.8678445604121516,0.21089024044516522,nan
747,0.11528721002213141,0.9867231053979695,0.05872289948492931,0.8677578061897456,0.2108915543526213,nan
748,0.11524698825006022,0.984959566866355,0.05869964873559991,0.8677017572913138,0.21089283224660438,nan
749,0.11520732429879328,0.9831881805175803,0.058675820454761864,0.867675727292408,0.21089407521948414,nan
750,0.11516874080607424,0.9814300935662833,0.05865169084056907,0.8676786091562777,0.2108952843293013,nan
751,0.11513157872026218,0.9797072156251099,0.05862754018018839,0.8677152175663504,0.21089646060072906,nan
752,0.1150960785989668,0.9780419355980837,0.05860364966787141,0.8677848394381389,0.21089760502602412,nan
753,0.11506245344218916,0.9764567672565172,0.05858029831769303,0.8678862587317221,0.21089871856596631,nan
754,0.11503094486842094,0.9749739299132801,0.05855776000463438,0.8680179341712995,0.21089980215078427,nan
755,0.11500185747167221,0.9736148763365919,0.058536300667101165,0.8681780566512257,0.21090085668106637,nan
756,0.1149755692511234,0.972399785618331,0.058516175706701576,0.8683645823311718,0.21090188302865548,nan
757,0.11495251891864888,0.9713470435315774,0.05849762762980191,0.8685752588182704,0.21090288203752625,nan
758,0.11493317341741165,0.9704727363563878,0.05848088399535691,0.8688076495009376,0.21090385452464486,nan
759,0.11491798066295418,0.969790185674454,0.05846615577661556,0.8690591578450221,0.2109048012808098,nan
760,0.11490731231571102,0.9693095508568083,0.058453636339761056,0.8693270523199422,0.21090572307147368,nan
761,0.11490139586326352,0.9690375227733905,0.05844350147210007,0.8696084921340914,0.21090662063754517,nan
762,0.11490020257426392,0.96897712682088,0.0584359115255724,0.8699005537172929,0.21090749469617148,nan
763,0.11490269198325917,0.9691276461780173,0.058431018904843854,0.8702002577555895,0.21090834594150062,nan
764,0.11490942019900946,0.9694846679821056,0.05842899479250944,0.8705045965067028,0.21090917504542356,nan
765,0.11492060171709657,0.9700402467442513,0.058430213763592795,0.8708105610802734,0.21090998265829608,nan
766,0.11493628883748663,0.970783171663852,0.05843405070621805,0.8711151683446899,0.2109107694096412,nan
767,0.11495640940924434,0.9716993183265157,0.05844029354087157,0.8714154871163627,0.21091153590883102,nan
768,0.11498079015783315,0.9727720611129459,0.058448768803240625,0.8717086632944363,0.21091228274574894,nan
769,0.11500917988090242,0.9739827207657299,0.05845930558385914,0.8719919436218591,0.21091301049143268,nan
770,0.11504127371466884,0.9753110219224129,0.0584717259346161,0.8722626977806484,0.21091371969869765,nan
771,0.11507673637719305,0.9767355377424526,0.05848584184598078,0.8725184385634245,0.21091441090274154,nan
772,0.1151152213943982,0.9782341025720523,0.0585014546569129,0.872756839903272,0.21091508462173028,nan
773,0.11515638349984393,0.979784178356147,0.05851835560151699,0.8729757525881278,0.21091574135736554,nan
774,0.11519988224586772,0.9813631656697386,0.058536326980972615,0.8731732175326992,0.2109163815954344,nan
775,0.11524537609677359,0.9829486553136165,0.05855514372383769,0.8733474765288725,0.21091700580634148,nan
776,0.1152925076480926,0.9845186210176645,0.05857457520953732,0.8734969804433191,0.21091761444562399,nan
777,0.11534088191209588,0.9860515576478476,0.058594387279920584,0.8736203948772696,0.21091820795444977,nan
778,0.115390040659482,0.9875265722460795,0.05861434438745593,0.8737166033470565,0.21091878676009929,nan
779,0.11543943650110544,0.9889234371212718,0.05863421183996041,0.8737847080841102,0.2109193512764317,nan
780,0.11548841068027764,0.9902226148972136,0.05865375810692434,0.873824028588775,0.21091990190433524,nan
781,0.11553617841988532,0.9914052645584701,0.05867275715450151,0.8738340981030726,0.21092043903216257,nan
782,0.11558182515407074,0.9924532342195422,0.05869099077667564,0.8738146581928917,0.2109209630361518,nan
783,0.1156243161144578,0.9933490381550504,0.05870825088988709,0.8737656516498348,0.210921474280833,nan
784,0.11566252059186113,0.9940757954741553,0.058724341758067,0.8736872139369991,0.21092197311942096,nan
785,0.11569525082728774,0.9946170514075863,0.058739082114936,0.8735796634114126,0.21092245989419456,nan
786,0.11572131399398491,0.9949562027947608,0.05875230715081733,0.8734434905588554,0.21092293493686323,nan
787,0.11573957423674384,0.9950741853334938,0.05876387033224234,0.8732793464747375,0.21092339856892092,nan
788,0.11574902038577306,0.9949273421271636,0.05877364502437655,0.8730880308179343,0.21092385110198758,nan
789,0.11574883392932289,0.9945465473499817,0.05878152588879812,0.8728704794535134,0.21092429283813927,nan
790,0.1157384512784789,0.9939463604721924,0.05878743003240238,0.8726277519856391,0.21092472407022636,nan
791,0.11571761442248953,0.9931411145031183,0.05879129788712884,0.8723610193641732,0.21092514508218135,nan
792,0.11568640481995945,0.9921470317506136,0.058793093804713495,0.8720715517281907,0.2109255561493152,nan
793,0.11564525677193255,0.9909827701388806,0.05879280635563822,0.8717607066273905,0.21092595753860416,nan
794,0.11559494844252353,0.9896695021918493,0.05879044832672975,0.8714299177387684,0.21092634950896602,nan
795,0.11553657090048082,0.988230769228885,0.05878605641729195,0.8710806841715205,0.2109267323115271,nan
796,0.1154714777576518,0.9866921909604339,0.05877969063906777,0.8707145604284907,0.2109271061898797,nan
797,0.1154012198733197,0.9850810689021298,0.058771433430553674,0.8703331470680874,0.21092747138033055,nan
798,0.1153274709179129,0.9834259107309032,0.05876138850107266,0.8699380820869534,0.210927828112141,nan
799,0.11525195018083591,0.9817559004090831,0.05874967942441244,0.8695310330212295,0.21092817660775817,nan
800,0.11517634882226695,0.9801003388806304,0.05873644800563587,0.8691136897434129,0.21092851708303859,nan
801,0.11510226488786743,0.978488079870635,0.05872185244778435,0.8686877579129489,0.2109288497474637,nan
802,0.11503115100719451,0.9769469838050958,0.05870606534756056,0.8682549530221129,0.21092917480434792,nan
803,0.11496427701666728,0.9755034098519724,0.05868927155067255,0.8678169949647444,0.2109294924510396,nan
804,0.11490270803095487,0.9741817617276036,0.058671665898347596,0.8673756030441896,0.21092980287911464,nan
805,0.11484729694518099,0.9730040976331737,0.05865345089661791,0.8669324913285795,0.21093010627456382,nan
806,0.11479868913742061,0.971989809037973,0.058634834339397514,0.8664893642564415,0.21093040281797307,nan
807,0.11475733634009835,0.9711553675970966,0.058616026915190064,0.866047912393659,0.2109306926846979,nan
808,0.11472351627989859,0.9705141348185545,0.058597239825582,0.8656098082439945,0.21093097604503155,nan
809,0.11469735472312603,0.9700762256078539,0.05857868244158371,0.8651767020196636,0.2109312530643674,nan
810,0.11467884696833762,0.9698484148056838,0.05856056002148139,0.8647502172857116,0.2109315239033557,nan
811,0.114667876632952,0.9698340754361809,0.05854307151124145,0.8643319464019665,0.21093178871805482,nan
812,0.1146642314223076,0.9700331385990302,0.058526407445732266,0.8639234456988765,0.21093204766007742,nan
813,0.1146676306404067,0.9704420676446055,0.05851074796611881,0.8635262303382262,0.2109323008767313,nan
814,0.11467761540619306,0.971053843236707,0.05849626096569047,0.8631417688261881,0.210932548511156,nan
815,0.11469366555559501,0.971857960803968,0.05848310037290668,0.8627714771638748,0.21093279070245366,nan
816,0.11471516904803772,0.9728404472846685,0.0584714045760923,0.8624167126390178,0.21093302758581656,nan
817,0.11474141238799944,0.973983909457664,0.05846129498779775,0.8620787672809388,0.21093325929264936,nan
818,0.11477157539877778,0.9752676309043583,0.058452874735380786,0.8617588610189284,0.21093348595068775,nan
819,0.11480473118936123,0.9766677380644456,0.05844622743956984,0.8614581346006672,0.21093370768411282,nan
820,0.11483985314376056,0.9781574572035436,0.05844141597753065,0.8611776423414532,0.21093392461366123,nan
821,0.11487583036839834,0.9797074827361848,0.058438480909071784,0.8609183447855107,0.2109341368567323,nan
822,0.11491149218509994,0.9812864727660207,0.05843743718554952,0.8606811013658011,0.21093434452749094,nan
823,0.11494564119278954,0.9828616797873345,0.058438255412580145,0.8604666631458865,0.2109345477369672,nan
824,0.11497709331080637,0.9843997136097732,0.058440973293212795,0.8602756657118191,0.21093474659315267,nan
825,0.11500472222680794,0.9858674207019237,0.05844557424615913,0.8601086222447908,0.2109349412010935,nan
826,0.11502750495347899,0.987232850912883,0.058452014785054816,0.8599659167271213,0.2109351316629798,nan
827,0.11504456486287004,0.9884662711125431,0.05846022831378815,0.8598477970698719,0.2109353180782332,nan
828,0.1150552086675991,0.9895411784065242,0.05847012679209602,0.8597543675797658,0.21093550054359017,nan
829,0.11505895433716555,0.9904352668051666,0.05848160201027259,0.8596855792363646,0.21093567915318379,nan
830,0.11505554779277914,0.9911313170027953,0.05849452685762059,0.8596412133248249,0.21093585399862136,nan
831,0.11504496728540715,0.9916180279497758,0.05850875670660421,0.859620841689133,0.21093602516906113,nan
832,0.11502741547800703,0.9918909729710271,0.05852413095733264,0.8596236514806139,0.21093619275128495,nan
833,0.115003300279986,0.9919547115290255,0.05854047475704517,0.8596534079506899,0.21093635682976952,nan
834,0.114973206306265,0.9918413492394809,0.05855760089461792,0.8597098197239496,0.21093651748675496,nan
835,0.11493785938630753,0.9915366056974687,0.058575311861247134,0.8597921712287171,0.2109366748023108,nan
836,0.11489808681000097,0.9910397712163265,0.058593402062079095,0.8598994751388926,0.21093682885440046,nan
837,0.11485477598976492,0.9903569126929751,0.0586116601584081,0.8600305214487243,0.21093697971894323,nan
838,0.11480883399431138,0.989499751502721,0.05862987151567692,0.860183905731764,0.21093712746987417,nan
839,0.11476115003703773,0.9884852395205459,0.05864782072874063,0.8603580516445402,0.21093727217920216,nan
840,0.11471256255046984,0.9873352402709835,0.05866529419268623,0.8605512319870406,0.21093741391706636,nan
841,0.11466383200762545,0.9860761618009793,0.058682082684989444,0.8607615897785245,0.2109375527517902,nan
842,0.1146156202061541,0.9847384815439784,0.05869798392301083,0.8609871598050022,0.21093768874993435,nan
843,0.1145684763383506,0.9833561317312197,0.05871280505985674,0.8612258906726459,0.21093782197634742,nan
844,0.11452282983979059,0.9819657260822564,0.05872636508151022,0.8614756672018766,0.21093795249421532,nan
845,0.11447898973852547,0.9806056177482377,0.05873849706890479,0.8617343328981747,0.21093808036510903,nan
846,0.11443715000438275,0.9793147895292925,0.058749050290268306,0.8619997121898764,0.21093820564903076,nan
847,0.11439740020961177,0.9781315920621754,0.05875789209157306,0.8622696321090547,0.2109383284044587,nan
848,0.1143597406450526,0.9770923640861181,0.05876490955622756,0.8625419430983094,0.21093844868839035,nan
849,0.1143241008825964,0.9762299896732277,0.05877001090913904,0.862814538647725,0.21093856655638452,nan
850,0.11429036063513759,0.9755724677334163,0.058773126644844374,0.8630853734982608,0.21093868206260175,nan
851,0.11425837164839106,0.9751415854521047,0.05877421036440794,0.8633524801873403,0.21093879525984405,nan
852,0.11422797928163506,0.9749517955591533,0.05877323931106371,0.8636139837568088,0.2109389061995926,nan
853,0.11419904241855777,0.9750093940844726,0.05877021459997399,0.8638681144905767,0.2109390149320451,nan
854,0.1141714504175836,0.9753120788485244,0.05876516114282577,0.8641132185972136,0.21093912150615118,nan
855,0.11414513598113925,0.9758489401570003,0.0587581272731364,0.8643477667998504,0.2109392259696474,nan
856,0.11412008310241799,0.9766008974858718,0.05874918408295252,0.8645703608405744,0.2109393283690907,nan
857,0.11409632962797364,0.9775415549524564,0.058738424485979615,0.8647797379479106,0.210939428749891,nan
858,0.1140739644286714,0.9786384105886953,0.05872596202597929,0.8649747733530737,0.21093952715634268,nan
859,0.11405311965704282,0.9798543257805507,0.05871192945244552,0.8651544809727969,0.21093962363165553,nan
860,0.11403395903103099,0.9811491456640051,0.058696477088078174,0.8653180124032922,0.21093971821798396,nan
861,0.11401666346431788,0.9824813599854129,0.05867977101439581,0.8654646543910736,0.21093981095645611,nan
862,0.11400141561132403,0.9838097054277289,0.058661991102982994,0.8655938249619772,0.21093990188720163,nan
863,0.11398838497887125,0.9850946311619251,0.05864332892038151,0.8657050683999132,0.21093999104937874,nan
864,0.11397771517474599,0.9862995750548141,0.05862398553456999,0.8657980492719721,0.21094007848120058,nan
865,0.11396951466026367,0.9873920246382957,0.05860416925039968,0.8658725456969064,0.21094016421996037,nan
866,0.11396385219210586,0.9883443623867333,0.058584093300357375,0.8659284420501822,0.2109402483020565,nan
867,0.11396075852358879,0.9891345200542342,0.058563973515698406,0.8659657212912918,0.21094033076301608,nan
868,0.11396024081291382,0.9897464997194988,0.05854402600143921,0.8659844570883957,0.2109404116375187,nan
869,0.11396250394651501,0.9901708888495706,0.058524464837021554,0.8659848059021755,0.21094049095941841,nan
870,0.11396735672766813,0.9904057272253305,0.05850549982276358,0.865966999175601,0.21094056876176592,nan
871,0.11397463636364798,0.9904592871939795,0.05848733429060799,0.8659313357596539,0.21094064507682983,nan
872,0.11398419415185145,0.9903743836512023,0.058470162996276505,0.8658781746874127,0.21094071993611718,nan
873,0.11399590147548777,0.9901246510117323,0.05845417010888483,0.865807928390733,0.21094079337039354,nan
874,0.11400965558837081,0.9897002255973081,0.05843952731355703,0.86572105643545,0.21094086540970225,nan
875,0.11402538163602971,0.9890979533348833,0.0584263920429403,0.8656180598329599,0.2109409360833835,nan
876,0.11404302975079143,0.9883199787600534,0.058414905855443136,0.8654994759684662,0.21094100542009264,nan
877,0.11406256694703634,0.9873734399914396,0.05840519298310618,0.8653658741694048,0.21094107344781773,nan
878,0.11408396410148809,0.9862703782064838,0.05839735908455775,0.8652178519217613,0.21094114019389704,nan
879,0.11410717874500995,0.9850276159905568,0.058391490271928234,0.8650560317273426,0.21094120568503577,nan
880,0.11413213477410694,0.9836665043279075,0.05838765258684671,0.8648810585816914,0.21094126994732226,nan
881,0.1141587005299741,0.9822124912611501,0.058385892561520526,0.8646935980403183,0.21094133300624396,nan
882,0.11418666698956842,0.9806944961172429,0.05838624334316549,0.8644943348303441,0.2109413948867026,nan
883,0.11421572805013096,0.9791440976759894,0.05838860953558962,0.8642839719555173,0.21094145561302943,nan
884,0.11424546503422686,0.9775945659894903,0.058392948553266606,0.864063230234914,0.21094151520899934,nan
885,0.11427533755317087,0.9760797851973685,0.05839920186894734,0.8638328482094435,0.21094157369784544,nan
886,0.11430468269397408,0.9746331270498292,0.058407291859938044,0.8635935823455323,0.21094163110227232,nan
887,0.11433272409558363,0.9732863405659142,0.058417121418924925,0.8633462074620233,0.21094168744446967,nan
888,0.11435859183042121,0.9720685217518524,0.058428574346890326,0.8630915173043471,0.21094174274612507,nan
889,0.11438135311707198,0.9710052190821289,0.05844151616059543,0.8628303251893664,0.21094179702843677,nan
890,0.1144000528147908,0.9701177169934462,0.058455795205413365,0.8625634646448763,0.21094185031212562,nan
891,0.11441376149537236,0.969422523124399,0.058471244029982786,0.8622917899695276,0.21094190261744733,nan
892,0.11442162780112662,0.9689310678451112,0.05848768099934412,0.8620161766418358,0.21094195396420382,nan
893,0.11442293095120433,0.9686496089351359,0.058504912129085145,0.8617375215108933,0.21094200437175448,nan
894,0.114417128817406,0.9685793216975915,0.058522733123382346,0.8614567427063244,0.21094205385902712,nan
895,0.11440389707674352,0.9687165462229554,0.05854093159774477,0.8611747792108588,0.2109421024445288,nan
896,0.11438315560691632,0.9690531590867507,0.058559289464020996,0.8608925900455331,0.21094215014635587,nan
897,0.1143550794716086,0.9695770360381558,0.05857758545145278,0.8606111530249265,0.21094219698220434,nan
898,0.11432009339823901,0.9702725743863296,0.05859559773363942,0.8603314630478465,0.2109422429693795,nan
899,0.11427885036201668,0.9711212478341908,0.05861310662749988,0.8600545298974704,0.21094228812480542,nan
900,0.11423219650644081,0.972102171491177,0.05862989732691375,0.8597813755339768,0.21094233246503433,nan
901,0.11418112592011902,0.9731926599208903,0.058645762630892447,0.859513030872065,0.21094237600625568,nan
902,0.1141267295850671,0.9743687657734145,0.05866050562404971,0.8592505320453742,0.21094241876430483,nan
903,0.1140701430369959,0.9756057904762925,0.05867394226595487,0.8589949161695077,0.21094246075467163,nan
904,0.11401249695668501,0.976878761480248,0.05868590384577383,0.8587472166250429,0.2109425019925086,nan
905,0.11395487414980755,0.9781628727020466,0.05869623925951005,0.8585084578913936,0.21094254249263938,nan
906,0.11389827532932688,0.9794338862078208,0.0587048170691815,0.8582796499715255,0.2109425822695663,nan
907,0.11384359496452448,0.980668494018547,0.058711527306400585,0.8580617824561305,0.21094262133747801,nan
908,0.11379160736155593,0.9818446393877166,0.05871628298700376,0.8578558182836995,0.21094265971025739,nan
909,0.11374296221031556,0.9829417971695233,0.05871902130850437,0.8576626872597424,0.21094269740148824,nan
910,0.11369818814017224,0.9839412130889307,0.058719704508074136,0.8574832794038155,0.21094273442446282,nan
911,0.11365770239442692,0.984826101904641,0.05871832036531724,0.8573184381965043,0.21094277079218854,nan
912,0.11362182454493731,0.9855818045959382,0.058714882341083616,0.8571689537992131,0.21094280651739467,nan
913,0.11359079218703294,0.9861959046178104,0.05870942935075041,0.8570355563160074,0.21094284161253893,nan
914,0.11356477673763929,0.9866583023329691,0.05870202517755565,0.8569189091557652,0.21094287608981407,nan
915,0.11354389777606962,0.986961242585893,0.05869275753846922,0.8568196025276983,0.21094290996115356,nan
916,0.1135282348320996,0.9870992703527134,0.05868173682152171,0.8567381470471275,0.21094294323823817,nan
917,0.11351783631564621,0.9870689158443207,0.058669094519293453,0.8566749672934615,0.21094297593250153,nan
918,0.11351272743262099,0.9868735111011788,0.05865498138823823,0.8566303947872207,0.21094300805513613,nan
919,0.11351293250133998,0.9865155504590227,0.05863956536755869,0.856604658528133,0.21094303961709868,nan
920,0.11351698953639856,0.9859993531343891,0.05862302929438766,0.8565978640829021,0.21094307062911563,nan
921,0.11352476952453884,0.985331111053114,0.05860556845402728,0.8566098270713589,0.21094310110168857,nan
922,0.11353613964784373,0.9845188189712146,0.05858738800496373,0.8566406837797391,0.21094313104509935,nan
923,0.1135509410020103,0.9835721724710176,0.058568700318358,0.8566903830570437,0.2109431604694151,nan
924,0.11356897877316997,0.9825024501028934,0.058549722270791096,0.8567587538904833,0.21094318938449316,nan
925,0.11359001557614525,0.981322384277298,0.05853067252732124,0.8568455174950617,0.21094321779998593,nan
926,0.1136137668689847,0.9800460220922169,0.058511768849512064,0.8569502925818182,0.21094324572534548,nan
927,0.1136398985464199,0.978688575890971,0.05849322546013498,0.857072599297427,0.21094327316982817,nan
928,0.11366802705383539,0.9772662627076117,0.05847525049284842,0.8572118631680691,0.2109433001424989,nan
929,0.11369772234774173,0.9757961315373067,0.0584580435513841,0.8573674194814959,0.21094332665223592,nan
930,0.11372851390138328,0.9742958774657295,0.058441793398633826,0.857538518259147,0.21094335270773443,nan
931,0.11375989976141374,0.9727836420651972,0.05842667579140901,0.8577243298568549,0.21094337831751114,nan
932,0.11379135843081067,0.9712778000875055,0.05841285147117537,0.8579239511774448,0.2109434034899082,nan
933,0.11382236310971802,0.9697967333179981,0.05840046431388808,0.8581364124471462,0.21094342823309686,nan
934,0.11385239759641311,0.9683585934517503,0.05838963963120469,0.8583606844877939,0.2109434525550818,nan
935,0.11388097296194455,0.9669810569438457,0.05838048259614262,0.8585956864033208,0.21094347646370426,nan
936,0.11390764398823787,0.9656810758896557,0.058373076726444366,0.8588402935898727,0.21094349996664633,nan
937,0.1139320243184834,0.964474630015074,0.05836748226198039,0.8590933459729507,0.21094352307143382,nan
938,0.11395379931915733,0.9633764857040028,0.058363733986204605,0.8593536563718466,0.21094354578544025,nan
939,0.1139727357930381,0.9623999685686414,0.058361836921556574,0.8596200188909212,0.2109435681158899,nan
940,0.11398868789916522,0.9615567562989252,0.05836175093169097,0.8598912172388364,0.21094359006986146,nan
941,0.1140015989068165,0.9608566983561027,0.05836278308463646,0.8601660328804277,0.2109436116542907,nan
942,0.11401149870824319,0.9603076684788321,0.05836495997553228,0.8604432529313784,0.2109436328759742,nan
943,0.11401849730915291,0.9599154549623059,0.05836828192056513,0.8607216777129417,0.21094365374157203,nan
944,0.11402277477901313,0.9596836923039721,0.05837273528773255,0.8610001278924766,0.21094367425761082,nan
945,0.11402456835310741,0.95961383617077,0.058378295474875004,0.8612774511452234,0.21094369443048683,nan
946,0.11402415752086517,0.9597051818472346,0.05838492813784288,0.8615525282832928,0.21094371426646852,nan
947,0.11402184800513265,0.9599549245022954,0.05839258988446504,0.8618242788089872,0.2109437337716996,nan
948,0.11401795553788478,0.9603582578988478,0.05840122877591282,0.8620916658610351,0.21094375295220164,nan
949,0.11401279027914954,0.9609085066868485,0.05841078476286518,0.8623537005338217,0.21094377181387658,nan
950,0.1140066426216407,0.9615972862673087,0.058421190113358695,0.8626094455609616,0.21094379036250957,nan
951,0.11399977098950749,0.9624146834584564,0.05843236986112093,0.8628580183653712,0.21094380860377135,nan
952,0.11399239209087464,0.9633494508670053,0.05844424229028098,0.8630985934880822,0.21094382654322072,nan
953,0.11398467393328998,0.9643892079604044,0.0584567194656268,0.86333040441727,0.2109438441863069,nan
954,0.11397673176825313,0.9655206423106838,0.05846970781361191,0.8635527448471447,0.21094386153837208,nan
955,0.11396862700133212,0.9667297052718413,0.058483108756649395,0.863764969403367,0.21094387860465347,nan
956,0.11396036899012378,0.9680017973786071,0.05849681940120748,0.8639664938774345,0.21094389539028566,nan
957,0.11395191955280416,0.9693219399254983,0.058510733278522346,0.8641567950169857,0.21094391190030293,nan
958,0.11394319992274829,0.970674930413027,0.05852474113521318,0.864335409922151,0.21094392813964105,nan
959,0.11393409980650739,0.9720454807521438,0.05853873176965575,0.8645019351000345,0.21094394411313974,nan
960,0.1139244881305775,0.9734183382297887,0.0585525929086162,0.8646560252301165,0.2109439598255445,nan
961,0.11391422499559847,0.974778390202395,0.058566212117370293,0.8647973916929503,0.21094397528150868,nan
962,0.1139031742957717,0.9761107542571105,0.058579477735347864,0.864925800913088,0.21094399048559537,nan
963,0.11389121640986549,0.9774008561269931,0.05859227982827486,0.8650410725647973,0.21094400544227934,nan
964,0.11387826033420538,0.9786344979312515,0.05860451114686223,0.8651430776859848,0.2109440201559489,nan
965,0.11386425461553101,0.979797919285799,0.05861606808134213,0.8652317367419557,0.21094403463090775,nan
966,0.11384919646145332,0.9808778534039831,0.058626851600605046,0.8653070176763117,0.2109440488713767,nan
967,0.11383313846670359,0.9818615792971079,0.05863676816436749,0.865368933981637,0.21094406288149528,nan
968,0.11381619250011384,0.9827369691722146,0.05864573059672172,0.8654175428176879,0.21094407666532383,nan
969,0.11379853045148053,0.9834925260954738,0.05865365890959277,0.8654529431997855,0.21094409022684474,nan
970,0.11378038173421218,0.9841173982054912,0.058660481065060215,0.8654752742750764,0.21094410356996426,nan
971,0.1137620276670646,0.9846013337105392,0.05866613366618822,0.8654847136994105,0.21094411669851404,nan
972,0.11374379309785228,0.9849344731332441,0.058670562566932365,0.8654814761228538,0.2109441296162528,nan
973,0.11372603586052143,0.9851065910999236,0.05867372339283617,0.8654658117873988,0.21094414232686753,nan
974,0.11370913484969779,0.9851032170432446,0.058675581965563876,0.8654380052363115,0.21094415483397527,nan
975,0.11369347763259822,0.9850606507511693,0.05867611462580437,0.8653983741308025,0.2109441671411246,nan
976,0.11367944858619367,0.98498111684767,0.05867530845068334,0.8653472681663836,0.21094417925179668,nan
977,0.11366741855860363,0.984865664108155,0.05867316136349217,0.8652850680783847,0.2109441911694069,nan
978,0.11365773706872909,0.9847149439995734,0.05866968213523772,0.8652121847236482,0.21094420289730634,nan
979,0.11365072829530636,0.9845294061405196,0.05866489027919012,0.8651290582234451,0.2109442144387828,nan
980,0.11364669353349138,0.9843093772967272,0.058658815841211784,0.8650361571511032,0.21094422579706226,nan
981,0.11364593268281545,0.98405510198405,0.05865149909014948,0.864933977746735,0.21094423697531012,nan
982,0.11364912375610141,0.983766766915141,0.058642990113926964,0.8648230431407559,0.21094424797663236,nan
983,0.11365632204959944,0.9834445175882449,0.058633348328156004,0.8647039025675873,0.21094425880407694,nan
984,0.11366760021907953,0.9830884706860888,0.058622641905070334,0.8645771305510077,0.21094426946063474,nan
985,0.113683009917426,0.9826987241076282,0.05861094713135868,0.8644433260430241,0.21094427994924084,nan
986,0.11370257799391453,0.9822753656194739,0.058598347704028254,0.8643031114988609,0.2109442902727756,nan
987,0.11372630553340823,0.9818184806966984,0.05858493397376401,0.8641571318716693,0.21094430043406595,nan
988,0.11375416519533833,0.9813281598979164,0.058570802145371186,0.8640060535118208,0.21094431043588616,nan
989,0.11378609565303192,0.9808045059903243,0.058556053444812795,0.8638505629571442,0.21094432028095902,nan
990,0.11382199295440383,0.9802476409616933,0.0585407932620976,0.8636913656021507,0.2109443299719571,nan
991,0.11386169916651184,0.9796577130057321,0.058525130278863066,0.863529184236165,0.21094433951150343,nan
992,0.11390498904371846,0.9790349035329351,0.05850917558895664,0.8633647574422967,0.21094434890217256,nan
993,0.11395155574601058,0.9783794342344133,0.05849304181967849,0.8631988378513401,0.21094435814649182,nan
994,0.11400099685018311,0.9776915742075648,0.058476842260636916,0.8630321902469472,0.21094436724694177,nan
995,0.11405280204496018,0.9769716471374843,0.05846069000641474,0.862865589520771,0.21094437620595755,nan
996,0.11410634397612199,0.9762200385154189,0.0584446971184777,0.8626998184787038,0.21094438502592966,nan
997,0.11416087369786154,0.9754372028645149,0.05842897381099999,0.8625356655018155,0.21094439370920473,nan
998,0.11421552207678953,0.9746236709330385,0.05841362766455726,0.8623739220681387,0.21094440225808644,nan
999,0.11426930826977022,0.9737800568059453,0.05839876287096268,0.8622153801440234,0.21094441067483652,nan
1000,0.11432115604495142,0.9729070648769221,0.05838447951190577,0.8620608294564173,0.2109444189616754,nan
