Iteration,Global CG,Global MR,Global LOMR,Inner-outer - 2 inner iter MR,Inner-outer - 2 inner iter LOMR,Inner-outer - 5 inner iter MR,Inner-outer - 5 inner iter LOMR
0,2958963670.564674,2958963670.564674,2958963670.564674,2958963670.564674,2958963670.564674,2958963670.564674,2958963670.564674
1,619392061.7514977,603581263.1611679,604161082.2867159,630918911.8547697,630918911.8547697,630918911.8547697,630918911.8547697
2,280249180.2856279,345409269.1406585,272600272.379181,309516899.46986264,284605004.6175763,309516899.46986264,284605004.6175763
3,178895269.55628827,242641358.8059503,160123298.48153976,83183529.68700887,131003942.55480255,207611009.08296663,169696795.2490235
4,113299724.05768606,184000434.3670409,99000424.48622446,44566636.69317665,115360533.43805721,155768283.70854515,110437122.67766295
5,71474481.61199398,140001212.34743202,64258985.457029715,37321755.77793725,111967697.9865483,123464642.28453971,68596650.17821045
6,48688799.576510645,99969781.1867739,43360015.671704724,34976935.718782164,107324342.79166259,57894352.5215328,57043906.33095313
7,44542602.006066106,77891431.6161562,30502770.48955843,33553602.5204265,105175703.51504324,55680438.2089214,55584302.850838035
8,38235182.59356099,68362870.72297919,25075336.73644892,32593287.95056454,101626384.15799804,54629298.54340817,54555680.29990841
9,31082890.81254738,61117716.08107014,22599790.263857488,31996068.517464977,100327306.90322204,53382267.838095196,53652606.12566914
10,27661595.921220087,55306662.19332948,21247939.263731502,31577937.69389233,97342912.2159836,52135395.79457781,53324218.60557272
11,26366303.25207062,50559877.37082694,20365978.00073417,31255687.54017493,96060541.16833857,48858716.99961197,52282943.99531292
12,25106680.236911736,46252622.678952165,19511698.101375442,30984507.746914268,92899716.34048009,47686814.16691905,51650670.40595511
13,24116464.83197119,42473403.718435824,18737515.35551028,30714838.72872133,91966787.50637522,47145049.561836116,51257802.03298151
14,22790394.461813312,39072683.88250724,18035685.977634225,30483375.487972315,87784366.71203296,46692191.11298231,50966267.9786035
15,21828921.23475865,35734228.6842553,17506052.87179395,30290692.64767427,86868559.22846137,46334474.13421602,50720240.59971495
16,21252822.480017073,31358353.466526974,17040776.770694714,30137148.06757876,84247299.56748243,45242063.598374456,50249959.3316151
17,20994667.076009516,27529097.404398218,16605416.924044967,30001767.4507353,83484046.92704478,44630814.87656469,49828189.36344604
18,20816169.522296518,25258676.65684614,16221627.491722643,29874558.125733256,81254256.45044255,44227628.05560415,49542165.20531068
19,20706506.622277915,23496725.783429816,15859014.936736798,29760837.002051383,80588412.27452862,43905508.04366631,49288517.09193523
20,20511749.591869555,22048692.812062494,15488220.70226377,29655459.408559013,78743689.37590152,43619995.075813174,49086653.79517596
21,20288895.389798433,20891684.793512832,15124015.313575348,29555731.923102375,78098076.0440266,43298504.20477119,48934723.88423981
22,20050515.452289447,19933813.499366786,14682734.438712925,29456867.1413993,76388877.78827587,42990332.82433041,48678734.33053672
23,19855080.737841725,19118777.174474854,14226375.926523007,29364619.766942184,75845944.05367562,42784897.15003024,48474331.01469862
24,19668444.314009078,18402208.494221717,13929220.969388228,29276750.917500872,74361948.83867638,42576367.792998254,48270549.83248
25,19468027.347109117,17767041.441345327,13683942.384074558,29193439.861550584,73836293.39020258,42384278.39666565,48072032.964787856
26,19224024.16574223,17184180.0541922,13490073.321374865,29121952.59970488,72443868.62720686,42099099.06024258,47892737.318453304
27,19083766.771127243,16667709.567298245,13302267.789743448,29040397.767685886,71941830.00165507,41902006.199076235,47329180.79384938
28,18974390.73325702,16204071.989948036,13103683.006003637,28968034.52714582,70752509.26101056,41690834.56897962,46863952.66577726
29,18904020.929548625,15744778.612646054,12896905.49111095,28894256.879710633,70308725.02285756,41523148.25315562,46502152.32702334
30,18847741.863303706,15320639.685654175,12652884.187478334,28833397.04368782,69261730.20467155,41334573.555717155,46193119.77989584
31,18790088.124297682,14927056.666764613,12484199.942378249,28770578.31495392,68871821.08456182,41146810.08700844,46030569.57321515
32,18766914.731361907,14551050.438476121,12356130.207045473,28709646.13213411,67999399.18693928,40978929.87894131,45395367.593709715
33,18779857.165024474,14051555.914728919,12251933.691465532,28649546.79874858,67622066.52591555,40828825.418489344,44914434.02084246
34,18800597.472089235,13679806.92417771,12124886.952335618,28592257.49763493,66648612.80619286,40678010.940567784,44568424.763311245
35,18754154.762207627,13401542.828290803,12015029.010966888,28535558.856528036,66249247.21207839,40545601.51892826,44286871.12290693
36,18709587.606225826,13080001.37545794,11887861.388592444,28480271.750681765,65364800.792629,40382156.475289285,44154132.36915148
37,18559874.166238204,12811693.619405055,11755616.698469192,28425949.866826024,64977633.79563914,40239748.76181086,43634205.36744284
38,18465047.13072717,12626045.391179694,11644703.459388077,28373055.14043566,64185017.08717223,40094194.11423432,43221010.79268384
39,18349251.79227483,12446144.381340187,11589643.734264331,28321643.866044734,63837530.44785454,39949654.042190954,42907458.11859305
40,18231791.248316143,12262785.589412201,11400635.960771983,28269462.591463055,63153687.22281994,39802866.76029831,42664975.4186834
41,18139163.09748041,12077163.336844224,11251499.524246855,28224812.227365717,62854069.19252687,39625040.96590835,42565148.243525125
42,18061044.591709103,11940721.197808977,11128242.23877749,28182585.958153483,62178533.379038095,39459729.78936208,42171927.12814957
43,17975082.319424137,11821617.524573255,11004275.054713333,28142238.92398935,61883547.55578616,39307069.17431204,41842721.79009445
44,17890006.191451896,11703070.095533332,10897431.976825362,28102210.267498598,61325480.05196324,39176973.00051107,41593520.85968156
45,17830827.99668567,11577913.239498181,10805851.15207848,28067020.724779252,61058980.37594454,39040779.12793652,41396813.84111482
46,17777517.666413657,11461618.961469777,10704029.829682622,28033228.92424433,60535028.62857336,38910114.569491796,41305156.34377846
47,17713434.312338635,11330413.457071446,10570262.31605167,27997936.153372463,60292784.05067494,38790595.31821724,40974554.795094185
48,17664191.087672167,11256846.611181373,10443519.686182838,27961980.424310785,59800744.246076174,38678785.1452942,40701652.76788835
49,17609901.52195393,11127136.922169672,10325101.956950292,27922086.361068405,59559243.141449325,38558112.37257838,40475464.234595306
50,17538542.33320016,10960429.72636979,10221464.2015014,27882205.252035905,59071494.35026375,38462051.38421765,40303835.5544915
51,17481026.75776042,10822550.128521932,10081698.839201208,27841034.606407825,58818910.26725362,38334006.388743185,40220867.56081
52,17435530.694870364,10714119.362757757,9964056.99160529,27802571.274674118,58367184.41029775,38227263.14616329,39912623.64707461
53,17383064.090222165,10611932.367366213,9849741.666946474,27765223.27909357,58156173.51479334,38129450.72620656,39651749.28256221
54,17327267.028441295,10526683.604270538,9737646.221632283,27730022.466257703,57756147.3226455,38032884.945961975,39446045.19728102
55,17269572.077906445,10425549.011555262,9618448.721931644,27692551.989423733,57544303.7088432,37940930.059618466,39270305.148739785
56,17214801.725417353,10305083.730482653,9508150.403968854,27661149.449883275,57165930.81663189,37836838.70808208,39196931.65121493
57,17166704.457526688,10193196.229952794,9397800.970682358,27625904.189348184,56966201.43198092,37729985.389862075,38911291.710737534
58,17104854.116311826,10090123.643573299,9291628.76459064,27595346.970322885,56595378.02905821,37624595.29405821,38672278.8778441
59,17041884.37310114,9983098.3043798,9177835.993734812,27564260.171968125,56431637.91019452,37539762.2785844,38483903.96818595
60,16985312.311957434,9866245.358131796,9073903.540822912,27534387.24443113,56086231.670033254,37457731.00169555,38340738.50030652
61,16934334.166831847,9750125.314604178,8972594.845899234,27502753.42455591,55908471.51545266,37355323.98344039,38270348.62353012
62,16888495.139812205,9637986.798416378,8870526.70549815,27472346.551023655,55570588.191825934,37235376.623771355,38003341.80331936
63,16850932.286320303,9529460.235093305,8767663.147143526,27439197.839476623,55401751.24106609,37126741.169960946,37797010.68762191
64,16814771.790369492,9421856.619567323,8666342.745893944,27408936.923764378,55105653.13624247,37038219.36243835,37636515.40677466
65,16778084.571309943,9317208.683650415,8568928.167061493,27376861.84195651,54936628.17962965,36952187.006543316,37511071.34346685
66,16745957.444328623,9213466.876028994,8484500.609563291,27352398.256036874,54666659.96230189,36855996.48661756,37445825.50186741
67,16719458.736884486,9110746.440942394,8391675.74532207,27322471.943790514,54504850.24198841,36750571.16179395,37220969.87055955
68,16698623.877224525,9007746.864819793,8293370.433626309,27295492.78298597,54234610.00437193,36664789.38348341,37031824.37321458
69,16673797.701454172,8905595.773253424,8195707.798666379,27263197.511584528,54094391.01327437,36591993.94998552,36877469.07614719
70,16649537.608367963,8806646.027667295,8096801.0882193195,27234635.087702442,53824818.070451535,36518711.783090726,36750576.82709679
71,16634618.951058147,8711703.731646297,7991815.535076258,27204338.86031476,53666355.9824335,36422640.64438496,36685146.50018929
72,16612264.730975585,8615967.004425986,7890169.144625864,27177000.207237717,53415660.191600464,36329873.49240895,36454718.960735194
73,16594584.004997106,8528340.1234425,7787964.460783063,27149392.704735365,53259520.63279132,36243854.51704619,36268826.512296155
74,16578358.14146416,8437527.407407846,7687471.573720189,27121989.475588743,53007854.61095564,36158961.90735407,36121143.796858594
75,16563113.916953154,8337623.4484087685,7595249.890286251,27093690.25283243,52885172.13835412,36084983.68707646,36009523.5638854
76,16549078.867233315,8240392.026125465,7499652.335363689,27066631.1567378,52669671.962249756,36002667.24672807,35949049.00684452
77,16538532.094285939,8144381.397191945,7391205.353588631,27038833.617744084,52554082.92765928,35919995.162441954,35762058.56889418
78,16533022.764244564,8048019.511632723,7273393.310463172,27013375.26302218,52351611.08440618,35845632.60118551,35600063.82606942
79,16530891.02951625,7950081.142937528,7153485.6799261235,26987246.07867775,52238592.07359411,35772501.557430126,35475424.863524154
80,16525782.18818875,7837664.487261271,7036836.519325295,26962429.633799843,52037959.39908312,35693530.18690322,35372634.84644164
81,16522079.256205438,7724649.568327048,6927172.444137885,26936457.318702117,51923917.12956893,35594900.248945795,35325275.90972225
82,16514415.172234036,7613407.872935446,6827973.900138247,26914451.911951557,51723669.76348624,35504034.14002471,35139060.40344816
83,16496023.211621597,7514025.257974702,6729674.12069476,26887931.160418503,51616499.19345925,35438005.811312765,34990379.77203743
84,16479553.879720598,7418861.897321567,6636564.585124597,26863809.338539574,51433749.03201408,35365678.86809685,34869769.42873962
85,16451405.637881106,7322842.816249473,6544812.9220263325,26840853.460885026,51347278.42986364,35299650.96687747,34769634.354982205
86,16421602.151943939,7219957.981605478,6449660.496779492,26819230.584166646,51164450.42577648,35229386.59293151,34717844.04904712
87,16401251.121628413,7116030.600816827,6360368.230682016,26798537.46585277,51065622.386126325,35165368.592215784,34533714.7966549
88,16388347.58316603,7014130.547184352,6279441.539574024,26778207.88683464,50877636.65311684,35088613.410973944,34387017.71286717
89,16373691.532194134,6914105.047186427,6194226.929198084,26754065.15719804,50781497.794015415,35007764.5741245,34274647.31102
90,16360929.334690591,6817975.640747197,6097131.20039393,26730882.54977459,50602223.07888133,34942066.571344726,34187416.740913875
91,16350928.54577485,6725169.635589194,5987687.644114613,26704732.435292263,50506761.420056,34854044.058218606,34143042.597671896
92,16329207.964001153,6625311.211076786,5881625.728948243,26682239.25767633,50332879.883523226,34781086.9130892,33984718.964106485
93,16308552.13613594,6534291.473069734,5790583.881131914,26657235.691163242,50242884.60867842,34703571.78664553,33852101.30801262
94,16287174.952247351,6444651.855276392,5715290.610599258,26632233.65293436,50069996.48511803,34619697.038470834,33746932.20263288
95,16265349.693210285,6356733.852236014,5642437.701491333,26606652.97382842,49973985.50877009,34542148.884285405,33662869.38938393
96,16244505.352182537,6267221.66084609,5571630.478855306,26583100.361495495,49818394.62349111,34455899.511841536,33614523.10041979
97,16225355.381894631,6173715.134034118,5501715.192603657,26558277.974344496,49730631.92575914,34369086.78022255,33462863.04292708
98,16206132.29389854,6080035.416868341,5441909.901229159,26537563.790692158,49571260.8890782,34287501.6593683,33335853.634410225
99,16186356.110235184,5981665.6856785305,5366648.536652694,26515118.568182662,49487878.76464321,34220033.213974066,33233880.812452655
100,16172467.579377001,5874075.829332333,5279079.874181464,26495630.757293437,49345893.238605276,34162569.047271155,33157239.651898157
101,16150513.459515652,5775597.028990686,5195160.151191161,26473497.177757796,49259992.34654091,34087079.274445646,33118368.115129605
102,16131558.30117109,5690190.323242395,5117714.8159751985,26453664.082880035,49098956.638690695,34004616.351163745,32995262.821826946
103,16111751.61275948,5616731.394429867,5051835.623610453,26431601.490486495,49007197.05730737,33933206.83119283,32889568.460713282
104,16082342.781074282,5548569.034830758,4990665.468876009,26411533.19142282,48859925.130161434,33867290.39275274,32798109.354474667
105,16052782.54641649,5486717.707621658,4934646.175794051,26392490.991870582,48768693.624847,33801778.23058366,32725181.060901437
106,16026914.97420408,5426861.462068532,4879065.345426587,26371559.73738656,48626995.927374505,33730904.26792303,32683914.52624753
107,16002634.899611581,5371429.941257188,4824358.831188909,26349671.326186836,48537159.399248965,33667122.607174195,32564422.9426076
108,15980219.10611462,5296548.168797779,4767530.301514221,26330054.444581717,48390322.82917894,33610571.077357635,32460492.78740668
109,15960217.825099805,5216158.982897704,4709295.945942977,26309053.90442705,48317395.407401375,33554253.46823645,32370999.927714616
110,15939025.598888204,5140676.821461576,4652802.812082648,26282725.681497674,48190729.80981879,33496737.161472045,32305768.360294826
111,15916873.782833783,5074590.110956281,4601603.438187661,26263381.94471101,48122984.7958373,33429789.25846525,32268164.294558838
112,15894545.369124448,5012280.956488198,4550586.9840911105,26243330.720294125,47989699.07667278,33373104.072614163,32158947.538179748
113,15873979.107880158,4945952.453148241,4498456.3707047785,26225539.742796037,47920791.66225208,33321813.553240903,32059729.334434167
114,15851808.942503536,4880408.440681987,4447903.444894466,26207679.1659511,47799957.23514937,33280359.654427707,31976656.271416087
115,15829195.401948933,4818346.983690597,4397809.464830632,26188135.925588686,47732978.90158293,33240621.889509086,31908699.640607927
116,15806123.43737019,4756370.58716914,4346689.4500213545,26168285.22686045,47610975.15945193,33179833.477917735,31872603.712172877
117,15786022.459635872,4695530.186887428,4299909.290008229,26145452.66212242,47547843.352169216,33126446.331058234,31778347.755542886
118,15770182.586302929,4635269.373244486,4256581.9674568,26125606.95372133,47429862.961352535,33073711.366272062,31694826.51936999
119,15751146.699970763,4578559.653564459,4211057.67013952,26108391.104762103,47375764.21566098,33000877.52337843,31621984.96224024
120,15732734.055886455,4525421.769666498,4167212.9885558304,26090570.087943107,47279088.6068733,32952556.844769202,31562635.732247174
121,15711022.4416911,4474075.333408493,4124813.2499975655,26072363.204353377,47216275.872249685,32884601.913884588,31532208.359834667
122,15690844.463735955,4421495.847870032,4084864.071356667,26056073.406823378,47103646.0476903,32820765.575802196,31438345.89813436
123,15673151.086670453,4372229.325216257,4045494.4179756045,26038499.0547795,47048428.68026555,32767254.907447487,31359993.923860632
124,15654928.949038113,4322405.786155238,4006448.114570625,26023186.889297035,46929222.762486555,32719727.56152091,31295803.181856044
125,15637164.387268726,4273136.157082526,3967598.624378439,26002965.867929723,46871452.80636219,32672652.509822074,31244215.576561213
126,15618494.639820397,4225904.707542432,3928176.044028237,25986802.09320156,46752860.35367175,32625845.973218724,31206686.14463585
127,15597568.573275799,4180576.9512718213,3889014.884945562,25969532.935388666,46693114.62609046,32575965.08558218,31112070.896227226
128,15576967.747058103,4136799.040560452,3848827.501941548,25951559.4471748,46580960.30975873,32520070.234350704,31031262.39069074
129,15558045.010124987,4093394.987654483,3808827.883552801,25932100.456015978,46518298.418534115,32467053.86317932,30961227.133164927
130,15537566.49050426,4051731.9565091142,3770791.499524812,25914984.670583013,46409900.07827007,32419962.2446983,30905121.63332538
131,15518628.380116591,4009830.7572868224,3732838.548699379,25895178.433867242,46355638.199867964,32367552.94822272,30869598.685559
132,15499029.11333525,3969861.0639107097,3694297.2850990063,25878164.458927356,46268117.48054942,32319845.375347026,30779732.029715072
133,15479650.652784957,3931317.295669677,3656146.4205091926,25861887.25648876,46220425.53033019,32267350.389906157,30699675.843880493
134,15460271.852482352,3893152.9152820013,3619011.4006179012,25847470.333485622,46131674.371496186,32227254.547145125,30631296.214551453
135,15442022.702102453,3855715.057008189,3582898.6359508033,25830933.32257733,46083529.8689876,32190015.81107662,30576559.98427187
136,15423563.249960382,3818629.497423384,3547215.4288758556,25813808.66551677,45997729.8383563,32138973.019625325,30543715.02796701
137,15404781.683218341,3780730.6344693606,3512158.7381049334,25796855.903470792,45950309.1782321,32089350.61286236,30455573.2993499
138,15389289.98472291,3741970.6085354546,3476840.64646993,25780329.22495659,45855556.73618898,32048024.122523136,30375487.743726265
139,15375030.466992171,3702020.9493593466,3441613.4827949973,25759508.83611674,45809288.63888505,32010066.187623583,30308939.748810466
140,15359430.863835072,3663716.891838917,3406198.860923261,25742188.35537348,45721288.05197154,31967236.036870647,30254659.672396637
141,15344928.794965737,3626259.007417917,3370115.7594697573,25722713.303850166,45674434.394019835,31906171.08850214,30220735.767943874
142,15331677.259041924,3590233.5983737116,3335214.0438036555,25707136.68899918,45599221.979549155,31854714.378930476,30139467.871860698
143,15317849.849627912,3553964.806443424,3299555.5576602714,25690657.30720126,45555290.41774566,31793694.490660463,30063103.87819419
144,15304916.2353989,3518425.200931273,3262870.97448086,25673473.634854697,45469254.90997533,31744817.620510206,29999558.942456614
145,15290608.100600995,3482874.595863881,3226461.72037813,25657529.774799403,45420347.14692924,31693133.477374673,29946891.338126943
146,15276453.748796271,3447608.8127905694,3190706.4850022295,25641590.743475102,45337194.65916765,31634453.774364006,29919568.957437336
147,15262046.752797266,3411911.354869605,3154980.2364253514,25623705.674609125,45287484.270737186,31579784.184770707,29842791.039375566
148,15248485.3969928,3378098.4214045526,3118999.9232555768,25608302.902096417,45210177.37355607,31540392.582363505,29775501.334718063
149,15236965.014810292,3344233.0264641386,3084078.9789624275,25590221.891651034,45171929.730867505,31484478.54286782,29717857.60878818
150,15225160.949279273,3310371.0004598144,3049494.431935792,25572742.877478406,45105214.14718386,31440017.964398436,29668475.16919014
151,15213248.436143164,3276764.388406932,3015384.8853997067,25556316.564660218,45064499.984760396,31382613.402753584,29640156.75025459
152,15202856.79664917,3242676.5369105698,2983030.96703925,25541268.704244144,44983174.59614885,31328133.46217464,29564670.552866776
153,15194198.838072734,3207890.309812055,2951654.217404681,25523749.812253617,44944803.33563473,31282022.585730724,29502101.049423814
154,15184617.78486898,3173302.9462899873,2919302.277021227,25508781.664403442,44857853.20813419,31238253.358894277,29447347.27845672
155,15172864.010875909,3138074.3790667127,2886712.7691568034,25491118.80704848,44817853.28722979,31202366.435311977,29403490.546530057
156,15162206.545785898,3104106.1792151188,2854553.6051354306,25475430.074037068,44731676.0183742,31151341.170762893,29375710.700943705
157,15150238.201394314,3070725.0072235446,2822605.6108315,25460542.231422886,44693154.393314056,31104001.682471696,29294055.27205391
158,15141714.821636114,3038301.7517254637,2790931.5684008035,25444031.591627907,44611802.076931596,31054519.44311645,29225532.26992617
159,15132143.038987137,3005034.8882160187,2760399.8341393047,25426875.333262052,44575928.03068935,31016910.58806844,29166234.457508657
160,15121940.154208688,2971823.749279565,2729943.4330478497,25411070.15701484,44503586.86541504,30982391.972738262,29118667.981740106
161,15112264.483022828,2938956.505282734,2699890.387205835,25395830.06071135,44462829.05014245,30934542.74271296,29089779.748213604
162,15104057.224467045,2906595.341575617,2669725.510376001,25381608.70474865,44387294.363863155,30887839.798550185,29020445.5786009
163,15092782.705484549,2874215.3315951773,2639753.202012929,25366604.54429446,44343391.80643072,30847844.746323198,28956833.753228605
164,15084344.815999862,2843174.888485153,2609949.987908095,25351819.864249945,44267751.45880917,30801707.08268798,28898304.62986859
165,15075157.180995349,2812103.9561056206,2580932.2873794143,25336736.6518886,44224592.71401398,30757760.75147127,28853434.326796677
166,15066235.028416516,2781589.991223809,2552542.1756120753,25321626.477004357,44153094.10082495,30702127.157305658,28826528.810947422
167,15056009.071057038,2750985.0955264205,2525781.295458901,25303618.56662079,44106183.007367894,30653456.072920516,28760925.053022314
168,15046056.0332087,2720868.626333256,2499223.499775759,25288954.70302738,44028414.031443566,30613864.556456722,28702053.106675606
169,15036255.25497526,2690547.0821250034,2472917.7367588636,25273519.964610457,43986854.99314761,30572344.536668934,28653118.201065786
170,15026319.951796098,2660458.338549264,2447524.094914965,25259777.409287658,43907591.74324032,30533542.681453444,28610211.255905453
171,15015238.198435245,2630039.623719695,2422667.009557113,25245122.436868005,43862006.51961231,30489961.937210023,28585610.748952407
172,15004300.930246405,2599976.324366175,2398647.533753623,25232146.51552797,43793166.482166424,30450322.326435752,28528155.137086187
173,14992885.754520852,2570308.5713625085,2375486.2398056556,25217388.39266052,43755622.665311374,30415206.32729416,28472993.72627969
174,14981852.162332548,2541835.3878559894,2352232.332763351,25202961.190738406,43687621.13898618,30380261.86394517,28426986.923605386
175,14970760.533045651,2514182.376892865,2328322.6862218846,25187505.912186943,43644817.662100434,30339529.366746295,28387469.58552845
176,14959261.07992513,2487581.392716439,2305066.164824967,25172384.611320984,43578891.35153422,30288129.51492151,28360448.29003103
177,14947833.51356641,2462013.5659685023,2282129.3660697853,25158507.606390163,43537066.01703651,30247984.679562163,28293453.841870625
178,14937147.526982585,2436513.547893739,2259281.2938584313,25144794.27189346,43473316.49415026,30203957.770191845,28233939.2147691
179,14925867.943692055,2411311.764673856,2236716.335978615,25132333.980933387,43440504.351193465,30158055.36406641,28182843.832613338
180,14914738.523032218,2385812.4862185037,2214421.304669935,25116030.714003343,43382550.435296625,30118318.942763265,28142172.772808615
181,14904095.522698272,2359905.149197084,2192359.063289252,25100985.093738258,43346680.8985598,30072788.247726116,28115413.82367266
182,14892846.781332035,2334899.5272510443,2170878.7785708574,25086860.162944626,43282078.64959043,30027573.98668762,28041348.785306964
183,14882062.799309114,2311109.3395746667,2149633.6843924103,25072632.237172917,43247759.771224685,29978856.603900906,27977466.31765038
184,14871091.012169482,2287677.730195165,2128008.4856332596,25057873.389738727,43191258.2503725,29934636.591998484,27928858.997315925
185,14859400.240673916,2264886.35654147,2106291.305969667,25043245.671854176,43158310.50648539,29902377.473183405,27889005.252370246
186,14848010.588912887,2242319.56731343,2084982.6399330944,25030357.714936957,43097449.691513315,29853233.86397809,27865742.850687623
187,14835590.695925163,2219391.3647685405,2063381.4078616865,25014952.145504773,43072472.29958972,29812086.294563763,27797202.424059507
188,14824004.478895843,2196868.6708007297,2042029.0010234492,25000479.14343463,43010035.04318978,29767098.67351192,27742790.73992626
189,14810650.152225353,2174309.1694131866,2020512.2104237694,24985898.114016555,42980470.459740296,29718114.823265627,27695904.105785005
190,14796223.24291239,2152590.86672977,2000355.4170016302,24971642.779958677,42925185.87189702,29679325.994962957,27660267.94985544
191,14783397.267011097,2131206.2632637997,1980492.7686446575,24957644.234957263,42899180.62786419,29622019.948199205,27639044.954220533
192,14769990.226108056,2109252.001764943,1960939.759010882,24944838.381295003,42835699.49257293,29580461.627689872,27584538.191342287
193,14756457.028882235,2087680.1639790607,1941743.1167865372,24928399.631968465,42806016.815308966,29543846.551561512,27536557.950680155
194,14744275.729874697,2066452.4273836834,1922221.9999192324,24915711.89952965,42742396.97385129,29515976.361335393,27496546.5628879
195,14731128.3610267,2045654.9677166913,1902154.2508802377,24899396.169655718,42711202.91480955,29480527.685013704,27464167.436320476
196,14719060.987852788,2024995.3051604622,1882431.4667317723,24884679.3742136,42652194.365013525,29442237.514754336,27440371.905159146
197,14707723.284278149,2004832.3546144566,1862757.5023645589,24872433.89596984,42622713.989619784,29398497.04216908,27388851.21372215
198,14697133.282981122,1984206.596619874,1843475.2011087881,24859023.65277724,42561417.69375283,29352293.900418956,27337874.78929286
199,14684881.859464437,1963396.4231849513,1824018.132448036,24844665.123864647,42535183.035849035,29310682.76238934,27295317.661139082
200,14672964.64286255,1942476.9235083268,1803892.3662615872,24830884.99409611,42477171.24121393,29275207.894444995,27262224.055039555
201,14660902.700188825,1921418.6067580695,1783459.9919914072,24815996.574843016,42447803.76804471,29227013.213906582,27240810.387654055
202,14649955.984937113,1901193.031321591,1763998.800549008,24802490.47579311,42387477.910461634,29176580.681796897,27192488.84039097
203,14639073.954586046,1882014.6159945887,1745413.809882559,24787990.162788182,42354498.504373476,29148084.56071767,27149572.21737958
204,14626876.323942948,1863115.6960594787,1727014.619933022,24775299.433845583,42303693.418559395,29107427.46777812,27111284.3152328
205,14614779.826444045,1844054.8345563777,1708506.0225421616,24761986.158303704,42279301.61120808,29070393.416471984,27078554.797969893
206,14603569.111643951,1824653.252273987,1689670.0239948118,24749476.346593697,42229567.79993322,29035841.012181688,27057552.53049943
207,14593492.587988758,1806092.3757238656,1671431.7539991513,24737024.85380707,42201786.50227861,28997279.25383726,27010540.956952687
208,14582488.975021048,1786943.832160916,1653362.088594066,24724251.278159235,42152463.55405338,28955091.615450494,26967517.56670881
209,14571832.290541185,1767526.2870472982,1635035.0687250074,24711591.559220936,42129865.601855464,28917230.33799778,26930737.143549904
210,14561539.335547514,1747689.9517291856,1617041.123725466,24698818.417103857,42078067.08639577,28885030.62509125,26902133.143507324
211,14550989.46321843,1728224.9651572614,1599270.2361479609,24683590.782686837,42048976.33034928,28836227.777530994,26883634.985407483
212,14539682.146544246,1709417.4463598055,1581013.6213884265,24671700.227559928,41996617.02174557,28803609.94076882,26840222.340752017
213,14529852.915311307,1691207.1313723878,1562447.4934485028,24659170.64016968,41964905.49617559,28771814.430941734,26800698.118855666
214,14518677.192181831,1673457.374641513,1544383.14779612,24646779.61605248,41921012.31355304,28730223.76246789,26764089.367464554
215,14508713.1138368,1656008.458855346,1526842.063868,24634070.07069001,41898256.20518368,28692709.54511837,26732573.4217376
216,14499055.401864814,1638149.1076943628,1509897.4079611306,24621092.57363442,41854279.86835613,28648988.614211343,26713205.56723793
217,14489546.71737659,1620124.0991966554,1493220.2833401603,24608544.080082368,41829748.66741594,28610181.089614548,26662910.402019195
218,14479731.5959034,1602606.831655441,1477084.2468196182,24598866.488439865,41783368.291386195,28574315.732216984,26621677.98865693
219,14469875.960204413,1585906.1216529068,1461414.5962748386,24587018.170739975,41751574.03371235,28543772.69021725,26585214.74358721
220,14460015.465721067,1569544.8725922685,1446282.1075938926,24575231.648727193,41699324.199546784,28509795.931081396,26557097.897712823
221,14451190.453245014,1552544.017748218,1431258.1957996376,24561554.93535907,41673109.57949996,28472132.51479274,26539482.387303628
222,14441893.233906401,1536022.4478484127,1416198.2159776948,24549398.89662617,41618541.13378072,28430120.392832782,26493890.86736536
223,14432848.055730887,1519954.60615663,1401221.1242975648,24536519.743938785,41594857.45637682,28403454.01824155,26452407.382255
224,14424373.507314634,1503604.2087859472,1386922.9363396808,24524801.92319856,41548613.374721184,28358678.98326024,26417517.874986917
225,14415167.1122382,1486979.2861313152,1373103.6713510863,24510697.94252682,41522760.11930439,28327966.645841733,26388746.650805067
226,14406995.241425134,1470798.3338692784,1358890.8596304276,24497867.252057225,41478127.70498642,28291294.401018593,26369875.91979575
227,14398513.90934308,1454719.0138283214,1344597.3221139633,24484655.284211025,41454268.78646801,28260035.704583008,26329450.93655058
228,14389525.416878667,1438823.45317936,1330483.1022273765,24473508.89017102,41409981.203213714,28230041.374976125,26291981.449256115
229,14380538.362321006,1422583.3902789701,1316651.2881756201,24460538.53561977,41385692.06083221,28197014.86355565,26259000.66993462
230,14372194.506137433,1406465.9446382353,1303083.8971194648,24448936.888500977,41337955.59802763,28171313.444111396,26232968.474538893
231,14363526.858944062,1390545.241010825,1289614.8632913085,24436491.025170878,41310292.55090987,28136656.785853647,26215602.87110615
232,14355407.198351083,1374578.3845072074,1276322.150534624,24424894.55506748,41261394.69875852,28098377.937131125,26178815.413041532
233,14346535.788356306,1359310.2091675955,1263445.757322853,24411362.857731335,41239014.427471705,28062602.278540526,26142805.585029304
234,14338059.014660714,1344458.767692381,1250775.0912956537,24398896.22336657,41194776.39982221,28036364.362051427,26110844.493122436
235,14330056.093068285,1329944.268221338,1238364.129140275,24387258.869141534,41172037.428374775,28009907.41368038,26084930.025782537
236,14321905.739412017,1316100.5808033294,1226402.4623634855,24374410.72025709,41128580.24735154,27976654.1030889,26066554.61004955
237,14313397.462297317,1303052.0588744155,1214901.177029786,24362889.53761163,41107753.319028914,27941278.15982222,26021580.936029114
238,14305016.864776837,1289947.9752097952,1203533.016056903,24351167.605144244,41069120.92313128,27906617.869508624,25983152.62032848
239,14296164.765315777,1277245.0432687465,1192443.399634749,24338881.760582365,41048437.9966324,27868074.15031615,25948400.378784634
240,14288273.331834994,1265105.4135597944,1181102.3153576867,24327568.96931286,41008816.004915126,27839753.88959946,25920935.019326206
241,14281183.599985382,1252574.505711022,1169856.0848627775,24315341.669518523,40986686.96982031,27803000.112974536,25902527.636472084
242,14273851.418067932,1240173.270968344,1158746.3051819103,24302806.27395223,40944625.96668628,27766643.621223874,25865997.224054083
243,14265425.396722095,1228147.0576234309,1147695.0038000816,24291471.20988067,40925887.51456694,27746337.85552187,25833520.58635744
244,14257184.861296637,1216215.3924273038,1136938.9861744645,24279467.331145547,40887517.98746561,27715738.566891648,25803614.368533485
245,14249771.86389654,1204481.014014863,1126649.6828508973,24268318.68418133,40867549.33295838,27691282.64197724,25777835.050254054
246,14241246.628958473,1192802.4864752241,1116365.307320212,24257173.01114803,40829256.21009615,27657967.152910627,25759208.59021997
247,14233306.7302199,1181277.330879031,1105918.4905811634,24245791.516639095,40807730.960999176,27628986.5666547,25724226.8258185
248,14226038.63391808,1169888.7219466073,1095528.136772186,24234379.460774668,40758911.56421389,27600775.68352565,25690620.673197854
249,14217846.519861735,1158981.4742939419,1085171.0530344637,24221065.756513145,40734401.74366836,27571686.14890173,25662745.20989694
250,14210278.280988118,1148120.1614358795,1075106.28583173,24208701.76757312,40693091.877618186,27543188.08942372,25638220.203899723
251,14203035.071581533,1137545.9855853943,1064908.784031303,24196237.10580499,40665673.38662294,27506732.481391743,25621738.41509047
252,14194727.222324995,1126902.621127395,1054816.2888704417,24183979.064104103,40621468.306562416,27478351.155937813,25588849.899960477
253,14186980.46130858,1116372.5896809993,1044796.1431942947,24171784.65325812,40603069.048504606,27448084.51110607,25554658.32294934
254,14179949.537228826,1106055.8425516274,1035103.0762581795,24159589.22308379,40565242.69750978,27409912.715436943,25525039.543942865
255,14172710.298142748,1095812.9755503647,1025655.1633820444,24148165.48318502,40546836.23850581,27375821.26961072,25500621.5641739
256,14165685.636229321,1085691.7045433936,1016306.0391836368,24135700.520885844,40510406.07570735,27338638.77126356,25484388.048210144
257,14157406.244305165,1075655.0239855968,1006929.26417277,24123906.570174526,40491059.60425195,27297741.11927776,25451208.805232026
258,14150824.910925936,1065829.9497249962,997753.1445548086,24112427.979992636,40450624.623113275,27263776.139524903,25420505.011432257
259,14143101.675867192,1056045.4867779755,988477.6545631958,24099791.923352115,40431125.447888546,27239106.02103997,25393543.586533807
260,14136221.126033084,1046302.5973330515,979469.4036395055,24087504.680026565,40394396.43374608,27212013.66361764,25369801.271230336
261,14127317.661493167,1036604.1083345741,970618.0175130327,24076032.89633178,40375877.660097614,27181753.06906747,25355209.252000537
262,14117967.910887951,1026950.9460245412,961588.0449471737,24063921.31025893,40337532.51954789,27155234.313947916,25322960.220094647
263,14110735.27858455,1017530.249273727,952409.1856747391,24050536.14351274,40317568.466272086,27128454.220591445,25293420.873940516
264,14104239.361659326,1008173.8459717165,943368.338531652,24037592.64797524,40280814.121192,27096426.45768109,25270341.81177735
265,14096447.515385635,998942.9080799596,934656.9618196827,24026262.628294013,40261491.881063424,27061235.41728217,25250816.838064324
266,14088940.294269718,989770.508066659,926315.4191248559,24014589.383792117,40222182.0852465,27026985.8685226,25235839.41644282
267,14082299.72430287,980708.859872584,917994.7664719841,24001323.139427662,40206549.85541593,26995650.060317054,25195575.901348405
268,14074532.055751855,971583.2305370658,909675.9760004339,23990110.10437788,40171917.349042445,26965813.329141885,25160097.96765118
269,14067206.389519786,962453.5200839012,901665.4824423068,23979137.684321478,40158479.03546031,26940881.895563543,25131671.640462592
270,14060317.761409706,953439.2063153044,893704.8266114831,23968438.64672515,40124007.148018144,26910738.84272748,25109837.416240048
271,14052925.474037291,944699.7124696092,885763.6646821601,23956189.92206736,40109014.259663664,26881234.726860024,25095864.571885582
272,14045773.174899979,936051.5261671306,877915.4118248122,23945551.254227404,40070529.009671345,26857151.282054458,25064353.480442747
273,14039249.57500348,927542.3476327982,870183.7966138982,23934875.977367323,40055483.26296599,26829451.913311344,25036968.13765986
274,14031588.342102975,919178.4877043734,862449.995060979,23923248.653034974,40019756.2424073,26806198.762803506,25010459.955157146
275,14025383.034549348,910883.4193571806,854850.7408652303,23911271.680433962,40003414.07863311,26780293.27088428,24988789.08797223
276,14019321.416542267,902752.9804864837,847296.9810654749,23900417.376509015,39965485.240863234,26743593.237932652,24973391.606285732
277,14012891.925948398,894512.2084750815,839704.7539769006,23889012.325155273,39947597.9215385,26717714.287680272,24941859.37219076
278,14005414.911242625,886400.3162260486,832256.2967733558,23878732.71771011,39913965.63271169,26691856.86643562,24911725.844888583
279,13998453.23487112,878489.14586686,825084.5369394467,23869321.749833975,39898440.93884684,26666438.515026752,24885654.3999034
280,13992400.834476931,870612.3403861573,818057.98713554,23859388.529107712,39863768.60384466,26641407.897662655,24865030.32836362
281,13985488.552394394,862925.8578962734,811114.5434487074,23848359.98867299,39846425.91261612,26616398.391825084,24851065.66111395
282,13979293.84313754,855311.195640091,804195.8980414589,23837946.064573206,39813292.39391574,26585351.38805233,24820203.343347672
283,13972506.34764783,847657.0996906153,797168.7005113943,23825257.23663629,39798331.5872649,26558956.333706856,24791627.131743442
284,13966977.515273493,840073.4830522564,790381.106630613,23813655.2928086,39769144.31122966,26526492.61233701,24767514.166783858
285,13960304.413379598,832566.3952215884,783721.2422313564,23802385.090881888,39752910.2375236,26507499.87399325,24745559.094020147
286,13954166.620111499,825113.7501365192,777087.2011353751,23791413.41524686,39722382.71771117,26478032.541884396,24730471.646304246
287,13948356.843837323,817817.0238765734,770414.2018580005,23781479.781877294,39706061.4899035,26451950.499816634,24691655.448843926
288,13942080.583647693,810602.1576956444,763775.5756094322,23772758.496286027,39676113.11348914,26424619.346287638,24658286.31644767
289,13935971.272265157,803444.2240328124,757203.6387459113,23760338.717105806,39657606.4439987,26394643.69922895,24632886.722334385
290,13930033.220182465,796404.0986436416,750635.0090908856,23749991.519634888,39627022.90475433,26372410.881598577,24609388.70832163
291,13923930.738872308,789362.4225585003,744069.6845306181,23739520.50306826,39610485.63842957,26341954.81077499,24593680.359812852
292,13918501.729269978,782562.1321700301,737503.2543027224,23728917.527738187,39574753.10868321,26311218.98896515,24560843.999661766
293,13912526.971358312,775802.0062190788,731177.3813653332,23718431.83911979,39557897.73902017,26282025.2592185,24532843.570149414
294,13906519.104435716,769128.046645955,724838.8679234199,23708839.443413764,39524249.66853343,26247916.824581012,24508528.935501654
295,13900135.770575754,762416.2550744545,718499.3587785058,23698706.07969084,39511211.019681394,26222180.45057104,24488693.60164113
296,13894333.088972995,755732.3394635764,712267.6413172052,23689557.928591706,39475870.65539556,26181951.089983307,24474995.86728912
297,13888704.496456394,749040.5549312782,706164.9318528095,23677676.336683538,39460588.31680688,26147586.29082032,24442871.301085416
298,13882548.349469328,742489.8702082728,700076.5298244944,23666808.29851073,39426479.928862534,26121941.422279462,24415612.596565396
299,13876761.960522149,736010.2141762839,694055.6435092132,23655718.48370885,39407526.26961555,26096980.54993743,24393310.21634129
300,13870671.197750082,729447.9637010087,688164.5548558615,23644370.183989465,39370683.946456686,26074110.603435077,24375203.456932425
301,13865192.891093949,722890.7977840008,682380.7070543583,23634124.55737421,39354903.83359896,26041729.141314417,24362237.360757988
302,13858904.67066319,716454.333788638,676617.2315408373,23623496.687118124,39324306.650704406,26014569.77323602,24335298.75770536
303,13853418.48516886,710131.7230090068,670827.991903174,23612580.172390103,39307575.83170601,25991625.198519994,24311645.65101767
304,13848408.721701825,703786.3985969046,665067.4745430464,23602152.05085068,39273849.15065126,25966096.46546988,24291591.90139348
305,13842224.892248008,697539.5398643041,659263.3280418782,23590001.490135297,39257363.887555614,25939978.544117376,24273021.8995469
306,13835621.101665737,691435.2306792529,653538.3838928906,23578145.8424262,39218084.0317576,25901372.773197338,24260386.727657482
307,13830161.409898113,685417.9376298446,647873.9767714363,23567414.656772792,39201848.317701034,25871567.497864522,24233163.63012541
308,13824772.535834763,679420.8997527669,642316.5593453457,23556471.278306074,39169593.7772994,25849188.626024224,24209249.27508517
309,13819347.812098248,673558.496211485,636759.5651167576,23544216.998580437,39155133.29692818,25823113.67619242,24188055.833102297
310,13813724.296518303,667792.4038146001,631276.6225099602,23533230.254175153,39124128.90058737,25800713.62855963,24170745.795295645
311,13808762.690819759,662114.9092260386,625737.2303460654,23523035.088342294,39108102.80109667,25757730.460015032,24159199.258865096
312,13803137.940865163,656516.6704425971,620285.3557643063,23512937.592795476,39075917.11263357,25720324.26493025,24133656.604787394
313,13797981.031537741,650814.3982123223,614965.1203201014,23501288.161855612,39059453.446796685,25693614.435970858,24112013.757925708
314,13792270.402156213,645157.4895180496,609631.4392646108,23491912.934451785,39031088.55715831,25663540.149580166,24093372.326196015
315,13787598.482409026,639524.8463212795,604322.9392262453,23480038.94727161,39016771.191331714,25642122.00363792,24078972.91654361
316,13782698.285021415,633915.912848545,599106.0708862573,23469404.272702683,38990628.279779315,25606784.253857147,24067741.8627131
317,13777589.592011401,628395.847517124,593964.7663587888,23459593.023010984,38976709.12999787,25580545.50715141,24043515.720591202
318,13772805.92469349,623020.9817820281,588709.6576782197,23447634.490392804,38945889.71712963,25560454.98731479,24018612.877181556
319,13767524.748795442,617613.5854683254,583583.350642483,23437522.528690528,38930008.46841521,25534286.23632781,23996402.340935856
320,13763147.380252056,612193.6051496876,578554.9188468476,23427550.97381928,38895673.19941784,25515231.67826688,23978210.12011279
321,13758661.457898302,606782.4031311674,573729.5452065408,23418533.172798585,38880110.67772342,25483416.86963466,23965620.141993456
322,13753931.919629607,601489.0100834818,568834.2293937696,23407238.743937913,38854281.559550114,25459189.991198458,23942131.31605563
323,13749338.020880684,596294.5126635939,564059.5507383816,23396951.8529635,38836313.03089416,25438923.1460661,23921025.231418096
324,13744510.26543631,591164.9656191032,559340.955791149,23387345.6795372,38806308.90140588,25420773.876963396,23902299.412231386
325,13739636.580653341,586029.309405659,554698.854696309,23375814.661334027,38792103.88949716,25402460.46613806,23884970.553247817
326,13734728.67154421,580987.5814651469,550055.4463330922,23366063.49067569,38766735.70953807,25373678.157086726,23871413.60158818
327,13729343.140756845,575997.747774138,545543.6110382145,23356241.962436788,38753278.062239386,25348193.634307764,23847019.102319464
328,13724480.546782933,571038.2588199946,540962.6950551758,23346387.65576743,38723154.97022335,25321962.158660613,23825308.250795536
329,13719303.975504434,566112.1189846582,536540.8139627872,23335841.151978567,38709668.996842965,25297022.31900746,23806771.824574184
330,13715335.522506041,561269.1501914429,532130.2367050766,23326366.37895132,38681017.63281518,25260267.938862942,23789462.657756206
331,13710513.285746993,556618.0503095273,527726.0627534044,23317683.807109285,38667648.893025324,25231459.421104137,23778815.008525375
332,13705940.578082036,551987.7029232694,523306.16885529953,23308673.506687123,38642262.91580942,25205523.051241063,23751683.177144807
333,13701231.731153723,547347.8309600763,518944.5300851881,23298610.49603607,38631102.59717755,25181632.93607793,23728826.947206207
334,13696379.366055787,542814.1987541519,514642.4046304766,23289713.46214505,38601894.5018911,25157049.508603122,23708241.990938075
335,13691831.709471088,538301.507059013,510315.0434147027,23279787.265986852,38588717.38059124,25133978.039418384,23690341.199127898
336,13687061.307951117,533878.7187585741,506017.01807927364,23271148.489703294,38561727.80400521,25102600.68879229,23676844.056208134
337,13682361.573239855,529557.3622244472,501739.3645201891,23261121.106575545,38547150.91482937,25077565.01147362,23653387.84418349
338,13678116.742841814,525250.7379933267,497471.23639864137,23251552.026214276,38518867.063324556,25052240.99876427,23631583.80370645
339,13673637.177048773,520957.1861759566,493234.63878374273,23240820.146499667,38504889.296778925,25031130.50768675,23613687.655269008
340,13669345.340614118,516497.3329752192,489023.89996905456,23232555.58486527,38478147.8215322,25004823.184151355,23598938.050268013
341,13665057.765534433,512132.61946283863,484848.37742697133,23223595.896707565,38461620.00789591,24973695.794398785,23589082.2083588
342,13660639.810094673,507858.786894256,480784.08153502684,23214892.438227806,38434007.567402355,24950993.310222875,23568612.531720795
343,13655941.422229454,503565.30837976537,476756.99370885425,23205006.249948073,38418895.86277696,24930056.934495904,23549800.58202878
344,13651525.139564365,499311.7317544994,472769.0689272364,23196927.079723824,38393586.62970042,24908061.938537672,23532849.094002817
345,13647640.51156789,495085.3473444105,468900.7704917803,23188593.680269666,38380219.94964462,24888908.690487694,23517653.576448187
346,13643276.430177027,490744.3597797024,464953.9894656008,23179429.84744644,38352140.45854141,24864279.668970354,23507227.645197663
347,13638545.21056899,486529.8560782393,460996.7607598826,23169725.218506478,38339511.87496658,24841867.38914533,23487539.35513099
348,13634338.250870224,482314.724392853,457028.8422369591,23161845.86931347,38311968.42164498,24814916.40473741,23469607.26327718
349,13629734.725698585,478114.63989916834,453152.6800793333,23153191.95650318,38299863.88036225,24794397.29532029,23453869.97830755
350,13625582.41588778,473963.64148520684,449299.40486448247,23144673.40563373,38275354.71426124,24779482.8465432,23439571.09428624
351,13620938.32823467,469898.62306241126,445493.8784932657,23135769.90055457,38263793.25434953,24747425.25451417,23430134.68809838
352,13616200.363910541,466009.3922691899,441752.3528673936,23126191.492377743,38237239.41992321,24725103.62604518,23409680.378236566
353,13612222.096721195,462182.4538271962,437978.40831778874,23116165.842153497,38227530.28904162,24702911.419295415,23390111.90788773
354,13608057.521940472,458364.8420814728,434287.3526788155,23106509.419521637,38205053.0449416,24688047.405134704,23374213.322842076
355,13604014.354829356,454584.31885789754,430612.7150596552,23096813.74597284,38194914.23014524,24669400.05540268,23359669.596481226
356,13599607.613296121,450730.96262874966,426925.1188557047,23087489.877455816,38170923.31427668,24643398.26684083,23349155.356236596
357,13595951.693461254,446999.1440316662,423376.6563865942,23077374.788771104,38159003.5809284,24617499.563661866,23326430.86710385
358,13592002.384338101,443177.7741022639,419909.3543371925,23068443.730359565,38136492.14867779,24596989.38815743,23306690.492133185
359,13588080.000816256,439368.5189966192,416508.93471571634,23057880.10131061,38123527.4583423,24580560.601357866,23288601.19043648
360,13583285.753166571,435619.79786255554,413200.7956394391,23048914.445522968,38098085.06331561,24562797.49751655,23272651.73288697
361,13578776.354558997,431996.61812524684,409930.1796329921,23039818.14727886,38087906.08056471,24536696.006842833,23262977.126336437
362,13574791.68155737,428322.9482771855,406685.25980567466,23032010.414065026,38062868.01654407,24508568.157761212,23242462.915398218
363,13570334.282516122,424687.82684557914,403403.485938513,23020974.709283177,38051458.27002556,24487669.991579846,23222658.396240808
364,13566348.71387787,421156.5919339003,400189.54389505263,23011768.26549145,38024275.93548841,24469589.055197142,23205156.94332099
365,13562526.794731995,417651.1445499594,396982.7843151406,23002844.18220376,38011096.000435695,24446611.45407061,23189791.000273872
366,13558491.273892019,414143.28363556106,393766.06553989905,22995266.531390145,37984534.97336026,24413269.3997229,23178564.491421074
367,13554524.623749949,410670.50639386347,390608.94389568566,22985615.79953051,37971840.94271774,24391048.666326195,23155962.662890844
368,13550783.752032435,407267.6383987428,387518.5885058963,22976566.488437623,37947258.26436738,24370344.741408233,23134679.130529
369,13546820.524503784,403976.95340639004,384478.0562018841,22968016.297255162,37936011.26140372,24353928.135665644,23117079.338689823
370,13542870.480692375,400781.6627025502,381449.75147840905,22958711.398385033,37913776.58353742,24340027.194894664,23101952.752830714
371,13538862.529421031,397619.65256013273,378486.0255102701,22949610.17913156,37902952.48003532,24318887.644154895,23090955.36537284
372,13534903.820350526,394485.3714665455,375567.1705755286,22940824.827024177,37877421.17000342,24299315.046715315,23071526.81440361
373,13530846.973665873,391354.62585016375,372616.13071671885,22933155.013478965,37866875.4359632,24283767.49887001,23053990.06180136
374,13527105.400863603,388277.92478391505,369704.0719794876,22924031.918453537,37843614.46814632,24262495.30340372,23039332.519468788
375,13522966.054437073,385230.6953932404,366816.7523604245,22914231.393910684,37829975.546921715,24246474.052935526,23025635.8296227
376,13519172.501907445,382169.0196344324,363957.4334604769,22904611.885419372,37804971.96013482,24225058.366100103,23014794.42738844
377,13515035.532133814,379123.1242003578,361104.2987909039,22895976.061252024,37792087.66818662,24207665.369723774,22993872.4317739
378,13511087.57010672,376091.0922583043,358332.72304395225,22887601.308259632,37768256.78240943,24192375.88954931,22974655.322439134
379,13507028.41213621,373103.6663451733,355530.7428888001,22877144.184200607,37758636.51952971,24178934.06013382,22959452.25199714
380,13502760.55987802,370120.97025360755,352745.7814850167,22869269.296120558,37737005.186097436,24165204.97450735,22946600.256527156
381,13499006.720489867,367205.8940069597,349969.00088502804,22859503.597920407,37722975.53003029,24144480.79652301,22937094.36979855
382,13495276.81404556,364372.6640069206,347213.042489521,22850411.377518605,37698832.47919348,24125111.130904682,22919401.66970939
383,13491274.673210502,361537.0701267331,344509.79760422127,22842771.147633612,37686692.801379934,24104956.17624447,22902399.93944565
384,13487111.599433016,358666.56449405744,341806.82638276555,22833150.865014937,37663241.9564553,24075750.464479808,22887477.03625304
385,13483554.766139237,355836.1285893241,339153.6797015001,22824018.2449498,37656375.86180631,24057653.146535527,22874433.056219157
386,13479609.430336218,353115.10807430826,336540.2304048231,22815229.46476372,37633574.2017292,24032787.6832238,22865011.60265274
387,13475742.245569324,350381.15565247,333949.69448952,22806933.58119734,37621589.08548827,24018179.44968683,22846489.32080229
388,13472337.553047301,347689.17764572334,331335.9391614958,22797633.4140915,37599601.17057464,23993221.374863293,22828855.3046709
389,13468603.514169488,345003.36769554584,328688.32692135614,22787817.32355263,37590346.58974789,23971438.87152832,22812272.200403128
390,13464544.478901237,342311.2794304523,326047.3832305458,22779036.146301173,37567910.729907215,23954324.262468636,22797966.497605585
391,13460663.887022799,339607.073448533,323403.3782129853,22771176.646980576,37558187.34431092,23924201.05084201,22788771.287823312
392,13456370.307930425,336971.7003496849,320840.30122575135,22760754.73744635,37536559.10761978,23903377.450129256,22766172.94989434
393,13452367.971041432,334317.7671082229,318237.57794222597,22750684.726449214,37525154.73299922,23886312.528649837,22747385.211520523
394,13448026.86504302,331668.0207849682,315701.9489752214,22742884.033857957,37504390.388336815,23866153.251011524,22730790.812137768
395,13443792.377209874,329048.1130303695,313191.1714694548,22734188.252987437,37494740.89314959,23850298.03052472,22716715.60649069
396,13439803.877911635,326473.83669383504,310676.1068991408,22725297.89435371,37475046.740236185,23831121.961743962,22706187.81880689
397,13436029.190856675,323878.8534426623,308203.60678233585,22717101.69137596,37465951.303159,23812762.324949265,22688044.35841445
398,13432161.504801815,321350.64623188786,305746.26974092284,22708855.12989534,37443975.868910596,23795454.872047286,22671032.09508186
399,13428635.027935162,318761.9743694551,303336.4567675294,22699476.037596896,37431716.80530889,23779370.942297038,22655706.258679807
400,13425348.27553833,316174.54310240503,300892.39562000707,22690058.121486068,37407518.43814268,23764385.270474754,22643563.63013382
401,13421927.061081255,313588.39789445203,298516.2553758055,22681271.5988179,37398007.45101485,23739910.926759783,22633941.504399713
402,13418305.55663342,311061.03915242414,296158.70115346165,22672839.76694268,37378247.151893586,23715641.183531217,22615652.795114346
403,13415234.012698548,308513.1376598964,293771.960501948,22663434.358127184,37368367.6755851,23696651.45995933,22598392.0422936
404,13411792.363749512,306039.84699321404,291398.698422817,22654682.14349941,37345735.68604814,23683056.200199332,22584166.110187016
405,13408243.02103291,303610.19490644376,289043.6655554686,22645545.261255924,37332505.68663165,23669904.167986717,22571157.826383654
406,13404631.920253122,301204.5772298926,286794.3550073006,22637659.165061038,37311871.48756428,23652439.383762624,22561255.214493684
407,13401037.440532355,298813.4513728385,284581.0434042778,22627872.520575672,37299406.818698786,23634287.665191006,22541630.37912245
408,13397446.208134446,296418.42432746507,282385.4791637014,22619219.944374233,37279511.00967525,23617261.627779238,22524147.300979648
409,13393649.5250904,294069.3077876996,280192.87744872377,22610348.287113268,37269980.62940959,23600875.331079736,22508479.308336362
410,13389952.17296879,291761.88030333543,277959.14345353446,22601877.57410878,37248482.74708295,23584073.572965845,22494872.465114865
411,13386349.509643076,289509.5165506505,275794.5696087382,22593560.74852581,37238656.65703029,23564961.0808436,22484291.93376926
412,13382635.013331782,287245.6157732457,273624.4537485978,22584348.78779412,37216051.7278479,23542367.85354024,22465631.96657938
413,13378946.472910766,284965.2253494411,271466.6475656254,22574319.855756424,37208638.08604309,23521750.22144572,22448715.107264955
414,13375531.076455293,282703.6913140263,269339.6405309802,22565098.911558297,37186738.27745986,23501419.330919527,22434220.27381842
415,13371534.712807972,280432.5562502976,267195.30432739295,22558003.9155772,37177249.36145923,23479387.373540036,22423256.31775123
416,13367863.317088494,278221.7295299149,265110.4093541819,22549224.063521378,37156800.24303888,23453045.098799273,22413689.743280802
417,13364616.750216302,276028.27392497746,263049.21146074985,22538955.92767259,37147065.7095548,23425233.525564592,22397584.86092851
418,13361185.185592797,273856.7372889554,261046.18457872048,22531480.18562035,37126200.56634353,23402735.39627787,22383572.12903493
419,13357293.318426417,271687.49382304016,259026.80363640454,22522947.582899436,37117270.62849485,23383416.71698109,22370302.163352158
420,13353770.517800272,269525.1574902499,257014.92003567584,22514835.864355292,37096222.34993272,23369094.162528645,22358674.396104213
421,13350293.506542077,267342.3317035175,255046.95874612348,22506670.962173145,37087070.64873104,23341769.043463312,22349403.832802273
422,13347104.781780897,265227.21729812777,253076.20191958983,22498772.605780218,37064400.96625005,23318955.16880407,22333566.12851263
423,13343532.442585329,263101.7824351972,251121.19595309475,22489572.985804517,37054233.08990272,23300446.523178145,22319247.024056
424,13340133.954987057,261027.77592386465,249198.79925832307,22480960.273774102,37031864.52151525,23282031.032131672,22306255.634951126
425,13336489.03562116,258987.8574919299,247280.88884679336,22472561.398387764,37023309.80578162,23262283.879213963,22295107.79591743
426,13333115.021061612,257017.80674628154,245392.58520414363,22464576.09804166,37002348.674607135,23236075.235275712,22287365.927715685
427,13329528.882985009,255064.87873192015,243484.61975938562,22456831.667718973,36992440.30803285,23214192.395176105,22270494.35489636
428,13326302.513055015,253113.51323541603,241597.19777208852,22448909.941526618,36971366.48412037,23200242.497595336,22255535.518507734
429,13323147.136512674,251150.36837392155,239774.16788330034,22441298.373413615,36963763.75728841,23182798.153691176,22241585.19076732
430,13319662.950869512,249198.61076033607,237973.61588351315,22432536.536104497,36945181.15385013,23165637.595509358,22228871.84314203
431,13316050.28709449,247232.20200883807,236221.1215940364,22424460.511529133,36935604.25742641,23141958.936580595,22220578.640576337
432,13312821.929176843,245338.16021406383,234451.48515345735,22416361.125371087,36916989.49259641,23123722.028734483,22202963.39525372
433,13309612.71609063,243438.06940138203,232680.5870424545,22409350.316751484,36909163.582955934,23106793.93904394,22187317.371851604
434,13305795.012376538,241573.75836988262,230940.97674886076,22400570.44057194,36888743.135009915,23092429.17447377,22175059.489218794
435,13302032.760418419,239717.14288808772,229188.41525974422,22393466.08936534,36880288.88543799,23077110.174262606,22164704.206770107
436,13298924.651808407,237811.2361771686,227470.03169524463,22384365.341055594,36857863.70630073,23060048.12655209,22156678.230785288
437,13295556.876892937,235971.12777194902,225757.5769490074,22375834.192977697,36849322.052692935,23045751.867504254,22140661.54767133
438,13292300.931573778,234156.4589926913,224084.03471949615,22367519.454918046,36826675.25569112,23034269.475830656,22125268.13953746
439,13289128.32704161,232332.2311391809,222403.77235139662,22358850.40698935,36816682.52926839,23023911.76074098,22112783.91732464
440,13285624.281777686,230552.0151165197,220752.85098377214,22350619.25947665,36796708.32279575,23010298.03842777,22102868.787068125
441,13282226.823844342,228803.83094764155,219135.98880205938,22343983.700465508,36787318.02484453,22991785.31507725,22094744.43383294
442,13278900.917293195,227083.1218662823,217485.84329711244,22336457.07236213,36766889.41951468,22972476.74917035,22076244.735693004
443,13275582.242255857,225391.81238625216,215913.2807496127,22327992.201041713,36757833.82023162,22954141.193721537,22060206.083751123
444,13272320.776959218,223700.56350504974,214328.57164051934,22319444.657111127,36737871.13383066,22938705.275397602,22047172.171960406
445,13269194.45695323,222037.99310210402,212710.40752965122,22311616.125907555,36730577.29843188,22924793.904773027,22035950.816372678
446,13265722.613890275,220406.72444902334,211101.92778929035,22303778.52445548,36709820.02901399,22903297.454378325,22027576.735014737
447,13262334.312963404,218800.5582730011,209538.4790682588,22296059.682050206,36701590.20506523,22882989.319490854,22007716.707874987
448,13259028.180737901,217166.60870218682,207971.7847097001,22288484.0126986,36684096.49537264,22869398.44124353,21989893.811607946
449,13255550.962904304,215557.40251236342,206420.9658381297,22280271.090888366,36676211.096853465,22854617.67497321,21975211.912776742
450,13252597.844775151,213970.86321033852,204878.88171036774,22271533.171783857,36657409.026204675,22841107.330259968,21962821.416222837
451,13249251.721927537,212423.56640908864,203366.09915726673,22263005.82201237,36647943.10860489,22814573.041857045,21954479.81960951
452,13246145.533895345,210861.44115083024,201836.56735334822,22254320.543715533,36633767.5613273,22793687.813199915,21940562.85186173
453,13242956.411548182,209299.81843160087,200321.84022677434,22246776.64469846,36626976.660738185,22771996.15419894,21927893.481705245
454,13239979.254474316,207737.61531930236,198803.0982519361,22238595.382140707,36610286.40544669,22752862.85405192,21915884.57087797
455,13236685.962475624,206188.13703900483,197326.9489321542,22229903.049753882,36601702.66615793,22733713.8352345,21905143.9909288
456,13233588.675085044,204627.13025900422,195863.84591798426,22222522.97214636,36580846.42801796,22705084.73620251,21897811.61261987
457,13230329.579673525,203128.5405483402,194419.5806135533,22214130.258699138,36574954.50396437,22680149.842999276,21883334.345814075
458,13226960.546419557,201621.693444407,192992.8881020727,22206150.643811285,36555266.25737305,22665743.841618538,21869946.55128364
459,13223468.188984849,200140.87099956762,191623.78582463707,22198103.433255725,36547222.78188467,22650749.924037233,21859489.91507751
460,13220227.585804654,198659.0150285944,190229.8380889876,22190196.117368095,36526768.224353276,22633173.093165047,21849425.7238855
461,13216315.278349321,197192.35964884885,188852.53407722883,22182499.98508677,36518911.7887499,22611372.73023592,21840430.659707204
462,13213416.458638415,195728.30567434468,187493.02997916445,22175282.43033131,36499346.03920095,22596125.27871319,21825172.25941539
463,13210172.916084168,194299.2936355523,186157.33499314147,22167552.87734269,36489233.19776985,22577052.68574259,21811213.43085919
464,13206321.207623864,192858.66980236286,184825.0433015742,22160879.810001917,36469718.294012345,22559475.0612391,21798732.54014717
465,13202978.42853719,191443.62769127425,183519.59045220196,22153799.93479037,36461763.124879,22543781.924361095,21787857.62359064
466,13199886.402015684,190033.93219116857,182180.461692627,22147021.07323927,36442608.07998722,22524007.32078346,21780458.74080887
467,13196728.489495909,188649.0836157408,180858.172470663,22139263.371037614,36432027.68866392,22507388.656591132,21765864.962052427
468,13193676.61905747,187274.8147182771,179525.4025453716,22131556.788861886,36413333.43232714,22494209.084129553,21753785.427676767
469,13190795.827265697,185898.61976590543,178202.38203698755,22123201.153921332,36406211.318080954,22480066.859261885,21743378.773574512
470,13187751.62968488,184548.7151399335,176896.4371698186,22115407.977213528,36389684.83199378,22462446.57229968,21734954.723584764
471,13184869.714684451,183212.65669385786,175621.18175397086,22106855.007840555,36381477.32274365,22440366.51553268,21727753.00909203
472,13181620.520823922,181898.13819400265,174349.56411400542,22098749.479554433,36363245.306283765,22422094.994415797,21712498.322399437
473,13178582.23375679,180597.0462309682,173099.01779664785,22090197.532147527,36355154.97381966,22408198.631196316,21698659.297875438
474,13175357.971876396,179304.00356431986,171855.45914588345,22082873.387323,36336240.29754991,22393905.803502705,21686935.49414925
475,13172171.514584446,178009.8789613408,170623.23927290147,22075490.074204214,36326944.27454394,22380632.962173916,21677303.772264183
476,13169160.73185973,176691.944295757,169420.2038818213,22067822.048235584,36304531.8230951,22364052.454065416,21669616.415874764
477,13166242.312410455,175381.32606210926,168198.61651430264,22060866.726200186,36294080.3362363,22344181.403837457,21655092.204666663
478,13163400.96232511,174061.67985448113,166985.50314470704,22053496.172429334,36275282.346868955,22332595.98537618,21642340.6627363
479,13160432.10839056,172794.33872656416,165742.80623229552,22046024.88079147,36266881.635722995,22319749.187040076,21630830.763649102
480,13157557.595292132,171557.48172529164,164495.12195768708,22038694.39193704,36250072.354804024,22302874.156697795,21620013.666568734
481,13154479.220812323,170333.57545505615,163290.50912549856,22031146.316197556,36241530.47489238,22280784.047148068,21612748.89626382
482,13151477.645628287,169140.87667619952,162120.99925903662,22024110.995681375,36226847.652289554,22263257.763336264,21594656.335173696
483,13148023.410390947,167939.49289897695,160952.64843984996,22016062.279570714,36220386.64012971,22249147.102786828,21577918.052482117
484,13144623.257727522,166743.81622432076,159806.5818994008,22009772.958325896,36204878.616323225,22230756.210447006,21562327.460231394
485,13141281.155023616,165540.25411108366,158655.80930528976,22001877.295283973,36196257.11223961,22213452.25883609,21550452.306662325
486,13137965.574135268,164359.59032541135,157535.94988844002,21994223.064796567,36180229.322636195,22187166.471237577,21542990.984865244
487,13134824.215403598,163162.00387502235,156417.5428374878,21987435.109760445,36172935.81602784,22171469.933973312,21528880.00312266
488,13131900.862009855,161967.17387418353,155313.3738281453,21980099.37513043,36155233.30968296,22155775.487486813,21515534.667575564
489,13128824.875539025,160778.32071732287,154196.15709447683,21971546.609246656,36147061.935493894,22138355.704046417,21503739.458027072
490,13125472.805753136,159620.19997612134,153081.9724761033,21964456.636382334,36129316.59624516,22127896.235024244,21494418.66452998
491,13122221.835865144,158468.03583029014,151978.65228306103,21958025.167327594,36122313.04728328,22107917.16187818,21486968.406562425
492,13119338.642865112,157326.10268832502,150880.5945376314,21949953.53671286,36105647.159025595,22089721.218307253,21473082.68222094
493,13116091.129663927,156183.75153600928,149794.1787575901,21942496.884254366,36098766.84892348,22075239.18693669,21459022.534758832
494,13112845.132632785,155087.5951125921,148735.63753398892,21935364.04033635,36082334.03449515,22058405.759187397,21446738.638683077
495,13110057.550948923,153996.95092222677,147686.06904226824,21927756.98597218,36075140.53188061,22042593.57727947,21436410.560784534
496,13106879.576418648,152902.8053785166,146652.34163199225,21920941.49585598,36057529.97613376,22026198.04476413,21428464.663549386
497,13103956.83651586,151806.5772419823,145623.10119675868,21913272.655481197,36050970.64425567,22009285.398120407,21414076.998191684
498,13101202.8746304,150716.43634106097,144604.0509111248,21906840.660732124,36034509.87733122,21994670.213574134,21400716.504135784
499,13098260.64330431,149644.35915196524,143610.60804771737,21899721.3647303,36027388.48032808,21979368.001459394,21390318.881994944
500,13095548.040761326,148590.19922466917,142616.88536335685,21892328.378010012,36013726.42124038,21955119.559111398,21380234.624319583
501,13092519.616049225,147550.82333061303,141628.1515905981,21884006.310981326,36007744.80445124,21924410.302747518,21372720.316597976
502,13089375.261869952,146518.47151271446,140613.27845551676,21876995.7916231,35989299.93179847,21899495.836009335,21359700.026248153
503,13086585.808720334,145477.5259798723,139605.80143360636,21869040.775715087,35981759.28952197,21881901.5325994,21346825.089586128
504,13083531.325851526,144443.76644724852,138599.87352562047,21860590.52789209,35963161.812573664,21870820.961166266,21335810.060519718
505,13080622.400103893,143412.75477259938,137586.75740426956,21853520.787625745,35956187.70976631,21855163.04761901,21326343.14699492
506,13077807.93801482,142398.76732344925,136581.85619234954,21846415.557877284,35936908.8478608,21838728.907558262,21318978.07926732
507,13074761.095782578,141398.94535477113,135608.44823680082,21839653.498369783,35923199.76209883,21822572.522285264,21305788.514351103
508,13071689.96511729,140417.16934095888,134650.26856351725,21831520.58455055,35901596.86028236,21809341.39063887,21293487.201643907
509,13069162.55407796,139449.29722539312,133692.6301577552,21824698.70389887,35892579.19529423,21793743.283613976,21281584.47255173
510,13066137.639686942,138454.04020969852,132753.8730783874,21817283.551353864,35874264.19227156,21779144.39747984,21272161.957802407
511,13063286.698196784,137472.69424774798,131819.30114423946,21810213.811586507,35866317.07715146,21758590.16314315,21265058.95522628
512,13060207.146713113,136485.0670145442,130898.58681657253,21803972.55467767,35848076.87509586,21741817.849584036,21250979.44231728
513,13056937.977481192,135482.23023846606,129970.31805962695,21796856.00436598,35840135.989122346,21727504.14949128,21238938.446989574
514,13053883.958461104,134489.03889664126,129061.87381064247,21788882.1191973,35822597.697751805,21718532.407348495,21228454.39388004
515,13050327.255531408,133519.45653833874,128151.6089663424,21782106.705772117,35816031.60662199,21708879.374225404,21220469.026983436
516,13047269.679617818,132570.8511779816,127257.56453287072,21774823.949624285,35800969.78074224,21688535.97224471,21213720.35758049
517,13044204.39901573,131623.79413819994,126369.35224463066,21766357.70588865,35793380.68293102,21673793.470194727,21201232.71472188
518,13041128.53222213,130684.63996487984,125483.75404026257,21760017.359291427,35776097.90037905,21662785.31037736,21190664.85215426
519,13037963.184676556,129757.49921439463,124602.23760802152,21752634.788243134,35770725.36820601,21650856.39807771,21181552.336043917
520,13034974.319458988,128848.2439319646,123753.36601784188,21744228.565850407,35755938.13329136,21640939.64086155,21172730.90617532
521,13032241.783991791,127967.99289757953,122923.25234193115,21736580.779138144,35749611.38613385,21629491.866482556,21167115.202544022
522,13029009.7430249,127097.83379339687,122116.11805975373,21730340.582113396,35732276.05298334,21620003.181465335,21154849.05301424
523,13025386.352132605,126217.87174897807,121328.1078056317,21721999.363226537,35726399.68362941,21607250.157222252,21143814.999483064
524,13021819.232309626,125362.00716900086,120516.1383225581,21714591.43635537,35710351.00233335,21596701.103617717,21132430.86199876
525,13018689.6452461,124527.74380903867,119705.5919660629,21707830.774589214,35704230.426378034,21588936.023601554,21123856.300803382
526,13014832.609610552,123686.93115363372,118870.83194895128,21699652.033922844,35685500.46796914,21571891.807872508,21116595.275058415
527,13011256.76009154,122886.30797748081,118019.778374157,21692292.72939388,35676963.43135352,21559173.15706526,21103367.82365195
528,13008166.193322673,122077.75435811872,117198.64133737098,21685227.46750405,35659953.843970016,21549093.858837206,21091859.264342196
529,13004987.091419445,121257.18136821498,116362.73585000972,21677835.057860434,35652127.2902991,21539944.971356135,21081178.611238286
530,13002150.301574377,120429.83676859857,115580.01734407277,21670615.392790966,35637001.79370159,21527958.91599474,21071729.96648798
531,12999140.084118815,119606.84420820983,114784.12155482931,21662306.273978706,35629214.885249384,21516653.6026017,21065692.461945735
532,12996171.273354748,118789.88520032656,113994.69718842833,21655756.14281026,35612943.001174636,21500553.138953038,21052106.75328186
533,12993320.629032891,117997.46199743164,113213.48013288793,21648358.609721273,35606036.52561794,21483382.738701187,21040275.655846644
534,12990363.800177306,117198.30122050607,112441.19478075016,21641101.107671537,35592075.49736084,21464012.116035726,21029406.727473907
535,12987571.797533596,116403.11424041205,111656.87595016272,21633353.94795565,35586043.60805654,21450884.033958547,21020304.256173648
536,12984707.60047085,115574.37233877846,110886.68001798927,21626909.497620247,35570655.70662368,21426701.228383575,21012521.556792855
537,12981668.399803245,114773.9400306782,110122.51390090413,21618938.895396475,35562121.23169786,21406471.679452643,21001343.353564247
538,12978835.507119233,113959.47591471476,109359.77112841197,21611630.893064264,35545322.50672953,21390922.550859082,20989705.252659597
539,12975801.047273826,113162.50448287958,108603.10640348712,21604054.943201445,35537168.536051385,21373480.937286407,20980334.254810676
540,12973111.225877142,112367.82650782779,107871.96484596633,21597262.099641155,35519298.76863687,21357893.068452086,20971488.138480436
541,12969994.090410186,111592.71562123783,107173.45498031167,21590274.5174056,35512809.21137478,21340541.31327694,20965273.137505796
542,12967273.476073464,110837.93177127371,106456.567034187,21583711.504356958,35498123.91977445,21323387.72380686,20954679.631476566
543,12964557.182773216,110077.6187080051,105757.88110988276,21576638.164135516,35489633.04924572,21309595.895518128,20944820.994665172
544,12961512.74118022,109316.02334755502,105049.36357340746,21569833.973569177,35473436.912421964,21294229.07426127,20935358.681587502
545,12958522.775128838,108550.4714573571,104359.45389925831,21562542.31243513,35464272.76522259,21283170.7170006,20927207.96936924
546,12956025.488800175,107813.43261957934,103681.44932646483,21556162.269256018,35448506.1661905,21270433.359934513,20920094.025158875
547,12953224.232633892,107091.53864857984,103003.85493473304,21549426.089134496,35441978.71240388,21257486.824646037,20906620.543462235
548,12950096.10192627,106362.7349605879,102331.9845655205,21541890.907707043,35425761.73916688,21246784.570438378,20894963.90377172
549,12947315.299943531,105635.84012497762,101620.92182948315,21535040.470424782,35419873.84021114,21238404.639885947,20884707.92227705
550,12944538.089104418,104947.09463182176,100939.46038867791,21527499.21994789,35404365.92460746,21226150.74804911,20875873.015374452
551,12941820.285223426,104263.90939517632,100275.20313904904,21519764.29384535,35398134.26466971,21210445.486932002,20869055.115121346
552,12939010.571364421,103583.12237724365,99628.92576996051,21512680.22534128,35383493.00224707,21196230.69860611,20856957.88919353
553,12936371.432452954,102909.15238679484,98995.23631022264,21506004.76474684,35376821.24374863,21179252.145848215,20846625.604899812
554,12933771.13882565,102232.9689315647,98345.9269956495,21499238.02823834,35363395.8223582,21166504.968527384,20837335.356600177
555,12930748.406241914,101559.30864469278,97676.66183739474,21491597.733289573,35356677.374257565,21156471.44326505,20828782.81858859
556,12927793.999507861,100898.46157351616,97028.58096768544,21486266.164606147,35342145.94103807,21139256.856099892,20823229.610669002
557,12924929.887768995,100238.36370279282,96407.16089043145,21479779.311796598,35336250.41427293,21127632.48867831,20811642.372949954
558,12922084.546499223,99577.74441909745,95771.79817157287,21473154.303390928,35322573.99994731,21110436.15500536,20801310.04773037
559,12919466.270774467,98909.30482070077,95156.45553651305,21466469.416089006,35316309.65064888,21095190.879865352,20792417.485542327
560,12916509.958879411,98250.94061403383,94537.408449295,21459679.849770118,35302052.297568835,21082761.485588584,20783411.963728342
561,12913844.050627207,97595.09354423327,93915.67374431304,21451115.03973332,35295075.007007815,21066424.458723415,20776155.94315897
562,12911043.36279841,96962.22778799567,93274.91103770453,21444209.034743484,35281018.38982532,21051925.576745514,20763441.597578015
563,12908448.989195127,96336.4960500892,92654.1126922717,21436572.466865502,35275228.844379455,21040950.26492592,20752371.93579936
564,12905627.123661647,95728.6424276176,92047.8999698045,21430061.554402158,35257307.82004344,21032092.390230004,20742705.253046844
565,12903051.462332698,95121.55638916061,91439.33006321877,21422721.874183413,35249343.71819221,21025082.323383488,20734362.333077237
566,12900227.488032281,94513.39159840709,90843.36825812307,21415375.273872953,35234130.023057625,21014169.76328642,20729211.150361262
567,12897731.536954496,93901.06863994237,90255.51130123776,21408448.49198938,35227200.47982593,21000330.440950878,20718228.010919157
568,12895151.733264355,93292.24128130249,89667.38710973761,21401436.278908808,35213370.60211285,20988888.461890534,20708282.16758147
569,12892242.91261671,92682.07776941366,89084.89539057449,21396043.882799435,35208139.14960004,20976969.215663593,20699672.379088063
570,12889736.115820333,92077.85245803728,88515.95997570775,21388700.50078429,35194164.767942816,20968752.888127357,20691686.39184498
571,12887196.649811434,91474.81030416371,87943.6259781009,21382025.556136157,35187017.09915329,20955457.788479358,20685265.054080956
572,12884585.80866377,90877.45428834487,87383.33782411003,21374757.03752494,35174823.4198376,20943565.015321825,20676039.733962655
573,12881926.580300232,90276.2939947738,86829.35873299906,21368752.632934928,35168308.39839735,20933801.83772191,20666981.089314118
574,12879372.945391035,89695.72106790534,86262.73218988496,21360708.66815518,35153156.68801437,20923565.78286699,20658952.91852129
575,12876660.859876836,89123.04877322065,85702.54406103217,21352942.93475608,35147119.29947015,20912482.67315841,20651494.8324838
576,12874075.23381134,88541.15637337192,85160.9930446307,21345221.461189155,35132631.51567098,20900212.431598846,20645617.80840568
577,12871517.547487339,87982.69247916272,84629.26176973844,21338314.983214736,35126338.869156376,20888196.92381713,20634305.45470633
578,12868998.27209092,87432.10731685185,84112.21189305618,21331007.78055284,35112694.6354082,20877160.77020552,20624413.427095346
579,12866623.750570808,86879.07818269366,83588.34072049044,21324632.635539617,35106761.938757405,20866049.424127534,20615505.322112743
580,12864113.766999599,86334.03452125736,83074.09661401462,21318951.36699703,35091650.884965956,20855194.56930278,20607180.115252785
581,12861315.517003566,85786.78822812863,82524.3503751236,21311492.93868172,35086300.75613064,20841261.119478967,20600785.8453599
582,12858677.751962105,85245.92120600677,81989.78773819617,21304713.79345093,35072340.29052788,20828692.463769473,20590387.19739819
583,12856070.842103867,84691.63839164408,81455.50826948928,21298929.12604817,35066574.95141208,20819385.40104588,20579883.158392243
584,12853439.227835715,84139.5174109949,80925.80785358096,21291902.47277056,35051389.11618299,20810838.582267176,20571141.437589783
585,12850742.871244041,83606.57002205476,80411.007535932,21285405.335914616,35044789.97709537,20804036.044963535,20562858.09216079
586,12848248.966616085,83070.53793978876,79891.94977059877,21278567.709054776,35028327.41628782,20794124.37535597,20556664.330323186
587,12845817.012238484,82544.82201639825,79388.82916856032,21272302.594842702,35021970.94020829,20782766.24811269,20545291.564435944
588,12843038.63844078,82015.39706892801,78881.89925925572,21266038.520086855,35009410.22671083,20770535.597169958,20535917.430353824
589,12840475.403331555,81485.54042034074,78380.09622177946,21259212.705001403,35002986.66798333,20763002.598246355,20527616.805486087
590,12838025.87008574,80956.16489579176,77891.6947468435,21253366.71945199,34988486.792311005,20750308.612044573,20519655.186150163
591,12835562.151734723,80442.89902771237,77397.8986284217,21246839.3901492,34980855.59244268,20734182.51007739,20513792.41605777
592,12832680.74815783,79931.26146020384,76889.89666094647,21240567.134462807,34966697.21170814,20720522.966340512,20502597.791258045
593,12830117.249865107,79422.96456498346,76393.77899261116,21234716.666154027,34962440.679431446,20709246.15969987,20492321.839820422
594,12827715.82713266,78922.14013178776,75895.27100069814,21227842.081400864,34949573.75547597,20694122.7320776,20483124.05894292
595,12825322.890812555,78420.0973617869,75423.20553793793,21221801.82261074,34943455.3515389,20685024.109337468,20475397.347840462
596,12822660.133119822,77918.7495688216,74939.18599307598,21216462.773345508,34929782.22281837,20670928.479781274,20468473.671535473
597,12819901.053945359,77425.92703778004,74458.3856932471,21209889.200639207,34923115.16642963,20658862.739760216,20458843.76670842
598,12817401.84003702,76946.11776057346,73983.5296590483,21203485.17311415,34910207.70248122,20650232.27921239,20449929.7656537
599,12814852.77071209,76450.21200161614,73517.74974431553,21195895.032086663,34905320.429972224,20636422.972605415,20440900.18738027
600,12812230.83751761,75951.17625499795,73057.01901855497,21188526.002289105,34891928.75269863,20624074.94554624,20432655.052615505
601,12809641.289757835,75443.09705658682,72605.21735052131,21181468.384538565,34887331.760854304,20607020.002307933,20427100.325860307
602,12807208.047009079,74964.63971905266,72151.82658935766,21175061.06965984,34874532.22266368,20593752.559623268,20417798.530729834
603,12804817.941432964,74489.84364532978,71692.79467049774,21168817.01257349,34869227.57959717,20578357.507396616,20409828.611816477
604,12802222.243346212,74011.42604855554,71241.26884343708,21162253.134927925,34852968.7311847,20564889.817032132,20402498.50023747
605,12800009.582001034,73531.30923101759,70792.65529287682,21155505.35043249,34845019.89280182,20553579.07702891,20395642.60602443
606,12797711.032159634,73066.48438560692,70350.12680902999,21149152.301337153,34832266.712472565,20537643.963050816,20390222.51855907
607,12795243.992499052,72621.59897139542,69900.26290730515,21141750.935350385,34826432.06318211,20525024.07661233,20379950.77485028
608,12792853.55184109,72186.52077563123,69459.48273085075,21135391.629903775,34813369.06474751,20509807.489201356,20371497.86878311
609,12790489.608581064,71750.92467035916,69017.66517735498,21128569.74926221,34807856.80857212,20494668.46033416,20363430.928717613
610,12788025.871903324,71309.82802897276,68572.79189400427,21123518.941487454,34794111.56291534,20484567.45478446,20356921.482831433
611,12785500.007338474,70870.5601590161,68137.99842960875,21115766.719622195,34788593.095758304,20469993.837019548,20351650.866075367
612,12783054.35264952,70433.35623182941,67706.80419394557,21109590.243087824,34773918.5596313,20459631.558642033,20342437.877463244
613,12780763.267029699,70004.37689856213,67293.23410751196,21102823.102591835,34769162.08519945,20449322.418958925,20333166.316957626
614,12778273.270032605,69566.79505528117,66883.70408994747,21096005.905086882,34756586.89844384,20439502.836133935,20326027.799009874
615,12775880.344658509,69152.39536669789,66474.64483174101,21089634.02927316,34747941.16329778,20430318.616390046,20318849.38178253
616,12773544.773553176,68734.36336440734,66053.81106289876,21083107.38699294,34732495.66204787,20416242.88987274,20313990.81666326
617,12770957.157819873,68314.92555947384,65626.38034158484,21075578.494978335,34727464.2139197,20406292.37092114,20304852.66237233
618,12768377.87681285,67911.99329457918,65202.133807761915,21069225.933296114,34712947.44712449,20398778.99091796,20296928.98526342
619,12766123.916041424,67508.71169820277,64788.68075356028,21062859.929157566,34706632.36868203,20391339.814781882,20289497.56042413
620,12763647.813265674,67097.13237891051,64376.66004481747,21056414.07902432,34692176.63524299,20384002.317200325,20283656.81532164
621,12761150.960653733,66685.66259363387,63957.440042682625,21049501.0289756,34685536.197774485,20370474.565710388,20278166.155565992
622,12758933.611569593,66259.24251490929,63551.91081212348,21042300.771580353,34668957.58012251,20359765.078828383,20267853.054784223
623,12756726.981484095,65860.18199750021,63143.14267759952,21034717.861140512,34662941.097793706,20350553.469499066,20258559.561695624
624,12754245.52865619,65466.959905509364,62734.57642844066,21028389.922329206,34649133.792873666,20338116.424962357,20250548.691296317
625,12751962.81283537,65067.972854761465,62334.88289475834,21021259.72853759,34640831.63086993,20328104.056103237,20243459.031028017
626,12749409.660874283,64679.7225909698,61936.457514186215,21014797.009927403,34623909.00952639,20315818.430594396,20237592.490018614
627,12747186.247515358,64281.193818704334,61547.24185669814,21009242.744737968,34616470.286091395,20305628.75087329,20226342.60773011
628,12744728.205079202,63889.077052232446,61158.02618407969,21002715.72038167,34605556.769160464,20296410.55985461,20214835.970398653
629,12742154.801322822,63500.17914968121,60773.72337684066,20995735.096625164,34598949.55503928,20287498.1530872,20205488.14052206
630,12739873.715016315,63115.605514559415,60385.241260803996,20989038.994997825,34586164.1770414,20278125.701847937,20197790.053280137
631,12737442.598930936,62732.83114977356,60005.57256984568,20981254.891686775,34581073.09574583,20268290.416066475,20192898.605747007
632,12735196.698545905,62352.891854961345,59625.882606673826,20974332.50286732,34565779.15355478,20253339.789351813,20181307.83871449
633,12733004.878833072,61968.807467886196,59246.78348994623,20967738.984105084,34560863.814897105,20243521.445306294,20172728.437622625
634,12730686.9726141,61579.60061666565,58868.455007165154,20961136.60904571,34547149.51231195,20234340.59735291,20164295.085787904
635,12728125.335280912,61190.771870744815,58495.669482183155,20954711.03683392,34542411.84719977,20225358.46335713,20157647.010183316
636,12725575.861062527,60810.53856003394,58122.778633055044,20947949.024754778,34530091.618552245,20212245.90874633,20152528.911073923
637,12723206.059912048,60435.016083883005,57759.9284046509,20942047.170959063,34522897.84499352,20200761.23947325,20143917.024572358
638,12720610.30932402,60055.309339126456,57403.45771938796,20935675.905670967,34509017.5223556,20190210.41930329,20135094.336671893
639,12718144.983741878,59684.253324046156,57045.138636796226,20929028.766789064,34505393.55856691,20180014.095125414,20127606.83434254
640,12715614.132674294,59311.89916032928,56694.500703564285,20923962.507791426,34492077.18694209,20166335.93598956,20121098.027169574
641,12713228.824549815,58944.18912227208,56335.14574218942,20917412.597051017,34486476.44236134,20153706.693997838,20116691.970057566
642,12710573.211246684,58567.88680989558,55978.13343925901,20911133.700075526,34473713.92036574,20139974.252520252,20108054.23745194
643,12708265.708942488,58198.44799468637,55624.53430090102,20904150.43549583,34466517.16788679,20129914.47781342,20099620.460675836
644,12705940.54614617,57844.50503370828,55278.12542491331,20898616.156201836,34453747.1341295,20122316.977693226,20092284.431239866
645,12703409.594461078,57497.76423997723,54932.03751230005,20893085.842579667,34447579.87857207,20111356.173650265,20086091.053663906
646,12701043.446750809,57156.12631439546,54593.24496202087,20887203.606788628,34435211.142587595,20099498.981244113,20081801.653025642
647,12699017.878552802,56811.12433423114,54260.69678586688,20880852.910011016,34428538.873624735,20085509.066589374,20071530.54598747
648,12696827.709093235,56463.25206500887,53925.95176923696,20875303.812230173,34414696.49839091,20073700.278111815,20062959.89808884
649,12694295.945927838,56118.18211088348,53598.10921970158,20869076.195225246,34409950.066176765,20063950.152466863,20055129.15026076
650,12691999.477821894,55769.72074541976,53277.759502262204,20863470.681714162,34399004.43333217,20055255.92778767,20048911.831049375
651,12690027.323643547,55436.01947327506,52958.385284266806,20858422.066813935,34393097.9286075,20044372.170300912,20043186.86143263
652,12687800.841016835,55101.80069024486,52639.35773790656,20852346.607517853,34379807.32389829,20035893.355932247,20032982.168073606
653,12685528.216977391,54765.200926615566,52317.917327628966,20846949.552552808,34373307.93878488,20028935.96041045,20025061.10170466
654,12683111.21867361,54439.45319744185,51999.59535832227,20841519.599740945,34362045.27950832,20020511.836235728,20017944.402074594
655,12680956.43776953,54112.77977070896,51676.513100276614,20835659.119444523,34357499.74695648,20012541.940512866,20012084.10764732
656,12678613.63930413,53785.07531226746,51344.57740874517,20828922.836676527,34344060.93229805,19998778.825426992,20006594.447231982
657,12676360.744788377,53469.305786071236,51028.74932356311,20822117.153551836,34339251.53645065,19986377.2408905,19996626.9554113
658,12673995.131596755,53152.07285523043,50713.808869354085,20816005.991710573,34325175.71581131,19974402.43978458,19987446.53135752
659,12671927.246427266,52836.999770705326,50398.97585585825,20810022.740009002,34319074.74339316,19962202.095638867,19980112.304924004
660,12669711.051771685,52525.50706643265,50083.84074839024,20803489.35278912,34306390.56475364,19950475.21184134,19973411.054165117
661,12667248.61957169,52208.32083406772,49767.5961318102,20797258.637413386,34300023.399166495,19936190.173553243,19968567.39124307
662,12665111.489375215,51894.38563585099,49457.20468759567,20791810.138669048,34287360.49890135,19927209.72493854,19958730.339881726
663,12662910.639155421,51587.911811766586,49149.21167083415,20784826.568649843,34282194.91540488,19917224.997345053,19949890.950465057
664,12660695.354836635,51281.78841194458,48844.13805578886,20778541.646686837,34268704.11234648,19907693.645290058,19942841.68194593
665,12658684.501118043,50979.14052623868,48545.76921541228,20773071.68205086,34263337.93679151,19898099.646104686,19936373.501094077
666,12656549.721406171,50676.756665689114,48247.15859169331,20766934.59755519,34251781.06595556,19888523.62012581,19931068.06460246
667,12654258.028650215,50375.73089729885,47955.869735400825,20760811.90063759,34244690.820812814,19874522.864496507,19921986.683525514
668,12651903.279151157,50078.33253429586,47672.42535098996,20755540.095406994,34230455.77989738,19864512.05695366,19912620.990321994
669,12649597.274535347,49785.77661663581,47391.75504795851,20749770.489396032,34223749.71339859,19852724.20973988,19905351.87699052
670,12647209.45128955,49488.3871023303,47109.85858207637,20743025.99357431,34212350.23182491,19842907.938350253,19899061.841903463
671,12644989.367076613,49187.4277465852,46823.40964788759,20737431.681147303,34207727.13224449,19829383.133407522,19893731.738369863
672,12642675.771333983,48889.79462402471,46532.38496891372,20730836.66963009,34195163.5276724,19820653.03566707,19883599.332529005
673,12640402.277401622,48594.58845226198,46254.663140640696,20724027.692381363,34190745.72678818,19808432.910086684,19874539.61592264
674,12638069.506533086,48304.84864765684,45976.94771068192,20717120.303944863,34179234.89450519,19800249.818780053,19865850.59741439
675,12636146.498200232,48019.29653002665,45695.62167686827,20712401.876208723,34172609.059374176,19792360.90467898,19858295.83804488
676,12633862.990062617,47737.19176445773,45412.344304142796,20706545.303131808,34158621.93361862,19781727.61966806,19853416.863955032
677,12631488.847852817,47453.852999912306,45123.031243263045,20700573.03630472,34154307.27337742,19770051.33244641,19842858.13659706
678,12628953.841139464,47163.95532619996,44844.161446858634,20695086.979898617,34143049.341395944,19761039.359685156,19833801.746119756
679,12626397.054767804,46875.52093997987,44565.239133051946,20688201.664607067,34138130.72599641,19754537.096838772,19825515.296973113
680,12624428.633710233,46591.760664634676,44296.74303293941,20682662.0835396,34124611.013267174,19746137.51784872,19819127.76175956
681,12622207.023744961,46314.33504541273,44033.25657785754,20677174.643835045,34117994.129281,19733635.327325404,19815223.375738673
682,12619857.661041861,46033.65813803907,43764.19683432914,20670247.01558991,34107579.99471612,19722281.936095692,19806979.8657253
683,12617605.351500764,45757.04229779316,43504.588814159906,20663861.888814148,34103027.45385707,19712749.132955335,19799630.61246783
684,12615569.915530844,45480.11458973088,43241.95230246588,20657564.891457908,34088464.49573105,19703826.498217825,19793460.723493595
685,12613406.957882756,45206.38620327761,42984.333957628456,20651906.582905967,34082531.64956033,19696620.059333347,19787551.403203525
686,12611021.716454651,44935.15598475381,42736.61452223692,20645629.04494801,34072050.10562718,19684153.78620064,19782828.5368835
687,12608720.9025415,44663.84827375451,42486.59289119399,20639142.1551486,34067239.396149315,19669447.951056313,19774042.487749927
688,12606419.05011425,44399.51679958928,42233.56838732754,20634747.120721485,34054566.69946975,19659192.00966452,19766155.88960997
689,12604304.702555109,44140.60501772061,41980.445856294114,20629535.15705033,34049592.40854944,19651305.00182403,19759399.47902046
690,12601859.926418886,43892.48348039974,41730.87310406126,20624203.56276897,34040216.65731281,19643285.174285673,19753891.585263584
691,12599722.162894065,43636.59208998986,41475.68437016327,20618498.826150402,34034800.46469889,19631215.508354254,19749343.89438612
692,12597365.034337586,43384.68552593369,41233.016852835724,20613041.881471943,34022437.45646687,19621071.851381138,19740575.58033194
693,12594965.188181836,43137.919701133236,40990.314143457384,20606680.378672764,34016813.752918534,19613469.4686256,19733419.145905647
694,12592998.200458104,42893.10310972141,40748.843278024964,20600819.106091514,34003881.924171165,19599316.939013787,19726717.02154805
695,12590815.206624363,42649.08347682957,40501.992473218896,20595302.9930293,33999322.286506794,19589298.860338964,19720753.097654298
696,12588857.614306208,42403.10974227816,40253.600119007926,20588618.82116193,33988300.39726627,19573985.11991014,19715885.841554657
697,12586796.757455036,42155.62230869774,40012.804006980856,20581838.009635508,33983396.512097165,19557954.987438772,19707648.083516337
698,12584501.583094198,41912.99150295532,39774.765639075435,20576707.345574446,33974140.64038083,19546674.887029618,19699880.314500757
699,12582254.424892703,41673.28320190166,39535.41746221268,20570960.784718655,33969334.00624761,19535546.456501856,19692823.39276907
700,12579875.10800269,41435.3683939497,39301.00180131982,20565140.0742973,33955849.171806596,19526838.482925832,19686918.005518902
701,12577542.4999576,41197.396702934086,39066.62801865326,20559919.672219526,33950247.498285145,19512399.996857297,19682513.202348925
702,12575298.322851757,40961.849005081334,38836.97881517045,20554699.400082678,33937823.99430447,19499177.580901366,19673527.41128814
703,12573409.711616557,40725.460923531835,38614.156786750806,20548094.036330342,33931444.368754946,19488374.9371867,19666488.53067587
704,12571042.087833615,40493.39738859653,38386.72413309391,20542755.41079043,33920589.82442334,19477934.05533573,19660179.489377208
705,12569115.410216715,40261.11075805789,38169.52088678087,20536923.633185185,33914162.17975023,19470761.77499451,19654200.676870257
706,12566842.621607963,40032.8984193721,37952.64688618412,20531223.717721473,33899673.10150031,19459879.607107017,19648917.097511105
707,12564691.305121291,39801.84593706553,37730.30631809333,20526147.05793003,33894551.32548234,19450078.106242944,19640017.595271688
708,12562690.307793621,39576.0485234267,37511.06465451508,20520288.616265338,33884319.81749037,19441013.770524107,19632080.546498768
709,12560405.966362005,39353.79300656622,37294.16410384403,20513607.394472215,33878103.83376309,19433811.58106038,19625074.62952583
710,12558264.244391821,39125.18412585781,37076.1030878326,20507688.291814417,33865872.63422618,19427872.569269698,19619859.291301113
711,12556285.652525855,38903.86911289079,36859.307307717165,20502203.056275383,33860082.37404601,19416492.09113161,19614629.502818126
712,12554272.649750404,38680.61427357849,36644.774891631714,20497030.428702373,33848401.03625399,19407040.699697364,19606204.984231427
713,12552111.795972114,38467.74376447785,36433.58534792835,20491987.177989207,33844351.633377075,19398435.992820814,19597980.05807659
714,12550087.984991578,38262.14791724537,36221.81374387907,20486632.858932607,33833321.65303465,19390833.330718376,19591189.8228307
715,12547909.325074788,38046.066585168446,36010.523070763535,20479511.142416198,33829276.82335706,19383820.647823296,19584893.67405902
716,12545528.919258632,37837.45031885705,35799.83979410985,20473325.608087715,33817158.900039285,19374812.243131544,19579617.610074706
717,12543548.248894433,37619.74306400652,35590.54547424394,20467485.850717742,33812940.019510955,19364009.63156831,19571353.740097605
718,12541418.851045026,37403.42037840525,35382.2781097311,20461881.662605893,33802814.813610554,19356186.788559314,19564336.3562232
719,12539600.61729626,37191.02882538647,35175.38371428321,20455249.253658224,33797669.784578495,19346905.452846743,19557289.092050552
720,12537403.37342005,36986.95969329455,34971.45841502434,20449324.889432926,33787081.67582389,19339463.766380463,19551568.136426914
721,12535094.173721518,36778.313746367756,34768.91908254906,20443520.93758498,33783667.79101547,19329374.104438387,19546704.35758687
722,12533121.029008307,36573.6314468084,34565.65251814616,20438028.983761787,33773181.443393,19320849.339778855,19539314.458421607
723,12530963.13588658,36371.47895669455,34360.612964158376,20432000.63531586,33768684.221218765,19312752.034463517,19531602.12608978
724,12528888.818460204,36162.691021976825,34163.50398144181,20426684.54009212,33756302.63828351,19305289.421191573,19524405.789915208
725,12526855.646346962,35959.10964869876,33967.2124648061,20421302.951381657,33751590.45935601,19296995.80856512,19518526.60672962
726,12524905.386772545,35758.66028428509,33772.56234631246,20416126.59214544,33740741.28181633,19284935.557261337,19513736.684361216
727,12522832.183726206,35560.26132373028,33578.30245311081,20410407.377216727,33735738.501053095,19274165.097724393,19504590.533637676
728,12520736.790976485,35364.1082263968,33381.91090805903,20404283.258280035,33725536.627427615,19265597.708921738,19496536.72217784
729,12518488.431798121,35166.84824222302,33191.22704282126,20398540.195362918,33722170.485275105,19256035.211468663,19488981.574004512
730,12516458.38053527,34969.84649143942,33008.259041681966,20393345.77418451,33712046.673196994,19250372.94349834,19482727.56641745
731,12514497.201654844,34778.42412350493,32824.61351319947,20388335.071368024,33707709.5050373,19239523.369626332,19478355.790701997
732,12512519.314430878,34584.32244396686,32642.665520797404,20382350.020579748,33696163.12980027,19226844.545623045,19470311.840384167
733,12510630.364096994,34391.019485541365,32453.584081981433,20376794.97113476,33692749.263050005,19219093.998221498,19463236.980116643
734,12508619.454026591,34193.45081628186,32268.806626105288,20371777.035168666,33681655.51057984,19213318.549796823,19457135.81874736
735,12506596.446658177,34001.78937471185,32088.009019406134,20365165.58215851,33676798.727487974,19206195.346493147,19451526.72699335
736,12504514.971595725,33812.13313778923,31902.014156357825,20358851.161083244,33665819.148512445,19194565.811070617,19447222.775818028
737,12502218.576219633,33624.80233102844,31717.671241849737,20353409.58732983,33661317.48720994,19185904.56051592,19437735.103561323
738,12500401.35354968,33441.48073442836,31528.94195980855,20348146.854024548,33650472.33446021,19176962.01170354,19429637.359660782
739,12498327.119444951,33256.353536854214,31342.954224147154,20342998.673160322,33645844.99904953,19168943.099721532,19422031.53696761
740,12496261.339636037,33071.830894282946,31165.98857430928,20338640.620287664,33633348.81877787,19161629.095723484,19416099.604754075
741,12494291.382750874,32891.11151052998,30984.52920963262,20334227.27858951,33627833.21111888,19148869.9499177,19411175.154016957
742,12492360.078659557,32706.55987766371,30807.275357518873,20328840.41045088,33618170.1188666,19138470.27048224,19403831.44466567
743,12490539.01112601,32523.22833156297,30625.260859552243,20322380.79456011,33614800.07691012,19129214.004882377,19397273.91933408
744,12488624.700247994,32346.09458884822,30450.53962215251,20316406.87971272,33603010.83840312,19118994.96932834,19390117.43433544
745,12486771.206464255,32167.069740780204,30274.679114786035,20311174.215406273,33597578.5933982,19111430.961799163,19384665.027467497
746,12484727.544825103,31990.74173814886,30101.40981909456,20305048.817322347,33587283.643322855,19097889.016038828,19379936.360339146
747,12482835.481473261,31816.449099611782,29928.9840375611,20299533.13809471,33582790.66631866,19088086.869702995,19371050.42130293
748,12480885.6360299,31640.66253301835,29761.71997689787,20293861.87896964,33572645.02733171,19079508.46344392,19364240.300496988
749,12479047.357163984,31469.623630195867,29591.142630131442,20288346.368422728,33568513.18019327,19072160.10235116,19358512.785939675
750,12476826.561219394,31301.55250831909,29425.674348857538,20283017.783102583,33555781.29372497,19065965.41065746,19352976.28522037
751,12474689.734449964,31133.834584629716,29265.01017462358,20277164.64231415,33550539.675524842,19057524.00675466,19349541.646558255
752,12472779.96798649,30966.141826937925,29102.975175713193,20272068.218964286,33540126.933468167,19049747.568462588,19340915.586624935
753,12470889.796401909,30800.04277732603,28945.44699935158,20266289.47014082,33535691.19544834,19043033.063276418,19333013.499208763
754,12469077.301968737,30635.57545916904,28787.367682954027,20261372.490228154,33525611.201177754,19037022.44174747,19326630.128453173
755,12467295.38347894,30472.210310342547,28629.88225617931,20255866.766817268,33520625.495657973,19032147.604480967,19320229.471703105
756,12465306.187262824,30304.079787531922,28469.53335662844,20250355.048495762,33509578.92697314,19022376.880491566,19315549.44428818
757,12463462.945102569,30137.66706271439,28307.031301916824,20244499.5955329,33505535.2379199,19013745.10851105,19307844.169954278
758,12461440.26185389,29983.22269750876,28149.991319572215,20239354.82279001,33495072.10148105,19006590.206652384,19300872.38020699
759,12459427.440134626,29832.62965888071,27988.280542277684,20234017.64696542,33490888.206386622,18998436.57450193,19294399.14954099
760,12457374.766585948,29673.681601680033,27830.855150306194,20228410.053587608,33480894.389815968,18990164.72642979,19288220.718906965
761,12455400.04540537,29519.57939374138,27678.366515022353,20223170.422339033,33477072.496464934,18982314.76864575,19284165.74300004
762,12453247.093205119,29364.65612213632,27530.313309610527,20217841.306742307,33466342.921209566,18972615.087035913,19275889.074994713
763,12451419.342191985,29209.84995388127,27381.193048489986,20212410.73963533,33461185.723027356,18964939.93643886,19269048.69647724
764,12449363.310832156,29061.758720265174,27227.929426233615,20207776.58327087,33451431.115871314,18957700.13034211,19262905.693917837
765,12447815.838161007,28911.243179454115,27077.127817239732,20202350.796406683,33447428.817370046,18950977.173035633,19257476.39703023
766,12445710.673811588,28765.803340782088,26927.98450614223,20197432.65235622,33438223.11776018,18941740.316814333,19253555.75986894
767,12443509.835382262,28614.21170247962,26776.451813439544,20191879.015633594,33434804.875042625,18934334.140200768,19244232.080994964
768,12441330.173122967,28468.344513030464,26627.142399769327,20187063.070758425,33423480.658800125,18928193.608393207,19236606.8224207
769,12439369.579160001,28322.68009211826,26481.561134839125,20182511.230399285,33420510.730048683,18921441.915343735,19230166.539819557
770,12437590.621263593,28175.43457458689,26334.708300357637,20177534.03324248,33409971.483664203,18914319.54548263,19224569.214641526
771,12435907.636563225,28028.24009015523,26185.93035095887,20172799.741443872,33406308.542935055,18905398.002548702,19220406.02055894
772,12433914.757359808,27883.68507275836,26043.247304961755,20167069.179291025,33394751.148422137,18896708.140365582,19212302.013840944
773,12432095.171637079,27736.652224838563,25901.01223197565,20161228.45250496,33390998.8775374,18890957.82466726,19205247.094975937
774,12430196.266043533,27590.83899725968,25759.640866918042,20155685.662244994,33382234.863723487,18884698.667537626,19199869.962956354
775,12428417.996470267,27445.17127443691,25622.282932326805,20150873.46218493,33378758.411532484,18880192.34661292,19194374.249648403
776,12426443.017088003,27297.855331459687,25483.64902968137,20145652.199962147,33368038.337897595,18871168.235793296,19190329.423073146
777,12424614.314848544,27151.264492269074,25346.295431945113,20139266.56744277,33363221.466113195,18861963.313068125,19183256.171703633
778,12422752.364762897,27006.620161407685,25206.499317995695,20133240.067024264,33354447.679051254,18852481.593097,19177031.724888045
779,12421075.68125873,26862.816844572717,25068.823044449964,20128243.005824324,33351382.549364466,18846272.18234801,19171090.353794888
780,12419319.408505237,26717.535493667263,24930.043462336293,20122483.261015363,33339696.972659513,18839116.959289357,19165365.721570104
781,12417592.87846326,26574.397302755104,24791.71566236672,20117867.28389923,33336221.22448316,18829099.55333418,19161068.136278316
782,12415788.789401045,26435.056185026457,24653.29086925012,20112537.76684435,33326900.876951188,18822537.89558453,19154717.284935996
783,12414028.13431511,26293.115212184402,24515.89620792161,20106842.85768818,33322249.409306016,18815227.47711979,19149185.840893637
784,12412125.279264672,26155.181753672656,24384.114146606065,20102208.264579747,33312611.716912042,18809820.582711168,19143141.93418502
785,12410142.392898232,26017.509516711496,24249.86553222624,20096473.1157755,33308851.51982691,18803818.891591463,19137646.180684168
786,12408362.965218687,25883.61561255374,24115.711475781678,20092030.05890969,33298573.18958629,18795819.0564244,19133080.788964156
787,12406400.17543733,25750.095580553643,23984.89170175802,20086946.12340248,33295041.218601793,18789501.06789047,19125135.06561964
788,12404591.239668919,25617.133809314786,23852.51962539974,20082488.38061227,33284734.309707392,18781507.1521386,19118355.038840003
789,12402691.924612641,25485.358203021326,23721.82828870783,20077507.41473954,33280578.445384447,18775422.134448327,19112460.08382575
790,12400956.676912507,25356.172359568798,23591.64430621549,20072561.188493256,33269346.401222948,18768363.223575406,19107570.389621954
791,12399174.521327753,25228.80090529217,23463.291730808633,20067514.882721893,33264628.99826551,18757191.664542314,19103520.95605316
792,12397304.246385263,25097.58016803829,23334.115089770505,20062136.924106378,33254704.267267503,18749773.183238298,19096309.325462896
793,12395474.148038644,24971.217760660173,23206.054757294783,20056743.735525586,33252274.12736261,18740094.229575075,19089924.05597757
794,12393421.953131888,24845.881239768136,23078.20248119582,20052318.398012836,33242981.350121662,18732996.439102754,19084130.92125451
795,12391411.192096155,24721.729269152816,22949.426754049255,20047250.696337372,33238306.402026456,18726936.83982819,19078994.647428177
796,12389469.62385509,24596.176051593004,22825.524779380536,20042204.87092646,33226214.360250987,18718614.973918132,19074017.988985
797,12387686.457743103,24473.41162955365,22701.91686697231,20036335.600794993,33221855.33759758,18711099.805920318,19065718.34124209
798,12385889.777104905,24349.260510901076,22576.036547905027,20031385.593301874,33212516.10812449,18704660.33201529,19058748.16287012
799,12384099.206587985,24226.513216095853,22453.427717395407,20026447.929837827,33207389.49663932,18698391.338020284,19052566.181687903
800,12382111.086006261,24105.797710553405,22330.419705227778,20021325.68833723,33199023.22299729,18694820.05064867,19047656.394513775
801,12380084.753808416,23982.050410610398,22213.194429152933,20016635.22887134,33194020.700916357,18685466.209101424,19043718.3095238
802,12378336.790382553,23861.451916192043,22095.627961160695,20012163.904784385,33184542.95547129,18675235.354002994,19036951.044667315
803,12376579.714736046,23736.59248210823,21978.53513048041,20005896.77227073,33179674.20114948,18662309.61231698,19030119.247892708
804,12374710.253403816,23614.3772198835,21861.882437292115,20000824.645063218,33170602.445972826,18656236.16008388,19024595.08198036
805,12372815.754493708,23493.602903073865,21745.83148966554,19995125.732323565,33165875.921796322,18652112.819305263,19018525.518040303
806,12371141.373633038,23375.48024628123,21626.868777200303,19990357.649424396,33157027.56073139,18640300.97014354,19014063.376531
807,12369432.783789907,23254.328241467356,21511.408605634377,19985510.746980004,33153385.359215774,18630781.93305212,19005511.959318466
808,12367753.10431619,23128.752462305376,21390.499854854763,19980625.661188226,33144317.63727273,18623208.961908408,18997862.07868598
809,12365961.114654588,23008.702909395084,21273.71897954115,19975604.000515837,33140623.820182055,18617865.901340965,18991138.43164357
810,12364320.701854229,22890.889831655393,21156.168479919586,19970768.945064567,33131450.13302684,18612854.595145416,18985863.557090707
811,12362383.318576103,22775.6544863975,21039.5986982074,19965897.235182766,33127591.513313737,18600797.276186675,18980949.012028184
812,12360686.501087923,22663.055977185537,20926.858410309276,19961113.309629194,33117925.961353943,18590693.5125979,18972919.29378594
813,12358981.40999042,22549.51826630125,20815.044272261795,19956515.585404478,33113665.926130615,18583598.707261533,18965627.53619279
814,12357308.996916473,22440.073332338958,20703.324744077512,19951736.198079526,33102527.789390672,18575553.955042098,18958956.06389225
815,12355550.239886448,22330.34300127053,20592.920414452023,19946953.676434737,33097235.164492186,18570078.84236493,18954176.62911491
816,12353847.936597053,22216.577958942777,20485.135708393133,19941380.57295955,33086591.667601064,18558811.347058114,18950500.34169784
817,12352110.729224835,22102.200746754286,20378.346279890862,19936225.9570917,33082591.858542055,18551471.062139023,18942957.154123254
818,12350329.744419577,21994.875116415686,20269.352088007534,19931559.764651965,33072635.413069215,18543320.826354288,18936330.66002096
819,12348604.337350585,21885.508104379907,20164.84827418504,19926344.49859116,33068507.382112768,18536766.502566416,18930722.352849428
820,12346828.266482314,21775.4432112998,20059.319112903235,19921900.510206748,33059388.381487496,18528834.008355968,18925142.059212685
821,12345006.2794509,21669.76111662235,19952.86877178653,19916443.13018544,33055954.402568385,18511649.21605611,18920806.22239805
822,12343391.857927375,21564.40790667355,19847.422983111202,19911380.2118747,33046887.156748578,18501449.82432782,18914425.336771257
823,12341595.66684855,21456.53546180013,19745.120609625457,19906705.021288376,33042652.10665823,18493494.547460955,18908557.172679693
824,12339706.700582452,21352.65478196751,19641.87608008172,19901617.808897443,33033308.83121951,18487286.850983564,18901944.570577323
825,12338046.019624684,21246.037258655026,19540.053224472053,19895832.0119622,33029550.006910633,18480335.723477606,18896436.144419815
826,12336195.526949331,21141.830075818667,19440.417025170133,19889792.944571633,33020381.08093047,18470380.62491637,18893102.017261885
827,12334466.167842273,21036.023497587114,19340.56577580278,19884749.82161012,33015053.406029508,18461744.418903053,18887020.91892759
828,12332629.115211168,20931.40260025925,19236.518840518467,19879615.018834077,33006185.860358205,18455583.544038348,18880948.537473258
829,12330866.2952863,20831.46609337189,19137.163125297084,19874892.693774093,33002052.569452688,18447348.65063796,18875936.023910392
830,12329085.658584122,20733.53660761626,19037.73005780078,19870401.4800525,32993048.59720194,18441220.12355687,18871315.82005989
831,12327383.968355926,20635.611475876172,18940.500273154506,19865116.31735174,32989211.322843622,18429781.356821746,18867330.47101062
832,12325523.135103874,20535.052336268313,18844.023595490595,19859221.824028928,32979635.410988677,18423132.806648944,18860286.924327936
833,12323735.485304706,20433.1664293345,18747.372310765582,19854221.92799367,32975700.70243992,18416924.712833114,18854228.482766774
834,12321831.712703085,20335.58524530796,18647.864653555393,19849370.479619283,32965824.076652464,18411609.454273615,18849070.974357985
835,12320067.586745618,20234.984081301507,18552.14794887672,19843890.225735947,32962019.899725404,18406456.313412976,18844113.44416019
836,12318228.873607198,20136.110432032874,18456.68945848431,19839030.839820694,32952700.323229548,18399289.378873937,18840962.295331404
837,12316513.583103372,20037.70817741238,18363.406572024312,19834812.841524445,32947285.961025357,18392391.013275072,18834191.94488304
838,12314981.90667219,19939.98975828397,18269.862983661584,19829988.11376583,32938313.234419283,18386613.349814832,18828015.541204255
839,12313092.873141805,19841.932360870956,18178.079299268455,19824992.312505685,32933817.5332578,18380378.651019704,18822410.95847112
840,12311278.110811226,19749.359777630554,18080.451764671576,19820255.480719004,32925603.371669758,18375647.474961314,18816582.983537856
841,12309686.934950087,19654.033960996712,17987.160918735794,19815061.08655063,32921694.35990951,18365306.916791063,18812130.750646647
842,12307874.357034096,19560.082619835077,17894.766171644504,19811216.756090455,32912313.73731846,18352049.816721078,18806032.885553803
843,12305988.41607497,19467.315739411246,17801.113809460996,19806766.58400859,32907865.173798956,18344355.320525724,18800143.268851735
844,12304286.469865711,19372.540378745845,17708.518102012684,19802027.728573967,32898913.742088124,18338731.65517659,18794988.66783659
845,12302180.252839379,19281.23822301739,17616.207050066034,19796849.953558557,32894835.159670606,18333314.070795607,18790882.262129106
846,12300421.753961407,19188.759668917646,17525.25083740792,19792092.39695064,32884855.231070552,18325355.40415021,18786516.730038386
847,12298595.772824608,19097.45133021094,17430.52433942837,19787555.947680693,32882641.20698332,18318599.503694985,18779841.99784488
848,12296672.922192762,19005.462254487873,17338.687600532532,19782428.395489026,32873782.039900623,18311166.10305877,18774645.476896755
849,12294838.603670735,18911.6466237936,17249.16580875312,19777908.931324657,32868462.955578398,18306653.464898564,18769073.362241257
850,12292991.202021934,18820.812768551405,17156.31191204625,19772978.310425315,32859603.74566036,18301945.18133942,18764435.42302678
851,12291214.654737681,18728.37309466334,17066.735428000473,19768427.918631706,32855698.67395511,18293845.39393402,18760184.01313638
852,12289612.805935549,18639.36856244919,16976.09536474316,19763598.312656928,32844978.981502336,18287307.628075026,18753595.31560523
853,12287774.331228148,18550.012821129327,16885.22989713841,19758573.508896228,32840542.559221484,18280155.192704543,18747323.089732654
854,12286112.300545191,18462.03951748513,16798.094989879053,19753796.735898696,32832128.89611855,18275533.19425011,18740698.119586654
855,12284284.156738076,18374.622848873303,16712.865479778327,19748936.421273533,32827519.620989043,18270904.18570087,18735412.076014895
856,12282251.207403662,18288.667909546308,16626.626682590933,19743850.038139675,32818248.92399515,18261981.627528973,18731683.00610062
857,12280645.681328168,18201.7887717464,16542.30402644197,19739128.2154938,32814598.166875914,18254684.049301732,18725932.051417615
858,12278980.156123543,18114.36200271797,16458.504936479363,19733845.97089536,32806383.225578573,18248892.58609749,18720165.38101487
859,12277436.536154915,18027.06143395913,16373.448626234343,19729137.953390386,32804028.68830426,18240271.831212875,18715351.86973483
860,12275771.513275702,17941.570051959956,16289.131586949421,19724386.888306513,32795794.699763622,18234574.618190482,18710693.17515789
861,12273792.273151606,17858.13193690644,16207.341559581108,19718888.80872342,32792387.7641001,18226002.418243036,18706614.44438382
862,12272153.78095367,17775.804666132502,16124.432303750395,19714467.413366612,32782861.569325376,18217772.00379355,18698853.85959104
863,12270619.46526772,17692.626387783374,16042.039718633116,19709888.914353553,32778721.716548536,18211781.244444393,18692842.199539207
864,12269169.679269906,17609.28301669714,15959.971442817241,19704667.070560973,32771093.876431897,18205379.898714792,18686437.81651782
865,12267476.549682567,17526.426070152636,15878.711819953114,19699943.452557288,32765963.31081778,18198309.958923597,18681387.45625806
866,12265851.427850641,17440.644878393137,15796.477522372037,19695374.234187998,32757828.69409444,18190148.9093799,18678164.739876006
867,12264213.841298105,17360.19816676478,15712.561318607457,19691359.460109472,32754766.685568754,18183069.03125109,18671416.479510967
868,12262514.861584865,17279.13026306933,15629.589310670406,19686603.400639113,32745989.12755924,18175523.763366126,18665647.74467949
869,12260777.254848676,17198.66339292557,15548.883222600221,19681946.985329155,32742143.001152087,18168446.4004732,18659997.71731295
870,12259102.528494315,17121.034851116663,15469.11830546035,19676993.74013489,32733739.155781034,18165049.919917963,18655294.040546037
871,12257425.85121728,17043.503144301372,15386.578543787657,19672479.759890873,32730585.35352476,18158554.726151284,18651923.922432285
872,12255616.16857731,16964.894202514577,15304.876963543866,19667656.142911647,32721883.747845046,18152805.64364132,18645631.183638543
873,12254089.060795313,16884.224309461293,15223.523869262845,19662779.785811145,32718676.685099225,18147802.673628543,18640025.773306213
874,12252344.27591652,16804.791932487624,15143.636321708513,19658370.358483855,32709642.569076706,18143343.644264206,18634125.77961466
875,12250758.412686218,16724.437947088634,15064.204135481425,19652813.09789283,32706060.433193717,18138897.01082397,18628836.895691697
876,12249129.973103546,16646.364618943993,14984.88706329692,19648297.156988997,32695552.947883558,18131587.543915205,18624511.489090502
877,12247703.902618365,16567.10971675759,14905.80268562533,19643301.79058182,32691778.613729354,18126270.14773554,18617223.420195006
878,12246230.96934758,16487.635650794935,14826.769690698586,19638281.622557383,32681508.611080263,18120578.881174102,18610740.26218752
879,12244543.284535786,16409.032918802317,14749.861723620645,19633706.132196933,32677074.16023885,18114297.67455616,18605794.298202958
880,12242961.874398826,16330.776101586831,14673.552143760031,19629420.464957934,32668946.686122574,18110203.43252202,18601313.282326046
881,12241423.765848922,16252.887886318862,14596.933368457248,19623981.881388444,32664141.057205904,18104746.474458694,18597558.943246152
882,12239880.52371591,16175.0573867035,14520.212464742339,19619414.852098353,32655018.259913452,18098304.01357896,18590802.227247547
883,12238348.524578061,16097.905497283366,14444.940300092512,19614319.83141317,32650925.83978589,18093269.9084643,18584970.395289224
884,12236734.03304245,16022.072136038776,14369.446693290507,19609515.90395531,32642402.74926573,18089160.64334018,18579705.777183007
885,12235078.08878562,15946.295874000058,14294.008870514717,19604866.14077467,32638771.922422074,18084156.69696341,18575317.40852409
886,12233597.966216123,15871.40324645754,14218.512556220612,19600110.405396678,32630752.11910734,18079040.221047506,18571358.027803447
887,12232023.359813023,15797.385579844406,14144.20357730472,19595160.669490278,32626395.694372974,18072638.805682365,18563318.009465814
888,12230493.052320218,15723.961973349968,14070.65297611657,19590506.191505417,32618972.99539502,18067167.269661352,18556701.240320098
889,12228892.051009228,15650.083118482047,13995.627118853758,19586086.541836143,32615942.688281152,18063577.131909586,18550606.792381436
890,12227294.700706735,15576.204686852832,13922.072000656251,19581885.543480664,32607377.735405322,18057177.980760314,18545543.624375977
891,12225691.487402678,15503.20101628237,13848.653812074323,19577665.04261379,32603605.867606338,18049039.614327583,18542216.398957204
892,12224169.614952145,15431.172496254914,13775.328969635719,19573607.543675464,32595222.938187927,18042561.09236011,18535521.049156435
893,12222655.042416044,15359.545033329223,13703.891805186222,19569067.810202308,32590498.12921628,18036253.90876457,18529904.43819817
894,12220721.472351614,15288.343749057678,13630.115330645314,19563873.060223415,32583746.507222306,18031127.9589467,18525319.529876307
895,12219152.216073416,15217.208021686221,13558.237448838066,19559276.143927217,32580110.604881465,18025536.756378688,18520917.06784639
896,12217624.438301072,15148.40126807047,13488.427671638909,19555019.653247382,32571824.98296685,18016831.469076887,18517675.962281283
897,12216029.559108082,15078.729559338652,13418.102471423152,19549196.73687983,32568637.309266776,18009697.591581006,18512005.582675196
898,12214485.842490043,15008.92243225238,13348.658523702614,19543638.869135223,32560075.258106023,18005891.91157826,18506474.03899064
899,12213054.576993905,14939.455171279855,13278.663034868801,19539455.69041757,32556252.47532923,18001743.92309774,18501848.195898343
900,12211698.51998884,14872.931655863003,13210.663902695567,19534482.30527285,32545278.345639378,17998139.688159417,18497988.96053714
901,12209949.119310578,14805.034507846989,13142.639188093932,19529777.015917856,32542389.78309329,17991592.617148723,18494076.961806986
902,12208665.772824055,14736.984508868603,13075.505793984115,19525434.189902265,32534736.129844267,17986433.39609837,18488188.899202447
903,12207094.421404386,14669.77890098678,13008.833744532309,19519461.3650381,32530309.89495396,17979965.34774684,18483346.5089497
904,12205626.542879164,14604.314308460536,12942.936056074774,19514697.31760558,32522308.284827452,17973257.80194564,18479502.40812127
905,12204246.370918829,14535.37617481871,12876.691688151714,19510133.780902933,32519388.83789658,17966776.932249438,18475092.12727466
906,12202757.35698411,14468.481796013728,12811.14262604161,19505565.270775065,32508067.845757157,17959749.85548651,18471170.834169
907,12201045.083861062,14401.436195135499,12745.453453372735,19499918.19165695,32503400.713735793,17952172.94560581,18465178.97446134
908,12199587.829937376,14333.748453134402,12681.074215155406,19494926.928482644,32494727.22386117,17940442.41223566,18459701.320605133
909,12198155.38843709,14267.061680722449,12616.258537458578,19489617.7002345,32491828.274325233,17931619.597538296,18455213.480528492
910,12196569.439629521,14199.024749972812,12551.098252083306,19484486.733203683,32483440.69371187,17924044.42322371,18451174.51192387
911,12194999.14150355,14132.723920991408,12488.496338263667,19478904.671711802,32480036.63394431,17914684.78287213,18448259.513531975
912,12193456.49191291,14066.9504887361,12425.353008935755,19473767.51533466,32471884.297219932,17908316.378958307,18441169.630709767
913,12192068.940737061,14001.381726251391,12363.536632242523,19469974.549036555,32468942.87604049,17903634.407971017,18435327.728817232
914,12190364.788905002,13937.679324676335,12302.602098743442,19465773.484933484,32460055.12419355,17899378.720974825,18429864.70751382
915,12188809.193774387,13872.693641861257,12240.108993642201,19460167.964185845,32455567.81268627,17896041.471374415,18424873.810591225
916,12187412.421064967,13808.527233120749,12180.180602859928,19455111.542577334,32446731.131909456,17888513.720704094,18421417.765893128
917,12185761.255862238,13743.594122818278,12118.97480550738,19449667.725227505,32445114.779513214,17882716.06816914,18414277.054822486
918,12184404.100437716,13680.183162524398,12056.72443050204,19445197.361105498,32437008.49333013,17878843.871108096,18407809.308452435
919,12182961.97613355,13618.19772092017,11997.186129281998,19441164.902503688,32434634.640038177,17873747.70717917,18402047.036224816
920,12181750.994819121,13555.73006058994,11937.70515093482,19435725.861982025,32425489.852363177,17870990.94366279,18397660.97553137
921,12180343.672710314,13494.201829189995,11878.209915997446,19431083.10713583,32420936.221803803,17865453.20285601,18393764.18249504
922,12178839.624821605,13432.795395246525,11823.104578587865,19426259.94098681,32408700.7570931,17861085.16690614,18387286.883474573
923,12177271.075572155,13372.657453423779,11767.704493193645,19421337.290981974,32405503.134690613,17855383.796021912,18381588.077222593
924,12175767.855595509,13311.40108081686,11712.43999249285,19417001.525171477,32395154.799176097,17852365.12571732,18376148.79795509
925,12174141.551071327,13251.461904013318,11657.51983781924,19411958.44309958,32389609.973455008,17848946.37851997,18372268.118527804
926,12172556.300494563,13190.363665116796,11601.858700471332,19407672.951418694,32380887.722089943,17842609.84204164,18368653.955388084
927,12170923.272224365,13131.062819017674,11544.862705602913,19403180.585931916,32376498.811218746,17836616.75961591,18362892.19264824
928,12169548.498865124,13072.276155032496,11486.073671649925,19398654.28027992,32367796.22623267,17830751.45510337,18357771.707834624
929,12167786.873418381,13013.030841758391,11431.523671096806,19393746.129175384,32364331.109938197,17826510.631731123,18352908.742280874
930,12166382.481733412,12955.696894119108,11374.134331851421,19388515.88782553,32354888.594764538,17822372.666741323,18349052.3082383
931,12165056.103336373,12898.13553188541,11320.213315502931,19383652.725450356,32351760.623873927,17817025.4912934,18345813.745503146
932,12163341.538004186,12840.531459096277,11266.03939999496,19378602.969789095,32343732.020116143,17809013.58037092,18340708.542704076
933,12161770.336274074,12783.939141804467,11211.038981055446,19373225.21526374,32340486.566794075,17803793.12318443,18336120.86653875
934,12160291.159532122,12726.175535004186,11157.210095645325,19368799.745688394,32330334.080310445,17798619.834070034,18331375.160140846
935,12158760.065508459,12668.849800274667,11105.388713975959,19364024.86260027,32326857.90362822,17794275.64239876,18327127.594207007
936,12157436.31496046,12610.596212651888,11053.040343844013,19360206.181772023,32315787.513418376,17786737.369459145,18323966.85839825
937,12156001.360141693,12554.54951112686,11001.518393291513,19355024.585543986,32311856.872909542,17780878.806456596,18317786.065808352
938,12154595.307752766,12499.5620766364,10948.492141891886,19350551.54275401,32304357.56855907,17776142.850170087,18312873.60796011
939,12153267.10756742,12444.98765374356,10897.045389364566,19345960.005026788,32301235.296580967,17771388.531266388,18308368.29811491
940,12151878.323643127,12390.122379371209,10844.087338723783,19340531.512337517,32293669.14594613,17768906.933799997,18303613.126195278
941,12150361.583527561,12335.415225488969,10792.228046653448,19336387.085463427,32290467.302802335,17762940.012365602,18300529.793763936
942,12148943.769115346,12280.894209520635,10739.338824096147,19331393.279178,32281044.259779807,17759093.557539,18294593.178511962
943,12147511.130229518,12226.300484571253,10685.861579520793,19326661.585254785,32278306.177890234,17755172.089572523,18288888.2404718
944,12146009.358561272,12171.148378796222,10635.26823132391,19321523.52882476,32269776.453103393,17750821.239247847,18284216.30170056
945,12144418.289033493,12116.475809076046,10582.868541020485,19317292.253217954,32266237.421121154,17747728.450049292,18280392.754389167
946,12142817.418018319,12061.91598269694,10532.35259225161,19312243.27601266,32258122.675773747,17742158.45717974,18276388.68167824
947,12141346.26131518,12008.548062009557,10483.078742195943,19307750.47018598,32254583.83721951,17735597.338851515,18271475.662042785
948,12139668.67167888,11954.212280710877,10432.49920813387,19303045.20593427,32247166.031880103,17730143.086808093,18267780.099884138
949,12138228.151619319,11900.779784465503,10382.677448464641,19297840.635004118,32243599.92143181,17725461.940693073,18263067.68510761
950,12136888.469523467,11846.6727456059,10332.770219732087,19293895.552966762,32235299.289301097,17721543.02155226,18258740.476208616
951,12135407.173515998,11794.490502330824,10284.175813001817,19289722.59241276,32231983.85739195,17714997.53694745,18256022.118244804
952,12134067.51148215,11741.434477955814,10235.47785846738,19284773.548661444,32222940.130703747,17709547.671184063,18250817.910997976
953,12132864.897233773,11688.997315885668,10185.057319009944,19280678.064839464,32219693.63738702,17704781.182439264,18246241.640140202
954,12131538.02888226,11638.611784717918,10137.635409987752,19275728.680719007,32211431.476950925,17699922.63274392,18242342.675051138
955,12130199.281268742,11586.446418725656,10092.15663328958,19270330.480851863,32208010.193754174,17697263.250883352,18238546.06514182
956,12128781.08882195,11534.361029006668,10046.981918504358,19265647.58212445,32197724.25070652,17691400.316329632,18235666.90863237
957,12127332.830218835,11483.705046592604,10004.348932915533,19260586.07042895,32194956.405338287,17686576.04356089,18229117.42148959
958,12125885.638695786,11432.814960828156,9963.358385292691,19256145.45355433,32185692.231498107,17681808.85223334,18223874.61576335
959,12124472.182798626,11383.312315939569,9920.770589019276,19252137.442100324,32182223.87783451,17677498.418781716,18219085.50433964
960,12122982.785912573,11333.051043101741,9877.834822195608,19247911.62241359,32173494.50084631,17672992.703781076,18215115.116500303
961,12121528.344011452,11283.025450281555,9834.257271808321,19242589.61723907,32170131.356547892,17666298.76148131,18211269.780953947
962,12120252.533878297,11233.730931914237,9790.67168581677,19238822.739290927,32162994.57837867,17659975.815956946,18206490.728395104
963,12118780.619121317,11184.044370962345,9747.116690778299,19235337.905918356,32160570.65631144,17655266.419323284,18201942.27257247
964,12117398.440047402,11133.08107043445,9702.883336304738,19231710.09458991,32153367.023838095,17651332.19708945,18197216.13110296
965,12115975.173702074,11084.987333402947,9657.009784318103,19226990.15241831,32150485.490296073,17647044.716550674,18193578.473294538
966,12114620.86855025,11035.661672926504,9612.447799193666,19222460.881580018,32142298.987312242,17642130.564705387,18190488.103512984
967,12113111.196157143,10987.16105538645,9567.343880865981,19218748.81403401,32139053.032612137,17636827.302696172,18184530.808642715
968,12111754.686648352,10938.38387440679,9522.26807470228,19214121.47127988,32129434.297283467,17632371.01664276,18179180.660201967
969,12110311.938958162,10890.947657835075,9478.78300719873,19209249.855750196,32126095.1444316,17629233.25197336,18174467.236602023
970,12108946.573067347,10843.952378598367,9435.149735219522,19203991.80585616,32117232.468603004,17622558.708118238,18170258.93229109
971,12107544.512191134,10796.29157908703,9392.483240094767,19199443.180077456,32114210.154191107,17615328.668259364,18167098.76328885
972,12106219.124939058,10750.24829668982,9348.741091408314,19195067.733042326,32106257.20572341,17609396.62850489,18161239.253368344
973,12104718.611119073,10703.037628348942,9307.113199582762,19190561.519128565,32102066.480648063,17603454.916175526,18156540.162786208
974,12103394.667054377,10656.195548924374,9265.293911959398,19186032.012744837,32094877.13298254,17598492.240574464,18152502.78853281
975,12102072.030954083,10610.200924439057,9222.714818974888,19180949.66050887,32092783.653542537,17593596.69874366,18148157.4798924
976,12100850.821618019,10563.857449396217,9180.776663677527,19176889.904781897,32084789.91496942,17589041.813518632,18145420.317500662
977,12099517.173019402,10516.416173735512,9138.738529954613,19172152.88907137,32081018.3428824,17582790.105386045,18139486.497656733
978,12098406.62262313,10470.4951149401,9096.810586281188,19167998.860062774,32071424.30455912,17578004.522570312,18134638.853479914
979,12097047.759658331,10424.918845473101,9054.866658235467,19163631.443192583,32069455.783134203,17573599.360132344,18129733.965146795
980,12095735.151602251,10380.057687558912,9014.33351937368,19159777.502566803,32062057.41390001,17570289.9278099,18126046.448833637
981,12094407.83702449,10334.439769596062,8973.370308204845,19155615.548934232,32059426.533737205,17565320.343304712,18121642.346028984
982,12093023.976576822,10289.271819615316,8933.521367156713,19151000.884665355,32050392.526804265,17559077.61840564,18115617.511455126
983,12091775.466916336,10244.967071900142,8893.049609778287,19146938.039657243,32045939.96685825,17554555.725309376,18110194.192458525
984,12090488.885321002,10201.476743480822,8852.532443813934,19142344.186864812,32037867.779142473,17550279.226113826,18105728.69495207
985,12089211.058929602,10157.35893471553,8811.73307735652,19138173.00266027,32034261.876232713,17545906.990379848,18101939.871580854
986,12087901.207994524,10113.215960746995,8771.744065018258,19133579.20461392,32026342.67366588,17540109.736910038,18099073.523753647
987,12086484.702355167,10070.024761123697,8731.488444636496,19129848.052916296,32023739.626492452,17534052.17959239,18093685.031519413
988,12085092.406983722,10027.137839725123,8691.300961376051,19125940.883859925,32014257.751025274,17528627.63293658,18089656.641490515
989,12083758.461853502,9984.710341475356,8651.097032911683,19121800.466845904,32009679.640762996,17525509.393717956,18085714.216060076
990,12082546.638991933,9943.053192893507,8611.435570922342,19117555.95448747,32000611.45547036,17522304.87083138,18081436.76643532
991,12081161.052697783,9899.757079505662,8573.733780485505,19113205.025668506,31997241.23365927,17517630.83974591,18078167.901080072
992,12079631.833822716,9856.76046834373,8535.330007917519,19108416.810004443,31988386.24422978,17511831.972643167,18072187.273950867
993,12078445.937441187,9813.63729661277,8495.408588347294,19103758.09861118,31985108.928935595,17506820.809189234,18067676.959764503
994,12076997.374844577,9770.611246076125,8456.371147039226,19099752.309422597,31976602.809288852,17502490.734517794,18063147.59307647
995,12075649.57876771,9729.192325705031,8416.12599667091,19095420.343248576,31972950.097050685,17498996.098376557,18059240.163289778
996,12074386.981137292,9687.791203062645,8376.40423787194,19092100.982739158,31965272.475899942,17491938.39844029,18055678.2831851
997,12072934.61847639,9647.338418148165,8338.325336862237,19087916.57513921,31961895.18699295,17487204.464026645,18050479.16511341
998,12071588.36640292,9605.629259944442,8301.092790824914,19083657.49972892,31953975.360632326,17483217.299922477,18046341.034599446
999,12070006.227857273,9563.51477131346,8263.465469447403,19079139.309595987,31950908.27377868,17477804.174501132,18041651.564506404
1000,12068616.665784992,9522.449861750758,8226.249573251314,19075153.851442408,31941627.23324335,17473433.106367823,18038052.889464576
