Iteration,Global CG,Global MR,Global LOMR,Inner-outer - 2 inner iter MR,Inner-outer - 2 inner iter LOMR,Inner-outer - 5 inner iter MR,Inner-outer - 5 inner iter LOMR
0,363286472785.1235,363286472785.1235,363286472785.1235,363286472785.1235,363286472785.1235,363286472785.1235,363286472785.1235
1,268453383475.23203,249472185265.06073,254601743082.39014,114258472118.11797,114258472118.11797,114258472118.11797,114258472118.11797
2,287298233871.4053,156278264237.85028,151283614799.45767,62805924371.490166,62805924371.490166,62805924371.490166,62805924371.490166
3,245518053684.83286,103805595875.07437,88235273723.89314,25298287620.403442,25298287620.403442,43404200867.54296,35055084709.52019
4,253549932411.67126,61199882902.80611,57532047394.37208,14362211598.614244,14386582312.955492,33577069530.378563,26546682336.98675
5,134301865010.1169,53535209250.728905,44129095941.32218,10669253475.479425,8836098590.653849,25862731029.888634,20991929247.477043
6,66096877857.81234,39186175561.32681,34213711155.291965,9491275387.94307,3715423743.733546,16443492549.52877,12776126766.786892
7,36723731001.595955,32603941970.29555,30516420709.26293,9000521816.007702,2944640865.7598567,15227044467.94114,5699722985.010469
8,32646636848.927376,35722591153.46018,32596937141.078396,7589872932.745943,1756943509.7134078,13365332522.799732,3456043494.974868
9,31561461382.51079,32754611004.43638,30147100266.20811,6175298125.236136,2378803066.126269,10233052315.757263,2234482470.0728865
10,30267323326.14067,29453884913.380512,28722741067.414948,5612933537.428284,1361640188.2805574,7735297101.347461,1833785429.8930345
11,27967085490.937565,27428833973.48008,26685329397.967102,5138872172.235694,1519091879.3448644,6530067457.26534,2026380300.9672368
12,25102524707.561436,25656599932.77628,24808351572.97806,4886209734.956448,1021111558.6838714,5820171984.426231,1234633558.557873
13,22177377119.81485,24251178302.029114,23303268362.709038,4684682700.031112,1223013219.9181182,5386419060.485875,1140125704.825866
14,19496824415.158016,23063025558.74891,21971124302.76303,4577032819.927766,901567293.5226719,5156929415.249378,954853559.4543909
15,17213046038.70804,21989055401.144833,20956746529.751724,4496335376.303208,1026249891.1938169,4993675042.460394,879843682.7111775
16,15399087658.353506,20633640074.98044,19901202069.49322,4445505142.322932,767375382.0630322,4704959065.687431,1239823332.8793614
17,13829287460.8484,19374471257.357605,19015667136.626343,4404853682.217223,856788403.039608,4601044741.351254,826351313.2833304
18,12689713039.333447,18721423263.219395,18198388290.295162,4377456386.610428,686255388.804257,4510752231.561208,744951404.5644503
19,11609324222.89026,18075309196.43054,17448470934.083122,4355671136.404196,737774831.6215314,4454311939.230647,697527982.0815393
20,10919965979.713564,17102355172.874214,16752831574.87416,4341172532.261428,628131834.6974726,4420398134.486204,662715226.3582674
21,10993302414.848803,16361457375.241396,16228844207.970537,4327077033.772616,663183964.2666675,4381156257.780504,917631185.3592253
22,10822644819.967232,15691763269.971119,15664319190.376968,4316716331.162565,586743868.5934848,4360742676.711458,697207707.4439546
23,10663022807.173023,15138500841.960518,15199718564.835619,4307522030.186482,611841900.1196846,4348849600.860905,659628880.2777977
24,11276594383.01406,14681925668.043304,14788500366.641123,4300597651.724399,555242145.2234524,4340137704.879721,638586780.9653248
25,11042559619.049543,14268459435.1532,14389656743.474085,4294111562.2964883,578062533.4235382,4334398622.817938,620244682.5100238
26,11327311537.748003,13874315186.637285,14016439921.436396,4288045313.352372,531772809.21569145,4318873580.7184105,756546113.5242044
27,11095667201.457933,13501435624.633528,13724479257.690678,4282565067.465159,551840684.8827087,4313450791.583897,611710037.7028446
28,12097255540.213682,13178913632.942987,13451282186.714514,4277879804.3535757,511905296.5061499,4309475801.348199,579679941.3181785
29,12212340511.621721,12902266136.659643,13190124204.57302,4273230210.4507823,529489587.6391353,4306807023.023057,563231595.8552743
30,12139367379.72866,12520427048.941906,12944212729.873287,4269104092.3367095,495298739.83817446,4304756531.290144,553458953.3662088
31,12223888557.07335,12254034637.50839,12679082598.239342,4265110244.3170342,511790039.4399149,4299491278.876116,673965912.6080782
32,12069060836.203142,12001467013.806017,12432219408.22696,4261424135.455716,480503774.647158,4296581060.16207,560256320.2870798
33,12317914588.088156,11758896733.835789,12189012644.714363,4258014836.222386,495973350.32191044,4294642588.0797486,534325954.7205971
34,12249533989.178238,11515990988.889946,11951475466.308596,4255144723.993592,468249558.851814,4293067389.06977,520922874.9429434
35,12162747812.107412,11260099619.508688,11701306377.72886,4252148587.8430333,482465010.1506962,4292039786.056662,512498402.1903768
36,12196583747.611275,11020075771.127443,11461602846.44237,4249688670.9489045,456600481.4530672,4281248504.7281275,611479037.9510803
37,12198250175.344673,10771487423.15305,11228657421.14615,4247180749.119378,470983066.89471745,4278932068.4708104,521951161.46353346
38,12219577222.81206,10481726577.555206,11001298332.320759,4245069046.9427223,447073753.38519675,4276941237.980917,497118816.20690024
39,12145691798.200054,10227315064.371918,10776975746.14332,4242897593.538749,460852529.96047187,4275532557.0366125,485017492.1525042
40,12065157884.486738,10002845279.661488,10558280624.879982,4241031786.4606256,438280767.35087544,4274423980.551122,477816988.2379053
41,12000986342.45895,9802494029.321941,10344306157.466349,4239079406.337414,452382485.56508726,4270173170.2276206,557825777.8260332
42,11910663631.109247,9611455131.581198,10134547544.801971,4237412922.36023,430712031.20722204,4268068487.456074,484750870.68045884
43,11831968654.351992,9440454244.436975,9915271568.010118,4235589176.12115,445218849.1200756,4266661910.700747,463678319.40358657
44,11696755158.132072,9279267123.358637,9693460471.89823,4234045207.868403,423629546.6902245,4265646712.51709,452828004.3133032
45,11563139988.940825,9123772271.181854,9456378140.558563,4232482779.8307414,437602311.67276645,4264895290.9350758,446415164.1263117
46,11457648656.516472,8955631320.579786,9241078449.58161,4231155158.7271657,417325439.59050727,4254858184.65411,513128233.39364874
47,11339742045.88381,8793750813.216993,9028190906.163622,4229703862.5208507,432050988.7690287,4253064052.773331,455974224.5485455
48,11221400908.889755,8645713411.79289,8803955459.326088,4228460810.8113575,411702098.54184496,4251567900.6547565,438858227.1780811
49,11114284318.254704,8491084020.500547,8562943561.704029,4227185409.453089,425782053.88286054,4250590684.558864,429419188.17830545
50,10997056998.094692,8346828494.718411,8335887838.939403,4226059177.350015,405774585.2961852,4249833845.9425764,423901902.90889835
51,10887282661.511139,8182428027.939975,8128689497.102245,4224875743.930061,420613918.06958854,4246132999.9367223,481542241.4375507
52,10782120710.992956,8026633172.858802,7947599510.275645,4223826271.836947,401345569.573577,4244254891.9101787,433058363.62224716
53,10673848448.127178,7866902855.887044,7774116299.200348,4222678056.5123777,416231500.4879921,4242984314.006965,417486367.98718435
54,10565561642.9195,7718687959.884434,7613681826.991884,4221694227.3130093,396489142.34648097,4241970796.876698,408379704.75121
55,10463725635.32828,7587561075.714162,7464652837.81169,4220600629.706376,411134864.33070445,4241213153.012112,403117216.30891645
56,10363331800.141193,7469764574.741497,7302328754.566454,4219682474.34278,391821445.31760854,4231007002.322526,452203154.5362118
57,10272211221.2396,7335144469.661235,7149778571.472669,4218627670.638274,406301302.5443306,4229377274.8920016,410955513.86517614
58,10182929439.429346,7226599680.435187,7007833948.019693,4217711356.4182143,387524396.7651921,4227991846.620791,397968648.6778139
59,10093552257.08435,7127882145.493106,6873043224.8900795,4216689435.941996,402312237.49274623,4227073446.252573,390564702.1522329
60,10014282638.31513,7023971964.29453,6745151835.755906,4215776340.184553,383311912.8045927,4226400474.7312584,385276139.51968163
61,9937430368.590437,6885076307.52842,6619743163.359328,4214770241.4869747,397031624.26612955,4222914183.859412,429000113.2932642
62,9857357852.80746,6748805334.930503,6502319129.478119,4213860892.2190127,379486738.7644501,4221324852.4682736,393790289.2954992
63,9782130867.610668,6606640955.696016,6385784410.995991,4212859962.542747,393979896.13375396,4220174380.5981936,382002830.6353218
64,9723542511.594088,6472448214.577616,6277887273.729893,4211945288.791298,375917853.8792647,4219336533.6962633,375321697.126629
65,9666547473.990313,6341265805.548719,6174355778.170586,4210891608.932524,389899795.07344365,4218684007.1293535,370452238.18624264
66,9618075422.8601,6222316178.720834,6073191392.396533,4209971759.247612,372126255.89498156,4208719698.798329,410488832.5333498
67,9564261836.455256,6111315267.39058,5971555235.661652,4208797681.9581614,386978292.9796842,4207319335.8969193,379197722.96157765
68,9512762086.360474,6013536869.702828,5881045701.112955,4207881799.8929315,369036403.76892185,4206000218.3356347,368497517.90266156
69,9460879747.947855,5914608417.027168,5783575916.048204,4206808257.655637,382921008.57828057,4205042954.589965,361546522.87019706
70,9433356484.530636,5803702972.037258,5691403346.747329,4205909460.8546124,365974702.8519934,4204384712.846611,357522864.02815914
71,9396429041.149717,5701754694.901951,5603237422.53663,4204915676.928745,381166975.7486898,4201213584.204504,392993131.04185903
72,9374197750.967558,5595226433.814521,5514596303.810208,4204064777.9087453,363188297.555187,4199854953.0925727,365762843.3388138
73,9352854084.572592,5512467725.698205,5429885816.899515,4203089032.461334,377539885.817738,4198734701.371868,355745369.37369764
74,9312726163.547388,5431221077.535531,5349931542.472563,4202227410.61302,360138237.4845201,4197935613.3397646,349258366.7424197
75,9298480012.98088,5343416943.013648,5267519147.832992,4201279816.26517,374129471.34055775,4197315696.549311,345387947.9738649
76,9262841711.40516,5271730376.473167,5187643726.072676,4200469095.473635,357521533.7871743,4187253147.589732,379975047.4258153
77,9204509513.206226,5192460518.150449,5118310176.991726,4199567109.5227137,371723657.00961363,4185828598.1794686,354064902.68844175
78,9177293032.061722,5120267824.925827,5052572004.932949,4198787375.453846,354783759.89141005,4184594429.942731,344487297.00943035
79,9155966338.67629,5037973850.840462,4981276679.494068,4197915220.654157,370240829.37704223,4183607585.950206,338637380.00677705
80,9135976148.30951,4972847300.541496,4918724390.620879,4197150616.766175,352646242.35571367,4182948186.022984,334899603.131917
81,9118841096.56881,4909960912.691548,4856091734.8444805,4196350746.826023,369066118.4145435,4180042732.876223,365933837.9638774
82,9098791851.592924,4851452970.98671,4798707045.470573,4195583206.6100082,351139707.5543407,4178755698.2208605,342822911.64174694
83,9079330758.176672,4792670747.320183,4743158065.483234,4194734690.023339,366907757.2063924,4177643399.695196,334203875.17944086
84,9065004366.99423,4730289491.193585,4686070640.3245325,4193981231.6551757,349220136.03452176,4176896761.129682,328792624.9467999
85,9046710307.926687,4672621692.727679,4630961695.658098,4193158866.3504934,366861285.4763192,4176279645.133922,325364647.41153806
86,9029037352.700611,4617588967.470348,4568974633.184974,4192447569.9091907,347911922.1660838,4166555747.614327,356595848.846031
87,9012734906.068987,4552633239.048578,4512645739.139871,4191635969.209229,365718255.2494599,4165284590.9165277,333956904.87731856
88,9001720331.65384,4494067677.776473,4457438680.548709,4190885042.729306,346278517.5728137,4164157029.1344004,325949578.0826812
89,8994728607.042524,4440925709.752194,4405073318.355214,4190046217.8513074,364704228.2051604,4163372574.6491747,320441682.8515632
90,8987285762.998758,4388676300.955757,4345612568.457856,4189292735.855105,345550759.35068077,4162816369.8292184,317035286.1220017
91,8973624440.809393,4338795604.126012,4291076131.043532,4188432523.584829,366442039.4356814,4160043533.860917,347854272.07897997
92,8966808996.295488,4288241492.313822,4239502331.2034955,4187660254.465529,344282720.89509296,4158841849.119134,326125951.61487347
93,8963709023.348064,4240110081.7359815,4184218263.5096097,4186767413.2814236,363036452.42834514,4157847524.178359,317760397.00419223
94,8953116569.354567,4195498222.85232,4133156922.416232,4186015657.627182,342680595.82884336,4157208612.7033734,312235837.8241365
95,8946240018.036985,4152581932.3636246,4083694446.79294,4185168502.9077334,362692764.4042342,4156685159.351426,308871245.97279453
96,8929064938.360744,4111402662.7955856,4035119646.647256,4184374075.4839616,341681510.045611,4147629297.31466,336960592.4705763
97,8924067340.48811,4064338360.2434044,3988621946.829433,4183525435.061364,362477100.1161333,4146705287.3063927,316896332.47606564
98,8916257836.46345,4022086720.766943,3944422283.361485,4182847961.7619486,340721624.9431088,4145716566.1612067,309307457.20331883
99,8909793698.228256,3979876176.3928137,3895138911.2679687,4182073750.4454784,361225066.99022406,4144972321.9549756,304397157.3750402
100,8896627325.460527,3933405251.6887503,3852986019.0048656,4181447653.756045,339142434.2401355,4144511744.9711785,301582675.05046743
101,8890021799.78856,3890208019.687868,3809060750.292512,4180756610.175435,360251601.56419694,4141973441.085325,329249358.11295706
102,8883702393.134708,3843387226.666752,3762080219.878471,4180190981.7027893,338070602.44688755,4141042118.8897767,309888863.91356444
103,8876850039.562742,3795402249.798964,3719437121.3026414,4179552540.566031,360612029.2244891,4140139967.775123,302389956.06265974
104,8874310745.21611,3750847716.7892933,3682587023.709492,4179019721.122252,337972104.8874121,4139573475.9197006,297530400.9400526
105,8862532811.117058,3705467187.3034954,3645022823.663152,4178407006.2591248,362760877.8992338,4139044264.281157,294532577.59811956
106,8851777118.917112,3657834296.735933,3611300560.787351,4177872489.562732,338223115.1412278,4131089802.4631066,322001961.2152173
107,8841697165.589565,3619413081.564154,3574567983.3913603,4177287739.0298877,363068994.5901358,4130213108.371776,303398769.440365
108,8831854051.647287,3579515391.439536,3540478604.621013,4176788220.6208186,338190597.3422826,4129391430.1149364,296236593.71925956
109,8824516274.983585,3535271190.87629,3502440082.05721,4176213136.2441344,364735949.372359,4128762210.3549986,291368097.33619326
110,8817096997.418728,3497070529.4357243,3469831161.3629446,4175717128.844232,339626169.91789055,4128317916.1005287,288537707.76844066
111,8807579720.539997,3459749574.1813087,3429130282.9361053,4175163435.6541076,365376903.5130134,4125987863.95861,315616297.9473175
112,8796358465.037794,3419167487.127649,3391156620.037046,4174669665.010416,338281717.9100784,4125186625.8965344,297284470.8203636
113,8799266173.097775,3378744086.992294,3357362490.5436864,4174124475.455006,367259152.1563513,4124335966.762443,290357422.6784737
114,8782607163.0958,3340179700.2157183,3326206403.3723702,4173633132.5483747,339910782.097922,4123840532.3554335,285765357.24126965
115,8787245935.154623,3299922792.524934,3289141013.54737,4173082959.476189,369471618.46225834,4123310763.054185,283161336.90385383
116,8766969838.10821,3265898167.8560357,3252989018.473841,4172583747.651378,340594651.95856076,4115738120.264693,310026834.4843648
117,8775927948.059042,3229302658.457946,3219380735.981555,4172055295.4870543,369961146.2364073,4114786903.1554265,291944411.7976768
118,8747974346.309086,3189784691.9690337,3188741095.305467,4171553316.9508348,339911465.3399011,4113731045.788016,284928152.34618384
119,8737987834.013067,3155357909.575942,3154289751.4038777,4171029256.966554,367174078.243185,4113083868.41641,280223458.4179244
120,8724020551.877916,3121291769.917073,3122708805.808999,4170562802.4502087,338938797.27437204,4112519232.426073,277156845.11109763
121,8715434725.509354,3084942476.39167,3096468150.9279757,4170049872.609498,365465915.8657312,4110400787.419789,303860275.9443927
122,8703109812.867584,3050544346.821013,3071372217.6149626,4169592935.1079082,337586110.275441,4109729751.230632,286342254.7522401
123,8696351262.691841,3014950480.5423064,3048879735.8313394,4169091425.172437,367014953.52923095,4109020352.6890473,279625090.61255556
124,8684573124.839254,2979165753.3461914,3021754550.1009884,4168640334.8059583,338956204.3642375,4108633834.7122855,275128200.6812754
125,8701201831.981144,2948388150.155612,2997752798.6262326,4168151577.5878606,369579540.75824827,4108261307.898204,272217970.31862134
126,8674016432.401249,2920794467.360921,2969443210.583569,4167716789.5510287,337944335.59056395,4101419645.387162,297648588.26406217
127,8668676865.57853,2888017003.6334877,2945407235.9492116,4167219820.9453278,368615694.3842162,4100847197.6310854,280648026.22745556
128,8645962234.985376,2855465837.2155266,2921619940.749641,4166777134.368653,339473375.4641256,4100219501.5377913,273807199.07588506
129,8637139393.110907,2823791275.4901595,2897667535.2548823,4166285104.7062526,370913196.5552078,4099541114.9875374,269686681.8091697
130,8628051451.626408,2794157787.512037,2874367810.106193,4165865128.5710382,338258769.61304843,4098908132.3921585,266958287.13557243
131,8632112607.025366,2765053458.7257695,2851363041.093452,4165373055.6717253,367339374.2401012,4097033541.8598843,291199693.52895784
132,8615386508.355791,2729570013.6588373,2830877878.987393,4164871181.115661,337956225.8861796,4096618034.54427,275972696.9382389
133,8607389926.158735,2697487112.231659,2809373094.557717,4164457600.9870777,369970335.50431246,4095723841.426467,269049593.7859241
134,8602292159.220373,2663843813.4214044,2790744270.140279,4164057629.1311464,338236156.89764076,4095273363.058879,265060058.62251148
135,8605258727.084219,2633593201.009175,2771589310.8079457,4163658863.1413984,369660053.6795384,4094782107.5090833,262600912.20629084
136,8593162809.033838,2602560057.3862715,2752911795.1962276,4163307008.78424,338304185.2892211,4088728277.295146,288046246.9004235
137,8576756134.052056,2573791949.0078616,2736132265.9756308,4162935465.345436,372497846.24933785,4088237371.3581986,271387562.1588356
138,8555058279.697793,2544532053.8258996,2718049914.4298797,4162585462.315032,338569870.37802666,4087734741.8680797,264980197.85331836
139,8537251631.4292755,2513177798.485176,2703505768.5283475,4162217855.9089823,372637998.74660385,4087318854.8344803,260810035.47840276
140,8555064079.68909,2483428874.0410924,2688790679.82759,4161881128.6653132,339146730.96028167,4087106117.593736,258118231.88274336
141,8531454101.857931,2452223614.678048,2672948786.255224,4161524563.0329123,375567447.0538144,4085543856.428347,281857756.1083765
142,8535720746.620754,2424407478.8650365,2658718014.29264,4161201716.4585986,338937214.8547152,4085181368.492984,266594030.36362404
143,8497058290.152349,2399382348.4703107,2646243819.69443,4160850982.0846114,374871461.5115637,4084710494.184383,260388618.16296816
144,8500197276.9858885,2370349910.90435,2632273951.349138,4160532970.7914276,338999578.50467336,4084486627.8995495,256724852.74368066
145,8488717706.974562,2342862883.7014256,2615877723.1693735,4160201110.564739,375983995.28157336,4084207351.361002,254099883.2964203
146,8487117294.839933,2315616258.900979,2604273405.1775503,4159889667.4924035,340369376.3055739,4079368015.5895414,276968563.1545025
147,8464919068.321723,2290451561.977775,2588384051.4565,4159557673.881117,376252338.1925214,4079006244.347291,262164228.23544028
148,8454357654.090898,2265204089.663812,2574862409.5714746,4159246127.9811435,339736288.7233796,4078547821.0498533,255955209.25622082
149,8442095066.491494,2240692114.022256,2560810877.1534705,4158927399.965624,377428913.89816374,4078229273.6222453,252276253.93112174
150,8442706606.6876545,2216874341.1126604,2547952466.1496897,4158624556.314202,341072842.6794882,4078055138.7523656,249719032.97417107
151,8427053035.798047,2190208950.4519577,2534877618.8342385,4158321220.640536,379064916.16707176,4076620552.2869225,272423900.4467201
152,8418013435.971035,2166443472.1326404,2520431660.445991,4158029841.1598897,340012558.0472474,4076369614.179681,258446363.6322191
153,8411254425.050836,2140870580.2756374,2506796053.6866226,4157749552.8197126,376637425.6076357,4075960179.0741735,252047371.23284605
154,8401547213.451391,2117723551.8046331,2494236255.9317117,4157467212.0594683,341088509.2998607,4075778837.259596,248609793.65729
155,8395204809.713692,2097152649.1916234,2482136851.431564,4157196908.8825827,381317119.97476774,4075538247.982235,246517054.21772826
156,8385510130.822722,2075501860.144642,2469889202.6557727,4156947858.0351763,340886371.03160626,4071072504.863835,270501023.4863021
157,8377703236.557658,2057117756.479109,2457363361.338285,4156684444.831576,378036108.6547514,4070787809.2442465,256000650.65859866
158,8371631924.138489,2032463325.2093506,2445815887.7999606,4156446908.58063,341282938.6368997,4070406123.091628,249880799.04728726
159,8363585553.829569,2012738825.7203372,2435020242.067233,4156200715.528248,381063832.8159043,4070140357.296204,246009248.62955868
160,8355627436.62751,1994979527.692226,2422214965.29893,4155973143.1226273,342145949.7901691,4069995803.2485414,243706058.7089421
161,8347414949.150183,1975309846.013015,2410799643.543376,4155736767.936704,381789779.5344176,4068694514.841848,269553817.3028746
162,8339721942.175688,1952508319.1928144,2398350411.0596347,4155521287.159815,343696537.68768275,4068521458.1096983,253556579.82229447
163,8334662120.33303,1935506986.130955,2384506582.6701655,4155296583.8738017,386453915.87595475,4068186747.7184825,247280531.4096111
164,8327041225.586535,1919945602.084686,2372837604.840476,4155085107.7967587,345374955.75485,4068069472.5634217,243349218.15899035
165,8322023723.946288,1904278222.503924,2362235615.3987503,4154868668.327255,387757401.9672286,4067866075.9520736,240974751.2763567
166,8309458671.271252,1887308384.6463294,2353145804.4201217,4154653391.3194304,346770491.41877276,4063838091.154807,266031719.03941208
167,8302191985.073634,1867229214.589483,2343834375.4028378,4154434780.761433,390064928.32755226,4063643760.188346,250769459.52361372
168,8291639018.322917,1850643919.9144835,2334494400.491533,4154226552.611612,346847548.5181587,4063309130.2798266,244307519.87709183
169,8283419707.757871,1832025156.2593935,2325046886.360463,4153989175.362271,390686996.4428812,4063073827.5976048,240399052.6042258
170,8277091681.947345,1815314915.9283226,2315342291.182957,4153759679.4297547,347453880.91615796,4062947831.8561735,237929183.95284227
171,8268199001.7288065,1799141004.2989068,2305427572.5917788,4153528294.8559914,392855666.07055295,4061783912.1826997,262303356.19116136
172,8261994794.030192,1781477097.1368341,2296234540.474366,4153298617.2788997,348862040.49870676,4061659442.2742634,247859341.98798615
173,8254227346.694421,1769449321.3636777,2287075075.1138334,4153055620.1406136,393681507.5831012,4061369290.793054,241950485.47060436
174,8248509832.6470785,1758179818.278057,2277047552.729091,4152803763.659524,349424688.0122543,4061276411.0818615,238069748.31233093
175,8244412998.3460245,1745403691.3760474,2267823879.4083076,4152525731.095539,394709469.11765045,4061115906.4064784,235768970.41817388
176,8235715681.475884,1733954471.904042,2258729995.505246,4152218635.829957,350162238.8742556,4057620346.7737756,261099760.45025173
177,8228926674.822092,1719445702.2261634,2249253779.231677,4151869197.977743,395823422.72284895,4057444362.2557673,245341353.97498438
178,8224034607.154242,1706738253.2342525,2240815545.985445,4151469752.4243155,350971460.74806064,4057136997.190446,239567152.24306074
179,8215819430.370201,1694027763.2893329,2232474344.253515,4151102742.3218284,398156334.8318785,4056895860.4459105,235682139.8930492
180,8220974630.27306,1679964069.8025131,2224595873.1056156,4150848622.9568653,352947408.8337269,4056805074.0578413,233144418.91586322
181,8203335540.327694,1667221195.5305154,2216567070.910616,4150496014.179826,401772015.6410039,4055850135.5268707,255963187.90469632
182,8200598737.546552,1651477675.4913487,2208675079.211101,4150197303.7395906,352986198.38536704,4055840036.722206,241416671.03037027
183,8193644281.217709,1637891882.9314756,2201312322.111739,4149860782.544846,398192837.8064694,4055618149.504263,236021499.35330477
184,8188513741.064262,1625624834.205436,2192445255.6833787,4149590495.6743298,353131180.4437371,4055577646.4886365,232467936.81378073
185,8182404085.850433,1616221825.1459272,2184197945.850323,4149258845.94699,398286517.18576765,4055448057.2623887,230093071.4935599
186,8179621714.986303,1603572980.977459,2175811048.601306,4149016530.424153,354486782.48890674,4052502502.8638763,252563534.24414766
187,8173913472.162081,1589804140.2246358,2167362768.6263914,4148736951.9401107,399236160.7347451,4052467552.438819,238403259.79189068
188,8167198385.929694,1578534412.0331948,2159239261.0260205,4148517589.171057,355166161.0728028,4052277011.8374386,233292762.0375411
189,8163956210.111927,1569108849.0292702,2151636641.309809,4148250919.6031113,401108561.8459352,4052119280.7468004,229565596.48728874
190,8158416656.643594,1560267072.5255904,2144011582.0593114,4148046683.4247913,352992296.91854435,4052061531.3581877,227435696.89977393
191,8152110547.3287945,1548578252.2437935,2135337207.662884,4147803584.5320535,398489794.2931822,4051178926.2936893,250441453.87858656
192,8146377159.053033,1538963089.0967507,2126328481.1743088,4147605860.8349366,353637311.5222659,4051219724.1960044,237003357.3893309
193,8141082632.149382,1532477431.1942723,2118855697.8139358,4147365199.6762395,403186000.83878076,4051044704.7059917,231150805.1085669
194,8134675304.494971,1528112168.604487,2110127199.9965117,4147170563.799243,356756522.5633563,4051029852.765622,227696343.67810494
195,8128288087.97887,1521530334.2646205,2102551343.591095,4146950881.1821446,408393292.56587,4050917295.258335,225411046.18647313
196,8122792151.754199,1515409544.8368974,2094722391.8923519,4146750314.7352786,357222740.5169788,4048359566.6492667,248681463.11371073
197,8119575229.580855,1501113537.0798597,2087808861.959035,4146515981.447752,410458847.35598403,4048329693.959722,234299866.00689816
198,8110554626.7181,1489171603.830516,2080823718.2261171,4146322306.1837225,359003131.17669845,4048158526.6174064,228431203.67422703
199,8104929949.208311,1478438617.844126,2073087900.3683374,4146094563.3617473,412818028.8836627,4048022837.1013494,225189769.7708612
200,8099612726.73707,1467063258.0473757,2065817873.8163602,4145897669.02442,360217754.4448021,4047973960.974492,222960939.71718195
201,8094603399.724815,1459205865.621585,2058714566.3906302,4145678580.6454315,410307572.65945226,4047201338.996812,247274843.57323796
202,8089654384.439347,1452195398.1392643,2051848559.6913917,4145497521.2258167,359306682.8386574,4047249783.666159,232452067.60767472
203,8085347149.252769,1443582878.8140078,2045502383.6987524,4145285474.230411,406176895.6401447,4047103126.052854,226987149.26803526
204,8079678031.617164,1436268655.66351,2039464802.270998,4145114881.281273,357738132.28429633,4047100447.946456,223433865.60298827
205,8075227302.160157,1428508726.3670552,2032102808.2235017,4144920135.7646294,406962485.1371296,4047003764.964313,221255127.12548086
206,8069572720.596899,1419895278.7550764,2025780487.5121095,4144744010.808554,360105316.08891666,4044692866.7795124,244595965.91702688
207,8064575756.371079,1412960541.705877,2019397412.35741,4144537387.1397305,409941684.09542525,4044709950.998292,229801386.13422576
208,8060797812.444597,1405649624.614901,2012900457.9885654,4144373973.6345935,359344141.4726308,4044576700.276585,224310232.56392986
209,8055962785.280107,1399488853.8512158,2007036165.9122298,4144174413.6891,410703476.6350928,4044452984.7359114,220710444.39328507
210,8051759734.774614,1393701691.3533669,1999422598.1124349,4144013897.472708,363842162.5359652,4044412813.673316,218648734.73862383
211,8046892775.349983,1386978774.2862196,1991520786.329648,4143818024.6718144,416742354.2904546,4043691582.8292193,241878323.78825444
212,8041410549.530887,1379431857.1958275,1985484292.5816782,4143654765.686684,365208236.37961286,4043774874.6523323,227789004.7047817
213,8035441361.914981,1373305148.8431664,1979857940.1036246,4143447050.18582,416377847.8822187,4043653198.9025626,222703321.21372384
214,8032676398.105775,1366405469.84499,1974294408.427271,4143279712.7009606,363794871.3633512,4043665250.361024,219274942.46059304
215,8027496863.7679405,1360198776.4074268,1968466404.7630117,4143071792.959792,415234631.8573684,4043584790.3323846,217361920.6703293
216,8022840003.966716,1354564606.8103487,1962578309.8020647,4142902040.691736,364137820.7260278,4041486676.1035876,241749222.77925125
217,8017903576.468679,1348700259.389942,1956477926.7499208,4142690032.1030693,416921423.7091703,4041534331.6578555,226659202.01878837
218,8012615542.502422,1342355247.983086,1949693207.8006039,4142516133.379017,364926194.8837548,4041417669.934482,221402829.23895568
219,8008093480.183975,1335937980.0147333,1943501518.8940668,4142301217.211661,417914619.371293,4041313705.575772,218266656.79259986
220,8004486895.139194,1330669216.5505517,1937428058.5008523,4142134208.082772,365452367.85160065,4041282687.087335,216293704.08335462
221,8001214421.372238,1325356478.2180388,1931347040.5400772,4141945341.3595505,421640105.7818115,4040624876.4741344,241466184.74538082
222,7996389237.973698,1319834258.7322755,1925618467.140791,4141783811.1902256,366617963.4095603,4040713859.3276606,226610774.08428046
223,7991320224.576422,1313518710.690046,1920027145.6789427,4141591672.2651978,427436502.9392807,4040598525.4347696,220485726.87523997
224,7986367597.302698,1307828871.3781612,1914075729.5028088,4141431251.996399,367580418.2858563,4040620852.0039177,216944356.0080771
225,7982271082.542892,1301609518.3356974,1908357523.58989,4141243272.54406,428068504.17324746,4040546781.639856,215522665.09838802
226,7977240936.340417,1295564977.5602624,1903037779.2965286,4141085301.9583993,368499340.0640708,4038584730.5171056,239758093.05680618
227,7973651852.754079,1290159002.402319,1897317161.209378,4140902043.876176,428224763.758667,4038623315.260852,224314859.84863773
228,7969905097.534062,1283976095.2390988,1892162914.768892,4140752373.0398064,366902665.12915015,4038493367.733151,218644128.3560563
229,7966871467.508362,1278553111.8299394,1886477292.7923098,4140572216.3465333,426619935.2764898,4038381239.5251064,215632663.99350074
230,7961773822.651758,1273321837.1912348,1881046960.7106256,4140429831.0549498,370000312.575513,4038358827.047811,213810394.36048904
231,7956626552.806476,1266992575.3639376,1875835663.3540673,4140265175.882334,432968374.5172402,4037757291.5508647,238178885.94889146
232,7951721666.796676,1261616218.2831879,1869822222.5416882,4140127166.222567,369516677.7114934,4037870156.7462254,223890500.88012603
233,7948781293.205772,1255783272.942994,1864035060.0116768,4139966335.684185,426679526.5681494,4037773854.164225,218456316.84019852
234,7943777288.088543,1250952226.3183231,1857817228.8939235,4139833103.6262927,366663715.60453,4037812750.4161367,215559538.95081797
235,7940543175.082567,1245293905.891787,1852030310.9958277,4139678964.007193,424581604.3082972,4037751971.814455,213984713.12748578
236,7935296779.243093,1240600598.5973105,1846448081.4345534,4139552612.4570723,367656835.62621677,4036077428.346129,239850515.61535686
237,7932124211.913465,1235970362.075435,1840902169.6310391,4139406693.61433,424426243.8072019,4036105639.6634283,223834126.00896886
238,7927218374.064259,1231568437.8663404,1835805107.3315196,4139289721.843885,366708738.62939113,4036020335.466631,218448365.75815806
239,7923537910.612227,1226637933.8825707,1830309559.4336848,4139159984.343471,423657304.016888,4035918256.4944706,215277904.75639817
240,7919666210.771795,1222226725.4282887,1825430600.9971592,4139046818.189292,368182460.3015259,4035883071.845503,213616901.610776
241,7915104079.167047,1217492672.0359216,1820141721.7016497,4138912283.226811,424823179.6470645,4035403389.7118516,240431294.68303618
242,7911385243.846679,1212268303.9488485,1814651639.207914,4138800430.4292636,369659863.25766903,4035544629.4244366,224588066.73824367
243,7907562028.819133,1208290373.1823003,1810002897.544615,4138669499.701931,426634736.2067581,4035473240.6947927,219143165.12045693
244,7902759209.616548,1203996303.0557103,1805187494.1679957,4138562653.255974,367842235.54607046,4035520446.683364,215710053.42870188
245,7898790260.618002,1199540393.6648505,1800213174.3216028,4138435244.486212,422768698.52404094,4035467322.3955545,213894128.13151613
246,7895647730.461534,1195578031.3044958,1794962381.0544364,4138329914.719136,368124972.44270205,4034079668.861027,240646253.5230358
247,7892679128.150482,1191794338.6391304,1790936656.4798696,4138216091.630446,424837198.57856226,4034152708.8459244,223920254.90597212
248,7888711367.693221,1187331217.363376,1785810378.8597722,4138110738.214352,369216692.23031634,4034111776.2210436,217360659.06164706
249,7884503623.238096,1182023579.59737,1781328017.5779195,4137993660.40554,425336270.7500237,4033871379.7735834,213563026.09582335
250,7881854514.47154,1176811007.4408677,1776744152.4060724,4137889028.082383,369482977.26700497,4033790255.994154,211486896.07415497
251,7881238820.944512,1172560819.3270457,1772119259.3118353,4137773515.894571,426957206.4229914,4033332822.6038795,238603187.13582972
252,7875515175.633758,1168493800.916768,1766705518.5932434,4137666401.4888167,373676797.5560059,4033464698.9714484,221983664.48395276
253,7873775342.268839,1164561941.844399,1761575237.1612263,4137547064.432957,433967581.08331645,4033417348.8957973,216424050.9778216
254,7868377469.623134,1160611488.1001308,1757232102.2112334,4137445989.727485,374837246.1279183,4033467574.5377884,214250453.28417528
255,7866157230.596771,1156953582.2071996,1753032408.546851,4137340239.4991264,431890582.66336197,4033426985.4334555,212671451.1832462
256,7864879614.894933,1153129446.8359659,1748593241.4091973,4137238400.4557767,373797955.2671102,4032215152.508605,240975096.43048036
257,7861698336.868412,1149406298.3535175,1744390027.0839672,4137125332.0674295,429886161.6444179,4032274613.553725,223504209.3574224
258,7857563675.594802,1145850087.6135468,1739693545.392658,4136982365.3588953,375239662.56944305,4032248666.454854,217564408.406456
259,7854574190.748221,1142448252.149803,1734774597.3086,4136848658.6288753,434072843.3428957,4032192045.086801,213888873.52031675
260,7850823444.601967,1138737286.6152704,1730783041.7822733,4136749905.405463,380405313.3754974,4032193200.2887096,211943847.84337536
261,7846947891.034381,1134624555.9109316,1726254516.9738781,4136646095.959035,445073594.7728938,4031796521.2195435,243256803.4838526
262,7845603805.146369,1130897442.8976474,1721741221.5163505,4136552063.8142495,386078376.9602221,4031948880.190539,223822812.93447283
263,7839718013.58769,1127192985.658223,1716878626.0480556,4136449964.576871,447103479.7502532,4031906866.67091,217636459.64703023
264,7837200310.947989,1123584390.1081176,1712132124.6701298,4136360075.5405793,386559129.83521247,4031953625.6824737,213687302.61424348
265,7834214675.837085,1120591767.164112,1707854805.5657508,4136261486.2610173,453009722.24631494,4031911009.045962,211823597.20139438
266,7829448351.850899,1117359603.9597754,1703380699.0304906,4136171374.684133,391208447.28157544,4030893386.487072,241013407.30654293
267,7825437521.725657,1114087937.228769,1699770671.3998756,4136066950.458604,450809586.47630346,4030942264.7840505,222556307.65512058
268,7820972623.40236,1110934340.2902727,1696249863.5231051,4135976479.4611135,390540627.6036775,4030913115.903842,215800857.24248236
269,7819094939.535522,1107285668.3440557,1691754969.90432,4135872301.907097,455665787.36981255,4030843047.231919,211958584.2103759
270,7815757064.060396,1103031282.106549,1687672575.2104626,4135784540.925706,389795084.20900947,4030820204.156496,209356079.94625917
271,7811929160.053469,1099556558.5610645,1683605652.742412,4135680873.8213634,455918898.95361656,4030434507.508006,237316321.81304267
272,7809855382.616956,1096075704.0896258,1679621307.9847813,4135597074.752799,390630226.7571371,4030590944.411884,220482428.1307886
273,7806030465.087085,1092261100.6815379,1675712243.2545846,4135494776.701047,456471515.72923815,4030549812.697208,215171796.31127167
274,7802302622.545285,1089430153.600006,1671771074.1550791,4135415313.613949,388903200.05002576,4030605453.775576,212193634.63360322
275,7798397287.5248995,1086762212.8655355,1667285474.6385484,4135312972.250572,450335062.91439396,4030573524.3471956,210323838.04703727
276,7795227751.656344,1083608374.2843344,1663087048.3907678,4135237280.04283,387815860.72665006,4029681555.7573175,238704208.5628333
277,7791852167.989813,1080241094.728348,1659742826.2795846,4135147982.462946,454715058.9256942,4029744272.6352143,222092686.75524116
278,7787960239.434149,1077313533.8848107,1655863946.0259821,4135075640.3442235,391063943.239221,4029737674.6678977,215695191.95485675
279,7784391537.504344,1074214245.0503533,1652024938.436354,4134983466.208734,456920080.1021234,4029700621.979039,213021440.72982508
280,7780963841.871526,1070964335.3036664,1648534387.013294,4134916638.374789,389900341.84756243,4029713553.5173535,210979435.63591865
281,7778312497.145678,1067943640.6590912,1645031980.7091258,4134827229.9275436,462829353.2075469,4029371009.91396,239764323.76452306
282,7775784519.211107,1064762153.4382614,1640793643.3515072,4134766801.8485236,393352662.0062852,4029543094.2679286,221580115.3556781
283,7771691236.005317,1061940675.9548477,1637346138.1121998,4134676269.131776,460559427.6822188,4029520961.129079,215095140.06346887
284,7770063901.393179,1058543552.7807468,1633192056.8931015,4134617552.506813,392562406.20982206,4029578184.0172625,211703446.43650505
285,7765949204.416818,1055544030.2558842,1629374099.4337103,4134537472.0859113,463728769.23112506,4029555741.6111155,209195572.29603687
286,7764292453.724004,1052171977.4608887,1625222545.0517335,4134480942.212935,397655528.66023487,4028756106.763659,237201846.61438265
287,7761248582.8245325,1049165286.7417744,1620953366.5847204,4134401809.551829,470088798.02515924,4028834632.3672423,219141542.39997742
288,7757904527.931041,1045961070.3672367,1616427090.7669053,4134346639.2455606,399701174.24621576,4028835806.059467,212567747.87977618
289,7754912582.78753,1043047823.5967891,1611575059.1487637,4134270057.900161,471277684.82684255,4028807278.4198513,209029610.28950158
290,7752400255.968797,1040227309.7246703,1607293401.616743,4134217075.3899517,403139946.2601372,4028820784.2098765,206968081.509969
291,7749436628.984032,1036837926.0978559,1603155607.2677298,4134140067.1191883,473512800.06650186,4028508039.969447,234273804.53382826
292,7746502967.451421,1033876276.886354,1599523452.7264764,4134090474.298317,401862203.28870785,4028668846.900712,217860207.92607433
293,7744498931.886291,1030989768.294438,1595766729.3143244,4134019089.3877916,470079901.8026269,4028652290.2747326,211971723.2950634
294,7741511621.246453,1027926289.0223641,1591771584.4161155,4133971337.632411,406813550.5967665,4028713259.054698,208969167.63829628
295,7738845663.633136,1024863484.7436705,1588090104.7812645,4133896823.5220337,473420788.57461834,4028692276.5709295,207506006.69476163
296,7735854086.866595,1022299159.6334949,1584149154.0245204,4133849943.317548,406550429.84750813,4027969431.6996307,237197455.48346472
297,7732861514.196091,1020044245.6754978,1580193706.4359455,4133781430.3689666,477848082.13380134,4028050775.3684907,217863792.99005184
298,7730142646.434401,1016908617.4819125,1576418380.7194474,4133735960.391759,407688624.54696757,4028067318.2390404,212840729.4692469
299,7726961632.994671,1013856583.6664407,1572820644.052235,4133661430.9129543,471021292.84564584,4028044584.0487933,210349184.32242924
300,7724517729.634452,1010607649.5171775,1569681788.3990946,4133616947.3603463,408962006.0050718,4028063696.3797164,209309702.8662107
301,7721529604.7180605,1008074136.8710636,1566191559.973404,4133550834.151102,472122817.0505601,4027761113.9708166,241021662.42007402
302,7717226570.44256,1005503570.5630624,1562677939.5244942,4133507360.336785,409614519.21032035,4027917798.784737,221439854.72271356
303,7712645130.59724,1002786853.6099324,1559098936.4984043,4133440098.6970987,473873030.6960614,4027894255.6203504,214288869.74218732
304,7709778915.871441,1000169697.8291485,1555305491.6301486,4133396961.039819,409237979.23305273,4027950562.9290133,211294601.1580029
305,7707672213.59354,997453862.0977796,1551778051.2424278,4133330559.4033613,473886594.0792809,4027930254.5642285,208526535.90487733
306,7705774398.751487,994857093.0222609,1548312475.193305,4133287755.0791283,412573277.59252506,4027236329.8241963,238775232.37082127
307,7701281610.446822,992255090.6527519,1544972499.2325473,4133222797.7204275,474226286.9593829,4027314280.8053346,219451215.7354082
308,7699399310.077249,989494984.450987,1541993515.3546133,4133180480.6110034,413543164.61610717,4027327504.859955,213345108.46494168
309,7695806864.591342,986984261.396884,1538822438.0092528,4133114970.5363297,476405777.9523553,4027302460.3197956,209684013.45250618
310,7693897857.959103,984608125.4365788,1535689878.1007936,4133071948.375383,412374881.92195755,4027318197.4428844,207194823.68252668
311,7689308395.514244,982225158.4204091,1532608362.483847,4133006664.3759646,476349662.92490333,4027018911.3638787,236117393.86241627
312,7685023592.48442,979708974.7004248,1529107671.3646562,4132963824.9914613,415759397.9318846,4027173269.8445225,217029436.53951392
313,7681654280.96566,977177385.5893981,1525791640.55906,4132893432.308414,487263624.64352053,4027156051.407914,211821777.59326586
314,7680064151.198442,974393163.4008955,1522336329.3292067,4132851154.600418,422035987.3156881,4027211037.1077228,209383576.71016967
315,7677728757.054704,971735330.7706714,1518805586.26858,4132789131.0227036,498867433.7777531,4027191318.8017263,207527214.62512913
316,7675203326.4798155,969344809.9286687,1515723781.5273438,4132748123.87989,430177208.44696265,4026541119.56231,235510292.3592616
317,7672914262.983584,966562157.0145601,1512436824.1221561,4132687574.075005,500905595.08853626,4026615760.6482854,217961107.72647682
318,7669704019.0000925,964035816.7367042,1509133553.400173,4132646554.039248,426797708.42108434,4026628324.022626,211509686.31380248
319,7666525928.7164135,961676987.5153124,1505862296.8320267,4132585756.376104,498102261.316067,4026609503.568246,208295956.4476838
320,7663464490.007834,959517466.6108094,1502441448.0529025,4132544109.9748516,434992977.78717,4026627085.445096,206323076.18679547
321,7660910565.3536415,956917356.3548912,1499412375.5801003,4132481889.3941665,505790229.26243603,4026333575.0349193,234838787.04055727
322,7657679968.721501,954484798.5570089,1496552833.7268455,4132439298.9972363,435881058.9599687,4026490162.9025707,216685843.53034633
323,7656633959.515181,951956274.8950906,1493223962.2911384,4132371580.5056067,506338901.73540395,4026472575.03613,211133036.79358327
324,7653834814.88936,949328340.8797934,1490245737.5758357,4132328513.8453603,441036299.60183805,4026524292.4574685,208513312.2605423
325,7651630446.593992,946970707.3111567,1486807910.978451,4132266333.9035797,513647536.64263767,4026501050.4096794,206786491.16659138
326,7648595901.49258,944530303.3939831,1483301935.0684252,4132221905.1362867,443321820.50210774,4025815240.8705025,238550273.82944876
327,7644962595.256408,942235977.4336481,1479891075.915548,4132158831.1851373,513177049.09013593,4025885805.286996,220500202.0295683
328,7641215909.705848,940030747.1867611,1476777559.2392168,4132113548.1637235,448057234.22116375,4025897126.755513,214558427.54291105
329,7638023356.898213,937693740.5209239,1473591603.1990902,4132048778.9772887,525052957.50200987,4025877583.136905,211943241.1333657
330,7635005001.574319,935123322.071182,1470578249.9199624,4132000685.2134943,446862157.56580395,4025886182.8899827,210396807.95653257
331,7632104440.680939,932645255.954926,1467661593.4039884,4131936722.622667,516032029.6756667,4025603785.328815,243006792.24196014
332,7630131825.952726,930603575.4689492,1464791971.2781725,4131891478.0544457,451018764.0747114,4025755328.11878,223394209.16267014
333,7626668970.701871,928282829.5179114,1461930726.8917277,4131825337.0354366,528722363.42428297,4025736673.7131824,217331114.10220617
334,7623263583.788057,926105815.64492,1458960260.710208,4131775156.3226833,454923274.63298374,4025790400.926836,214498049.7167529
335,7621381990.653,924136020.3831416,1456022872.351067,4131705646.5933313,526615086.49443114,4025770432.014358,212830344.856646
336,7619412642.408595,921814719.807865,1453360877.11836,4131657260.9564757,458307175.7122546,4025116855.282614,248067851.26010615
337,7617207733.403094,919676002.0897999,1450247606.001761,4131580079.3535104,535836486.78515357,4025187131.011338,225819728.5685048
338,7614395929.928238,917498461.6957676,1447470339.459394,4131478435.729844,457533241.20184,4025197986.6403995,219243409.9375125
339,7611681566.505084,915346577.3234662,1444466892.2711043,4131388119.5700574,527561650.5337629,4025180694.513944,215855123.61817113
340,7608490428.550227,913257026.6398207,1441559604.0204284,4131331230.705431,463340641.09045017,4025198340.0733047,214160005.81189743
341,7605163229.72491,910988934.5458405,1439519841.133046,4131248708.5421343,529407232.3844842,4024917248.23169,248445993.30323732
342,7603266523.088224,908812827.5199881,1436521791.376808,4131193697.333882,462947617.0981937,4025065178.1361017,228228685.4391824
343,7600886041.771179,906693501.3286694,1433514100.6361427,4131112821.8880515,525938974.4518897,4025051804.9373655,222399951.17722705
344,7598914552.251516,904688390.2980789,1430664440.5600302,4131051616.4080844,458599462.1720684,4025108378.376524,220559540.6953361
345,7597841657.495887,902469603.5673676,1427645850.3723917,4130967830.6133933,525807623.6615988,4025090509.8366575,219135116.64390248
346,7594437407.789413,900302070.1933815,1424506862.2190778,4130908894.606142,462437881.08210826,4024463285.9447885,254127052.15524107
347,7591390718.516968,898357328.689879,1421860051.0595913,4130825470.4941015,531631324.8091411,4024532764.157052,232919421.29066828
348,7588223891.866367,896279343.3430066,1419107720.87247,4130766368.8646564,464827791.0938826,4024536607.4487567,226562811.49640298
349,7586504175.057895,894233142.2083358,1416378591.7701063,4130678376.049282,535862845.6999474,4024516652.7650576,222516999.57150513
350,7584544615.523136,892231742.4811237,1413985678.0082424,4130617005.9574285,464287517.7749625,4024533062.5081754,220116985.1098499
351,7581282756.700102,890033518.4523253,1410910744.2268186,4130531449.6532803,530268317.7800436,4024268378.273219,259014030.07294244
352,7579748254.347793,887802377.1868409,1408114251.0712996,4130470021.4945765,458472877.01427394,4024420123.827992,237545053.16964427
353,7577571228.14989,885535321.0997467,1405140037.0287054,4130390811.9935603,523574981.95698,4024408396.3361382,230511409.93763164
354,7574323060.462908,883661873.2847828,1402204415.778778,4130331655.910537,461305709.05102175,4024465191.5981,227090447.36852345
355,7572157609.943822,881638922.0693526,1399440017.0576777,4130253003.5381136,534614704.4702307,4024449962.640426,225372808.96252504
356,7569162029.619329,879514503.8001561,1396799514.5465698,4130195569.9820685,460668508.04596686,4023854266.10374,266663069.91125742
357,7564569174.193286,877533166.5832409,1394083615.7409444,4130118495.614816,534361521.3321327,4023930312.573317,242806668.3989841
358,7563466243.002154,875453381.3763664,1391501929.763422,4130062611.2980723,465255020.82774097,4023940896.313927,235427424.74877647
359,7560661003.726115,873334252.3918077,1388953250.118071,4129987816.8170047,533542448.94847083,4023923901.933947,232322439.61902133
360,7559282663.275585,871214676.0849812,1386323807.1815634,4129932031.9961133,460167553.5691981,4023939883.3436604,230046179.44161394
361,7557165238.253858,869296357.6488372,1383622909.316128,4129855229.3468122,535369483.4122821,4023694153.182199,270244439.0653919
362,7555347298.415437,867200594.9503167,1380985003.3345363,4129790388.509885,473434475.1968928,4023840875.15497,244947426.79053843
363,7553207830.50716,865364331.1568465,1378160452.1752393,4129716627.7292266,551423197.3824368,4023828515.0430703,238587799.81613302
364,7551749241.921346,863385538.0627747,1375337954.9343693,4129664017.7426934,474745638.76574534,4023884289.261174,236313354.6026141
365,7548652036.971948,861058400.2850034,1372701906.1745358,4129595344.9220953,550700618.7842318,4023870842.0624695,234407900.6543923
366,7547830136.731754,859233767.8114773,1370034695.4778328,4129543886.3950157,472214926.16036355,4023340892.248426,279149644.8206417
367,7545494898.884598,857244464.1696738,1367549194.3927062,4129471276.0519333,550945812.1001288,4023414969.704052,253866726.98993027
368,7541918828.4581585,855467636.1046994,1365089849.1200638,4129419262.2404857,474534433.8840045,4023429114.0682597,245771981.21092412
369,7539074117.023688,853534570.1347641,1362567425.3420146,4129355452.4837112,551178083.2360083,4023418679.077756,242723106.50338936
370,7537454052.08258,851569976.961313,1360087625.0017984,4129305911.6344123,474869640.3876874,4023436905.976665,241041154.7804153
371,7535614474.434835,849823236.2796538,1357251154.7696536,4129240447.601584,551803700.1959667,4023198566.938157,281232787.4810774
372,7532330092.493099,848092310.1992784,1354683062.4530394,4129191863.308204,478798869.8732728,4023350667.1159062,253952928.5086085
373,7530646615.003467,846184909.8046917,1352080317.9930048,4129130331.3986034,562357043.1723447,4023342342.0225115,247624589.71850112
374,7528281848.088884,844374773.9543897,1349786915.0747335,4129083451.586894,486031998.0832557,4023398690.3391566,242617791.49510935
375,7525946131.472853,842623419.1321579,1347163262.7975974,4129022202.285354,568419602.236395,4023387183.763984,242209675.95629588
376,7525519642.394515,840905291.8879433,1345094838.838122,4128976078.1213574,489743280.530902,4022885388.9720845,284862619.80796486
377,7522124918.021535,839312642.8456247,1342711078.8397305,4128911918.7580123,571389273.924688,4022955033.3561077,263389890.64725643
378,7521020054.195289,837620370.6344885,1340121948.6380668,4128868703.7132425,498448715.26084626,4022976844.680915,258961497.58441684
379,7518786335.8139305,835789037.188251,1337730260.6617892,4128810051.4715366,579918950.175215,4022967512.9666386,255430304.47569072
380,7516620606.088093,834098848.014054,1335260704.9915056,4128767782.140878,503829203.1579618,4022983721.0678887,255591491.6669702
381,7516272039.509376,832313042.2670515,1332598647.0941412,4128711552.7702856,583672807.393563,4022763615.3541675,299987010.30519795
382,7514542209.364729,830611574.6691041,1330304429.6184528,4128671121.8467574,508904314.42720634,4022875277.8026543,270907550.6353631
383,7511357372.516089,828763874.5899795,1327780421.7021446,4128616890.838925,588258211.3012366,4022848991.0848985,260622050.3934897
384,7511065930.787037,826983622.8926241,1325583148.7406025,4128577628.3605127,515322176.1042318,4022888137.841545,256570825.56709906
385,7508149535.134558,825185307.2957466,1323300285.4231346,4128524725.7829885,593905785.0867751,4022867549.6295533,252156088.79932928
386,7505883188.481773,823383606.5650835,1321444345.9866807,4128487134.4692307,517321196.76731104,4022386727.1844473,292917114.06179136
387,7503886667.605157,821474177.3768461,1319114544.4959915,4128436476.8257146,592943082.0467525,4022446161.2206182,270320517.30479413
388,7500817161.113378,819782959.4436392,1316922937.3345706,4128400980.4244733,522098167.19329154,4022463969.4941635,262929353.05395076
389,7499885786.26568,817969779.7398437,1314370235.3843691,4128348544.4606104,603081631.8820025,4022452244.000443,258408097.10548067
390,7499180404.442638,816202509.8357911,1311752405.3787305,4128313918.8237076,526594113.7478472,4022470349.1332626,253790118.30219328
391,7497873872.50134,814531520.6007756,1309006079.1020474,4128266000.3998847,609302792.2479123,4022253767.731296,295790913.82470125
392,7495149719.121324,812744493.2858809,1306478850.6254487,4128232523.2372885,530438121.9108121,4022389380.327586,274646489.1226198
393,7493170121.435506,811291569.4114407,1304365978.921967,4128185864.190065,607504882.9819089,4022382135.24443,268128588.93382296
394,7490439288.385574,809591823.8771693,1302026118.4192867,4128154157.6731453,531255911.98962444,4022433922.9036207,266895504.84610555
395,7488595157.48841,807877512.1398121,1299840656.2417498,4128108447.3716183,604824907.654512,4022423889.9205613,265667509.6255122
396,7486942640.535821,806129290.2741222,1297899863.0019436,4128078140.1968665,531558647.5666917,4021976580.327198,314024125.81343853
397,7484524291.59477,804325599.0723952,1295591563.6046567,4128035168.82068,604884301.7013931,4022038711.5905313,284553959.19283104
398,7482561460.881977,802864602.8634481,1293388345.5643055,4128006396.5025187,531683933.5521241,4022057118.2783713,277230382.5952413
399,7480492343.954953,800965423.3390045,1291067011.5253823,4127964063.39354,609450842.7269447,4022047590.2101927,273872579.30914414
400,7478270636.936817,799465552.165751,1288703939.0770519,4127936731.644096,538939527.5685025,4022064325.8181705,270997527.62566763
401,7475631003.602237,797825432.5221993,1286552973.3357742,4127891585.0536633,614755001.613733,4021857488.0938435,316922001.0596236
402,7473485175.978026,796220529.8498335,1284399902.125052,4127865199.709256,538715991.0294826,4021985632.847161,287037434.75376797
403,7471782807.2303705,794510018.393738,1282305316.2976987,4127825120.1206026,615586258.8481256,4021979659.917789,277529163.2551455
404,7469180063.059847,792747877.1574234,1280120840.3948574,4127798834.395874,544547704.1630708,4022025084.1081767,271495475.50376445
405,7466683211.348223,791056740.2312043,1278157657.92902,4127760531.540052,620312886.5905647,4022012950.1537576,269019651.8274569
406,7465652590.056653,789294211.7014364,1276186699.491724,4127735958.9302516,552648894.6271486,4021555159.602141,312378211.83171093
407,7464009428.006176,787819314.51652,1273623436.4632623,4127700009.5265255,626300645.9982818,4021610958.806271,288399507.31729704
408,7461868071.211417,786066469.0253174,1271419339.3309639,4127676109.882355,554380977.4112132,4021620067.463139,283412675.6474033
409,7459822923.369621,784439611.9545094,1269268355.7115352,4127636473.257911,626327795.1919503,4021604063.715995,278819762.07526773
410,7457369319.458975,782798639.8743286,1267341309.6840265,4127613411.5029902,551564513.6270242,4021617397.3392754,277558256.6444666
411,7455172890.541099,781322626.323122,1265115881.6592886,4127577989.606983,618303563.2019652,4021409181.9343414,325120093.1411622
412,7452744077.288704,779951622.1819533,1263197570.5171125,4127555389.221647,548539916.9252719,4021514912.462898,296749821.34270096
413,7451021101.08355,778110734.5285047,1261096793.8820937,4127519825.4398036,616401457.7126745,4021502621.778052,291331385.5898317
414,7447848838.243857,776662631.1233124,1259038495.414381,4127497281.2925124,548337074.0358809,4021543381.2652884,286734454.70940953
415,7446091646.474281,775185104.2270157,1256652067.076995,4127463048.626853,618124328.4071165,4021529159.330293,284399886.22524667
416,7444953770.94131,773623347.4036734,1254286161.0317898,4127441583.5695477,548616070.4874953,4021071937.5791225,326376998.5738778
417,7442962202.458399,772078369.2231534,1252118297.204849,4127408122.051259,606004290.1965661,4021122688.690309,300746440.54955417
418,7439913853.440606,770494160.8773957,1249891825.7968106,4127386916.7443166,541289758.6398348,4021136094.9869695,292224233.8197419
419,7438147580.368338,768973561.5401046,1248069164.5708473,4127350699.046418,610763500.429335,4021124697.3558903,289755088.5342365
420,7435842709.382933,767609759.0011461,1245958623.589902,4127330593.62989,544655580.3776753,4021141016.001534,287623792.1700404
421,7433264292.942063,766075251.1338648,1244197092.8591275,4127298635.008475,605041223.8892974,4020945329.2174096,332513339.7007499
422,7431277810.869811,764679478.7954922,1242139037.4988248,4127278685.321682,543095076.2900486,4021070258.151879,308832174.7441232
423,7428503306.327187,763141406.5183349,1240019713.8585243,4127247078.5454774,608591597.7445253,4021063241.6846166,303368853.82247126
424,7425908746.439268,761597019.5498532,1238142880.4614882,4127227472.3968945,547132699.0006726,4021109666.8763876,304809331.2837858
425,7423799826.315125,760225753.847276,1236090073.9576454,4127195322.192789,614195283.1331056,4021099229.801442,302852295.6387985
426,7421459946.179857,758773925.4453629,1234008908.4047577,4127176156.0164423,550515937.5622915,4020678271.4203176,348675483.10522
427,7419626905.207502,757387250.3052304,1232175539.970572,4127140468.6113653,618528293.9465722,4020730851.1716547,322458689.5868227
428,7415603096.921884,755917421.3321526,1230274302.6552715,4127121416.191919,554284749.2538869,4020737226.4211326,315203225.51167715
429,7413843197.905858,754474927.015605,1228264735.5881417,4127090573.3198833,615995304.692428,4020706736.568151,311742926.13669866
430,7411466489.848332,752995951.2365146,1226163071.2309484,4127071688.129098,559935794.8615965,4020714490.414643,305574146.23565656
431,7410734980.586265,751587392.9225354,1223980723.0800095,4127040467.6239777,615742723.8268477,4020525806.587679,355067245.7382206
432,7408597878.0433655,750420381.2998469,1221933937.238174,4127021929.3666015,557435282.9918867,4020649256.733393,331334534.9625662
433,7407049336.84089,748996017.9425278,1219764087.9381173,4126991087.760684,619495151.6859068,4020644635.93501,323519134.800557
434,7405778455.5477,747522921.4455465,1217631423.2695932,4126972380.0335584,556665190.9689387,4020688972.0779667,318171423.43347925
435,7403687287.036349,746052132.3253704,1215478374.6143053,4126941547.0772076,612116122.2382969,4020680971.9707556,315453955.50288665
436,7401151445.831828,744502266.7907091,1213557308.5012238,4126923286.0539503,563110135.2861108,4020279997.1656184,364374994.4613468
437,7398755844.244126,743347933.548115,1211542319.5578966,4126893116.4228773,613801168.984432,4020328314.4125924,336306510.7593788
438,7397762639.333239,741895374.7370123,1209500716.8038788,4126874868.2955165,566517477.3156939,4020345451.7173076,327481926.46124333
439,7394907624.206926,740212447.3454134,1207694597.555299,4126844191.727694,627515273.0642166,4020337163.9889245,323908000.02571845
440,7393564194.908324,738603690.5172096,1205727284.6952808,4126825944.386283,570347787.6339251,4020347257.523195,320371276.97570336
441,7391289074.224697,737453712.343543,1203691149.5232062,4126796413.1205764,627229485.2639207,4020189556.5019298,368613609.92024374
442,7389261399.286198,735825015.5014794,1201687157.325893,4126778161.043605,570885817.8687812,4020306772.3353987,339891069.68130434
443,7387592041.3976145,734374813.0325335,1199970701.2831333,4126748344.920036,628110664.9282298,4020305228.7675724,330864568.9336133
444,7384737603.337089,732908206.455701,1197971323.9830694,4126730603.923456,572986307.262048,4020350442.7713747,324290578.60264087
445,7382793292.776756,731437343.5976269,1195955742.611982,4126701384.17722,635368520.7790165,4020343968.1028214,322554612.22595507
446,7380122230.563124,729888795.6489592,1193709967.6329405,4126683680.193343,580544754.872736,4019957551.1629634,364949636.0896587
447,7377457194.885429,728457611.2064612,1191725459.4199028,4126655022.055058,642007292.0867878,4020011034.883917,337784506.46936876
448,7374918457.09504,727056890.6689154,1189681055.8353057,4126637841.479925,587607244.9151683,4020026340.0210094,332187711.2561714
449,7372711665.210538,725661046.4164124,1187755671.8768919,4126606975.771227,647237168.0322456,4020019453.8460417,326904172.28641176
450,7370447208.564015,724449824.888152,1186063222.840338,4126589288.1518207,591546562.2822121,4020036502.9688754,324963439.5967819
451,7368252884.350703,723178805.180033,1184351428.749818,4126560891.2453094,652267831.5151712,4019890375.4079037,367334805.14605445
452,7366100709.137909,721898135.6003941,1182343483.3977401,4126543550.6721315,596312131.2840253,4020001897.8348308,343569003.9091478
453,7364109447.144538,720332285.3493834,1180452842.0800493,4126516025.863382,650607867.6483799,4019998092.835235,336632722.5277777
454,7361820524.700935,718874837.8509957,1178677621.306462,4126498705.1344595,593595407.429264,4020042005.454724,340781994.875865
455,7360230852.141628,717351248.6567717,1176684427.3115692,4126468749.178568,643455303.3301817,4020034542.674575,340102046.7319057
456,7359026213.217199,716132801.0155495,1174774372.135169,4126451984.3054166,590634177.7156647,4019660330.03656,389196492.253469
457,7357696096.240842,714813323.1161488,1173006725.8213065,4126423887.830385,641379471.4395336,4019702095.682228,358914436.64435184
458,7355757452.264898,713376037.0790712,1171258925.846093,4126406210.704005,586838995.9680328,4019711301.078139,350546430.92588913
459,7353485623.3307085,712071816.2281126,1169556744.5066538,4126379014.508284,638225123.1359309,4019699585.055261,348782535.1064205
460,7351103298.856262,710615349.3177091,1167497114.7846773,4126361951.292806,589020137.0849742,4019711091.833607,348625100.451029
461,7349179603.03109,709305650.5814619,1165506517.761476,4126332752.6559534,643129476.7608452,4019562839.9460163,397594186.34559315
462,7347189766.2389765,708160978.3000749,1163611052.3979993,4126316034.754338,587638045.7012211,4019672703.546056,370725006.31640875
463,7346155665.223732,706811482.9707016,1161484618.5450776,4126291738.9502373,640166816.4731741,4019668225.0838304,363719028.961708
464,7344336915.799505,705612681.8810169,1159827840.0023513,4126275835.6993995,584058223.6741002,4019707304.2167244,361127712.0772831
465,7342593822.5230465,704402171.1993645,1158015962.2826567,4126252274.2749047,642748516.9601421,4019697941.447296,360381629.71902144
466,7340729376.235535,703117628.75186,1156114042.829103,4126237283.8864985,587882012.6621397,4019317996.6693335,411555233.41252303
467,7338344273.273986,701755276.5747128,1154218327.345809,4126211924.2473464,644763510.4358916,4019190118.048951,377312374.1599477
468,7336922432.200937,700536384.7066138,1152306547.4148626,4126197745.512566,590047837.0638664,4018908174.525919,366255933.92486805
469,7334940308.282596,699370284.8491145,1150501658.4071748,4126176092.1436167,642955327.1542506,4018535327.299589,363259686.4746522
470,7333486116.481992,698107792.8014679,1148681128.5153816,4126162589.091313,587779064.1531739,4018475811.842148,366753071.9755677
471,7332185903.431872,696738034.8383818,1146844162.4279137,4126141208.647711,644567089.8902025,4018250173.9242682,422188640.6417815
472,7329955113.404455,695518566.4040657,1144995436.2563663,4126127990.530667,592039515.0774802,4018335918.1958275,391733382.9533009
473,7328204948.904639,694310321.0288243,1143304266.7703469,4126104337.8158264,653728434.6758956,4018321914.5875945,387377046.5923945
474,7326036024.393287,693069334.0074185,1141802650.9633446,4126091507.0416875,595543822.7514875,4018358498.6438823,382289824.7971789
475,7324022590.632993,691877214.8282923,1140121132.529969,4126071021.3258524,661888715.1934388,4018350107.821248,379925718.98478603
476,7321956200.678196,690769125.5120075,1138665511.3034945,4126056485.290071,595173817.7591385,4018008286.2242556,437644622.45933807
477,7320498019.437971,689591084.7079664,1137041731.9172285,4126035449.3696556,652035789.8556571,4018050118.71898,412894451.00736094
478,7318309899.76993,688670711.0097022,1135404385.057142,4126022109.442492,595212470.5353042,4018063173.0664334,399170409.9289428
479,7316314570.707438,687444629.1159006,1133684424.6775453,4125998492.4647417,661421721.0349824,4018055506.870715,390294413.5412893
480,7314246193.497692,686727919.2189538,1131803770.905538,4125985802.2414618,596272564.4585183,4018069084.897045,383113476.92060816
481,7312364928.969019,685393416.980688,1129938023.7915652,4125964823.046194,657903028.9408387,4017949003.350875,443007438.1355953
482,7310075129.39683,684205327.4426283,1128333442.0720768,4125952440.7860403,596649539.835826,4018041567.6131897,412183363.94398886
483,7307725553.2405615,682839428.2702204,1126502086.8261456,4125933488.2075644,654563277.6225058,4018031855.5387335,403919587.2895102
484,7306633692.683144,681556804.6536624,1124881036.2526839,4125921362.377276,594995737.4211631,4018067852.7676196,399362772.40480465
485,7306601553.743077,680332315.3368251,1123127339.203462,4125902528.8245826,652445587.5387036,4018059220.3973856,397336952.4054187
486,7304443907.08762,679232079.1250945,1121743874.9355729,4125890271.995808,589766839.0299772,4017751049.5367885,442680042.39101756
487,7302509929.433979,678007031.3352922,1120093782.6315124,4125869300.088326,648567527.2070951,4017791452.095586,414574304.994447
488,7299764760.463623,676663468.466343,1118462746.6249285,4125857553.373235,588359304.3966374,4017805150.7574096,410026317.846629
489,7297860713.94298,675540766.0903608,1116689880.549932,4125839090.388133,653249907.019751,4017794165.522893,407115887.61722124
490,7295772614.177839,674588107.2723248,1115005817.9368382,4125828176.9673634,589236957.2427988,4017809462.7888985,401881967.31184524
491,7293751129.675036,673261612.8037868,1113338152.6395943,4125809990.552558,657169014.7413741,4017692227.302177,453313947.61623174
492,7291493222.894418,671990666.8688548,1111782420.5891767,4125798836.304489,592952668.8848172,4017786134.469497,420441621.7003086
493,7290274504.851943,670628312.6863222,1110141707.7718828,4125777891.5535364,653926953.5772729,4017784479.099043,411082529.19387585
494,7288469599.129335,669243511.6802012,1108548988.3143148,4125767253.067987,590659903.2082518,4017822735.358038,406575958.46656513
495,7286431257.117659,668167702.8015779,1106994634.7163537,4125748359.001632,657458698.8987906,4017816022.980691,406895042.36285305
496,7285902789.341717,667117218.8205465,1105380419.4016314,4125737606.4244742,595161193.3792036,4017532054.0780225,455360822.97271997
497,7284154501.76262,665953278.8173728,1103875499.6351342,4125719742.3671384,668921727.9677297,4017565832.0034556,426061309.8924171
498,7282439138.240031,664841089.0272654,1102580502.1651444,4125708987.139367,598881050.7444779,4017577622.2307534,422651061.26826054
499,7280900461.130313,663682501.6209499,1101130004.7633355,4125691939.0386744,669478113.6651222,4017568987.4938116,422690082.6684928
500,7279161123.88827,662697304.2261828,1099421184.4835837,4125681645.6589794,598813973.514206,4017581178.560458,424134323.94136614
501,7276932343.812048,661521432.7627997,1097867618.7152421,4125662723.33511,670770112.3627043,4017464319.169114,490255608.14234644
502,7276010943.705025,660431145.2114451,1096188129.4615293,4125652580.1954904,610048866.3440074,4017555194.944214,459813253.34893084
503,7274285895.156474,659370637.6329112,1094598812.4533293,4125636009.950594,681865596.9507948,4017552027.148518,459602742.262071
504,7272325695.208731,658170029.426905,1092979432.8521428,4125625923.5392885,609015728.685926,4017587681.906815,455963371.2882606
505,7270504026.5887575,657188355.6592748,1091348505.1096454,4125609880.689891,675038922.1331809,4017581708.7933755,451348360.4103805
506,7269649804.617564,656044609.126731,1089801916.7136102,4125600072.227586,610929328.9449708,4017328865.5322747,521761902.5905589
507,7267322074.183178,654904509.5379844,1088114075.7111955,4125580991.6995997,670084178.1428035,4017365817.9527736,494409214.6350493
508,7265221633.903106,653739003.4248207,1086535546.107588,4125570929.5298347,611905681.6294127,4017382663.335414,494659625.77740383
509,7263132060.896563,652771226.945108,1084970154.610552,4125554347.32095,677160884.9143108,4017375868.901423,486129510.5781096
510,7261562721.0374155,651731895.0128064,1083368618.5918524,4125544089.975651,608784040.4003761,4017390736.1647806,489706506.3012049
511,7259225049.548554,650555737.6836929,1081774164.6678803,4125527955.707929,672706201.5580125,4017286956.9187717,560522407.5615362
512,7257299080.224552,649419019.8368317,1080195774.7945952,4125517971.760693,606697884.8131319,4017374478.291468,523585098.53223395
513,7255357665.293138,648432911.4850448,1078696961.0995502,4125502474.8147926,674043413.0637254,4017372200.020371,511999093.4149343
514,7253535629.413468,647401152.2703366,1077141476.0047655,4125492585.9130554,607191786.135927,4017407028.395737,508799487.69032013
515,7251181917.072213,646237666.7165989,1075715572.8096178,4125475178.801146,673206218.6454309,4017401053.758492,506466490.709041
516,7249403823.497995,645253313.7079294,1074076152.4357164,4125466582.7043796,601869428.8641213,4017162994.8884335,585958217.5847305
517,7247808532.900946,644410797.7490169,1072574148.0046613,4125451555.6489134,681083804.1604671,4017201189.6920323,550108109.112762
518,7245837167.9325695,643406656.0656335,1071022835.7400649,4125442772.102184,607016995.8958964,4017217842.080051,543456267.5955355
519,7244229485.983931,642364558.8904331,1069489917.8562654,4125424732.3636184,676541558.5145919,4017212507.483439,538260067.6248382
520,7243085957.659165,641205088.0525837,1067739596.2723719,4125415889.4297147,603608329.6544118,4017227887.7551203,533625682.1791245
521,7241603137.030566,639996561.7415575,1066219347.9927685,4125401448.9988713,674986085.3273098,4017132594.4817595,610440252.1992139
522,7240064077.093793,639015040.7044976,1064664745.7397146,4125392266.941804,602487914.12622,4017217719.0928073,574249597.1058882
523,7238824267.476609,637879842.1735275,1063049558.3676533,4125377388.569125,677928956.4036833,4017217516.1914744,559817235.201024
524,7236996674.592823,636781737.8670453,1061699245.091157,4125368161.315166,603841772.1040767,4017252925.332782,556088164.1725699
525,7235654299.269319,635763890.7920853,1060071679.2762492,4125353561.5252724,668761469.0181813,4017248756.8514028,550991013.2483035
526,7234062383.386484,634836682.6608332,1058606953.2213002,4125344686.6652265,601254907.1003381,4017030183.8300543,622861507.4053376
527,7233176613.329827,633814448.632862,1057097997.5194241,4125328573.956677,664644887.9805402,4017061325.689716,585504610.1259791
528,7231926639.83474,632811136.4150503,1055651159.1581078,4125319960.1591854,602197894.5994709,4017079225.5198345,574677196.7473533
529,7230164382.76003,631742238.1486698,1054222504.6035167,4125305404.496772,671683865.025424,4017075285.6012588,570131596.7670168
530,7229286490.974355,630686803.109091,1052880867.4701346,4125296654.5048037,603417824.765903,4017089290.3457375,561799215.254115
531,7226948963.891892,629764701.012993,1051401908.3699057,4125283222.150392,665941208.4452778,4017003183.7344537,636815277.4482373
532,7225370903.920483,628765197.2024364,1050027215.8244728,4125274618.9983096,595335443.318471,4017084995.922559,603083855.6903962
533,7223427494.763315,627793532.4228903,1048554735.6860292,4125258743.404444,658144580.226345,4017082628.1989045,592449383.8774961
534,7221587142.378726,626846144.8460437,1047129071.1532445,4125250149.661162,595341639.6133112,4017114973.484203,586979523.4093417
535,7219652419.105076,625899355.939237,1045641604.5067104,4125237177.9121404,654620619.4232861,4017111133.0153813,580964528.3859516
536,7217474448.124488,624935833.1532325,1044184999.1104945,4125229030.627728,595994235.1529772,4016912686.7135396,652036677.6946042
537,7215290175.449394,623980498.8201348,1042734914.6978396,4125216140.7638545,659457213.947136,4016942365.5395975,611929499.9158877
538,7214262680.092404,623076779.008198,1041204955.7762662,4125207976.60323,595882461.3041562,4016958339.690071,595973910.0767257
539,7212805690.693064,622100332.4975524,1039730977.9007201,4125192695.350268,659098237.1226792,4016954087.4983897,587374052.5283562
540,7210767767.527508,621188154.3025123,1038233052.7768079,4125185006.0321975,597108966.4281993,4016968462.797175,581479265.7390314
541,7209439076.007022,620351118.5422919,1036805762.7260048,4125172541.824724,657808189.27385,4016885175.2539215,653855785.6073086
542,7207349997.334945,619358937.0696422,1035438093.1626406,4125165026.889781,588937475.5496134,4016964398.622522,610261375.3655155
543,7205015712.976429,618473476.0990301,1033958507.5814383,4125152690.6160808,660193939.0102713,4016963311.786603,596214732.0764436
544,7203246732.466932,617461936.5502764,1032426526.3829362,4125145344.367072,594432234.9879313,4016994331.915005,587095288.8431876
545,7201287571.150285,616441131.9103749,1030945312.7654153,4125130626.288248,660426302.9328352,4016990789.549381,576031564.6092542
546,7200030998.693064,615569553.2494676,1029323915.4776372,4125123865.638475,601080388.0683198,4016814582.1410894,642472350.2781265
547,7198458661.363969,614642343.8807058,1027825120.4746304,4125111732.3749223,666329876.0249548,4016838878.454283,609875488.8416064
548,7196556317.137774,613660836.31783,1026276146.3523552,4125104610.3232074,597435931.3336176,4016845439.873125,594916755.5081369
549,7194625480.704992,612755224.2306923,1024870640.9048141,4125092602.4720516,675858173.8057739,4016841067.167937,590400610.4518003
550,7192825456.46514,611670117.3361856,1023568265.0152373,4125086179.5578084,605899930.0788095,4016848788.5332747,582758205.6361535
551,7191265885.648666,610670646.8211559,1022111800.735848,4125072905.2877913,676007536.7739278,4016767294.7751036,649700275.12191
552,7189748982.806435,609804595.1507416,1020750652.7476661,4125066624.0786896,607751554.8185284,4016837186.7753634,606686522.9678795
553,7188034947.725922,609181824.0719209,1019364216.4300951,4125056095.832387,681242139.1523848,4016835819.987102,591064022.9443533
554,7185942063.29443,608188146.2437155,1018004342.5122539,4125049763.342378,609680122.3902712,4016864563.1761446,577303973.0883176
555,7184878890.689332,607232062.5467099,1016628472.0067115,4125039057.9265656,685443379.2637904,4016861229.3650513,567309458.9610394
556,7183291321.051774,606337601.9093829,1015218414.548371,4125033083.4585457,613222935.202529,4016672078.49775,639053231.7268535
557,7181715923.221312,605386881.8425778,1013768103.4110496,4125020626.4735174,684669145.0022416,4016697264.5453057,600672994.6622077
558,7179917882.846509,604491962.3152132,1012375810.9436803,4125014700.466471,617108338.9338399,4016711508.1478877,594955106.4135926
559,7178004853.261543,603543526.6493207,1010972519.5607197,4125004769.818744,691424750.7541393,4016708159.053341,587427687.2200834
560,7176173485.339726,602657533.3164226,1009623973.0038563,4124998912.0241504,619635764.4513863,4016720435.8260226,580617146.2273138
561,7175079204.643702,601768756.6758142,1008296351.010212,4124988025.5268655,697723349.764296,4016643950.0013256,653121028.7048378
562,7174423035.166047,600866467.8736855,1006895644.0225471,4124982109.6321235,619685560.3129476,4016715572.4324403,616420679.0305673
563,7172899574.921971,600006322.5198643,1005430022.6806086,4124969866.7469306,689053429.7714636,4016714981.055971,602854367.8494809
564,7171684945.0102215,599045994.8478129,1004058932.8600097,4124964028.2021074,618943137.2140821,4016742466.693884,593954524.8431116
565,7168515491.581569,598024516.3729972,1002502158.4588387,4124954247.0327125,687208980.2125434,4016739645.3906083,588866934.162459
566,7167123776.282883,597057384.6606655,1001074447.4892114,4124948260.0232177,617766353.9411522,4016574596.536344,659225869.4455653
567,7165595530.949109,596105340.5001606,999520038.9684366,4124938556.277532,688285889.6527492,4016601007.9120464,619688881.7951381
568,7164239311.37726,595237666.6728418,998135199.9709363,4124932714.389946,617700190.8316722,4016617620.123954,611355122.8154845
569,7162416951.617365,594390133.4234823,996663103.6974183,4124920866.6589026,682298086.4606272,4016614511.8457136,603523501.3319972
570,7161028552.979625,593551293.2493654,995233422.1446706,4124915479.45385,609749950.333237,4016626251.8041663,599046145.9562491
571,7160074979.277156,592758890.4174538,993783171.6080323,4124902009.4470563,675805977.3975203,4016552804.3538237,669152581.5127488
572,7158645781.878767,591992504.436986,992433269.4385722,4124896463.7951584,612474129.3027872,4016617243.017233,633496331.0792488
573,7156958105.57642,591181816.3938749,991316867.6754341,4124883004.663211,678294266.5049098,4016616386.9465556,625853216.1163085
574,7154854898.002769,590253487.2021366,989823934.7532952,4124877543.958609,604205473.7920641,4016643319.4151807,619695614.3680925
575,7153780825.17751,589321832.5464163,988448554.5037327,4124868499.355199,679265690.8748598,4016639865.759426,614663020.096793
576,7152079504.366496,588381475.8566691,987017625.5431734,4124863050.6579356,604624702.3463523,4016484380.099851,694300330.9284002
577,7150407240.283086,587454771.1342679,985644893.9131266,4124853526.4910192,678946988.8052814,4016509931.305027,658391056.3272322
578,7148833009.46303,586571432.1668317,984408982.0870826,4124848168.7352753,601913222.0751536,4016524411.3535037,642843203.9634482
579,7147952121.92408,585663975.8383076,983180660.6925371,4124839196.616887,676343397.8573987,4016520894.0781603,629915074.6074778
580,7145343358.797768,584795707.7731284,981748606.741439,4124833650.9393,601504176.7355747,4016531848.4323716,620868729.6244609
581,7143859495.675827,584053825.3382905,980468413.1099445,4124824773.4466925,680469486.2088073,4016468134.2744584,701029573.7834563
582,7144307266.677449,583158058.7304455,979173729.5179509,4124819812.7260275,604602424.3308693,4016533053.640347,660599596.4494467
583,7143333347.414582,582385518.527779,977864670.9706491,4124811401.269398,674527179.9759922,4016533776.3076863,643606541.8809733
584,7141692547.327719,581450947.4139187,976667873.748353,4124806574.457012,599152399.4799596,4016559327.0811896,638776384.0456897
585,7140338391.772085,580440309.7070425,975319863.8893287,4124797538.269933,668471655.7131628,4016556145.6980677,626610187.4166611
586,7138317138.8034525,579587056.7859076,973958839.7597462,4124792702.8079896,596265240.5764216,4016406896.6663814,708307540.1085384
587,7136416221.459955,578727428.8854315,972523024.7092485,4124783781.040799,672665303.8189842,4016429503.747872,661893394.9987605
588,7135002752.310976,577787136.3447207,971119160.162141,4124778827.9161444,598617858.3500918,4016442858.24771,645887857.26161
589,7133368084.770793,576959705.4056385,969700894.9378246,4124768588.5960135,677292918.1092101,4016438826.940183,631818299.1965015
590,7130846888.836952,576114278.899513,968316313.3563697,4124763740.896046,604715941.4681487,4016449786.4457455,619534094.1326602
591,7129546985.90018,575329972.3041894,967028193.028924,4124755589.2169995,687739398.5525436,4016383832.9338684,691006807.2667892
592,7128260975.306361,574478518.219403,965862526.8749334,4124750737.49788,597566706.7589816,4016445802.2536607,652216501.5282388
593,7126679256.209799,573634543.7572113,964254743.0929352,4124742739.298192,671177340.4784696,4016445330.4218597,637285080.3745512
594,7125008918.540146,572797673.0980364,962830527.8228778,4124738136.6925526,595944471.0200069,4016469568.03814,627206898.6222697
595,7123302141.079987,571912102.2044195,961538173.3584007,4124727076.8331766,670802236.0524194,4016466022.7015605,620504422.2037216
596,7121502101.008975,571107130.667463,960236568.4345642,4124721616.897542,594532108.9218091,4016318749.1975694,693266455.8544376
597,7120475497.112399,570196350.6897265,959064578.7512056,4124713885.161784,678222625.6051296,4016341666.6372404,648057483.4835247
598,7118969691.950693,569417705.4583616,957724664.3494687,4124709583.6787906,600238179.7422693,4016353513.3174186,631970467.2149923
599,7117396606.27387,568728137.9213852,956454932.2776637,4124699095.354535,679663893.9381274,4016350676.2860117,621864790.3812501
600,7116149344.718742,567897104.5825783,955160968.7906529,4124694815.0858073,601522899.663675,4016361473.046213,613092611.4569017
601,7114251308.45522,566982879.2943748,953796798.8004591,4124685426.518088,677226250.8231418,4016296582.7891483,697295713.0747168
602,7112379872.963218,566156311.1484565,952541855.4537838,4124681325.8011894,597299116.4186273,4016358269.290969,656706121.2533733
603,7111455585.94029,565334927.8662025,951158984.9090307,4124673758.9615293,675391674.2946166,4016356923.0168,645093551.5510974
604,7110539211.379587,564423894.0217341,949922973.0257131,4124669505.7526207,603122974.1186279,4016381700.091391,631830552.6205256
605,7109683684.29325,563756489.38504,948742407.5211436,4124660857.901586,676871598.531655,4016379250.023789,620335271.5467849
606,7108292533.425097,562999284.2264065,947559168.0354438,4124656994.520391,600944980.3411896,4016234366.6671176,695164178.9026061
607,7106848852.682233,562329938.3665926,946316915.3460854,4124649952.155607,677134321.0057129,4016257102.454965,653884034.634131
608,7105627779.23678,561441581.3233496,945287691.4473479,4124645834.1635704,608914196.9217844,4016269698.9368844,644035959.830655
609,7103642702.668058,560633464.8959415,943886863.2033112,4124636244.1020756,680196145.5132475,4016266327.4389334,631169376.8448601
610,7103126385.231897,559761554.5750499,942543369.2018557,4124632506.0709205,603217328.3484929,4016275984.049036,625367235.0357188
611,7101392226.435902,558946457.8364285,941221979.8714062,4124625312.4527087,683143781.2565858,4016212577.856964,708287640.6113876
612,7100292184.896971,558096919.3792166,940011858.8590201,4124621234.53627,614643357.0886377,4016272162.6235447,662571891.8060035
613,7099557140.814658,557183337.1451906,938871200.4590542,4124611524.605023,690126992.5359162,4016271311.953677,642444557.5010481
614,7098587662.08968,556371190.1211995,937694107.8924817,4124607748.4560995,611770749.8331258,4016293364.586548,629954509.9787464
615,7096957921.030358,555428416.170344,936594120.7457858,4124600643.5371757,684877798.5296501,4016289265.921989,623109125.911919
616,7095409087.286514,554566193.4674684,935412533.3644134,4124596863.3246474,613574297.6794327,4016145699.560115,709076495.5289167
617,7091848141.221374,553843720.606738,934115088.4195397,4124590145.770717,690183895.2854244,4016166328.882639,654270895.314856
618,7090072092.428025,553131035.6913351,932887537.8145487,4124586351.7934656,613990862.3079907,4016177288.161768,637348689.6467725
619,7088860580.069709,552422867.8454447,931572881.7065797,4124577978.919819,695154334.4215041,4016173305.33251,623877219.1810745
620,7087883810.02988,551685370.8707974,930311934.9332939,4124574087.3518972,622304131.6052636,4016182817.2000413,616328865.561479
621,7086309032.912685,550977120.6836123,929011916.4580259,4124567403.062858,696550190.8522325,4016117261.0334606,703752232.6916672
622,7084373266.01398,550221594.8360002,927749977.9897509,4124563485.6679015,615259642.9812772,4016177232.8866315,654181065.0335896
623,7083014611.16708,549501475.7670937,926621064.4576864,4124553906.6577544,696003746.3286182,4016177391.962283,640977843.3205819
624,7081481630.736196,548705548.2569281,925509241.6839834,4124550229.406094,621933038.3632115,4016201821.145271,627503095.0490271
625,7080315286.136196,547969183.5054171,924363174.0743119,4124543166.423022,696273089.4079846,4016200214.3097277,616910594.0343097
626,7079240990.431684,547126557.4274946,923132964.3375536,4124539264.4250426,621161518.345217,4016071421.2406106,707211400.7983582
627,7077923303.625366,546270676.0416803,921868039.0282754,4124532193.1875134,702039110.9364012,4016093565.5190954,658621915.0053197
628,7076897602.088808,545537585.3699119,920569499.3491775,4124528513.6495705,625277034.5556265,4016107118.821324,648000627.9821509
629,7075799517.470205,544799710.9412953,919175594.7660437,4124520555.353259,709188315.3834771,4016104889.3889694,637700692.5398178
630,7074681652.171604,544006716.6548951,917929712.79911,4124516855.3088427,634031226.8996228,4016115113.68359,630246375.1299756
631,7073134044.465615,543226428.4524974,916763581.4640642,4124510253.9754295,709133009.5686951,4016055474.164319,734185232.1524339
632,7071777908.058656,542430607.5906692,915667596.265178,4124506437.076899,628278039.479843,4016112505.246565,674870389.8331887
633,7070331095.582908,541698513.7120315,914408107.4396503,4124497045.730654,709019272.565807,4016113410.544759,660354799.5985317
634,7069029927.500402,540984113.2401681,913298033.6779631,4124493509.576954,634485168.2130021,4016136565.684589,657228045.7456522
635,7068247960.867601,540164534.0744194,912159324.3612694,4124486675.9113803,715531608.6547858,4016134758.6397357,655184449.0180814
636,7066605704.6093855,539437440.017083,910843815.1110581,4124482903.285131,633958835.8281068,4016015018.776042,771869451.1285684
637,7064922952.667037,538673715.4446186,909698627.5888056,4124476506.927088,715621234.991077,4016034588.1631536,704784377.6830342
638,7063374036.538236,537875772.0607564,908580881.1165272,4124472867.1717825,639035611.9092946,4016047245.943335,688594646.6801126
639,7061652539.128961,537132222.7748483,907485468.5768548,4124464936.156943,718356947.9270475,4016044384.0500607,672289656.7517085
640,7059626830.49743,536353081.0564538,906436612.4262466,4124461553.7160344,635321006.7171406,4016054084.7168665,663394883.4137015
641,7057894755.749128,535625003.9446424,905391566.1543576,4124455029.1380334,714867158.0541972,4016000105.594494,772031455.8435193
642,7056591203.977893,534831718.09735113,904146693.1964777,4124451355.534057,634802782.0686517,4016058124.6960173,708776311.961101
643,7055132979.514689,534140512.0212445,903073389.0065532,4124441940.240893,724210935.7063305,4016059660.396278,693802833.9817257
644,7053902689.229955,533433480.6072781,901872126.0366344,4124438556.6075525,643394066.1534592,4016081865.050371,679347090.1218066
645,7052189097.183908,532656134.8846848,900780008.3402919,4124431860.087658,722857097.6856568,4016079946.4709215,672497463.2586787
646,7050779061.172588,531890776.76252764,899558418.5850624,4124428374.6378083,641094687.1220095,4015960843.1003585,777788760.9096061
647,7050215655.663192,531171668.3409372,898469601.8623455,4124421631.418219,719393474.5538229,4015980313.7366824,708977496.7751229
648,7048499362.163316,530403473.35885096,897305174.8813747,4124418123.8996124,639105421.8013539,4015992401.1220555,690729538.7596325
649,7046551448.053532,529734748.7870697,896099061.127172,4124410490.8106737,707128334.6450123,4015989707.0523405,676118667.7458812
650,7045196077.857724,528981799.21501696,894898657.3723544,4124407086.152866,637520002.030112,4015998723.9595747,670044098.3534726
651,7043644898.782903,528313350.2757638,893680781.9274083,4124400311.4227085,714443453.8078264,4015944272.6145267,781279297.827288
652,7042068847.634557,527666134.30257195,892515697.8111577,4124396688.1443386,639990476.1768187,4015998443.216193,718827430.7101833
653,7040602371.024821,526964667.62080103,891517188.1666514,4124387701.5900464,727622253.6146425,4015999307.6738834,703519779.8835516
654,7039416880.506755,526311710.2824289,890394018.8846667,4124384167.613724,645840915.6925943,4016020676.956118,685768006.1230869
655,7037773274.02707,525572405.98899674,889391601.3793225,4124377207.5019026,731716071.9883074,4016018306.593945,679772676.7491968
656,7036305720.535323,524847340.5812287,888295767.1854837,4124373552.64116,647910505.5181298,4015899295.285435,791007001.569621
657,7034867412.352597,524142665.06709117,887236330.9029342,4124364421.8643436,733983235.5845187,4015919698.568065,724156681.5201236
658,7034841810.816601,523444846.44035774,886164096.8772694,4124360885.5403476,651983105.6241729,4015931693.4005504,708064447.4116892
659,7034256344.634894,522775432.00193685,884975618.9248006,4124353972.548764,742772697.0075353,4015929617.0941815,693515311.6541679
660,7033079235.723353,522159643.64225996,883886026.576387,4124350297.6095634,653567361.9618192,4015938630.5444207,686772863.1032203
661,7032455055.43671,521387954.1833205,882864453.0944391,4124343264.6001368,755727769.8561392,4015881948.9572215,794015182.857212
662,7030909967.713003,520735713.35554296,881704914.5141406,4124339675.1634297,664536538.6663749,4015936186.51591,724130894.6037613
663,7030119068.628216,520037572.58658284,880644063.324035,4124331454.0172987,762129657.0082074,4015936499.1753144,708968164.944142
664,7028677946.941332,519528500.6995496,879500113.1705998,4124327873.8059926,667537427.686584,4015958147.8758464,692435774.866204
665,7027130606.122328,518792921.4793821,878459286.6616502,4124320959.9640512,778589870.9774771,4015955834.3835607,686383604.1329966
666,7026011078.0189705,518073863.73608416,877215116.838707,4124317210.601684,672956693.5589383,4015839366.9925113,789763620.8787706
667,7025202829.309427,517367896.3076094,876064416.5393633,4124308269.513875,788290419.3113729,4015858461.2707586,732574946.393647
668,7023709798.635603,516653687.5673516,874935731.4432662,4124304970.60883,674624297.0022508,4015870029.244452,716048872.876532
669,7022562356.007206,515921524.90329427,873899570.682707,4124298119.9573007,783311463.1897385,4015868088.9018106,703570264.9594549
670,7021672988.210948,515300979.1050062,872866402.5193988,4124294735.2298665,686466236.641118,4015877055.62661,694558650.04992
671,7020195614.679975,514550292.0878031,871856060.4371206,4124287814.972516,796110972.2430766,4015822960.059758,808173246.5600777
672,7018923156.815807,513846013.6123084,870771842.1946423,4124284375.1019716,681362214.7644151,4015874150.6042385,749070015.7221533
673,7017193089.75813,513198809.916007,869622460.2566165,4124276700.9268374,791053636.7360798,4015874992.799621,731969498.2942793
674,7015678942.039773,512498008.5558641,868494399.7181839,4124273176.5120234,685237760.7771604,4015896069.8982706,725311560.5662098
675,7014720465.43616,511858419.626541,867360553.4020438,4124266804.5914545,788799053.8397148,4015894102.2571115,716462377.1263185
676,7013284645.5236845,511187949.06304955,866277273.1451483,4124263418.8045044,684289524.7338134,4015780161.743833,836026413.0380967
677,7012452793.486819,510476112.9066147,865130424.7258338,4124254705.490835,790258134.910675,4015797948.422863,773858285.3547937
678,7011256078.157879,509802315.15771896,864060313.5610536,4124251424.014595,679549663.5054471,4015809055.7770977,760885993.0766897
679,7009872501.56391,509132845.6568445,863048767.5688769,4124245295.327557,793382721.47011,4015807224.3623266,751266268.4116982
680,7008635170.347982,508500757.9448306,861976076.6005889,4124241974.361432,678522358.4357493,4015816734.4207296,743347208.0688801
681,7007100643.650965,507969869.4062805,860783028.049636,4124233687.84839,780325629.1676414,4015765926.51683,845724953.9792036
682,7005607007.777176,507171044.67538077,859717149.390979,4124230063.423861,677343849.4424425,4015819291.1048245,782938006.5996743
683,7004180800.680935,506440262.7142282,858616627.1685416,4124223989.059472,780517933.1375892,4015820823.304818,770810084.7539603
684,7003232218.322045,505800595.00276953,857545107.9034975,4124220332.226669,674860058.7139701,4015841272.0850105,757325882.8956977
685,7001950995.543365,505156487.3111533,856383780.8024557,4124214221.660196,786333777.6659663,4015839422.3016257,743090299.0733184
686,7000535436.925479,504514334.61122006,855343952.9237703,4124210904.592116,682280178.5105153,4015730237.036697,850552585.8970488
687,6999068758.494895,503836580.63429433,854193230.4498692,4124203867.150869,812808772.2343967,4015747154.775775,783774012.1341112
688,6997261365.543258,503157261.0570108,853155781.0835681,4124200505.982277,684300362.1853951,4015759438.3210826,763811552.1561651
689,6995723997.555609,502563395.1763668,852121129.3248844,4124194362.837456,806381521.7653437,4015757763.1214223,744037161.7846397
690,6994500219.873816,501869257.95996475,851025040.7334797,4124190866.6785293,690010275.2434555,4015766923.6263447,728030044.5703235
691,6993211339.574094,501202211.68627834,850017524.3483398,4124182461.311308,816551953.7053142,4015715423.7001066,821895385.3280472
692,6992089848.647392,500531116.36384624,849010906.3054053,4124179362.1191864,692879685.01599,4015768007.571578,760734003.7225063
693,6990236489.076975,499992755.5511427,847909103.6185288,4124173128.533294,809518037.203239,4015769846.7481213,744004730.2006775
694,6988592478.008915,499337519.3702494,846830423.2411482,4124169836.744829,691535743.438486,4015790382.279719,727061910.1142516
695,6987812974.647377,498669071.9376776,845837211.8041972,4124161551.206174,802428972.4788477,4015788907.3214006,718840334.9689916
696,6986520622.654986,497928170.8363515,844880490.3105977,4124158235.524951,693632229.7017155,4015679976.213065,815836815.7686758
697,6985287145.013032,497156279.7351813,843814558.314196,4124151897.664723,814783532.1917579,4015698016.406582,761012098.1943257
698,6984182135.382829,496438118.0907158,842874089.4299504,4124148701.4310484,703107252.5169857,4015708639.37288,742742887.573857
699,6982866793.490776,495788974.0650578,841862009.9055287,4124142928.918177,824157126.7103113,4015706941.4704146,736921963.1831646
700,6981654339.956061,495058969.54869795,840825662.2044468,4124139659.8923554,702835606.8894348,4015715912.3985643,729787709.2694123
701,6980364654.113739,494400145.62011427,839797883.2312058,4124132762.669157,817656247.5508804,4015663537.3907857,837983351.8294721
702,6978943906.50585,493746180.2194036,838749986.3046428,4124129548.8891363,703913197.1700561,4015714294.306979,777059566.7791518
703,6977537236.585489,493119479.1440194,837753878.9135928,4124123571.3800855,810338939.4037653,4015715226.117959,757946463.2410432
704,6976226620.040494,492555171.39160705,836733606.3556913,4124120363.6737137,694120946.8054712,4015735623.447601,745975449.5359228
705,6975280328.594248,491982108.08970684,835725921.6727742,4124112261.4153414,800303843.7109632,4015734552.3506155,734740929.7491306
706,6974443780.799078,491433481.3218497,834779563.52792,4124109065.4785604,698580587.082042,4015631988.689759,842212060.268921
707,6973951301.086622,490704254.98324966,833786707.9977857,4124103065.8150954,797978813.6783661,4015648752.861961,781750844.5045618
708,6972467186.8294935,490104484.4384895,832782483.4867574,4124099604.5171757,693940448.7266713,4015659559.045751,764200378.500922
709,6971151385.688376,489453997.2803332,831849543.8227026,4124091694.2936945,800016846.3848306,4015657769.5059013,749514444.7141786
710,6969575887.288552,488829281.0393298,830810745.1461955,4124088498.779215,694922241.3537076,4015666707.2522635,745689451.391507
711,6968047605.090623,488240667.8131227,829752885.5976983,4124082505.4914236,798796338.6929237,4015613696.140629,871355241.407224
712,6966339248.788592,487584802.1896413,828722074.6913731,4124079090.4962525,699013015.0061524,4015663566.605916,808516707.0507027
713,6964886019.453733,486958141.5107712,827760244.6198539,4124071322.895242,798012800.5418295,4015665203.669021,791155040.5528213
714,6963365406.858063,486358904.94722277,826859985.9469235,4124068238.1225796,702396774.762037,4015684774.581846,776837520.4819474
715,6962227770.555507,485756474.7663162,825846682.07989,4124062497.242738,818062421.2411265,4015682783.721121,770781085.4402349
716,6960678235.284545,485117602.28147113,824897596.4659433,4124059350.639516,713194954.7974283,4015580818.1768374,871858462.2853805
717,6959350275.998344,484523187.2733018,823922186.5433086,4124053760.8506866,816194727.6839523,4015597607.432477,814941296.0837923
718,6959344355.559459,483914212.44233364,822950214.7707977,4124050415.5145516,708141228.261412,4015607791.899982,806966454.5358883
719,6957528779.419991,483311868.87573075,822034014.4717944,4124043735.6215672,814462529.8572315,4015606694.3288093,798581963.6371511
720,6955971177.254788,482692111.2288568,821072599.6835319,4124040502.683729,708233359.4202751,4015615798.430472,801857403.4845284
721,6954654101.233746,482066283.79992205,820036828.7005569,4124034436.552669,814822457.9340194,4015568444.1146045,924922491.4405379
722,6953709572.977967,481469167.56360954,819072559.787329,4124031046.4207053,705624985.4154968,4015618307.0971594,838069038.5096476
723,6952317791.659549,480848269.2316021,818113057.6584487,4124023177.454635,807657910.9629096,4015621610.8646708,820633650.5203525
724,6950934675.907452,480227808.74926424,817097275.0746607,4124019808.9459887,697715475.0817891,4015641184.954972,810631786.6288766
725,6949363521.370122,479720526.47498864,816208402.7508307,4124013816.156514,810732857.123712,4015639946.4322968,800372908.6235106
726,6947904114.549777,479075064.777691,815230727.1034904,4124010362.402288,711374945.6519358,4015542174.7248,911136331.0843552
727,6946483953.683198,478484263.07902527,814265079.3564787,4124002428.981367,805681170.3817196,4015559675.500977,853239506.3083453
728,6945144366.191451,477961539.52298355,813282754.4783554,4123998870.6905007,706882275.4255949,4015570196.1817703,835139487.4012297
729,6943829124.661492,477396274.11804694,812329481.1957991,4123992816.1655655,804056461.6638136,4015569082.179607,825058396.7989366
730,6942560047.998405,476787623.1232381,811435370.5358319,4123989213.533027,710390278.0325501,4015577941.857359,820125699.5047362
731,6941059337.968259,476190522.4074522,810476855.8662666,4123981237.1612906,821102512.3227353,4015529801.4126506,924601187.131338
732,6939702226.607339,475650754.51378953,809564735.7110593,4123977726.8350863,728987299.4509017,4015579310.3183584,857287946.0275422
733,6938475089.6779,474975249.2061786,808754270.6834223,4123971664.3194556,839257734.1173178,4015580889.1786003,830292975.2717285
734,6937080637.642091,474237977.63254905,807947063.8864788,4123967996.996466,737373501.3566786,4015599781.651128,815534510.9131507
735,6935856155.4416065,473595020.2046067,807009754.3540529,4123962082.8203874,846682433.2665408,4015598489.4639,800930762.5546279
736,6934954842.569847,473032114.24123496,806048369.512546,4123958493.7224717,737380684.9556851,4015503452.114961,923998923.510385
737,6934539386.925156,472370596.0559443,805098007.8440115,4123951986.2044077,836039737.9241402,4015519577.8690596,847998770.7429368
738,6930950122.950665,471749826.6226897,804039680.2989511,4123948549.133963,725310082.1300741,4015530496.4277945,833016201.0603708
739,6929826313.809457,471194752.0533181,803062794.1237961,4123942532.1575646,818304123.9676892,4015529471.63234,818898060.2820005
740,6928505946.364145,470504358.23341864,802160058.8734792,4123939161.518782,723499823.2274013,4015538030.5364084,815676696.2961669
741,6927311799.857886,469913632.1225118,801235744.8232653,4123932065.0764217,821625368.916378,4015487524.114257,947897303.9220648
742,6926081722.03337,469377767.32017183,800318124.6205083,4123928829.534334,717121278.4652644,4015534635.975543,886501132.2508612
743,6925267259.750743,468763361.9893706,799324343.7094926,4123914792.3128123,806710519.930044,4015536741.716213,875462255.5831023
744,6923628551.353572,468188157.9964332,798359139.4718602,4123911296.803117,711783547.3493305,4015555048.2504435,858953587.8084369
745,6922032061.282169,467587802.40148836,797414364.9146652,4123905488.9167533,807441611.2452803,4015554390.2895885,855224756.7053078
746,6920958245.528071,466983670.82972133,796498008.9878219,4123901815.0084887,711025248.2914093,4015461342.6683574,976118873.9851297
747,6919563855.048463,466381693.2007553,795481465.59527,4123896117.609411,808185525.9865977,4015476081.336734,900642057.3891996
748,6918089322.53505,465837458.28877515,794562607.3358861,4123892583.864605,708700806.1468439,4015486227.747472,882155725.1331102
749,6916917922.57261,465266875.9640037,793649844.0878172,4123887090.3315,816889137.2723379,4015485308.338981,862016505.2123969
750,6915623171.684374,464694531.26584584,792758953.3528281,4123883531.010956,714481123.7933766,4015493904.7975926,848502932.3035414
751,6913829216.176845,464147617.8013869,791921380.4485831,4123877668.8751373,818003922.29162,4015450590.706481,950792232.7305065
752,6912685023.228826,463548729.2533005,790982743.828945,4123874169.905017,714035220.1343114,4015498074.039179,889192114.0788144
753,6911187761.714179,463019304.2565935,790058278.6894366,4123866778.901302,816640734.9263612,4015500275.3396864,867463619.9687668
754,6910292446.105475,462267798.3991847,789039045.410556,4123863467.9326434,719774891.8745285,4015518585.820584,853707313.6047038
755,6908837511.231109,461716814.1063319,788071253.1087425,4123857717.218915,828993527.441903,4015517999.976263,841842680.1033709
756,6907538680.477833,461161551.8229365,787106571.6314079,4123854335.6354074,716410977.1069893,4015432820.4921947,940529736.7245181
757,6906933695.669121,460525307.28099245,786136954.3622947,4123848640.7915564,813907428.8141273,4015448160.350495,884297132.9588369
758,6905861823.01151,459881942.4375858,785333765.0239398,4123845365.142514,719328000.9277722,4015458565.9160485,867028861.9468293
759,6904740712.361987,459288860.9995456,784449447.0595952,4123839249.318416,819173393.7160354,4015457272.6193557,857214063.432904
760,6904042897.021048,458787455.34492636,783557146.2660496,4123836015.161277,716715896.1649728,4015465535.910903,852869331.7518303
761,6902880757.254415,458261326.5152512,782712207.1083266,4123827388.6727724,825254377.9439192,4015422306.242778,965128279.7448045
762,6901231661.405397,457730097.90114075,781768517.8076718,4123824111.5296116,721815357.1521759,4015466499.1856728,901089804.1526505
763,6900812817.721336,456984540.90611494,780820600.295283,4123816382.102902,832403567.4594797,4015468458.771249,888147752.8461164
764,6899711399.360919,456351374.9948499,779958524.8531184,4123813028.411644,720055155.5812443,4015426016.9844313,877813113.5406979
765,6898906432.3612995,455810260.64407027,779049757.6853944,4123807562.9600024,833806293.8404975,4015424427.3742695,865102325.1609305
766,6898055947.896761,455233944.27475035,778103498.9563394,4123804193.879228,726024442.4830403,4015336238.3574376,962845077.4853483
767,6897827689.726683,454641163.704603,777192869.4333802,4123797967.8694997,826859797.6648775,4015352539.568304,899856684.2656415
768,6896936403.746857,454030819.53009236,776256582.1519966,4123794701.726882,722130176.5343759,4015361309.210076,881545183.2057545
769,6896106817.890826,453497582.95557046,775384694.2513226,4123789189.3527985,827116330.5759797,4015361230.5973153,868691666.5348372
770,6895525459.368576,452883955.77241915,774521123.7534055,4123785898.783102,723915535.6528323,4015368828.5409694,859999585.4664354
771,6894534021.538527,452298205.17254937,773591348.3778876,4123778634.0016103,825599095.9064876,4015339567.808455,967072173.1265752
772,6893391779.307142,451798539.69962513,772758162.0376556,4123775356.7594104,717897444.8412557,4015377447.014724,904349643.3729725
773,6893012063.020527,451186075.03093636,771970726.9729185,4123769772.0627985,826279772.3699507,4015380281.039789,877685948.3429027
774,6888998555.892305,450609756.39931154,771091303.9088637,4123766505.750793,713384674.3473239,4015396028.110207,863437214.0236303
775,6888216736.273612,450179826.96905345,770311759.6494591,4123759353.387894,817648826.3701293,4015395766.6719637,849990699.5897409
776,6888308928.017711,449547309.7164933,769453844.5304006,4123756005.629187,715539767.0791056,4015318953.482121,938669503.9914083
777,6887470087.903146,448928252.9705266,768583677.1720554,4123750386.7198105,815874820.7431426,4015330637.3392224,877978154.373594
778,6886574467.5157795,448324383.91618013,767659719.1269938,4123746906.2087474,718230767.3436047,4015340656.6482797,858131575.7608624
779,6885804526.121616,447805803.6819177,766732237.9867463,4123739741.606445,817965225.746693,4015339845.849204,840127224.7134771
780,6884274159.002108,447198852.4254272,765833247.9003631,4123736505.195346,717770126.0981934,4015347758.642554,833907102.9763178
781,6882965729.540209,446656357.9943156,764945509.815388,4123727830.498204,816638488.3836507,4015316866.8127174,926059154.7217083
782,6882075137.28129,446126766.12504005,764004582.8672642,4123724381.4207635,718492975.8582863,4015354433.6436915,869953299.8573551
783,6880816331.055863,445596274.1970428,763154730.2214532,4123718927.15661,821196333.5015893,4015356622.1616225,852378131.4837403
784,6879405663.618684,445048342.7990988,762325024.3051383,4123715592.5680633,722828899.9861331,4015372254.498551,837957919.6336291
785,6878091380.418229,444530443.0508998,761525887.3466457,4123709899.3127575,830275437.8747207,4015371868.8237123,828434868.6739773
786,6877392148.045463,444014105.2891487,760644440.1384835,4123706465.2368374,734389945.2819638,4015300005.153793,926704454.9260906
787,6875778105.007063,443404912.82275015,759818759.7386947,4123699777.546402,847513562.6492484,4015312489.173948,865294330.1595902
788,6874212662.481565,442900574.32942957,758921675.3077068,4123696342.808622,733143453.3694179,4015322591.1699443,841816024.9850016
789,6872684779.803958,442308842.4426792,758179410.4783503,4123690313.7807217,839494416.479977,4015321801.7930794,826426231.6744275
790,6871330419.501314,441744636.41225255,757289797.4504707,4123686865.5818615,736527921.7834938,4015329213.472864,817678712.8845392
791,6870015450.565733,441233729.31001943,756422938.4787849,4123680988.403547,833984084.7670435,4015298875.2573104,914423266.0880889
792,6868519471.210105,440659934.09725934,755500603.9316443,4123677619.43076,735680643.2154441,4015335417.5990815,863022836.2522911
793,6867271874.868869,440160233.1199913,754693636.6653569,4123671385.8651943,841969119.2964,4015337015.674198,847840749.833214
794,6866804916.976827,439661787.1681922,753829541.4280517,4123668061.6297364,741279084.774955,4015352695.8207645,830972898.629965
795,6865352508.614301,439131722.2264284,752957561.9806612,4123661725.5712657,854473167.9238435,4015352530.649351,828206849.8673487
796,6865374348.194338,438601664.6076707,752080493.0889788,4123658418.2386537,748547539.7147453,4015281673.588081,919082005.1975505
797,6864170083.544245,438088909.2175581,751267426.3455042,4123651198.1305795,856901693.3986106,4015291212.9472456,860615251.6415582
798,6863209207.685242,437588754.60994023,750398418.4636654,4123647995.6199336,745481403.8896537,4015300159.045735,845624820.3441465
799,6861953836.857319,437072505.52332497,749637548.3298815,4123641372.972903,849825499.2017665,4015299548.9411626,834201030.6966846
800,6860728812.529525,436576844.32592744,748740826.1708819,4123638047.1847425,740047551.6930541,4015306582.3124003,821825866.0650318
801,6859622640.148691,436072191.300489,747974359.6475556,4123630053.629551,843657696.6381575,4015277999.6654997,908695888.533311
802,6858293098.572301,435628167.1438872,747129071.320162,4123626601.1135883,740711728.2659085,4015312245.4464536,854520186.8968956
803,6856833546.135987,435076725.0957023,746333580.3496556,4123617496.818925,837682381.8855903,4015314589.5489826,833334557.2701865
804,6855847242.352719,434571546.8620689,745530427.7258551,4123614538.6088543,739014431.4931653,4015329475.740989,818643572.1478515
805,6854795769.98643,434075435.25103277,744716229.8046509,4123608450.1183047,832214916.053263,4015329289.5844426,805008221.5087426
806,6853632204.1808605,433574587.83745533,743898420.554019,4123605326.682923,737699909.312491,4015263550.1605067,880341323.8768786
807,6852389093.420948,433111791.9035852,743064555.5026779,4123599359.187093,835708154.8371321,4015275209.5659747,834796186.5931388
808,6850884862.192748,432578374.49932575,742208220.6150572,4123596405.7843785,735957307.7906966,4015284054.0825486,821393729.7695217
809,6849596761.280723,432038974.90202904,741344146.221147,4123590041.180451,830172956.5370653,4015283853.73794,807640375.1536345
810,6848933967.903871,431499197.3027266,740534009.8071319,4123587092.8470254,731107613.0183883,4015290777.332741,796567103.5694727
811,6847968412.380482,430970307.6278023,739645616.0617398,4123581089.4478474,825705626.9102492,4015263647.1992087,872974114.7706354
812,6846806692.432673,430469955.42675775,738793807.176708,4123578161.4854283,733802602.2974689,4015297763.4726176,820416487.8485363
813,6845539802.263452,429938509.7732828,738025594.1392698,4123571245.7663207,828373308.747357,4015300059.0480123,804789653.0655211
814,6844146874.0033045,429453863.676102,737188248.8239757,4123568327.756801,736129905.4817673,4015314652.8626885,792760916.7927787
815,6842505012.185848,428965030.0032841,736467988.1821824,4123559634.28202,838370436.8164312,4015314557.1111116,778826889.2218683
816,6841207794.87948,428461898.2917249,735632869.2396225,4123556825.458851,735548595.3407427,4015253832.8750787,844958988.4038872
817,6840385748.9948,427976943.5446545,734863137.0186635,4123550671.4804835,841410732.8649018,4015264721.9494753,790584446.9246862
818,6839026121.0417595,427395334.0781311,734020472.8406577,4123547815.3841023,734167353.1905682,4015272884.1394973,773809978.1427006
819,6837739535.085757,426891127.6122673,733195823.6906707,4123541566.9985723,834349876.8387401,4015272318.3429937,763816899.2716528
820,6836129703.570664,426400216.06784385,732367195.3523712,4123538675.710544,738673450.8339878,4015278885.846375,753042445.4955237
821,6834794907.325713,425898854.5544833,731580294.3054391,4123532358.382614,838986833.5570313,4015253908.418184,819675424.289512
822,6833849023.411384,425417102.570241,730777455.1502314,4123529436.388457,740147648.7066787,4015286130.121377,768488523.3676564
823,6832392729.477942,424854897.8310079,730022462.2415568,4123523442.8933396,845046309.300033,4015288442.3078995,754847352.501859
824,6831012361.240106,424335987.9504262,729165654.6488887,4123520558.062004,740489714.3282975,4015302335.770359,742984252.4714687
825,6830096799.351699,423835367.13557786,728356932.8697352,4123513668.400943,852193432.7207963,4015302807.2509084,734452289.1910692
826,6828894022.721852,423360963.80263114,727508914.1965675,4123510864.056229,739447561.244801,4015243452.533852,810544131.724993
827,6828328584.677515,422883669.0545317,726676102.7973864,4123504903.559473,836888652.9591688,4015253097.750477,762349762.2232497
828,6827192044.302362,422356998.21436596,725834893.6061254,4123501977.967813,739070270.047554,4015260654.585055,746257643.8416207
829,6826282272.306595,421820325.6094563,725038320.3320392,4123494653.2946086,841756775.158145,4015260272.8167543,736452905.2576796
830,6825148014.234632,421341063.9438601,724204528.7577837,4123491840.775397,736034223.3506454,4015266693.465617,730017202.0862222
831,6823862016.770537,420800789.03816885,723422029.342742,4123483901.2684345,844674476.934225,4015242159.0670915,807390394.1718655
832,6822976319.312247,420354718.5888912,722631900.4126133,4123480930.3006535,736830843.135382,4015272530.6517625,763458666.9178443
833,6822074057.440494,419837649.19692564,721857322.3133938,4123475002.08316,841681617.0712495,4015274896.3584294,752350522.3834944
834,6820952407.492628,419374464.2765118,721005705.7983825,4123472045.541144,736508189.3439956,4015287976.9021573,741306975.166352
835,6819509276.436525,418900546.1455155,720213879.9980989,4123465374.6804094,840163585.3496993,4015288201.3450265,735770730.9742149
836,6818370850.5475,418415039.9664915,719411085.3463377,4123462458.2576585,734600582.0193765,4015233528.6056833,821323295.9311197
837,6817220409.108749,417947879.84238285,718623678.7624903,4123456196.0389447,831813062.7982315,4015242559.39605,765145562.1491773
838,6815803744.225666,417517204.3940033,717856416.5013353,4123453363.1932855,730972880.6085019,4015250877.637004,745166281.7968314
839,6814497468.559843,417053948.30966365,717061110.0923368,4123446586.2223825,834706464.7831094,4015250602.780331,735882414.7911114
840,6813744949.823575,416593686.66394705,716278216.3738986,4123443721.53703,732012300.2617985,4015256652.179627,727294541.2425665
841,6813408996.80169,416132661.20154417,715528810.0421753,4123436576.970782,837044870.8979728,4015234871.9781766,816709629.5742197
842,6812859544.304446,415657833.77119744,714750280.9203186,4123433763.0173154,726804132.8771025,4015263854.045011,761088330.595091
843,6811898583.212945,415106147.67113274,713996347.9221395,4123425270.473514,833051922.2028402,4015266126.806879,747797423.7229837
844,6810033414.206309,414593728.1960109,713228121.0442202,4123422219.7175384,724024126.2157526,4015278424.7932053,741722421.0417539
845,6808709857.567785,414203610.7293603,712508173.7049876,4123415156.3684406,839024647.3949376,4015278861.5357394,734338240.1198664
846,6807823207.9155,413797374.5203612,711694625.9926738,4123411969.89524,722482428.8933824,4015228012.3266754,823492098.6898363
847,6806114998.030955,413327422.02642876,710917993.6605487,4123404381.5954623,836042033.7590661,4015236735.8651166,765744178.7175153
848,6804924089.417329,412882534.3918489,710137740.1552309,4123401057.636614,715402488.2619135,4015244205.1828117,750092318.660127
849,6804130511.816994,412416404.31124216,709506411.9834162,4123392719.679143,825396762.1765313,4015243611.8316655,741171265.3415047
850,6803638979.796537,411975935.16879237,708636373.0086625,4123389349.6455216,714989577.5021254,4015249314.516524,732343210.3577136
851,6802940370.811717,411557339.9084853,707880925.275609,4123379565.745138,824855536.8906811,4015229015.59469,826103735.7412369
852,6801761666.285675,411099828.13248074,707015746.3271738,4123375953.59581,711901852.3100551,4015256650.0981317,764038503.2917829
853,6801011302.558055,410644185.0400103,706213432.9640081,4123367675.398277,831253722.7452276,4015258771.1851263,747738333.8975368
854,6799759557.972249,410060372.0082393,705419536.906062,4123363742.2679887,718468254.5503379,4015270226.184568,740010670.5640006
855,6798659334.232619,409555538.4668402,704623960.8856075,4123354870.3264627,821112537.2947768,4015270031.9300394,732205730.3514079
856,6797435224.365403,409113717.3690657,703856496.8116624,4123350687.012335,713779519.4476001,4015221414.7225294,821778236.3276739
857,6796608072.536904,408708192.53539014,703131406.0390172,4123340907.187709,819377239.5884608,4015230013.2037745,776359014.1421838
858,6795481214.518111,408289497.40624547,702332942.8462906,4123336398.1592846,713229823.1555296,4015237267.1021357,763003422.9994823
859,6794718879.135845,407764921.06817186,701568337.6909441,4123324748.0739193,821009357.4899557,4015237176.638959,755953102.2772946
860,6793779447.826034,407195839.74853176,700800333.6831756,4123320044.824789,707157872.5985644,4015242738.2380924,746297071.0670575
861,6792823222.647195,406715416.6806723,700072216.9191717,4123309014.034963,817247086.3626328,4015224027.607654,847330912.1449249
862,6791901234.283329,406226444.75293213,699314579.3063772,4123304142.0221286,706903305.890835,4015249740.136886,790491409.9354289
863,6790856728.129049,405789460.81433606,698550042.7114239,4123294245.1551294,813543465.7738444,4015251026.5103526,778607803.331963
864,6790353311.632693,405294393.403833,697815686.0435523,4123287337.1382074,704144316.3218504,4015262247.7858887,766480725.3311889
865,6789221259.129302,404774797.4230783,697012599.6442113,4123276706.4418964,812562339.8262444,4015262333.6004176,760012082.9602642
866,6789384130.056245,404269037.09136343,696277320.9506677,4123272198.024854,707963039.4532907,4015216530.0077114,854092112.4709523
867,6788468076.976775,403748967.0570905,695505321.5064057,4123262166.6205964,816226065.777187,4015224468.324722,801050804.1252675
868,6788754882.120381,403368305.0917756,694691320.2251071,4123258059.2859225,710162296.6423839,4015231138.979222,788374472.1053363
869,6788095846.227403,402894869.6675858,694012726.9849534,4123250541.975275,807788146.6337155,4015231032.4570255,783644053.1680806
870,6787637726.740377,402455806.0185207,693228914.9511588,4123246757.291975,708909927.6496894,4015236313.631633,776052586.2779744
871,6787330426.356182,401967996.276399,692485868.0653403,4123226866.0727396,800496543.6090868,4015216979.6583676,874061924.4930707
872,6786665896.706278,401484188.50085473,691769152.3972069,4123206737.271218,709787468.9191934,4015240654.331833,819458047.6919801
873,6785939966.829985,400979436.8835772,690948900.9750344,4123194231.672219,800397802.3070015,4015242700.4624834,803986198.5724231
874,6784710180.0239935,400486226.8477788,690226619.4724125,4123187622.915135,715709101.7088659,4015252956.5887594,793199430.5188001
875,6783481007.170587,399969334.7072096,689437105.6789522,4123180147.419172,811571547.0767457,4015252851.657586,778534458.1427413
876,6782312048.339281,399482214.13075525,688719566.8496976,4123175909.340065,709168451.6782374,4015211843.6446166,871563530.6514648
877,6781220197.616617,398959250.4710928,688008296.9893309,4123168294.433904,796583441.6691884,4015220146.691017,820600207.1723742
878,6780179033.34388,398481292.99771667,687289446.5196875,4123164101.695321,707240199.0832598,4015226735.8951206,805052146.6385392
879,6778904000.666504,397995785.9055191,686536932.8711324,4123155884.0742927,804778166.9586197,4015226864.633396,793605398.1533378
880,6777925507.019866,397514370.9131584,685839153.5219662,4123152231.1013913,706970729.6265479,4015231930.6327753,786197868.6949666
881,6776886524.564354,397032197.5969444,685104506.0241383,4123143561.4170127,807877224.323614,4015215627.882093,884553428.0725594
882,6775846790.405408,396583195.002043,684355512.0415964,4123139813.0484447,703017279.524232,4015238573.1987348,826130038.6004127
883,6775296434.014625,396123055.6970403,683604612.3269378,4123131588.8579125,796053513.6089623,4015240818.9185405,809711947.7547737
884,6774468909.867591,395640674.2615811,682894423.289088,4123128072.3924365,702628820.4154584,4015250557.306341,793605768.7814105
885,6773430618.665934,395175850.0504961,682138468.5398052,4123121613.987199,803907427.9825867,4015250604.031855,784070860.8545145
886,6772227994.135393,394748711.9902679,681436307.173377,4123118501.8320494,700373404.5308028,4015210479.413552,879730302.2065281
887,6770830550.539631,394286948.5452983,680730793.3513714,4123109784.5478563,791988285.4188501,4015217757.950561,813581532.4513861
888,6769560172.891094,393853413.25444645,679866417.282403,4123106348.5239825,702080879.720393,4015223546.44154,788540912.4924189
889,6769219456.616101,393418540.95556575,679040259.1405226,4123098949.7537546,792365299.69085,4015223145.044752,775605420.8927156
890,6768412760.7538185,392945743.9602611,678261795.9705492,4123095704.515803,697297503.7285535,4015227670.752563,764485338.4405671
891,6767049357.920402,392503172.11860627,677478492.5754756,4123088690.0013113,799186559.1563624,4015212822.7156706,850790863.3734367
892,6765662677.816503,392070249.1820825,676740527.7791246,4123085227.8491793,697900798.8353174,4015233724.971457,796670966.8385918
893,6764479549.772584,391654142.21335006,675967911.3015292,4123077596.370725,814681623.4501158,4015235492.5424933,777183774.6280005
894,6763323168.090227,391259370.4869431,675270006.9722178,4123074341.8786902,708730587.9676745,4015244529.527876,765685244.7640097
895,6762200863.138794,390819641.98290175,674550805.1510488,4123065906.0838065,814356445.1770397,4015244639.398602,756274530.789899
896,6761131172.515461,390400509.8547134,673866116.895837,4123062655.370605,700433885.8992281,4015205503.853114,853199187.5608243
897,6760032649.883643,389924541.5642694,673130854.2245193,4123053445.110595,812980133.2806135,4015211960.5619864,795023492.6060692
898,6758838840.284966,389496292.2165808,672518704.0677332,4123050112.4997077,713084603.667144,4015217432.3305306,773362348.4851893
899,6758387246.76488,389094205.7711758,671764325.252739,4123043315.6199355,820609508.9483572,4015217350.783497,759880874.3867803
900,6757426882.685619,388625488.1610864,671060113.5408467,4123040032.821324,716884595.2140099,4015221637.4911532,752561685.1289786
901,6756339172.100155,388169713.378863,670257028.222264,4123033072.3850284,811671422.3892692,4015209257.9506946,831105555.3583592
902,6755074224.446498,387731164.62232006,669507835.5917675,4123029811.223857,707938690.5512277,4015229393.9885907,774244269.9653131
903,6754320545.918178,387269546.63255227,668805000.027005,4123022168.6280346,813515788.4459635,4015231175.9609833,760097634.3816427
904,6753903405.794061,386883692.2971911,668077460.2824327,4123019101.8240213,712222197.1723933,4015240011.2682796,747276163.1705244
905,6753374021.532057,386448589.63700956,667378485.9683129,4123010334.373786,826933751.0204089,4015240238.702435,737311544.5604469
906,6752430412.60836,386057925.70421994,666659806.876557,4123007254.5759754,729681565.4867704,4015204447.658292,814166032.9887232
907,6751668266.269706,385667332.2633226,665964046.9757006,4122998537.857893,837232676.8830514,4015210596.2935567,760350982.482843
908,6750444864.6033945,385217442.12563574,665247456.5029113,4122995334.289018,731550566.3663151,4015215707.7476335,746110094.8796111
909,6749407747.768562,384788711.31523186,664655497.2141688,4122988415.092079,849042385.4259975,4015215697.369703,734468427.8970145
910,6748523275.79844,384337843.11488503,663971002.6604135,4122985320.140861,734855157.3569638,4015219631.959656,725167217.5561084
911,6747121093.039473,383891444.25154406,663208581.6937361,4122978264.155861,838918363.2480532,4015208320.2642446,809099641.2591273
912,6745838507.857322,383467064.00572735,662461543.9578562,4122975160.911414,733936869.981766,4015227463.3389645,759577119.0558342
913,6744656827.154742,383013975.2297366,661744315.4530542,4122965254.284894,835101307.3649249,4015229337.1416135,742069107.6634853
914,6743691640.283254,382587579.60562956,660978317.6888826,4122962156.2276373,726275983.8948969,4015237686.652975,727323943.9890568
915,6742781663.874653,382141041.5170496,660190080.762163,4122955291.4261947,815580353.2376258,4015238046.122052,717205682.8309566
916,6741547718.546827,381739121.6214654,659453509.120195,4122952195.7811995,714045184.013546,4015203311.895151,792466957.3985847
917,6740701281.645914,381239180.88143384,658760703.4694581,4122945271.6896014,824521350.5670887,4015208614.246801,741690209.075559
918,6739968031.796675,380752722.30641955,658079646.9555074,4122942090.8630943,720357695.9199,4015213009.0041075,728735095.4861003
919,6738642595.249925,380344407.7263235,657408660.258848,4122934550.8178906,827978075.7498294,4015212907.6798944,718437960.9127129
920,6737519460.048906,379908836.7530794,656745448.9646003,4122931450.6674438,723562147.7693665,4015216490.6100764,708790162.8785369
921,6736379554.4982395,379556973.6398008,656077131.0614982,4122923215.2241125,824967780.6064477,4015204947.924857,793618170.0357307
922,6735604967.871233,379172768.52477294,655412931.850133,4122920130.873391,731650161.3833171,4015222318.8170047,741364645.0335945
923,6734970602.20471,378752160.67642313,654758724.41111,4122911894.3346243,843344609.2349498,4015223918.5271153,725897072.6903784
924,6734016323.509224,378291148.2168514,654076700.8510209,4122908798.5893054,743974243.0475926,4015231544.30351,713936205.6164209
925,6732932577.14452,377854981.3326888,653415955.0784659,4122901949.021094,853228242.0222001,4015231666.8125806,702187350.4260644
926,6732224928.227868,377447194.66883916,652732191.6089551,4122898681.66624,753641018.9595921,4015199684.0923295,793096813.1180238
927,6732019113.495558,377017409.8966952,652021125.1248105,4122891176.5186706,862304535.6609131,4015205606.5313745,737057108.7098953
928,6731681912.042317,376591681.2082546,651357975.7765888,4122887291.2698216,745131276.6138501,4015210374.303684,719095542.1364158
929,6730507926.845517,376170712.9038431,650702535.0920788,4122881020.2541223,849111964.0587505,4015210440.074319,706107926.8551425
930,6729590103.122982,375752638.4534155,650030056.6637062,4122878020.608494,746889957.0017886,4015213953.015461,698141947.4143724
931,6728323335.215879,375349591.4050531,649315008.8226337,4122870454.2728844,854255688.5582939,4015203567.151609,786124206.5527893
932,6727292486.432714,374921681.87716556,648640099.9972044,4122867542.0184946,744356259.2460842,4015219927.656157,733564881.9046346
933,6726324098.343681,374508259.676313,647948959.6717659,4122858722.5645165,840140060.9566693,4015221427.312738,713742931.9856828
934,6725524083.530622,374103441.1734768,647295837.9572169,4122855734.964756,738252132.1858975,4015228582.0470963,702548837.0477041
935,6724582972.926529,373696141.75706303,646705434.902922,4122849142.8812146,843818375.2617338,4015228783.191832,693157336.8105997
936,6723496689.422163,373279258.2805384,646106511.8680729,4122846130.0564356,738604282.2013224,4015197932.3473997,774457419.4754194
937,6722920133.276999,372881564.73653376,645392971.9380344,4122839783.109104,838945182.2228854,4015203367.20292,721959018.8263924
938,6721894222.344708,372478723.4937026,644750571.8234609,4122836845.178028,732180171.8664082,4015207376.6920757,708144943.3197111
939,6720676294.277559,372133426.24579805,644059789.6892824,4122829992.436594,833661920.7318699,4015207403.814565,699138467.3294755
940,6719975615.127049,371745785.25174975,643400625.1548617,4122827244.327234,721812967.5937577,4015210576.796585,690046271.5754741
941,6718840890.192038,371274649.65013075,642683387.8240002,4122819870.3170733,828581963.830471,4015201367.043456,779688296.866399
942,6718485843.920013,370843381.96870655,642025611.8130835,4122816966.295806,717587477.6942639,4015216354.205089,718191916.1943293
943,6717333436.892693,370504710.2594197,641342748.6724707,4122810451.875942,832682566.8154083,4015217745.0905814,700742404.7552948
944,6716643357.23073,370100463.1177598,640614065.5814891,4122807530.898771,723205911.8191171,4015224498.5950704,689983561.3740119
945,6715806985.763724,369646307.10929596,639974138.6584125,4122800201.464518,832702264.4137721,4015224747.631684,680556168.9654065
946,6714702493.350064,369266828.1846631,639361808.5008962,4122797420.398465,722358371.8431945,4015195484.6056514,767175787.8658721
947,6713673172.057615,368804164.28883976,638706946.5848975,4122788480.2531986,827849589.7405915,4015201081.147942,713088201.9050049
948,6712821868.091,368418775.3559017,638077412.1813198,4122785562.761116,715551378.567864,4015204803.653078,694910948.2953671
949,6711754143.378579,368028969.0529376,637486710.034061,4122778942.581329,827195274.8169031,4015204750.9328794,683204988.6535393
950,6710839639.124956,367640558.2945881,636763422.9811292,4122775833.598314,712384529.2070175,4015207670.5125318,676412599.0752469
951,6709824091.818735,367187569.7525737,636080673.5758853,4122768232.0369444,824228939.9150727,4015198665.069801,766518590.4424086
952,6708746590.702298,366774278.7801192,635347967.6777939,4122765258.9809704,711124695.5643641,4015212326.948312,706838368.6140193
953,6707809999.737945,366387501.0806771,634695990.8160887,4122758307.971511,831543808.4510704,4015213159.9712553,686217893.6737856
954,6707110215.488517,365989975.72822034,634083746.5542678,4122755252.7201557,714216621.6748346,4015219376.2006607,674541128.6347154
955,6706290088.6039295,365612577.4201661,633488589.0191176,4122747370.971016,828502990.3249962,4015219559.283804,665516599.5987037
956,6705617890.108346,365155741.31545466,632824260.9500319,4122744561.833636,708130219.3217509,4015189968.642017,747583592.9186839
957,6704581724.378531,364732935.02612036,632258961.023263,4122734853.7830453,840054973.007758,4015194537.1362643,692532857.856956
958,6703487447.745439,364394465.04541296,631598537.3409973,4122731838.858132,716645551.3354679,4015198064.867942,675294127.0538325
959,6702374569.904867,363932880.0757879,630958583.3754138,4122724662.0406227,838986729.2873095,4015198017.2989755,663462540.8669996
960,6701306914.448012,363487714.5379779,630302227.0741436,4122721604.4748645,720288639.7354707,4015200807.360832,656174238.2801058
961,6700260492.407752,363074622.001616,629642758.3283541,4122714136.80146,851853610.1055386,4015192054.7564955,741768965.5364132
962,6699404632.006599,362710323.9755972,628930746.2559803,4122711044.4112997,721632190.099739,4015205130.2907434,686025205.8503261
963,6699043584.773751,362349798.39650255,628261529.5438756,4122703674.403225,863191520.8641093,4015206120.682559,668982033.99905
964,6698110884.034337,361965162.056559,627592101.9319439,4122700693.3209534,726858030.0814209,4015211875.5911083,659371760.1747626
965,6697048090.664556,361615454.9077081,626974752.371005,4122692598.9197874,855320898.4750366,4015212039.319691,650512350.0238351
966,6696653169.038949,361182826.5511385,626327231.4112344,4122689640.5849633,722634885.1146238,4015182173.0165257,730037936.6197484
967,6695767293.435213,360728176.7775391,625667415.088945,4122680059.1007676,850075506.1769725,4015186761.1729584,676233620.7358837
968,6694907134.5254965,360357612.69657445,625002851.3452286,4122677034.046299,724079902.5637646,4015189766.347162,660786713.0400535
969,6693810154.876086,359946697.2202083,624322652.6089104,4122669633.2961745,851770181.3832476,4015189536.1918826,650714934.9228406
970,6692694406.85204,359576699.67134213,623693740.3157132,4122666616.873673,726422157.5939518,4015192000.0884547,643166715.5152699
971,6691788195.506085,359226702.703362,623074597.9099481,4122659160.7235093,875213755.5902288,4015184224.2486,725519422.5268178
972,6690731659.668926,358831778.7103426,622474579.0075718,4122656086.2097235,731040984.7992959,4015197730.636682,673798109.7930923
973,6690265816.678574,358476071.67103446,621897990.524393,4122648768.1227574,877979273.425758,4015198730.7313023,661179337.3184984
974,6689099782.36206,358116798.50879025,621287419.7280339,4122645694.857528,744627884.1165754,4015204395.237611,649474224.5705986
975,6687888884.444277,357729873.9679892,620638648.7343663,4122638136.8635187,882886406.043883,4015204434.2903934,645262289.9925724
976,6686776991.509553,357340359.3959968,620015966.4366918,4122635194.4457183,743368195.2645591,4015173549.6032977,732157458.5658686
977,6685798686.458461,356949972.60165,619396682.987519,4122625994.989721,886199453.3203087,4015178328.104034,683150472.54498
978,6685007079.965919,356608304.8597305,618765274.5091512,4122623168.993665,750315367.6836451,4015180834.0155463,672011392.8267844
979,6684081309.2870455,356243636.0995621,618138754.2541713,4122614157.950892,892683021.5571162,4015180607.9811015,666509629.9011539
980,6682855938.11756,355856428.0251738,617488306.0820152,4122611196.209694,748132234.1895388,4015183031.0934978,656968966.003217
981,6681832202.889251,355460242.63813454,616835696.7903818,4122602122.805216,890813009.6932797,4015173412.042369,756331775.2350017
982,6680956270.374627,355081183.29249364,616250368.1558937,4122599284.870823,751745261.1216646,4015186307.6295333,702494929.5555323
983,6680269703.986796,354711602.4324238,615640221.761178,4122592498.7581882,895357991.3527639,4015187355.134488,684508591.2029331
984,6680046417.973739,354393614.9956107,615102472.009913,4122589618.9321303,757412724.8605864,4015192950.5476737,674462020.0652711
985,6679191241.38094,353928935.1690039,614492450.9401076,4122583226.7086725,897893717.6759013,4015192883.0598707,665223790.6279017
986,6678669462.826219,353463309.134231,613893024.9000131,4122580432.088855,749262784.1021305,4015159626.394741,754956706.3535022
987,6677698385.55536,353064377.6626381,613287626.6033515,4122574109.2721276,890861924.286251,4015164348.7476525,694285987.2915802
988,6676737162.286393,352692552.64842004,612690185.9731381,4122571439.84997,743967418.5983052,4015166878.985192,676369663.3316554
989,6675913724.76209,352321582.8343864,612050883.6629033,4122565248.4204974,886080759.2791317,4015166785.151857,665230455.912869
990,6674821833.646216,352047347.13818717,611367298.9423767,4122562621.4782257,739591314.2207048,4015169073.4093943,654032946.8414925
991,6673744737.422938,351731431.59300965,610761610.8146306,4122556213.1187263,879745988.3134865,4015159648.7269964,735385976.3701262
992,6673126328.466925,351372641.46518403,610092402.0969317,4122553602.016385,737424327.7416139,4015172741.77293,684912416.4582477
993,6672264425.678876,350982634.06226486,609476643.4280583,4122547046.119394,884810087.4695538,4015173729.563556,670046877.5871356
994,6671881961.416506,350592279.1307996,608874238.2167319,4122544580.707737,740452988.9972067,4015179077.520369,658765011.7354258
995,6671054877.13171,350169836.85501915,608272472.6836177,4122538294.462898,876670270.6599557,4015179079.706275,650451598.235343
996,6670757457.047718,349787857.2092236,607710771.4284242,4122535918.8460383,735006398.6239289,4015145757.3706656,741400076.510605
997,6669919144.532526,349349797.12871754,607110005.6909285,4122529254.534385,878879499.5120696,4015150989.066428,687639303.6003984
998,6668930275.465003,349003999.0362251,606463432.1223099,4122527063.605226,737898220.4548047,4015153558.328107,674770535.1398606
999,6667847291.504818,348644449.7003577,605876248.772436,4122521458.8344665,886751941.6349983,4015153661.2800007,664842461.2103913
1000,6667069376.931421,348266352.1471691,605235294.8070731,4122519178.5448074,744432553.6578507,4015155829.2321315,658772012.6773556
1001,6666880895.813565,347887701.0732839,604633218.907993,4122513774.0784163,886004270.6093582,4015146970.4563046,758203085.1455243
1002,6666128993.491403,347466955.2613643,604018816.784216,4122511586.3806615,743854271.5143034,4015159994.6275434,703424750.8522327
1003,6665127053.291591,347108214.3050381,603366620.3098017,4122506365.232013,876011991.3917686,4015160859.5417304,687227791.8682634
1004,6664900092.060695,346702501.02248424,602753114.678274,4122504205.300927,742237665.1904558,4015166208.339653,678594653.320627
1005,6663761853.061957,346389618.0557918,602087722.6082386,4122498633.7056093,865681203.795884,4015166198.2972746,670269769.7162818
1006,6662532395.716792,346038627.9391721,601415763.4791143,4122496677.924745,732964015.1596539,4015131324.478483,764479848.5800999
1007,6661900972.3955555,345673697.6424674,600819234.0647904,4122491214.245277,857765671.4806546,4015136622.651933,711375285.8106114
1008,6660875979.375937,345303957.8787051,600227360.8839536,4122489162.8098307,736628527.0335634,4015139032.919583,695664696.2738019
1009,6660822634.72554,344988206.8576975,599607026.8474783,4122483427.420206,859900279.5059744,4015138952.1124988,684408075.6678683
1010,6659668996.66527,344619307.166638,599006614.2771847,4122481485.6034274,726693709.7853929,4015141077.035136,675364033.3519199
1011,6658823173.317322,344248531.4103142,598434311.003444,4122474451.6150794,867412014.1409895,4015131623.812489,763900963.7865918
1012,6658371830.708286,343847467.0262197,597874860.0737646,4122472440.7676644,731686831.0498035,4015144849.9960384,707753873.4727466
1013,6657518017.47586,343436165.90558714,597273863.8922713,4122465208.6341424,872129860.9266542,4015145734.046661,696109774.401665
1014,6656649061.27758,343066341.5174249,596697753.6389389,4122463240.68126,732622580.1876957,4015151146.176106,683443841.5083851
1015,6655775577.031567,342718084.78345656,596088762.1555882,4122458397.461243,871945416.7777021,4015151137.231833,677184116.1408418
1016,6654873192.091653,342372339.948135,595508218.6143501,4122456196.951353,734734747.2099429,4015113573.3721833,771529409.5666503
1017,6654065784.063309,342030107.542557,594815743.3090316,4122451576.737826,867092911.0486625,4015118173.7853065,721072282.7595186
1018,6653292441.290529,341699030.4356917,594193837.6360341,4122449523.486095,726014970.5284995,4015120358.517031,710456210.187263
1019,6652456269.448305,341339182.3448591,593563736.7812144,4122445043.2508163,855887731.9603417,4015120129.796961,698265667.2283194
1020,6652121587.797728,340960439.023711,592985922.5737612,4122443218.20629,729957226.4043468,4015122201.8228617,693810738.901401
1021,6651724814.196885,340629117.0008185,592420863.6904335,4122437210.055058,858955844.7181801,4015113081.488964,776741589.5066285
1022,6651072893.873317,340246926.54595315,591778969.6925915,4122435346.9856515,725156616.6091924,4015126245.7843027,723241395.8824819
1023,6650116053.596096,339918657.4056693,591224178.1798016,4122429206.5916915,855914064.5214577,4015126860.529068,707796039.5844632
1024,6649159285.89417,339609342.8007298,590615700.8978448,4122426860.730858,727066774.0258973,4015132195.8391376,704073728.8982855
1025,6648159150.190469,339259062.2094719,590030082.2700672,4122421390.0182657,848844584.9051418,4015132154.303463,695881573.9916081
1026,6647311626.383011,338914903.633515,589490029.5791705,4122419650.1138616,720130238.3823926,4015094867.9940696,771656684.9798045
1027,6646363323.74942,338560823.51846325,588898014.4760292,4122412934.029988,852627106.3442621,4015100775.083145,720730858.5256612
1028,6645519528.851914,338208883.1636056,588321700.5101533,4122411222.8911247,726249433.4754968,4015103162.3283744,704013278.4109076
1029,6644829211.576566,337860355.78256595,587722477.6943743,4122404284.230848,865615724.5547134,4015103053.269442,691615136.2327816
1030,6644060666.311237,337496493.1766897,587159482.7536678,4122402502.3997655,734449671.8607886,4015105183.71057,682986465.3081656
1031,6643038779.114631,337125563.1483032,586580985.1134987,4122397715.6668544,881058883.6083483,4015096284.3954277,757033160.9084007
1032,6641871643.345745,336662896.4468926,586006948.8836672,4122395796.335685,736278121.7302307,4015109722.393544,708249865.1122732
1033,6640905078.760505,336308818.69007784,585419991.1259726,4122390393.6518755,874704187.4899216,4015110415.0804486,691210733.3204744
1034,6640000846.529303,335949014.29151464,584814051.904343,4122388630.675935,739236521.3208702,4015115821.7155595,677396656.0255593
1035,6638936762.944862,335579059.8869918,584259840.5126274,4122383509.7886624,877169624.0258626,4015115862.2916856,668836698.723264
1036,6638100400.991138,335231216.58421934,583732664.4529262,4122381659.7048225,740142220.4215592,4015076436.72701,739457518.0147232
1037,6637107992.298183,334878530.0628787,583153448.1875205,4122376590.451869,873069257.8806505,4015082485.810974,688769248.2942806
1038,6636262936.891138,334522349.8316868,582603198.0478166,4122374918.0596375,740592310.0112033,4015084586.30487,673384942.3211191
1039,6635298242.8882885,334196416.8657641,582021355.3728287,4122369709.126687,875886283.0428878,4015084412.823817,660093233.1118547
1040,6634779743.98423,333827744.14694494,581443961.5241762,4122367939.9059925,739200978.5972497,4015086558.030012,652759965.6403178
1041,6634003194.288639,333471497.11621284,580872460.3416574,4122362255.3964763,873710456.3909054,4015076741.5701537,727063068.1140809
1042,6633236888.626021,333109940.50720817,580322132.1642052,4122360598.366576,738364150.9967672,4015090254.4538827,680048243.1416153
1043,6632320735.594555,332780947.3355974,579750906.1187778,4122353533.443644,875815890.871154,4015091202.338632,665969120.3947283
1044,6631424589.442578,332412298.69561094,579199710.0806739,4122351807.1722474,742889469.8285837,4015096341.5694094,655163612.1302941
1045,6630675543.537399,332076527.7353839,578634401.3957528,4122344437.1993685,887400302.4524637,4015096369.858484,651788512.966671
1046,6630488688.471541,331758814.844843,578023842.8447009,4122342764.375584,747704837.2504171,4015054494.2949677,734333080.7156683
1047,6629577140.533189,331447501.2439058,577474567.751054,4122337507.1242666,896800953.6983583,4015060487.1777744,684190881.3915302
1048,6628558247.194463,331147187.8703503,576940976.285298,4122335609.6193376,750307785.3153926,4015062510.682248,670152645.6661649
1049,6627938825.578132,330880095.2527416,576411586.7552518,4122330429.140092,899414659.555749,4015062551.1727233,660037761.2962074
1050,6627106407.423503,330492826.45191115,575846361.3455695,4122328567.415354,758921803.5317813,4015064634.6722574,655162609.2523837
1051,6626248950.317964,330155217.35338485,575281537.1174846,4122323357.211008,898783704.7571399,4015055209.576498,732036277.2082745
1052,6625544588.537071,329804351.5580393,574719068.2117723,4122321592.0087523,751578467.0777826,4015069176.651928,688489756.6404624
1053,6625145425.282315,329443578.98725075,574163514.235222,4122316218.176248,892915393.7627591,4015070121.538025,673753969.6576879
1054,6624263751.433061,329095065.7893884,573580880.7158611,4122314397.983461,755426964.0772943,4015075392.9430075,663561722.6867982
1055,6623279372.881489,328739643.00841993,573030906.4043627,4122309135.00092,901857902.4615897,4015075445.54786,656907221.2110703
1056,6623338484.519505,328385221.67123604,572457561.1235038,4122307508.4336424,763631482.9348639,4015031577.0182548,743246099.1411813
1057,6622585910.493601,328065997.6233894,571933467.7611121,4122301860.174278,906957162.4144704,4015037436.752475,692727473.5300746
1058,6621621259.637401,327736146.0196028,571362481.0155821,4122300017.5479875,763472540.5736749,4015039619.6196127,677693715.2431744
1059,6620924667.594313,327391737.96210086,570806400.0217836,4122294502.7303057,893976530.3023672,4015039574.0468864,667393536.3521912
1060,6620427539.267666,327072097.7595088,570205361.4371367,4122292668.660146,765472264.2896246,4015041541.935995,660974815.2477216
1061,6619901498.62191,326726966.7158489,569662366.8558291,4122286645.384998,898811600.8594092,4015031902.2842784,755889105.4638633
1062,6619976562.785371,326383592.63388383,569088092.3709116,4122284762.7224364,762328050.2838746,4015045563.370285,704620167.0405253
1063,6619384330.824222,326054087.4548792,568552246.863989,4122277736.17381,901029191.4283717,4015046557.821627,697050028.3313078
1064,6618602390.577494,325699810.3550835,567983378.4952904,4122275835.1456237,769243462.8295752,4015051721.608473,689950201.6764799
1065,6617672513.651386,325339870.7813679,567436154.6937026,4122270559.651117,913228814.8515838,4015051790.409016,684004526.1202385
1066,6616615552.752731,325010998.79721177,566898900.2046477,4122268606.861022,772250602.3499537,4015008875.553702,778408959.8480017
1067,6615731845.732201,324688372.1985943,566309902.4821548,4122263253.7390466,903200744.8085563,4015015935.753927,723470329.3997743
1068,6614789437.653243,324383491.8023237,565750212.0873636,4122261357.1552787,770221134.1542597,4015017948.807992,704481411.564066
1069,6614473246.240997,324053909.3775985,565218663.8503788,4122255733.799347,897951654.4768927,4015018180.8413444,691143646.280908
1070,6613527828.63424,323719572.7511178,564661071.5235895,4122253854.1340814,770910092.5820439,4015020220.9515066,680946774.683868
1071,6612512843.633502,323386564.1568397,564159965.8298178,4122248109.8749194,904773184.9504104,4015010750.150791,775605404.3378986
1072,6611645715.610392,323057374.0392434,563596750.9346236,4122246252.478154,778065910.119953,4015024823.3025217,726121453.7390147
1073,6611888409.362051,322722430.5200093,563050628.992495,4122239151.194465,910520166.8297287,4015025959.4613833,712724297.7062447
1074,6610850644.7288065,322375525.240827,562484203.122419,4122237267.415264,782389006.5723056,4015031090.0495024,700373979.7978852
1075,6610996450.189491,322056285.92862797,561943841.5727842,4122229886.6755652,901830237.2584506,4015031081.031668,693129277.3768579
1076,6610522162.912069,321723310.8436927,561382598.7141588,4122228074.277231,774604420.862755,4014986393.099642,778895954.9495895
1077,6609819290.764112,321395355.25752014,560836908.8508003,4122222851.9854813,903497739.0131146,4014993579.3527656,727080617.4525677
1078,6608902321.876965,321056496.41077304,560247589.5965921,4122220859.5959845,774955722.0237647,4014995442.504094,706672439.5146098
1079,6608075352.554835,320749383.9393938,559715465.3527557,4122215682.2811804,888002759.6442324,4014995677.425996,693657005.8960148
1080,6607132511.731564,320403742.65460825,559141509.7917126,4122213847.1385183,772117903.1826762,4014997711.7831993,681069670.4341917
1081,6606418999.397453,320089940.34566426,558650581.420192,4122208697.1203914,879487280.2136457,4014987769.0359273,761347562.3947924
1082,6605239585.792254,319775459.95196646,558033748.9435223,4122206825.7279944,764400738.0491583,4015001481.763049,715180452.1529988
1083,6604248202.076633,319430468.67988986,557464123.9566486,4122201602.641656,876661753.6819748,4015002466.73937,699992831.5083884
1084,6603990737.1101465,319090031.33932006,556896992.3920724,4122199774.5026536,762159487.7464631,4015007616.570908,688620848.6170769
1085,6602905614.045731,318741167.91511524,556331703.8857784,4122194168.50168,881510018.6377587,4015007750.304536,678430214.6646909
1086,6602279845.932408,318422365.5760579,555799163.8908479,4122192321.143681,766942683.1901613,4014963278.8332562,765496800.79733
1087,6601310040.39634,318118032.2710792,555292405.1164076,4122186528.9567857,872160187.4170449,4014971452.3993587,711018939.8664057
1088,6600295070.793458,317789957.83574754,554804292.8424425,4122184661.606476,762062542.6584672,4014973286.1511393,692487799.9238499
1089,6599341770.024737,317444853.93756807,554339627.2869952,4122177820.3852754,888501269.7756286,4014973438.609015,679726733.9857594
1090,6598323056.011668,317100457.8192647,553888555.9677266,4122175891.499151,763657645.266864,4014975319.0667324,670322404.5021915
1091,6597640921.916383,316808815.88527507,553348717.0694991,4122168694.624713,877390094.1318132,4014965483.788285,752138649.8063344
1092,6596633255.566304,316476809.36997926,552867076.3127595,4122166779.299459,757561656.027547,4014978980.099272,699662392.0134053
1093,6595893085.26976,316158226.25501114,552304804.9131787,4122161108.1299105,888099818.1273378,4014979683.4706426,683608930.2199774
1094,6594984018.50455,315867423.16783065,551829971.1901171,4122159075.1191845,761361020.6737634,4014984568.1315784,676781137.7111089
1095,6594104483.56881,315567721.8631705,551283401.7316853,4122153582.2402687,895765739.1363345,4014984632.7139325,672225456.8679193
1096,6593317961.314702,315245175.2895945,550771803.4081745,4122151491.040015,759413838.2842642,4014937274.7793865,759697430.5359839
1097,6591488022.570899,314934172.63738877,550240290.9494514,4122147042.9971623,887867128.4537312,4014944684.6059732,710382841.4393312
1098,6590722352.425502,314629416.63580376,549733839.93566,4122145052.7997823,758557218.2648829,4014946882.9474792,699761941.6550632
1099,6589831080.616509,314301855.24521893,549211755.31211,4122140050.966235,881493776.5388997,4014947116.333488,693976686.6668241
1100,6589148490.105592,313976993.29887366,548686641.5033718,4122138097.3949094,751138856.5999099,4014948968.599393,689189285.2583318
1101,6588790146.833389,313643723.70310265,548167617.7185639,4122133106.742249,872359863.5725662,4014937872.106991,782290977.8702068
1102,6587972034.300158,313330024.3899213,547671743.479832,4122131202.5933857,739061491.1015348,4014951664.2596264,726016724.6639286
1103,6587659885.150496,313036462.19040734,547147719.1515331,4122126092.863683,865756163.7096235,4014952693.446119,707962529.0506393
1104,6587378774.609087,312716437.469413,546625861.1962494,4122124233.8733087,737281960.09478,4014957805.395467,697943747.9961498
1105,6586410650.003496,312401976.1218403,546092438.8330165,4122117968.0557766,867567880.8567318,4014957932.2794566,694389957.639094
1106,6585454421.549589,312070660.6674731,545596857.9351159,4122115971.9676137,731890860.7304696,4014912213.329434,796105861.86981
1107,6584577538.098765,311758382.32779795,545046174.8109937,4122109029.8457503,851583655.9277935,4014919660.544712,739009836.3747191
1108,6583898785.356558,311436743.90615016,544513841.0929776,4122107052.197765,722975554.3363497,4014921640.347583,727930906.6954613
1109,6583405656.857948,311113588.9126431,543976630.9710811,4122101964.968788,857215573.5106641,4014921848.5806003,716360376.3218176
1110,6582862442.631184,310801777.2341399,543412008.4749887,4122099886.046893,720710308.4607855,4014923782.958632,707021238.3959013
1111,6582131484.901106,310488947.90793234,542880975.9815437,4122094735.6191015,844229732.1273476,4014913703.0632396,802717315.0539275
1112,6581441587.254579,310190874.1857698,542403068.897131,4122092787.6322885,717552612.481338,4014927788.8468647,747127636.6383809
1113,6580430638.568062,309888652.24652404,541856436.9392128,4122088223.8461156,855759967.8921952,4014929002.10123,725217240.961238
1114,6579862281.32696,309569462.89583224,541370599.7064629,4122086128.1093416,719402067.4463522,4014934234.008223,715127653.7106236
1115,6578997223.4241705,309264789.90648353,540825520.852393,4122081202.0813484,853124687.5787542,4014934403.6442466,701942046.2664317
1116,6578047666.481612,308953504.56531274,540285900.935051,4122079306.9608693,719157002.4318756,4014890906.796405,796997072.0223731
1117,6576987521.349262,308629917.4223837,539757470.9970984,4122074187.43683,853265567.0182995,4014898000.938353,729928310.6191682
1118,6576012639.602813,308315648.56013983,539268403.3513054,4122072090.8550797,717403002.8068943,4014900394.917865,711263485.5310588
1119,6575437345.122837,308012405.9030872,538750205.4326489,4122066144.7483106,857057012.5272081,4014900546.8914447,697136425.6321828
1120,6574765381.62677,307705371.87895364,538245919.2792345,4122064118.075552,725985089.0692157,4014902724.8784485,683863196.7625003
1121,6573887855.285238,307408402.8733931,537724670.9137058,4122057408.5600486,864219543.3465519,4014892987.3009934,771630564.1580547
1122,6572956853.836939,307096662.00036204,537239302.0400283,4122055376.268966,718144242.5303977,4014907281.564321,711269665.3898075
1123,6571958272.175248,306790757.0586032,536719178.40513676,4122047576.0730906,842796501.3065306,4014908344.347694,692322205.8525914
1124,6571059296.208149,306483354.56620973,536210774.97427624,4122045329.1189766,716904347.0677404,4014913560.7199,679152626.4783757
1125,6570464714.622806,306166100.65349644,535684361.17734087,4122039773.6271067,841645577.3383849,4014913671.290496,668330752.4656018
1126,6569685527.317301,305849870.327205,535154001.9280244,4122036057.7386355,716153729.426454,4014871810.638342,761224271.1134832
1127,6568969837.046279,305528418.4540943,534647739.90452945,4122030409.450312,845210716.0506809,4014880217.068426,701708386.1047064
1128,6568108719.114165,305190543.70960903,534109156.1555761,4122027822.430555,714313960.2920132,4014882238.7569246,687697076.6578006
1129,6567398955.237826,304890093.2223762,533601659.27273846,4122021939.8383026,833668369.6152422,4014882377.9418874,676898077.8729954
1130,6566537460.7523575,304591514.1116644,533142661.77936107,4122019447.405085,710664137.76311,4014884478.8443136,668583530.6304114
1131,6565697680.566971,304305540.7604851,532614223.4662276,4122013326.1402106,838244614.8729953,4014874737.6372466,765776519.578513
1132,6565296521.646422,304058955.5667536,532155016.9155462,4122010907.694194,713775034.6594195,4014888435.9102345,703076194.0341651
1133,6564402123.695127,303750550.79915833,531636254.6338457,4122003791.056657,830806671.926425,4014889625.5590534,687079675.8932679
1134,6563681585.065812,303425911.10645854,531092844.99757254,4122001411.896902,705624844.7353773,4014894763.78671,677542482.5724516
1135,6562781126.833894,303116094.82324624,530577727.2398031,4121993466.34504,823753673.1506754,4014895009.9149265,673750440.9968168
1136,6561759902.180686,302793987.6599714,530072480.3251685,4121991066.063644,706713334.149489,4014851232.6686983,769609144.7739388
1137,6560813791.075802,302444913.6504497,529595080.07508403,4121985122.4323564,821669603.1331477,4014858676.1341643,710180994.8195263
1138,6560891555.644611,302150264.33898485,529083737.25427455,4121982609.062039,703912325.345379,4014860922.584418,689487115.501189
1139,6560341852.775304,301826008.16975826,528542889.13822913,4121976084.043775,817453290.21626,4014860939.764419,676765525.2915637
1140,6560549570.51235,301520522.544101,528048111.81652117,4121973477.1156783,699772363.2645339,4014862834.151795,667651834.0009589
1141,6559660677.085053,301209476.96804184,527558630.3231012,4121967535.809092,815860327.5131806,4014852880.5473366,752103203.9752971
1142,6559202513.528306,300919800.17937183,527096786.87282455,4121964982.4989414,698442323.692937,4014867105.1732297,701087325.8335993
1143,6558451681.456035,300615775.39695793,526583282.3096714,4121958628.093994,819074632.4634867,4014868415.480761,680702262.347462
1144,6557582224.57996,300279481.687904,526086036.1112535,4121955897.0995326,699695652.5832932,4014873578.427292,670706220.1773524
1145,6556789724.896025,299961152.582102,525589772.0582878,4121948473.8612757,838454615.9924908,4014873779.855685,662064615.7758276
1146,6556210388.797817,299639505.37493885,525131864.1595812,4121945818.661753,705330543.7595769,4014830528.6886644,762039860.2382474
1147,6555953302.511898,299343182.43028325,524623947.7124389,4121939979.5409913,823515789.7123368,4014839119.520546,707773958.889947
1148,6555098056.554396,299049724.4365702,524119339.33208,4121937093.2470427,698363864.4331341,4014841266.880044,692901021.1933306
1149,6554269512.55744,298745032.191095,523627671.33581436,4121930857.7675376,821042158.3751745,4014841422.2015553,680780111.2039995
1150,6553244024.233133,298471319.55908185,523133391.2188949,4121927859.904078,697852436.7012028,4014843293.155506,671645821.562188
1151,6552569801.60033,298172908.3173576,522611138.09450793,4121919998.011126,823152801.3461304,4014832018.3633165,768935142.1066325
1152,6551731926.187581,297873030.29090595,522099319.0466387,4121916950.126383,700090424.5417641,4014845116.1826415,718913557.2029853
1153,6550824960.3954935,297562132.08724666,521618751.47125256,4121910582.4424925,826899616.5958468,4014846344.139482,705443823.0025916
1154,6550784130.824763,297244150.94578636,521109686.26305974,4121907355.3091745,701460558.0677687,4014851275.1290135,695595103.8094548
1155,6549898252.335978,296945894.3429128,520634346.27576494,4121900657.7173605,829626724.4744033,4014851472.416686,692482633.6175046
1156,6549356248.3810005,296620501.75901854,520170923.6637049,4121897503.824182,699905335.9450734,4014808762.830417,777831433.2268949
1157,6549215453.7660265,296299627.71414816,519711960.95391035,4121889547.4919086,832250687.7433885,4014817322.67412,725485083.4659572
1158,6548603818.994262,295976890.54405594,519236814.64347553,4121886683.125481,699609435.0760726,4014819650.3697295,712295526.7157041
1159,6547713358.641974,295680619.24144083,518752161.4894587,4121880725.9407444,829458589.127724,4014819950.204237,697414695.1411124
1160,6547161246.811281,295375803.88910186,518255669.9496681,4121877661.806752,700960619.3077824,4014821925.033461,689539411.8938507
1161,6546270134.922166,295025423.5464102,517775304.98204386,4121871672.3150015,836271513.1525909,4014812142.922125,770530319.6180956
1162,6545410773.811379,294727284.3540309,517351936.957074,4121868861.2518344,706218979.847436,4014825752.116226,710257080.6686162
1163,6544796253.225966,294433651.6371258,516863159.1982385,4121861098.7930365,837158106.4173124,4014826828.433358,688882655.8111593
1164,6544181774.766536,294122506.0946607,516388464.2685053,4121858425.899349,701977135.5260376,4014832034.894572,673128720.2616342
1165,6543700589.106461,293812025.0600616,515921212.1826139,4121852793.917059,851501186.5169746,4014832210.128646,661861962.607033
1166,6543922708.482981,293509277.53105015,515423133.6370547,4121850017.7010226,709653675.7871506,4014789045.938383,744030545.8656336
1167,6543492163.750899,293208945.43190604,514955649.5016717,4121843805.0511985,850719703.2871035,4014798131.5400186,685835369.4795977
1168,6542507719.195684,292923125.1477864,514448327.4143914,4121841205.0748525,707583117.7468169,4014800315.5824237,665729421.8940325
1169,6541891771.198964,292622942.0671351,513964023.22407025,4121835658.9415064,843801410.3535037,4014800561.4292936,650409763.3187497
1170,6541013116.529131,292323975.7376349,513489685.5958623,4121832716.3295107,704485368.3333704,4014802544.3936195,639151576.6205149
1171,6540356147.619058,292052184.63582885,512949738.0176237,4121826693.54309,854337657.5787476,4014792213.3799973,716083386.1514908
1172,6539785543.805909,291764873.21219313,512444130.48314154,4121823955.3896313,705538465.7894742,4014805989.5947075,664858264.3227963
1173,6538985343.070246,291533925.9009156,511960471.38504606,4121817085.038502,850692304.0279416,4014806836.5718946,652506625.417634
1174,6538682242.062218,291263629.62830037,511487637.6925039,4121814506.3835053,705190395.7519691,4014811848.32219,642883857.1236008
1175,6538375762.502709,290979387.03548485,511036610.1426302,4121806796.7935433,857357318.8464049,4014811952.5464354,634646754.4765643
1176,6537604314.766941,290689774.1152599,510507281.4824813,4121804268.956318,703910116.6265684,4014770045.2346888,718127185.7016761
1177,6536813222.760895,290399710.07960486,510024471.2721886,4121798657.6020885,852264377.6998434,4014779175.7911677,667089022.1334842
1178,6535975765.2254925,290097802.1930577,509533677.87322336,4121796135.1972113,703453036.2037929,4014781393.9240894,651640646.0801947
1179,6535052212.673186,289813527.52406365,508936235.7749447,4121790627.6602454,850199229.2172523,4014781825.217086,640555537.5956205
1180,6534339311.671308,289488452.5556364,508447280.0700145,4121788024.639612,701619086.385561,4014783932.040968,635793938.7196586
1181,6533320897.655024,289195701.5743275,507963396.89352626,4121782090.482771,848336527.4067509,4014773592.610291,726104202.7763298
1182,6532510566.734195,288893733.03705,507478421.6544675,4121779519.8251324,702721637.2842059,4014787056.0778837,673606860.3991802
1183,6531671244.039559,288616426.7626757,506992349.751558,4121773339.2304115,855793373.7625879,4014788192.2410326,660607226.9343702
1184,6531008665.484101,288313679.31898034,506530652.419823,4121770710.690223,709826920.8961022,4014793220.385186,651398246.5319034
1185,6530383396.088717,287991308.36671704,506052368.80864125,4121764043.9035087,862794318.8256323,4014793389.020331,646207061.2839887
1186,6530027620.042387,287700139.71732825,505593544.73982614,4121761531.2614927,705765340.3568096,4014750384.0979056,739734571.0710412
1187,6528976946.330354,287429362.86441225,505123037.6940563,4121756352.356199,850276922.5477346,4014758988.838724,685724919.7372965
1188,6528724063.835912,287155115.360881,504648063.4129319,4121753807.8670297,708936202.512845,4014761181.0254946,671747320.5318536
1189,6528126627.37452,286858439.18944657,504191088.1709574,4121748005.600883,866667015.62466,4014761471.2498913,662490500.1748143
1190,6527499037.121655,286561728.1650757,503750318.49200207,4121745500.0452986,714159923.6263187,4014763416.3157063,654850719.7838914
1191,6527413383.66734,286272891.73224586,503270656.9019315,4121738790.6655164,873127126.1465459,4014753782.150915,740562613.7281398
1192,6526556261.279975,285999302.7109851,502811275.55953026,4121736427.3778706,716209709.0102069,4014767425.949484,689495337.5190616
1193,6526147063.244864,285698546.76758945,502320344.03241956,4121731064.136903,879007146.6265913,4014768399.9666905,672130485.1042917
1194,6525492628.972384,285382240.02697134,501862193.58827597,4121728393.8756514,717017220.6062688,4014773199.972347,659922727.9653351
1195,6524913580.651996,285042969.8377679,501403548.65322167,4121722372.2666974,873819472.6028686,4014773370.644971,653331755.9944484
1196,6524029218.583622,284749854.07435524,500946708.0176736,4121719909.562485,714977663.3691847,4014732204.8829904,740379084.8240459
1197,6523289128.928078,284451529.51738703,500439376.9374739,4121713211.429562,857710537.063879,4014740941.6498656,689386781.6878778
1198,6522802131.821586,284164258.3564111,500017713.89974666,4121710603.708322,706453902.8707196,4014743284.0185766,679843538.3730507
1199,6522033329.717908,283889096.33474964,499536989.27587974,4121703227.6335955,841762925.6490123,4014743485.330358,671453404.72856
1200,6521272426.182035,283555583.50387734,499089353.69646335,4121700753.488395,705413457.7649946,4014745450.601417,665166912.8602474
1201,6520418129.813504,283249028.9175169,498643960.0949,4121695347.1532283,845661906.2681115,4014735777.445441,756930854.1738644
1202,6519706204.351263,282954653.76558584,498215365.2984017,4121692898.901942,709511640.7217523,4014749294.003153,701144261.5939506
1203,6518938270.413323,282648909.94615054,497829798.5349495,4121687568.91281,856508579.9430549,4014750464.1656814,690837407.589693
1204,6518192584.999605,282355340.0219641,497361968.9924702,4121685213.9459357,707704066.6740842,4014755344.278487,678453452.2288022
1205,6518098167.36604,282056909.3496221,496888822.2976376,4121679530.537522,854636632.1583815,4014755584.5123086,671682858.9932503
1206,6517165284.0595045,281790649.9436464,496430827.98553157,4121677109.7474346,711255321.4124734,4014714974.467985,755341832.6445031
1207,6516590913.51971,281552519.42058885,495965394.22849023,4121671419.985754,864890239.3147371,4014722996.7892504,704662460.8401623
1208,6515846821.830661,281285332.1145735,495522143.8973539,4121668910.388271,715401346.2962698,4014725259.6492987,689267212.2316488
1209,6515151139.8861685,281016526.67947453,495058688.95642394,4121662021.2051425,866651785.2554872,4014725408.4095783,677329691.7388966
1210,6514370356.979871,280720732.39618427,494598507.32791525,4121659551.6666183,712316780.4228466,4014727431.362762,672231552.5057666
1211,6513695881.792271,280432228.0864552,494153027.67144376,4121654181.4676433,851681922.601109,4014717726.980386,772770894.0207865
1212,6513540858.001545,280133149.00862485,493683201.5056616,4121651510.1005406,708319734.2050658,4014730747.695043,712757265.2917995
1213,6513021253.460286,279842613.28040445,493246363.37726724,4121645549.0374227,842827792.2042497,4014732149.4019184,698501561.265392
1214,6512728037.126315,279563871.7684336,492782329.50972104,4121642986.274166,703894744.51227,4014737039.7813096,680127373.1273199
1215,6512102953.665774,279284976.2919526,492348659.21335655,4121636209.095605,837247457.4623119,4014737169.43575,667908524.0040885
1216,6511438617.562436,279007739.9720736,491885626.6644786,4121633695.722538,701844790.0598059,4014693517.1291785,751027746.2262532
1217,6510623263.872641,278720627.97944534,491438891.61625606,4121628325.3841963,830803587.2198355,4014701697.273664,699237710.0701456
1218,6509784878.560562,278436345.3397681,490977761.97086823,4121625650.698391,700142592.1473275,4014703541.360957,681699300.9676054
1219,6509232694.101447,278162696.0960618,490525584.40307254,4121619974.631249,828787938.674678,4014703777.208222,670650508.4109643
1220,6508604910.143071,277886810.93602985,490093778.0318959,4121617278.8326607,694737234.7250649,4014705664.48672,661822723.7425339
1221,6507853605.724965,277618604.20383775,489621018.95918596,4121610556.81416,833767148.5025761,4014695803.609814,744841992.2055291
1222,6507467996.758592,277326030.160915,489158068.77466273,4121607894.6382456,697069968.1725296,4014708965.220921,693753269.5410033
1223,6506854927.797204,277050877.8070873,488712888.46595645,4121600569.562157,831088308.4203302,4014710313.440546,673664001.0674791
1224,6506329076.214737,276754001.8617075,488259519.4839451,4121597851.4369354,694693863.3051251,4014714969.8944197,663633544.7195168
1225,6505854415.247827,276443640.7536415,487829470.0524711,4121592157.6934376,832189028.621108,4014715167.017918,652309082.6611904
1226,6505138806.041357,276190382.8415525,487378780.1974067,4121589320.6715403,695929011.1097099,4014674007.0198255,728078337.1416065
1227,6504913479.042398,275906532.6420763,486921358.0405939,4121583915.6135263,829650732.9943556,4014682810.3572164,676434079.675382
1228,6504290442.809933,275614504.98084384,486466672.6323289,4121581421.177682,698792266.3606416,4014684691.136739,657672238.4561238
1229,6503442759.328412,275338010.2852954,486035278.09141827,4121576331.993152,831012456.2047831,4014685100.533877,644301725.0205826
1230,6502665451.528113,275060306.32150084,485604245.17511386,4121574015.2513404,693537527.2354712,4014686887.6512713,635513740.3223307
1231,6502070224.830345,274797809.04594755,485164073.4025919,4121568378.602711,831399667.5620921,4014676907.9269295,710880476.8176333
1232,6501166720.609233,274473118.8647358,484749126.84419525,4121566109.053195,688707351.9354346,4014689978.9601984,658163874.7461041
1233,6501028272.947028,274162719.0154276,484316651.0764237,4121561414.637144,819001468.146022,4014691145.236526,641697960.1927396
1234,6500281701.325412,273875212.41800725,483864856.60502154,4121558925.900853,687671090.3984239,4014695985.4069357,629697279.8965908
1235,6499685253.562554,273627077.02589613,483390537.8737676,4121553794.5885277,834971792.7153325,4014696270.135398,620086840.3742614
1236,6498783988.879795,273365678.7801535,482971181.45612997,4121551444.5542693,691092574.1921715,4014654968.1047354,682316281.9068146
1237,6498062917.373268,273082704.54487,482529156.44002503,4121545667.5363636,825127510.352743,4014663652.461764,640059693.2622764
1238,6497319546.80341,272805579.42653996,482094934.5505499,4121543289.8524113,690032188.614651,4014665707.597611,627202422.1272424
1239,6496571316.271669,272508239.57131547,481655981.43231404,4121536662.52123,835150893.6248024,4014666255.322014,619490813.101592
1240,6495738563.510441,272223946.6258955,481206692.53859514,4121534375.4138827,692998987.7385983,4014668268.5250053,612906587.920795
1241,6495388196.5829935,271962153.68197703,480730204.14940906,4121529662.3005486,850235796.5871012,4014658727.074381,683224965.800185
1242,6494983884.089227,271678314.02604306,480305838.09705955,4121527522.8085594,697451406.125027,4014671482.2079096,644115288.787668
1243,6494508869.07299,271435347.3936863,479857919.60096896,4121522805.397207,859070194.3862232,4014672410.8576865,631272026.0069238
1244,6493688880.081127,271173913.4246684,479411078.5490565,4121520808.9103384,698641217.981342,4014677218.0379677,622720106.9475425
1245,6493049115.144429,270871373.776583,478983824.49791783,4121515404.5160036,846259754.9232498,4014677471.2818456,617083545.925055
1246,6492471340.980886,270597532.6873787,478552935.1922434,4121513602.1110234,701039217.3722833,4014636032.7010207,693288091.0294183
1247,6492081983.144584,270325229.7267268,478133002.48527056,4121507577.456802,849979025.5003256,4014644771.925001,649468836.3827442
1248,6491724621.033104,270050072.0310724,477715584.3616177,4121505723.3032956,705687684.9644105,4014646761.6413703,635391342.8033053
1249,6491008465.81521,269921347.5458737,477347787.9141789,4121501514.1165733,868732398.7102753,4014647154.0465846,627044055.9753612
1250,6490721720.7504425,269606879.22201866,476952514.66406274,4121499570.3719244,712505166.534428,4014649025.108574,621694055.8838949
1251,6490185775.899081,269305479.8555707,476478788.89992136,4121495260.6438084,856643074.5980827,4014638997.6679626,694914625.6794448
1252,6489359638.429087,269046650.9117514,475988716.9183887,4121493367.563261,710209933.1765761,4014652244.2145066,649833643.6699126
1253,6488538383.374649,268770520.2587594,475535272.09714603,4121488951.058049,863756511.5689363,4014653346.2756047,638331175.2622918
1254,6488710605.69286,268504474.654506,475063929.57120794,4121487022.548519,715384140.1202906,4014658080.438626,624599250.4943502
1255,6487645629.493529,268232204.1333851,474639259.09393334,4121482529.21016,873620915.3177047,4014658361.8210654,618855393.2382375
1256,6486775083.640359,267971064.3879624,474194383.9343229,4121480596.128917,721669731.4536015,4014617117.7739453,684193575.1511308
1257,6486106902.44152,267682248.70409584,473750973.62398577,4121476768.418415,872377281.3261595,4014625440.7845564,640054735.5379356
1258,6485365840.053433,267401956.61878783,473318647.4632261,4121474881.201934,724566110.6136832,4014627519.0852766,623858879.1527343
1259,6484585617.015639,267140765.6086486,472909197.8778416,4121470362.3332705,870533621.441563,4014627956.0997567,614623201.3279743
1260,6483876887.45154,266887876.0620982,472502564.28239363,4121468232.321203,724856586.9484088,4014629939.146853,608731277.2442672
1261,6483164601.907027,266640092.51530617,472049399.02467066,4121463428.0725965,867174143.549115,4014620897.229709,677516780.633051
1262,6482535368.675172,266385523.54633057,471631118.9930665,4121461418.4948263,727217963.5630798,4014633680.4567485,629333068.9201875
1263,6482083324.425872,266135723.317461,471207108.26180196,4121455878.688594,861866813.5741591,4014634970.190877,617735625.9941475
1264,6481258994.37607,265886564.7934362,470785248.75553644,4121453934.2991486,725227157.2976695,4014639627.5174,606156097.5509642
1265,6480962103.677687,265653886.8966986,470371716.9902948,4121450569.616947,858036940.9497173,4014640003.6563973,601564596.6912727
1266,6480441936.281177,265391453.85178575,469952982.7134418,4121448833.429723,719145939.9560186,4014600351.9775267,673070085.2532709
1267,6479792871.573563,265069020.64893764,469499038.90818596,4121444777.717606,839768324.8931075,4014608836.0380745,625607578.0591706
1268,6479433625.484123,264768398.31628895,469057743.6003675,4121443110.3586273,709925640.6587389,4014610993.041599,614073058.748315
1269,6478802097.849541,264479149.62467486,468617949.25067025,4121438305.5874877,836271518.8404682,4014611401.1302304,600892488.6383734
1270,6478313576.248301,264207213.0521586,468184657.27399796,4121436611.069328,714045612.5096889,4014613254.001158,594668311.050936
1271,6477603594.452646,263948146.6416051,467766919.6257685,4121431324.0242977,843646403.4537392,4014603850.7007422,662395824.8165909
1272,6476719552.381984,263690212.64070764,467419084.56220955,4121429770.0574594,713585066.0873929,4014616122.8039823,614167715.510053
1273,6475937978.940739,263425532.9947134,467025574.20538944,4121426191.128017,831322750.3304998,4014616954.415895,600717043.5069128
1274,6476127373.844683,263170449.61731756,466650817.22243834,4121424513.0641837,706268823.996384,4014621446.4258385,589666502.822558
1275,6476057230.118079,262905540.0213295,466212366.6369473,4121420599.9165688,825983095.308994,4014621822.0110173,583255737.3961464
1276,6475532649.416914,262660559.09027416,465803315.3571418,4121419072.123255,701257010.2748733,4014583416.706539,651553806.3833896
1277,6474788662.102187,262415104.2135019,465405198.2680616,4121415449.244223,818456258.217631,4014591471.6032515,611977495.9542633
1278,6474246813.346714,262165596.65115467,464904629.44620174,4121413875.953849,695029050.6086302,4014593316.763706,599000700.4102013
1279,6473577768.039348,261913036.75464764,464492967.90644,4121410105.9826827,807106517.1245987,4014593764.900009,590970180.9953998
1280,6472905531.819887,261635516.9124304,464036426.1067742,4121408556.7757406,686731322.7085791,4014595656.276283,584240144.7355769
1281,6472650795.012187,261365384.58477563,463625818.0155602,4121404277.3235607,800939714.751914,4014587316.5658774,654210248.3990167
1282,6471897927.223424,261124664.42278805,463180764.4772488,4121402978.957598,687500879.1057667,4014599455.013433,610134299.4457653
1283,6471151302.006662,260870696.97745958,462786321.50104076,4121399669.0801735,795845456.9455322,4014600786.818926,597303197.6651124
1284,6470876523.009187,260608529.4544549,462402999.12603843,4121398237.6825995,677508306.190723,4014605442.439416,587550624.4695795
1285,6470246209.89847,260348445.92842677,462003858.3058494,4121394634.3062234,793886861.5012695,4014605853.571656,580867724.4310298
1286,6469957362.964531,260085662.01913235,461580455.39047337,4121393272.9861555,675511662.108916,4014569069.392512,663575682.6936299
1287,6469261416.564218,259835149.51667038,461179881.62982136,4121388651.951291,803486987.6507455,4014577447.486,616008963.720154
1288,6469001281.796059,259557150.67203742,460749144.70518196,4121387297.170625,676355099.593805,4014579480.2467594,602755012.5889759
1289,6468371975.958708,259303634.84866145,460336134.7479021,4121382390.1907682,799145818.7933336,4014579978.431404,593467568.1994627
1290,6468171629.463529,259033902.26227862,459939685.9853395,4121381096.4567924,672017773.6440718,4014581741.203483,587186709.9518007
1291,6467444133.558127,258789684.8063095,459527929.0541631,4121377882.307268,795670612.165186,4014573140.572108,665912170.2545512
1292,6466738139.382741,258522962.93650272,459108975.18842304,4121376437.719197,673093015.3696604,4014585316.5469623,618534192.0958006
1293,6465964395.767006,258272507.6192185,458705164.50256383,4121372794.334449,800203434.5310677,4014586646.201272,607382784.7148744
1294,6465280655.978664,258021801.31878826,458308590.60913306,4121371412.513058,668719219.5440668,4014591177.9206605,599585431.6696988
1295,6464550505.19617,257766630.63065413,457898439.6676643,4121366968.389883,797838935.8181248,4014591540.964705,594393274.5836935
1296,6463907114.602038,257513906.1729372,457485189.33663523,4121365726.6633162,667378214.6723962,4014555435.0813284,672408366.6855283
1297,6463258563.633308,257254258.91369292,457011198.2270902,4121362545.939551,805060545.5732316,4014563530.482789,627420465.4691403
1298,6462882778.304307,257003132.9208047,456594674.02155584,4121361200.873535,667821740.2836694,4014565583.3317647,616299172.3767008
1299,6462756971.617192,256744523.64335507,456177737.5955535,4121357731.286839,807202022.0203807,4014565943.8573437,611282981.3601236
1300,6461924637.642181,256498720.84014013,455747066.2441329,4121356395.4998217,670595827.3199779,4014567865.192944,604876608.0720278
1301,6462160844.038125,256227037.870544,455365567.0947865,4121352074.2003756,799179531.4499851,4014559770.635666,683683650.5705369
1302,6461915719.227293,256014109.2798113,454962536.0158637,4121350908.223962,667059888.7786225,4014571363.851523,646355259.2208157
1303,6461318795.073937,255748001.64869758,454589580.9043111,4121347792.772658,802003438.0119462,4014572404.6656027,629570605.0449479
1304,6460711142.084566,255496560.89685422,454187712.63669115,4121346457.3867,666886300.0815417,4014576672.813273,625784373.6491228
1305,6460398088.984767,255223752.3195582,453810403.9593405,4121343032.5296283,807300484.9551082,4014577047.8007126,621170392.0058589
1306,6459975873.046975,254976178.7743839,453396746.98041475,4121341779.7660475,669547870.4929186,4014542248.0694137,713683684.4608645
1307,6459445350.072155,254716992.17444423,452993510.341456,4121337510.3254356,803737468.8934293,4014550197.390653,667224365.5871103
1308,6458926583.804169,254464934.0629695,452577352.22122467,4121336295.7412314,669552967.3955072,4014552122.367836,654479407.0990552
1309,6458184121.324117,254216376.7021434,452183178.5455087,4121333455.7596674,809046312.996172,4014552530.935381,642200140.2383943
1310,6457725401.143298,253963102.77871507,451777366.6154927,4121332162.782703,673885554.6032038,4014554282.5735006,635983978.4290985
1311,6457157296.8008585,253717973.22560287,451389756.27567315,4121328912.639606,818803089.8607894,4014546114.699972,720742774.2753389
1312,6456343816.875375,253457159.04960448,450986450.5362335,4121327660.8777823,681376158.3430067,4014546600.2173553,662139689.0111095
1313,6455545408.924177,253213986.33613417,450573622.66680235,4121323648.75751,817106179.0097727,4014541560.437842,645129918.2910792
1314,6454787364.254267,252963637.311759,450173424.7395174,4121322417.6518774,676628022.8261265,4014537457.9008656,636131578.4098669
1315,6454155014.106793,252731769.2287271,449777390.84269303,4121317891.12549,820240669.036328,4014527739.2869616,629955276.0091913
1316,6453398733.442661,252456648.28906,449368773.54436827,4121316703.054621,680313544.1395086,4014483098.6937532,723413723.0619295
1317,6452717022.788305,252172905.11249197,448983471.9106206,4121313887.2086325,817733775.4495171,4014476727.000122,668608850.5644491
1318,6452406943.952261,251925123.84294406,448592612.5807982,4121312563.502974,678620888.0324373,4014444196.639974,659900257.9895034
1319,6451630762.600525,251674882.87578002,448192153.0980871,4121309436.783069,821582463.882117,4014405073.813635,647901691.9216846
1320,6451162457.4045105,251440623.9830081,447807617.1802875,4121308220.5199246,679814329.9852886,4014397446.4932065,641265966.3852305
1321,6451251707.755045,251188394.9765524,447405256.8589583,4121305553.516896,823457805.3218976,4014370487.7037024,724445868.9085504
1322,6450987957.788025,250933467.79364717,447027687.8962255,4121304338.9637322,680401803.8342357,4014382247.431647,672748624.8990785
1323,6450395644.906653,250692472.34792465,446638176.1095916,4121301360.354798,828479743.6989107,4014395841.9636526,662533918.5506241
1324,6449616970.472878,250437299.91257524,446250215.13071734,4121300155.0516543,685405956.7777512,4014374883.951816,653240643.040556
1325,6448849429.739079,250186864.75393283,445847593.9069019,4121296804.4533606,824374897.0216516,4014370399.8117375,646539999.4764435
1326,6448264982.563589,249936539.93331754,445446724.1853092,4121295735.5128427,680356628.1430231,4014328850.451346,751136701.3455448
1327,6447614803.315733,249671039.5305349,445072749.7919546,4121293076.142687,825225525.8749183,4014335877.6685977,704222167.919845
1328,6447070325.809633,249432225.33599648,444713279.16928583,4121291895.4094715,681541332.3830097,4014337424.431433,686183089.2455976
1329,6446756000.919074,249184222.00874683,444339860.1452119,4121288943.077524,816827130.9915041,4014338131.937932,671401643.8107353
1330,6446383135.338265,248943506.08262432,443960798.6244271,4121287812.9315677,681434537.1266174,4014339868.3262196,664943814.579232
1331,6445758513.680318,248694021.46895137,443562206.9291354,4121284054.383256,823118208.1676909,4014333037.8884025,759327374.9776491
1332,6445080642.536193,248449676.5511236,443167239.0990059,4121282961.3662205,679392556.6524826,4014343979.8759637,710560318.9313223
1333,6444403857.031456,248230556.22828487,442771698.20594597,4121278671.565922,827740951.2164645,4014345342.8504386,689796713.5805324
1334,6443769614.634762,247971648.90701059,442388418.17140275,4121277523.3462625,681103535.9915272,4014349336.206902,678558629.3751172
1335,6443153142.462208,247738768.3356318,442004948.22336435,4121274951.7949133,826608758.9765213,4014349951.3619604,672648094.5825185
1336,6442777087.086794,247515665.9619034,441725800.1404982,4121273735.086691,679230142.7130111,4014317927.288528,753440835.7856139
1337,6442044328.194076,247308500.68538332,441280989.9767063,4121270682.2610183,823388012.6882128,4014325469.346361,710467885.2394878
1338,6441289397.013182,247038906.40528637,440892634.9640696,4121269558.438435,677660248.1522583,4014327608.5604787,698148459.4299353
1339,6440617889.375162,246787731.60118592,440498764.04923743,4121265907.803954,813295613.3843707,4014328170.9951396,688450244.1191462
1340,6439907949.183793,246558830.41942653,440097457.5795408,4121264795.3803835,677914214.44591,4014330094.302506,680491614.1414613
1341,6439562323.373544,246312233.1629284,439706079.6599693,4121262270.5680704,813414483.6508265,4014323326.1702347,752993837.4062378
1342,6438843471.581395,246088548.6485915,439313342.06610537,4121261063.026349,679716737.2372036,4014334040.686653,701761503.3394706
1343,6438584536.896842,245858417.6115226,438902762.74953485,4121257956.180416,819697357.3082341,4014335293.7192674,681031526.568401
1344,6437847736.1928215,245645568.03156745,438519714.4502089,4121256781.2541456,682188528.0320292,4014339504.8483534,669767595.0599574
1345,6437637153.200761,245423292.61317763,438126353.19975764,4121252969.755534,829292522.48305,4014340089.453353,663638366.7683656
1346,6437623418.074626,245172834.7128318,437701285.9457519,4121251938.20359,687954693.1554818,4014309981.970104,724076318.1935332
1347,6437615541.010334,244932598.51931182,437317399.1254809,4121247573.345488,837211532.291793,4014316976.8606873,679167648.5401192
1348,6436272072.698629,244655886.93530887,436938373.5947204,4121246464.419394,690548635.9156624,4014319026.8629737,665959053.2217568
1349,6436525271.381688,244414438.18937558,436585853.70442444,4121243793.680661,840177933.3525696,4014319672.369706,655380927.7850475
1350,6435805551.18639,244172381.36226583,436207542.7324162,4121242577.322869,694811693.0092049,4014321461.8478904,646897833.1459492
1351,6435152157.616593,243961843.76269865,435818473.11156416,4121239818.4336295,843658550.4666544,4014315759.173513,717680335.7436345
1352,6434642229.339528,243721609.23114797,435433970.8802079,4121238645.04198,698362048.356066,4014326042.6065364,669427268.3234663
1353,6433985093.159765,243493754.9662751,435004680.81667084,4121235774.5977187,843470621.1839532,4014327405.787616,654935305.2918261
1354,6433282490.56239,243252406.40714133,434591209.3491504,4121234673.4223666,700130867.6303086,4014331344.4117117,647020241.0837363
1355,6433679749.072069,243003555.97126848,434202388.871579,4121231704.0098405,848470175.4875214,4014331949.0698295,642162157.8908486
1356,6433146412.628074,242772991.2699498,433819501.08186764,4121230514.954276,702791126.6967055,4014302721.50372,712026837.8646849
1357,6432915955.1154375,242550212.99551725,433436290.3231064,4121226986.225224,844879069.4918346,4014309271.6168094,666906210.2938405
1358,6432251689.768265,242313622.21698943,433063429.3548535,4121225867.8243065,700266723.6282129,4014311229.0776377,653077926.5358171
1359,6431701059.129453,242071676.45510185,432692385.6107796,4121222884.6614237,852380257.616663,4014311796.649104,644031467.4500809
1360,6431445722.855864,241832324.8725923,432319134.37655514,4121221512.2583094,700417133.4543601,4014313542.49079,633373052.9663768
1361,6431383293.294449,241601020.3295164,431946181.418869,4121218475.895348,854536578.0329323,4014308754.5419517,703111934.4497108
1362,6431181059.801993,241387566.09008807,431529847.8871827,4121217238.501416,698309549.4050827,4014318765.282351,665313270.3497578
1363,6430441169.482885,241150578.05573258,431122563.49445516,4121213091.4705524,845264657.4084529,4014320326.8220835,653833322.1955365
1364,6430117533.22827,240946606.68731952,430762737.78556246,4121211729.4632754,696421026.1098984,4014324212.353883,645167988.7692304
1365,6429368164.948702,240699950.8474442,430400149.39138454,4121206768.3740983,835646822.3650732,4014324848.6867905,638050593.1635518
1366,6428927765.654566,240455174.62340197,430033121.5357946,4121205274.5482883,690953282.7896583,4014297110.6600046,711352643.6865242
1367,6428428405.082461,240212153.25991398,429637191.87871855,4121201665.4504685,834784099.3095305,4014303448.374697,670069557.2976137
1368,6428102824.661276,239988199.59051397,429243671.4111798,4121199928.22862,689082978.5711346,4014305468.36865,664981686.3794898
1369,6427384137.546368,239757425.95058116,428815400.7308408,4121195850.115672,839430690.9292655,4014306303.684207,657088267.8922627
1370,6427342345.622569,239513194.98284975,428416670.3097023,4121193877.340374,693194988.6209514,4014308044.2807765,651393489.3023663
1371,6426971555.661347,239290436.54720968,428039141.34752816,4121188687.175158,844109783.4397539,4014302565.8815875,741719361.6376989
1372,6426388983.863176,239059979.44990617,427681182.55759096,4121186608.917065,697495571.7090796,4014312111.1668344,691987491.3387147
1373,6425846961.934938,238835473.79327273,427275796.9396987,4121182328.9926443,842809931.7097089,4014313374.6217146,679309675.9234965
1374,6426217758.913228,238599931.99398774,426895331.5452112,4121179943.783189,697083017.8441005,4014317002.8574686,670362011.2215053
1375,6425597767.23278,238377174.73866922,426539486.11098915,4121175173.0300007,851402892.1153053,4014317538.270707,667272453.6773311
1376,6425519611.672194,238152620.03309613,426176535.657141,4121172777.269218,701686080.0741415,4014290285.786622,757788212.8756642
1377,6425105156.9139,237922343.6261375,425813765.94816875,4121167013.543507,855491160.9265643,4014296688.6629286,701758008.1154175
1378,6424383247.032451,237712140.98337,425439584.8539414,4121164598.9408245,705262537.8312373,4014298563.4672165,688414174.6297755
1379,6423727349.832428,237501031.95864648,425061813.7999533,4121158331.6612906,845841520.7905933,4014299277.1356378,676721259.5375977
1380,6423093385.021841,237270582.05853513,424685417.8543783,4121155947.9709287,701926309.0528765,4014300971.5045867,673324109.5192535
1381,6422393431.042167,237057215.79233652,424308596.81655985,4121151386.2966137,853942617.6410023,4014296531.123083,771640349.3155739
1382,6422312502.874037,236825167.84846222,423948242.9866164,4121148989.730624,702140221.1055819,4014305738.506048,726112182.8925874
1383,6421853409.831752,236595717.64787275,423580719.6843676,4121144148.9779563,840544552.4731439,4014307023.1715355,707910711.4763762
1384,6421301012.573588,236377909.6384907,423192620.8395994,4121141868.67426,696850924.2825688,4014310554.7803617,694998607.3118637
1385,6420810969.038459,236167601.556117,422835950.9312038,4121137578.504566,841058433.721938,4014311091.0177917,683261248.124704
1386,6420204589.189353,235929540.50039208,422470305.35347635,4121135343.5144486,694535690.941678,4014284511.5695434,761517467.3727666
1387,6419732815.750755,235683466.57473066,422104391.10223174,4121130696.681269,839561845.2765753,4014290395.639247,716055000.4274061
1388,6419323735.42794,235441077.92757607,421736852.54512525,4121128496.687747,698027756.300687,4014292108.0983925,698104332.1270494
1389,6418806552.464317,235223741.21108717,421388022.9544722,4121123748.1783986,847129330.2575438,4014292732.7311482,687613486.2844748
1390,6418249333.231349,234995672.1088198,421060351.84786564,4121121726.8538127,698811774.207129,4014294333.9283323,678683496.7847116
1391,6417617896.035061,234782970.7991104,420694761.29278284,4121118936.484164,853253488.2227547,4014290394.65325,761165660.995195
1392,6416946951.00422,234555190.8609461,420347680.4925796,4121117220.621106,697251355.4141909,4014299680.317035,714407264.1285286
1393,6416379512.477214,234305403.69518566,419999899.8973,4121113945.7159166,838513450.4967256,4014301209.40563,697011674.0093949
1394,6415747282.108122,234076974.6983776,419645224.48060924,4121112388.8958054,698833726.0626919,4014304860.417811,688193728.3651221
1395,6415382496.477225,233879190.06874168,419261844.17543817,4121108263.6691537,843184409.9659473,4014305503.7513666,680575448.979071
1396,6414690992.396386,233658241.28225446,418904402.0445725,4121106660.450845,693654101.6866667,4014280265.3940477,751456065.5964508
1397,6413935626.512907,233437783.97677293,418531449.48754984,4121101856.3089395,829125174.9735769,4014286349.3270907,700568701.3137506
1398,6413189261.329894,233221196.64750418,418216804.7471248,4121100301.3385587,692007876.6573343,4014286964.316771,682165755.0489013
1399,6412692431.315143,233020480.37913242,417868365.1558987,4121097034.743695,837830134.9015065,4014286845.0429816,671688431.2459941
1400,6412205142.8371105,232800016.98667622,417522377.888123,4121095272.3097167,695353062.7539397,4014288155.7666254,662400786.4607793
1401,6411696425.3652525,232563132.62407905,417176555.297324,4121091588.8663692,834922369.988417,4014282841.32203,728714603.5011518
1402,6410976365.164163,232342241.59173873,416841244.3077656,4121089928.490773,696589355.7717203,4014291837.403076,685067623.3853866
1403,6410292876.834544,232130266.6145924,416409995.0372656,4121085395.9257445,839998744.9955975,4014293139.781542,668689344.087064
1404,6409519133.420162,231945055.58398277,416041905.1619669,4121083771.337104,696917061.9675417,4014296630.094487,656506249.1626817
1405,6408843530.299332,231718337.66600442,415668832.1949232,4121078653.9634542,840598105.6551929,4014297154.865935,648120040.1837031
1406,6408171337.444974,231500299.78851026,415295495.4455194,4121077000.6751137,696388522.4996063,4014271998.5093226,715260272.1414548
1407,6407469292.041181,231295988.62856203,414942574.32006484,4121073296.785408,826287408.8790537,4014277529.3200593,675118998.5155567
1408,6407051110.160354,231070424.6870396,414624667.8045634,4121071497.792221,693848213.0400999,4014278995.653779,663136876.3386406
1409,6406351047.509143,230854182.80099466,414285997.7927541,4121067477.7819324,831013758.9367887,4014279533.245352,652702335.0333829
1410,6405789813.973354,230633004.7195375,413959103.1356855,4121065748.940932,692262769.4609045,4014281025.3737125,643024467.2371807
1411,6405231794.614381,230398923.6848931,413627873.5397991,4121062155.0331845,832496021.6558985,4014275798.77238,705863143.7164608
1412,6404440265.378162,230175424.61474717,413273130.98809797,4121060398.4075246,696313993.1350167,4014284430.887097,658471266.0787864
1413,6404056553.793154,229981298.23632437,412930883.0264954,4121056616.822539,835250972.9386779,4014285746.5862036,643043300.5005758
1414,6403338248.611715,229754125.76329598,412599981.8676974,4121055030.307136,694177028.3790588,4014288991.939825,631551586.3301492
1415,6402844972.785508,229546400.73029715,412267840.8047868,4121051163.8831406,822710227.1460477,4014289531.8116007,625601746.62412
1416,6402355023.530825,229313458.7950606,411900078.5074023,4121049553.788107,690832798.1228899,4014264681.537307,699939621.9997025
1417,6401480716.429855,229091788.17103204,411517385.9896692,4121044925.253617,819502901.1480871,4014270281.6393013,657994803.0954008
1418,6400936125.218065,228868585.18750688,411138475.98334503,4121043489.483676,688993411.3280516,4014272054.8158393,649648052.2411844
1419,6400470521.800087,228646765.68981388,410794888.84550005,4121040227.5056324,800342956.4307238,4014272642.278944,640389633.9061712
1420,6399835907.79159,228438205.4159445,410444280.87395453,4121038585.300104,682784131.7475288,4014274208.442336,634659690.8329604
1421,6399257776.550471,228220841.42770943,410099731.1286407,4121034994.373048,796427259.5177507,4014269617.9905,700967102.8518555
1422,6399223696.982731,227992365.86819392,409784387.45681065,4121033593.9938116,680917148.5859121,4014278235.522917,657236069.6449469
1423,6398714657.0552435,227776763.75035438,409445085.9956101,4121029441.6660295,793875777.2953264,4014279598.4024067,645066296.9739445
1424,6398101053.343761,227562951.3167067,409105010.30727386,4121027960.395043,676582714.8736973,4014282813.1786184,634241792.4590223
1425,6397569707.475225,227355686.54858503,408754933.9886094,4121023143.40155,790847065.9060336,4014283350.216997,629331620.4337825
1426,6396925438.86904,227146275.94411495,408412409.64781016,4121021549.0965242,678252727.5987971,4014259721.108611,697722547.0149838
1427,6396432171.029056,226940772.6851384,408076099.6760303,4121016575.448617,797664224.1120064,4014265330.5437007,663644957.7068317
1428,6395866604.048476,226766828.3519445,407661436.4028787,4121015011.564511,676590341.7090831,4014266835.0938554,650460547.3884171
1429,6396115923.994402,226556964.60526904,407284709.5678284,4121011615.1853814,797020197.728195,4014267400.042717,643918674.599977
1430,6395828113.142995,226308928.2452631,406905435.0113509,4121009844.6190147,678362701.8486599,4014268932.438561,637132567.8443067
1431,6395245556.071639,226081848.0899392,406572653.3321966,4121006223.336467,793249260.4267032,4014264190.303237,711176503.2404119
1432,6394681368.115813,225876170.85966855,406221696.6007755,4121004594.5411897,673585522.1236513,4014272594.3414073,669834932.9886415
1433,6393907641.99298,225663665.6703826,405866221.22685134,4121000793.1072927,787813717.6370286,4014274077.9504976,661188107.1508057
1434,6393287744.784898,225448356.16630346,405521699.5548286,4120999049.6105914,670046498.4083004,4014277132.4295983,650097128.57474
1435,6392605563.987286,225240337.83533046,405137115.5085695,4120993649.1085978,795192310.1632956,4014277638.245202,649273930.0701904
1436,6392400514.063311,225055441.8694529,404788705.6641179,4120991698.356792,674829057.2084223,4014254690.3568063,728773099.7056248
1437,6391677029.180836,224829253.905109,404426866.4295016,4120988541.0829697,797645072.1653414,4014259995.0940723,680446383.4088763
1438,6391299505.1507015,224595197.2960222,404108665.7600231,4120987041.395961,672018218.6560562,4014261654.319487,669535417.6354636
1439,6390523932.278596,224383369.05039632,403769682.7880617,4120984400.170855,791743600.7177715,4014262217.0043807,657666139.7001189
1440,6390070079.190493,224168713.43085164,403438800.03964746,4120982972.770404,669714941.0058459,4014263708.564534,652663041.6953541
1441,6389629823.242919,223970105.5287538,403115296.3385093,4120980173.3215218,796028419.671307,4014259838.140211,740335842.1412944
1442,6389187041.38508,223769745.26457605,402776386.02147365,4120978777.5863767,667925983.9550791,4014267893.882754,686929177.6845231
1443,6388612984.297732,223558736.74762467,402442601.3134221,4120975530.0681067,799142285.5305492,4014269203.489163,672855225.1347276
1444,6388031202.736637,223358090.93253478,402095859.4382261,4120974159.72011,677675582.2655325,4014272288.0641584,664700194.8568065
1445,6388016741.586987,223166375.0741795,401744193.79275566,4120970245.1102815,812481654.3959568,4014272800.9768624,657163528.1000897
1446,6387331578.631961,222946317.77891335,401438237.56534106,4120968629.8285375,680993076.1307147,4014250928.31565,733373658.703757
1447,6386779851.622688,222735398.95068902,401071271.89268315,4120966169.2685795,812179338.8678205,4014256437.233513,684024477.2963247
1448,6386277486.483748,222513525.50259376,400697939.5387574,4120964536.7493267,678877780.9046433,4014258051.957917,665931638.0566363
1449,6385828702.505585,222298930.80612877,400345165.66362804,4120961604.4427357,808840411.24412,4014258669.772377,657569578.404279
1450,6385121261.657406,222093136.1879143,400000218.63445616,4120959930.546872,670491483.0438321,4014260078.201364,647883026.4685943
1451,6384594275.229813,221859020.42925206,399674538.08973277,4120956492.408873,786516631.6867291,4014255627.5482354,721381911.6210462
1452,6384212350.836969,221639598.70920283,399341577.5279184,4120954834.7464104,670963414.3812486,4014263698.013247,674879658.7074666
1453,6383547925.595712,221440229.27467299,399004295.485313,4120950606.531361,795393390.622879,4014265101.630038,664805346.3105735
1454,6383061115.454798,221243677.33711767,398666658.0713257,4120948787.5219517,667720218.9959221,4014268212.681368,651801764.5200876
1455,6382430663.868811,221059536.3814297,398297919.4580624,4120946044.654158,781502562.0278957,4014268777.501944,644976170.7882947
1456,6382238982.867943,220859691.45017925,397959431.74670273,4120944070.643047,659781791.8696783,4014247072.431075,721712162.327619
1457,6381765788.17485,220628054.20447758,397632317.4064995,4120940838.931181,770234514.3982477,4014252455.1247787,684789747.8403573
1458,6381167881.989699,220406548.95212317,397300640.9635052,4120938799.1820283,658287162.8234249,4014254023.7630954,671550597.1873251
1459,6380637395.549796,220183689.56249753,396999419.1145462,4120934888.4235163,781153507.097249,4014254645.2381625,661668654.4830645
1460,6380109160.699679,219983791.13151133,396667461.9325224,4120932607.1003256,659766171.8666128,4014256073.712958,658937570.1088829
1461,6379791393.961885,219766392.6198691,396359068.08185697,4120929451.1119,777062158.4141004,4014252507.4857674,754110063.7261106
1462,6379230419.901987,219546848.76915547,396024673.8848124,4120926725.24271,659361226.3350435,4014259979.5990615,707417150.0112573
1463,6379110030.2321415,219322078.9874833,395695929.4138889,4120923089.1614428,770776151.9689234,4014261195.6044745,695854197.5488213
1464,6378918512.567213,219121639.40529084,395377504.6426134,4120920401.18721,652118534.3897307,4014264037.4853806,688980065.8644781
1465,6378614528.866876,218918243.9669204,395048937.96777505,4120915895.7588134,772777044.8927339,4014264453.7197657,682176447.4403137
1466,6378025108.705238,218697299.25716972,394707099.97022116,4120913018.117041,660479352.6560094,4014242782.1525483,767295150.6995003
1467,6377435265.241656,218478021.2633295,394377674.3732053,4120907883.1551766,773963868.8329836,4014247690.919409,723218164.5625181
1468,6376802333.089297,218267948.1486801,394031166.79706246,4120904874.9190793,651494148.077124,4014249031.1681843,711608234.422653
1469,6376181980.429679,218064215.48912534,393709826.36723495,4120899560.625447,776025046.7356769,4014249464.7137194,709543947.5792943
1470,6375762366.0959635,217859246.05336553,393353255.1217356,4120897055.1453834,652173682.811479,4014250773.9999332,704838192.3595451
1471,6375225523.598635,217644810.65773758,393040098.9095852,4120893250.689257,789247768.2926918,4014247025.02291,809310424.2659364
1472,6374621932.664407,217436216.812627,392693628.2940676,4120890508.5262313,658164390.5698234,4014254217.872214,746331268.7107575
1473,6374167195.946464,217236690.51790717,392367972.8632275,4120886690.942809,797128326.7990503,4014255437.6045384,732313260.5872447
1474,6374199353.535425,217044895.40676144,392035965.6229741,4120883848.0161815,664530114.7528355,4014258225.265144,721479185.4028119
1475,6373657714.347507,216839653.60154364,391712524.6411302,4120879848.7831335,802917303.5666628,4014258713.740639,715568858.2453994
1476,6373012888.247617,216644491.74210593,391392614.3853245,4120876958.125165,660006040.8801324,4014237543.3310328,819123467.1685096
1477,6372712925.529909,216427534.47447062,391053448.46115965,4120872825.0475845,801934387.4023542,4014241987.6847386,770237540.4920993
1478,6372262341.657741,216239942.04077306,390721814.12875146,4120870075.26602,662752220.9178209,4014243375.2086415,760186054.2064303
1479,6371706661.960194,216036307.66326112,390384594.1092445,4120866379.594236,793600370.6177547,4014243902.9145494,749814823.9657397
1480,6371030844.326316,215817405.21182165,390057276.1188754,4120863851.420391,661949714.6697197,4014245107.6327257,739990819.9076082
1481,6370517899.751709,215586674.6934163,389727939.71841407,4120859958.91676,795666714.6117215,4014242056.149794,824445336.9012552
1482,6369739196.488847,215374773.54041588,389401592.774786,4120857512.9415307,658547220.5949274,4014249265.6126623,766429211.5761684
1483,6369361303.401632,215140986.01208994,389072307.9552176,4120853542.3634167,791349901.85244,4014250351.9704432,745411384.727471
1484,6368692032.398948,214906029.0217309,388699978.5892014,4120851506.2926073,659210517.2726372,4014253084.6433268,733781934.4737295
1485,6368150933.024205,214687658.0374231,388370760.59697837,4120847499.8115606,806370443.8990433,4014253586.6826973,724586363.4261466
1486,6367617841.787787,214487341.1670036,388031523.0500362,4120845639.173603,663724901.2824678,4014232909.7760243,804201776.0401247
1487,6367136138.749774,214294227.72324488,387714944.8735822,4120842414.4243813,808302596.8606634,4014237467.1972384,748101631.3891048
1488,6366480184.51348,214102290.39728382,387394910.85257035,4120840410.646935,663627915.1700845,4014238795.5868635,726515680.4972013
1489,6365906749.709809,213894070.75020993,387084340.1147279,4120836814.4294076,816128096.8945277,4014239330.601329,711637431.0306103
1490,6365504110.722795,213680271.6694595,386782660.40501386,4120834829.001762,674250350.0522571,4014240587.7126546,703054944.148356
1491,6365211294.245882,213478482.03701493,386484857.7286717,4120830707.627786,811100422.1141055,4014237192.034164,768843266.9204687
1492,6364884335.837346,213283826.1489833,386117811.50927037,4120828799.372825,670147412.5294844,4014244329.8215547,715357509.33866
1493,6364211395.421877,213091077.97739926,385785352.85494035,4120824186.2006173,809851693.617428,4014245661.916588,697270077.6525009
1494,6363679980.074062,212872587.23441586,385459582.8764117,4120822177.689974,678335846.6856719,4014248354.956845,678409138.3590901
1495,6363093125.909649,212672156.75063422,385127430.44303536,4120817457.50633,830834957.5811232,4014248916.3826256,666383589.0488306
1496,6363131313.848201,212482684.27007058,384782261.14039433,4120815598.972455,679392547.8152292,4014229277.0956306,737575346.909961
1497,6362773624.30164,212268267.47336724,384460346.24494964,4120812315.7102437,820809778.7868217,4014234097.699143,686407552.6165621
1498,6362103118.8562765,212060825.41158232,384143186.6884341,4120810379.6995916,677885666.7380158,4014235521.2950816,671725392.6270531
1499,6361412427.767498,211875529.94845575,383834899.1905473,4120806780.2195473,820258373.6966668,4014236131.4553595,661102481.6316445
1500,6360735042.952025,211665568.64995462,383516266.901,4120804594.200652,678910617.9450788,4014237394.7323256,654688320.7832427
1501,6360173464.834663,211460805.59513223,383216804.0901282,4120800396.2786775,821280072.9641287,4014234507.2705398,727038890.7648871
1502,6360342036.802285,211274586.66547176,382914468.6415713,4120798136.2799325,684986373.6075525,4014241173.52931,681669358.5480342
1503,6359796734.18901,211069433.07685596,382596874.8571538,4120794720.1556354,823286320.0665436,4014242345.8251863,664008228.3855761
1504,6359265186.6343565,210868095.3619468,382266717.10338455,4120792350.2522125,683891553.2689857,4014244979.6651573,652716179.7883319
1505,6358835650.5531,210669316.54294452,381923656.842684,4120788607.571362,817590839.6827757,4014245436.1838574,644681577.5971223
1506,6358255302.96432,210466179.12692615,381614315.54565465,4120785990.1365304,685847527.8971436,4014225603.742984,725430188.1066828
1507,6357773013.091712,210262562.43747178,381300404.93656176,4120781714.4711065,819986335.2531354,4014230422.414394,676572379.6668191
1508,6357138782.872447,210062869.2142304,380974504.3190923,4120779120.612209,684568700.5488822,4014231738.4329953,663430181.7853409
1509,6356650316.049684,209859481.40263826,380656190.3601574,4120774163.9847445,817436935.908112,4014232289.634486,656328901.2739913
1510,6356156132.735868,209666090.24380112,380352894.0025238,4120771497.79441,682792187.2638516,4014233551.6957536,647807883.1892474
1511,6355803671.983693,209474908.056913,380037692.0439799,4120766515.031978,813583702.4741814,4014230379.372001,724483792.9012887
1512,6355234408.038577,209308207.04509336,379730887.65659004,4120764093.720613,682517219.1382123,4014237231.637439,682209408.6288716
1513,6354567981.097883,209098522.6413255,379418911.6197511,4120760554.9724903,820302448.1092165,4014238448.850344,667361982.601515
1514,6353891012.906806,208898889.32693887,379112358.44572175,4120758408.5141006,683440931.0046992,4014241068.343178,659157031.1121328
1515,6353279544.058257,208710739.48256835,378781757.9491624,4120755002.583792,818018618.9663055,4014241601.938232,653748553.7912021
1516,6352596433.6274395,208530600.10894608,378471944.6442207,4120752964.03591,688729361.8389003,4014223119.7042537,733313516.7627743
1517,6352209298.9886465,208318696.3508101,378141068.8814042,4120749629.762494,829123196.3061943,4014227891.4089217,694924084.5339748
1518,6351575068.592789,208113255.1760176,377838603.2460981,4120747412.325206,689158353.1498356,4014229103.756622,678926290.9768342
1519,6350938607.145493,207912475.90438926,377519090.6435378,4120743983.518797,829511853.1937232,4014229692.8240232,668706886.6891792
1520,6350392859.553218,207727702.42013493,377198638.48874766,4120741890.071027,696187046.8821433,4014230868.2326837,659957045.4828489
1521,6350060591.499122,207539148.28639328,376895551.0377572,4120738314.6629276,827633239.9052769,4014228019.4906054,737736869.7737423
1522,6349586102.696105,207346448.56535134,376581761.69296944,4120736132.958066,695435104.6030254,4014234482.170343,689292524.7699045
1523,6349779551.866725,207144425.83101535,376269489.95396554,4120731807.2419786,830060539.0878848,4014235563.312969,679368388.0057704
1524,6349201936.784136,206949880.19858438,375954331.91540194,4120729813.181286,692511453.9972224,4014238047.0188775,669506050.4751239
1525,6348678791.982818,206770486.78673634,375646245.71448874,4120726749.1231036,823297419.6213953,4014238541.680635,662602303.369396
1526,6348395372.979028,206589000.03590733,375341174.5892785,4120724628.345093,688471165.5735772,4014219832.662518,735151683.770333
1527,6347933815.559505,206405762.1003355,375016794.7024713,4120721504.3350773,820279275.1962386,4014223929.1710706,692093451.9918169
1528,6347343984.291349,206221139.03536326,374695976.5732955,4120719539.7736263,688483148.2263588,4014225074.621687,674773497.6394969
1529,6346927577.971391,206032640.25674307,374406215.3965093,4120715731.021022,822367268.4218116,4014225580.9914384,664729096.6486099
1530,6346328869.250791,205841691.00255308,374083429.4232597,4120714006.7056966,692425289.0290182,4014226733.964292,655408523.1700507
1531,6345740613.810282,205643859.319538,373766220.0939408,4120709766.282051,832381747.2274393,4014224011.4679937,725122018.2903941
1532,6345092621.477447,205473426.09105778,373450112.9543995,4120708018.898813,692205383.8565521,4014230157.807965,680896261.1847695
1533,6344585892.72774,205273130.15874198,373147253.1187449,4120703781.181837,821592609.2390188,4014231262.6503363,662719415.5333908
1534,6344031265.423191,205081399.00098422,372832102.3179252,4120702157.058896,689050468.3252077,4014233698.102947,650192977.5505048
1535,6344535174.558447,204887953.55175215,372520378.57565033,4120699283.4229383,825998829.9364456,4014234135.4873385,641011633.1378256
1536,6344038387.631358,204706901.9531179,372235474.3990165,4120697616.314678,689990198.214039,4014215379.8949423,718401221.2777308
1537,6343483060.056615,204538332.70954275,371933074.4786592,4120694711.5730457,827436127.9087932,4014219408.155567,666194268.987698
1538,6342846807.081996,204348803.2344754,371637723.4360838,4120693158.1422873,696919080.1016003,4014220553.6322103,649767485.8128827
1539,6342340649.212646,204153953.21127978,371342658.45940584,4120690313.7991304,841365240.6494644,4014220984.0276885,638790359.4442682
1540,6341818022.823756,203965438.41059905,371045565.5107661,4120688918.7514915,691221731.0370818,4014222146.3208036,629031240.5029389
1541,6341446095.410821,203775251.37635761,370730764.69250876,4120685832.9690156,822402788.5385671,4014219725.4405155,706532199.4794054
1542,6340889852.522704,203590920.93105078,370415785.40629566,4120684441.5872636,694680358.4967331,4014226162.908548,654492519.4719613
1543,6340252688.301727,203405138.43535787,370113996.3506798,4120681881.690151,827731659.5466669,4014227426.8525743,638637581.4595228
1544,6339764850.1783905,203224531.20846903,369791976.75516903,4120680625.077041,690285500.0084572,4014229888.0147166,628043696.5767865
1545,6339304545.266029,203040027.3288778,369477466.3797295,4120677815.3878036,820025181.2124096,4014230425.6479692,621285729.4431459
1546,6338678692.553083,202850810.0127883,369171457.28523475,4120676615.609942,683530557.1169777,4014213242.4780684,697719153.6234473
1547,6338475110.222598,202664872.42152613,368870013.4095321,4120673606.364523,813867118.173431,4014217798.9882503,648948752.5025158
1548,6338072849.811308,202481332.91470903,368606219.96304405,4120672501.272564,683840604.4632385,4014219021.484352,633169845.1021522
1549,6337548517.13381,202309592.61214763,368247292.05043733,4120669619.93834,819882877.9459625,4014219540.862383,622443854.2255617
1550,6337288010.783514,202133465.65062913,367953018.6912388,4120668451.6957984,678573843.5945886,4014220663.365213,615518535.8244777
1551,6336674964.702191,201942894.4047867,367633014.17338437,4120665027.537606,816388255.5289388,4014217890.9619265,691656627.3286445
1552,6336292099.906264,201776337.8237388,367308722.4170546,4120663972.7715216,682162322.1031702,4014224068.775102,643181009.0512395
1553,6335784518.928024,201551510.80846834,367001475.81879735,4120661397.860808,812851046.2372524,4014225226.8511796,628143816.3320667
1554,6335170601.283945,201346429.78418645,366693248.8285066,4120660233.4839787,679211638.3436038,4014227552.3770723,617036200.7972392
1555,6334633020.871312,201164542.63885525,366384974.76805514,4120657384.552258,809915122.7670529,4014227917.0565453,609498872.1175025
1556,6334073066.082302,200942179.1544083,366080646.99520016,4120656281.936231,680940390.5649596,4014210819.186829,684277224.9992349
1557,6333563595.860494,200746311.65713,365767784.7797735,4120652999.1446004,805301104.2613705,4014215126.8728223,640040301.6425066
1558,6333195139.065088,200558348.98998758,365459819.36669147,4120651878.016356,672736532.1003579,4014216264.6240635,632373912.2485319
1559,6332686733.03774,200383826.2281083,365155995.2192684,4120648048.872354,799758988.9596452,4014216855.2993026,624750473.2308974
1560,6332687546.999575,200196940.2769671,364827170.3276166,4120646955.02253,674409287.3441616,4014217928.02246,620739060.1544317
1561,6332251031.502955,200002635.2269676,364519960.95716876,4120643030.827671,794409832.084218,4014214753.291749,710802903.4909021
1562,6331810718.808299,199819860.15966538,364224681.4927622,4120641928.2896614,668978785.9231982,4014220643.496411,663077392.4538873
1563,6331522338.55847,199635091.4356311,363921701.31086403,4120639260.615977,783606603.6902739,4014221752.872851,651240235.6370962
1564,6331123014.363341,199464615.29142132,363627812.85550475,4120638104.4509516,665001967.4817048,4014224023.5303116,641595435.4943244
1565,6330655577.920451,199288405.9800789,363323889.42283493,4120635000.3190527,788061065.3313876,4014224466.8288097,636523479.3264246
1566,6330177365.509926,199112532.11258742,363007559.1664161,4120633683.0331984,667124289.1924431,4014207757.1353884,714462858.7684854
1567,6329785426.8644705,198932482.82040504,362705856.99163985,4120630390.2024746,791481688.8547914,4014211617.2649546,667828558.6241945
1568,6329542245.760804,198750318.04097006,362397342.2071226,4120629206.096504,670297610.1786616,4014212817.7153482,652556749.0057374
1569,6328902304.386633,198566017.56926152,362135480.6584893,4120625057.2906795,792857073.9043177,4014213296.123096,642367464.1790078
1570,6328444341.014173,198379305.1568253,361816669.8151414,4120623653.330972,672889281.0691996,4014214359.2077494,634125262.9338194
1571,6328016147.461981,198195384.07977957,361536397.83133733,4120619404.2363577,797823704.3736624,4014212101.682737,713366726.8300129
1572,6327470038.250537,198011045.08110723,361215236.60667574,4120618189.5640397,670699869.3533973,4014218155.3599,666174261.1708401
1573,6326883208.930399,197836731.32163557,360910668.06337076,4120615232.2166524,792249725.5010705,4014219168.192646,649593955.1816337
1574,6326444138.519579,197665624.52212837,360605115.7420031,4120613786.142255,671076447.3453829,4014221472.4361296,638510646.3248999
1575,6325957977.689389,197489872.79126707,360305934.09287417,4120610682.564063,791905083.9046155,4014221912.2685337,631185868.9775813
1576,6325412730.190404,197303239.09100834,359994961.0823294,4120609421.2626915,670248703.9428043,4014206055.824206,716607593.7103925
1577,6324923626.658645,197128554.97302926,359697156.9009172,4120606572.356556,790228739.918993,4014210137.038604,672655760.9802117
1578,6324334614.726856,196947566.2681379,359389974.1477474,4120605225.810721,673250315.707481,4014211388.361716,659333201.1660845
1579,6323784653.476118,196774969.26599103,359101477.7176284,4120602532.6453085,793870012.1935426,4014211851.9095793,651891020.6019902
1580,6323229879.847378,196598513.34325117,358848987.7686813,4120601442.229302,672264319.9645525,4014212947.411081,644561562.8506716
1581,6322874900.125939,196412306.49090073,358553040.62469095,4120598593.251528,793842583.8409761,4014210548.9061565,720506299.2920837
1582,6322383747.09365,196233181.18390703,358215999.15606916,4120597438.3966537,677077691.9188945,4014216319.7677045,680546192.401472
1583,6321864805.614319,196059283.20666334,357934871.58026034,4120594292.655897,814402377.1044526,4014217325.803364,671195282.8540245
1584,6321445956.377782,195887897.80510053,357601863.9263762,4120593186.6539583,685707639.5849438,4014219654.748206,667067716.7758328
1585,6320922139.417828,195734669.99635023,357314979.8011274,4120589373.3458395,806462552.1044488,4014220063.1209497,661022347.5547246
1586,6320469708.691148,195549904.87577376,357008295.9896823,4120588316.309603,685051778.6124078,4014204403.101493,743201171.901273
1587,6320056792.233093,195362012.49273503,356709161.43077815,4120585780.448373,811073727.9359322,4014208321.86397,695222477.0126456
1588,6319823757.640882,195174259.69945815,356401649.6831914,4120584665.1207695,678525696.9081128,4014209298.5134664,684550969.7809818
1589,6319580458.103209,194997232.07896262,356100979.4914212,4120581982.861055,801966761.3361492,4014209784.667053,683606822.488268
1590,6319119505.804345,194819021.9384783,355804969.82661563,4120580886.1603985,680032283.6103295,4014210786.2636833,680847721.0339414
1591,6318546128.201746,194671813.15567997,355486927.2296235,4120578023.2807317,813630598.2197967,4014208710.6865597,781768046.1715238
1592,6318309718.900209,194473670.93810058,355194665.4500287,4120577019.3569713,675130979.2728605,4014214329.225523,733151336.200626
1593,6317846684.515138,194289963.77098036,354903551.51456285,4120573396.8026724,797586301.114424,4014215512.652627,714410044.6049514
1594,6317242059.62462,194121266.3042854,354591670.3293437,4120572365.69902,674177381.3514123,4014217713.124714,702435238.8427247
1595,6316849178.664798,193941538.18769047,354290956.4823289,4120568680.5385656,796733408.609595,4014218119.845224,690296851.5117204
1596,6316292905.191626,193755221.54101273,354008622.7504801,4120567730.444759,673407329.1028963,4014201972.026636,776233911.9384788
1597,6315961151.541993,193576879.40729284,353705626.0451471,4120565223.267932,792239883.403933,4014205354.735999,731270647.9141293
1598,6316012338.411999,193402193.0601657,353425247.64991206,4120564146.595663,673748672.9386255,4014206490.846796,720093189.111466
1599,6315518302.928661,193210752.74569845,353117483.0825337,4120561504.441237,800296494.076477,4014207024.0028815,705837956.2805849
1600,6315144792.921981,193030503.6141176,352811098.2718999,4120560484.1066613,671185373.0987504,4014208030.795213,698417638.5761923
1601,6314694760.735627,192829845.76213336,352531524.7926404,4120557605.5851083,813557353.3031379,4014206291.810833,779290772.5812573
1602,6314348219.98982,192640215.6212672,352211475.1023733,4120556670.4349856,680552469.5358269,4014211936.689376,735864389.4776402
1603,6313923388.317271,192452184.18598953,351905822.5495947,4120553099.1535473,816272923.1194358,4014212988.307796,722263983.129817
1604,6313634798.72012,192268603.49803534,351619672.8867944,4120552199.356448,679090854.889078,4014215147.7072215,714606718.8836182
1605,6313687421.693464,192101733.47173434,351298433.7223246,4120549808.8967786,814641077.4153564,4014215576.608114,712891103.2403313
1606,6313084545.572963,191922418.223642,350992093.71843344,4120548821.44004,680572441.8265251,4014200444.488947,783168323.8658986
1607,6312656748.328677,191753802.47425926,350655610.7333074,4120546209.176682,817496630.2446772,4014203750.932655,733957486.100883
1608,6312185162.407711,191541511.5461044,350354297.50598055,4120545288.1916428,684221564.3579535,4014204772.9610543,715818907.3783852
1609,6311862505.034231,191366223.9263293,350058559.7145862,4120542521.313726,830273170.0654225,4014205201.3843274,701253362.5130178
1610,6311384168.186285,191190781.32166472,349774770.88465333,4120541616.325167,685287594.1709868,4014206229.909762,692562973.6761621
1611,6310856240.660267,191004678.68429062,349485284.60380316,4120538051.8269453,832168478.2431159,4014204288.321346,771560748.9929113
1612,6310244312.613181,190828131.71799645,349199747.87378067,4120537282.450177,687943975.4543893,4014209351.9235153,721558647.3710668
1613,6309650127.352224,190651787.845418,348917773.92342585,4120533641.430751,837633817.5282502,4014210447.5724373,699787186.268707
1614,6309104865.752588,190479890.267992,348634300.47685474,4120532866.7720475,690397235.3462061,4014212588.911185,687911057.3469481
1615,6308939613.470477,190310807.63935548,348356473.3254885,4120530500.703326,849692095.1030604,4014213055.6243234,674841042.6784736
1616,6308661361.838977,190142396.35994205,348056793.1439584,4120529547.066183,695868381.0373915,4014198711.63884,750485584.5749153
1617,6308158362.735244,189974562.942999,347714542.34870386,4120526859.030075,849320506.2474355,4014202286.5121684,698638548.4499416
1618,6307917621.450569,189807002.07427022,347435825.48223996,4120526034.436053,696342203.1711482,4014203359.8727164,678136445.5314139
1619,6307487815.359642,189644264.04258054,347127165.23822325,4120523260.3606234,845734964.2869203,4014203842.1143475,662505019.6914955
1620,6307451778.676596,189470564.98809204,346843887.7392412,4120522426.6991906,697819942.6654696,4014204828.1175537,656252105.5137689
1621,6306799544.3338,189292795.5591305,346642157.16504043,4120520068.4981017,852924658.923247,4014202842.4738603,732026854.0098405
1622,6306283924.455162,189125331.26836637,346315501.2920268,4120519154.021035,696594895.3722057,4014208014.6502767,684504213.2664374
1623,6305917537.837393,188961767.1274259,346034836.8848117,4120516615.9008164,838728892.7007419,4014208900.2926197,665763238.1309423
1624,6305852262.552314,188795769.07749432,345700933.4859887,4120515824.19415,698052967.2960361,4014210992.3551025,653475832.2262623
1625,6305266518.974066,188625348.03817904,345413059.7369807,4120513073.2343307,838098347.0549809,4014211416.489851,648625969.3751676
1626,6304798201.64213,188460437.84404153,345121342.2648651,4120512268.803026,694691347.4751657,4014197178.6096344,722371515.5586646
1627,6305205776.517093,188279232.27443418,344832754.27192044,4120509000.7133923,842959795.417654,4014200559.777602,676865149.4363322
1628,6304564788.6931,188107936.38713324,344552327.0173697,4120508236.6723766,704432795.3703868,4014201546.4400167,662255563.6619314
1629,6304584011.422976,187937584.84704643,344261672.80742955,4120504822.622279,856187840.7644513,4014202011.79266,654771071.8925589
1630,6304706801.105614,187769386.73752755,343969669.46073264,4120503976.2764935,706856884.8859366,4014202988.9281025,648787118.8676977
1631,6304214446.608018,187589197.18508276,343690958.6427254,4120500406.116363,853698894.0667868,4014201425.6033344,731788798.1245733
1632,6303864270.635585,187416580.03837284,343389150.7936837,4120499630.7991705,706824254.958062,4014206622.3111033,680010592.3779315
1633,6303397535.986444,187262432.69034538,343105866.9785515,4120497315.227626,862265669.8318373,4014207746.2888083,663001083.553711
1634,6302966128.432198,187083163.44958028,342814553.21099395,4120496360.938919,716560417.6391339,4014209821.3926725,651436541.8742948
1635,6302660536.425256,186900842.38013515,342519655.3671248,4120493768.2396183,866919466.548746,4014210264.2532735,643887924.111556
1636,6302399687.344802,186727984.3380489,342253445.4177445,4120492973.420291,725162515.7515912,4014196921.1560135,719553211.7149012
1637,6301963038.4543085,186569221.24171072,341959976.35766953,4120490362.588298,864697999.7858651,4014200322.135132,673074520.1269305
1638,6301394918.774115,186453467.30498233,341679621.17235696,4120489581.124807,724965123.5490444,4014201342.980318,659988574.8090736
1639,6300934122.604454,186259969.55112484,341416547.16693544,4120486262.9370403,858933725.608718,4014201764.1634727,651154352.4243582
1640,6300346711.901286,186066738.15014115,341140919.1375981,4120485550.0080757,722302821.8964956,4014202709.0974536,645295914.4645379
1641,6300216847.574855,185897622.46348482,340845921.2879803,4120483374.3012075,858436783.4205796,4014200585.7869287,726517238.0265466
1642,6299735929.955981,185731576.43424508,340561762.24725914,4120482518.6211433,723885279.5448133,4014205201.480546,679056120.037677
1643,6299314443.6878195,185564922.55485064,340275972.53535587,4120480011.610963,858411658.0419896,4014205994.7066,666315258.1513937
1644,6298845505.810155,185397718.48911068,339980020.2346689,4120479255.5948863,725987114.8921517,4014207856.337056,658986343.304172
1645,6298883140.518473,185217548.04761893,339702855.0834072,4120476777.6677485,871180428.7540054,4014208264.224969,655646705.001446
1646,6298560763.641405,185046468.14939788,339405782.46111596,4120476096.8682714,730048095.7046809,4014195617.672947,733165813.3188808
1647,6298169929.60388,184882776.52366337,339137969.1722303,4120473046.0662518,862837040.8332748,4014198847.7440033,691560726.6847249
1648,6297854653.647045,184731847.53109396,338839187.82055205,4120472380.751989,728594818.8256638,4014199874.8068933,678246895.2376556
1649,6297439388.35934,184577019.73969367,338550972.36875594,4120469116.8534603,852596165.7822235,4014200290.8977084,667592029.0915126
1650,6297036749.472633,184414536.245638,338276863.2400135,4120468388.7879972,718311980.9501506,4014201231.0311546,660271529.0613393
1651,6296516556.947425,184232867.96566492,337997814.8161405,4120465090.5441995,844702861.9439012,4014199037.0617285,743733835.3583452
1652,6295944089.63369,184061662.51791003,337717374.8062853,4120464429.934913,711381341.1367347,4014203711.285939,694068783.5004776
1653,6295433319.326959,183901732.11020598,337427376.7185687,4120462333.780727,838477397.1396384,4014204561.935817,677412518.969345
1654,6294950974.22914,183746875.46335876,337143656.71111757,4120461546.633433,706033396.3224773,4014206466.817344,671488917.5809065
1655,6294365238.713191,183557816.7023727,336856388.8900541,4120459146.389488,846415044.6832826,4014206830.5805697,667234237.6408627
1656,6293843938.246554,183381661.94698405,336573136.8042919,4120458422.464033,708695361.240927,4014194274.7045703,752277863.0367429
1657,6293489176.856441,183208228.31441826,336292515.42414325,4120455965.3149137,839524467.2813979,4014197364.425275,703988192.9093701
1658,6293048397.868433,183045574.85286915,336005449.4775832,4120455309.738014,706997012.7160982,4014198356.5600314,684723001.1013752
1659,6292656987.417176,182883086.01550007,335714254.770635,4120453310.8802567,843153836.23913,4014198842.073617,674286919.388072
1660,6292177649.194295,182712548.63846537,335447327.38717943,4120452576.617571,710019992.8055766,4014199774.1624675,666959907.9417061
1661,6291773612.383916,182544852.86122754,335174318.78499633,4120450206.587826,859963798.8432227,4014198739.517695,748134845.5051355
1662,6291254488.638599,182386429.42913786,334915973.2791083,4120449596.4425936,710223117.2710425,4014203654.145793,692751395.7473714
1663,6290752355.576734,182230551.99784118,334632541.81598747,4120447184.5399437,846418429.0491115,4014204580.7197313,671589510.1413615
1664,6290298763.430225,182064929.43833643,334353555.0476049,4120446558.0969324,701202385.789,4014206478.293044,658174520.8766664
1665,6289725544.968053,181900291.3136007,334093645.2611774,4120443754.181928,843597001.1231142,4014206854.8604984,646783351.982162
1666,6289141196.373222,181734635.65912944,333813157.870296,4120443165.2380033,702796108.1218793,4014194451.129018,715518196.2527725
1667,6288725325.520802,181578268.6963783,333544501.9504426,4120439964.156889,845875382.2186733,4014197387.6091986,668613925.5900322
1668,6288449416.844373,181426274.22146082,333254207.97364146,4120439357.8566985,702947473.0741795,4014198318.2014093,655415459.713696
1669,6288000046.417035,181262121.67521495,332977755.015262,4120436154.006274,857990140.9676058,4014198732.211454,643405597.0190976
1670,6287543320.369938,181092459.20901257,332709759.4915088,4120435456.4031796,708573787.7156569,4014199539.126664,636511427.7727886
1671,6287467977.62492,180930405.38774186,332459785.9590233,4120433412.316949,863556417.2161444,4014198111.9542675,709663681.6973858
1672,6286944244.279166,180766341.74570173,332196430.1342443,4120432670.8626704,709960746.2951783,4014202633.7375627,664009856.5213357
1673,6286565533.117682,180591359.31995255,331933577.8641459,4120430387.257531,853736527.4556359,4014203572.127083,652872470.751121
1674,6286213408.700856,180424219.8232035,331640349.1502945,4120429705.1624575,709125942.104076,4014205416.1473017,640450550.9534962
1675,6285713987.1076975,180251502.3337655,331370693.12545615,4120427386.1174912,846718432.9581566,4014205826.6763315,633293535.9634454
1676,6285398077.745102,180086256.17450067,331107597.1150641,4120426805.007988,707057205.8669033,4014193695.8987036,709244139.7457535
1677,6284928112.48347,179930824.61565918,330855962.7767659,4120423925.308521,843553657.2375861,4014196597.8614235,664904120.5341227
1678,6284447381.404711,179780311.23080036,330592787.1569978,4120423353.9566073,708232859.7958049,4014197519.308596,649789244.6714861
1679,6284172712.906565,179614962.89025256,330310709.3904662,4120420214.6904697,845869349.9676658,4014197945.3963833,640225990.5317471
1680,6283782371.03259,179459646.82422826,330027466.24099743,4120419610.551625,706109909.2869111,4014198737.2664824,632560769.1872466
1681,6283419133.065015,179295424.02725512,329742606.55711174,4120416405.977366,827204867.270387,4014196919.2007484,713977251.9641389
1682,6282989597.350021,179130000.13152653,329488754.21044487,4120415795.6200795,694934213.186875,4014201144.096497,663848340.4714473
1683,6282489688.1877985,178967712.14094472,329206694.0236397,4120413865.1649847,820880246.6755893,4014202079.337592,648731078.7910451
1684,6281995155.8323965,178790518.4721692,328900158.3418023,4120413146.1122246,693065653.9804447,4014203887.007991,639394012.500494
1685,6282070342.959506,178637340.86322388,328604064.6351076,4120410947.9701676,821463376.2600552,4014204286.986044,633166183.9160161
1686,6281608008.145062,178467665.94066158,328319353.21843135,4120410246.839398,688187503.0049963,4014192372.310993,711319900.2347122
1687,6281191677.743402,178302300.77737787,328041027.0957349,4120407969.454003,811745590.516353,4014195167.528094,657833074.0991783
1688,6281008135.53047,178142740.9117583,327752726.0021303,4120407332.308636,687205272.1321043,4014196048.0114355,644483298.4476961
1689,6280503832.31916,177980385.22085112,327491359.3142919,4120405447.582524,810153445.7130324,4014196484.1782207,630727991.614315
1690,6280064719.700122,177828335.11731395,327225412.6293013,4120404775.910625,682654778.0632433,4014197296.8063903,623056792.3779845
1691,6279562788.94364,177667208.66143632,326991927.8586303,4120402670.5455804,812268230.4421642,4014196118.2587733,700459437.6552386
1692,6279498184.661017,177506101.23779863,326731179.920369,4120402146.214984,680813895.8037422,4014200755.9130826,651063388.5589262
1693,6278772943.757091,177342479.0674478,326452958.5178172,4120399943.9499235,817547275.5547223,4014201722.282653,635593766.5387961
1694,6278614072.010933,177182444.5256933,326207094.1416879,4120399399.3328533,680598877.6592269,4014203515.8403764,626250854.0241617
1695,6278656333.138763,177017468.5074811,325904467.24978477,4120396958.264979,808902596.4059199,4014203912.96247,615512624.2788622
1696,6278314100.384192,176862911.74436417,325623276.9649179,4120396352.2862363,677500951.9443225,4014192942.1388197,690349104.2109449
1697,6278092437.363133,176695822.503126,325356993.9919961,4120393448.642582,818198394.3118161,4014195724.0343795,644298569.3276929
1698,6277571761.8504715,176539011.6732684,325094456.3231432,4120392841.2408776,683039115.1782479,4014196668.0930214,631949741.9191954
1699,6277015878.092679,176381924.15425637,324817167.822937,4120389897.0563107,830086608.8180308,4014197091.835473,620186860.2420288
1700,6276876575.756804,176226621.8759176,324550300.2397548,4120389356.7902045,690685968.0449978,4014197936.0160575,613191498.3378038
1701,6276617509.122012,176075261.29628816,324280428.57681924,4120387476.3307414,838997462.7791806,4014196774.4524326,688658086.8464576
1702,6276373843.667766,175912243.43291873,324009195.6408095,4120386790.609498,690128875.1586591,4014201031.773714,639393411.4335313
1703,6276039110.550796,175752824.1928661,323751946.2665413,4120384795.7786703,836914447.1897501,4014201829.170825,624134941.3699075
1704,6275828941.288716,175599860.0849343,323485437.3594089,4120384221.5976863,686630026.802043,4014203576.8562937,616723684.8189235
1705,6275338727.521209,175435728.35436776,323207454.0533041,4120382052.138384,837779569.5506276,4014203967.5239286,611209050.3724117
1706,6274959455.107463,175273466.3409602,322949633.81715244,4120381460.446915,689489793.3100061,4014193044.9091496,696112923.2199976
1707,6274477444.4735985,175121415.24346656,322692703.1234923,4120378866.9405003,841714710.5941162,4014195540.2449784,654809701.6784431
1708,6274725865.363249,174966758.46563905,322421134.5193098,4120378273.607284,696210877.0463994,4014196412.928044,642011174.4529105
1709,6274367480.022929,174815718.18459126,322158728.1004111,4120375383.4214993,851906207.7229667,4014196780.991313,632956952.6283548
1710,6273841242.06715,174661270.44267282,321905211.4238976,4120374789.1089854,702717868.8794475,4014197569.3902345,626658683.8635846
1711,6273438333.993343,174518025.50347245,321652278.9549046,4120371863.6814265,849314591.6065311,4014196087.1484227,701742480.9801111
1712,6272938233.789963,174366188.7896387,321390345.19015044,4120371307.5942593,703883171.161547,4014200075.4879446,659115671.9183681
1713,6272825942.797636,174202604.13052088,321124212.5008795,4120369426.5762734,860620281.3422192,4014200876.182321,645309553.7196947
1714,6272546464.756117,174050547.16682544,320851158.968224,4120368750.6128054,712681626.6651175,4014202496.03087,636373236.7866615
1715,6272093897.922912,173890019.8114469,320604103.14010894,4120366056.945188,874059837.6835513,4014202817.7567554,630935543.8263505
1716,6271754393.002262,173731030.44718346,320329656.3671244,4120365383.3978453,720990346.3738532,4014192130.4063315,719667374.1987418
1717,6271305078.870854,173580299.77075493,320063591.4098819,4120363111.731198,882905335.1000631,4014194575.24672,672156719.8761934
1718,6271051922.416532,173424393.19826117,319813838.0370135,4120362202.5186915,724286340.6128337,4014195471.258519,657099382.1170332
1719,6270727849.753171,173263235.51435745,319553865.47482026,4120359561.986963,880985388.2920349,4014195911.0741224,644334101.894051
1720,6270502778.734509,173100857.63421673,319299000.0222195,4120358812.2575097,724689585.1746258,4014196660.084618,640951541.6607686
1721,6269994393.552686,172948548.10110107,319062820.64546984,4120355749.711689,868495602.693309,4014195156.4413934,723676312.4381891
1722,6269653146.5587015,172789560.62392768,318795876.9697706,4120355050.6519475,722803763.8936614,4014199054.7981806,676966941.9134989
1723,6269368740.4691515,172631844.3633029,318547243.8244533,4120353026.793907,854415135.7120862,4014199712.856727,660267526.3237242
1724,6268785030.772806,172478753.4011104,318285260.87578464,4120352224.236525,715074263.4107988,4014201297.0690956,647110023.959365
1725,6268412481.022413,172324228.75466543,318019041.796319,4120350009.91578,843456511.5646752,4014201623.378871,638647764.8211153
1726,6268339115.415716,172165691.42608568,317765970.4041547,4120349349.446009,715451637.8380188,4014191217.3780317,714818881.1921469
1727,6268139834.154113,172018049.32524973,317501682.76748115,4120346963.3353972,843430517.0212235,4014193740.2247047,669966936.9708432
1728,6268298225.326086,171859062.68509236,317234413.52673644,4120346285.19241,709361394.6208199,4014194586.699372,654848084.976701
1729,6268061230.953506,171702435.15938613,316968505.8986084,4120343629.5795565,837980120.1669812,4014194939.761795,642278412.4284929
1730,6267762291.998615,171546176.44611526,316706319.1702024,4120342929.1358085,709848442.850117,4014195684.600065,632300197.5221145
1731,6267712151.353123,171387839.2368952,316459141.74182755,4120339888.272918,827478529.9105837,4014193920.7289495,696616953.7010813
1732,6267481310.249488,171233699.7913472,316192810.3789393,4120339256.9427447,705659424.9689555,4014197902.580198,652417546.1129043
1733,6267090531.768195,171082991.1830437,315937603.2635505,4120336234.0614347,824521226.993917,4014198783.85699,635690885.6474094
1734,6266606109.541693,170912864.97531587,315692017.2944656,4120335444.4058337,702284067.2758024,4014200449.2536907,624563039.5785266
1735,6266275707.731494,170751131.01394185,315438913.2468058,4120332254.7861586,816445588.0560629,4014200727.6660414,616227340.5938165
1736,6265848251.804937,170597667.85264012,315175714.35044664,4120331671.7972164,699397652.7278035,4014190506.015686,693288359.5443896
1737,6265385285.220968,170447643.126842,314924493.9777374,4120329634.8940954,825251071.5676714,4014192833.1583767,644879506.5529457
1738,6264987419.5436735,170286946.90975416,314684899.72627926,4120328891.64802,703556779.6338814,4014193640.658315,626192902.5169041
1739,6264589827.052296,170138411.49112317,314433663.10309243,4120326534.522889,830073962.0956795,4014193984.597048,616487600.8294014
1740,6264121803.460052,169983852.1474875,314188235.2334985,4120325840.0151377,700265021.0960251,4014194699.894248,606276759.0213487
1741,6263757819.475581,169822561.99262708,313933381.62176466,4120323491.0965724,822441410.3607901,4014192765.4603252,674341301.1549904
1742,6263675824.723771,169677367.64531997,313677970.5201215,4120322902.2331104,697779132.4097668,4014196662.371873,636344809.7487864
1743,6263202336.419741,169521689.4215841,313438380.3367107,4120321017.255385,827847306.9286188,4014197420.8715134,625347851.665425
1744,6263214580.595332,169372319.9752059,313182928.8297986,4120320335.2251225,693911346.78295,4014198964.363124,616739294.6806066
1745,6262713236.755988,169224053.10528156,312923820.56031877,4120318070.2868176,826179602.4937273,4014199167.19706,612207551.3949574
1746,6262254631.86299,169042036.8307379,312672496.0007988,4120317434.245382,696701779.9735745,4014188524.6186867,688840207.5887353
1747,6261830014.479906,168872088.8091246,312424937.3206632,4120315134.6833596,828100962.0748557,4014190786.6815624,650103551.5978374
1748,6262184387.512842,168713787.7518878,312185589.5037455,4120314507.180952,695426442.4358356,4014191680.7214828,631465405.9269209
1749,6261889134.776403,168522958.7042951,311925405.5499561,4120312168.52114,824313495.6110741,4014191993.7365932,625617603.945873
1750,6261573744.332926,168363229.9516851,311668121.1736888,4120311524.681297,692274254.2452786,4014192735.667426,617035943.1994629
1751,6261083494.991912,168192601.92221236,311417278.5895031,4120308577.5656586,827280055.6594965,4014190543.247274,703032983.1883061
1752,6260680985.989047,168040767.380251,311167593.1627868,4120307951.7345643,692824743.6200484,4014194565.748406,655532682.3627821
1753,6260295478.933951,167891695.40430987,310926117.3458716,4120304986.8409066,825462215.8301965,4014195257.2380214,640641196.9189986
1754,6259839837.0126505,167735612.42222747,310685038.54244626,4120304372.1152716,697030100.4645555,4014196928.388317,630977223.9527032
1755,6259376417.594676,167598994.83435008,310441007.1241653,4120301369.985086,831932714.8781756,4014197243.6347923,624535514.5949812
1756,6258916880.8041525,167441290.2076597,310177792.15823734,4120300800.5264835,697355362.774293,4014186977.395293,709158258.3364202
1757,6258478149.6186695,167284394.87187988,309928851.2159544,4120298735.8400626,824799852.6786288,4014189527.2144294,662277460.8233918
1758,6258226630.749865,167112090.07117155,309679450.7400196,4120298016.06846,698231808.0733348,4014190536.652468,648154894.5326121
1759,6257808242.54955,166957881.6752629,309434678.74133414,4120295800.087578,826728292.6278661,4014190904.1946135,634817854.3620204
1760,6257479194.00106,166802637.11143225,309173272.9940752,4120295164.8057585,702936501.5422597,4014191718.653501,624710308.578814
1761,6257050065.713545,166656276.17170903,308935578.96384495,4120292902.4515324,825845030.2502426,4014189504.272763,696540657.8980044
1762,6256684282.559003,166510357.3649171,308679639.29477024,4120292370.695584,694660232.3805166,4014193750.1286807,656738783.2079386
1763,6256269062.836515,166365327.17686832,308435461.1126626,4120289773.7630367,820848025.4686477,4014194451.976627,642894783.5692102
1764,6256025585.805765,166214207.1602625,308181970.7379376,4120289184.277068,696048647.8779336,4014196238.722799,640991138.302053
1765,6255500177.343923,166064257.4036236,307929683.9610728,4120286185.8829746,820079067.1644937,4014196498.8682795,633732402.809098
1766,6255120973.363477,165889817.54503328,307682206.918826,4120285593.2625456,692703004.2923808,4014185991.6373324,706265964.9921727
1767,6254652945.754223,165725926.72638866,307445286.97328275,4120283303.343394,823433460.7342627,4014188111.7244105,667658507.7069346
1768,6254251853.521472,165581592.21040183,307204979.10602427,4120282429.1238217,696503298.9858791,4014189188.7111025,655032224.8126976
1769,6253813807.401331,165441253.40757775,306955100.0986622,4120279949.1117296,818720435.4292976,4014189489.41122,648962985.0429004
1770,6253294564.053034,165297787.55253902,306711479.57183355,4120279074.8717256,693065819.40493,4014190375.3049135,641970319.4631606
1771,6252861644.009139,165153585.26866028,306467940.9168931,4120276963.0472555,823478271.9243622,4014188400.5303783,721028645.245745
1772,6252707468.705425,165007846.21304035,306221137.9055691,4120276174.344914,697770163.4465053,4014192997.8861322,681061938.81564
1773,6252454979.716169,164859667.13149163,305975031.6508572,4120274073.156742,819900040.5281073,4014193704.398977,668622988.1835736
1774,6252009104.521398,164713758.57888532,305731175.56402767,4120273390.1326756,697084900.0399342,4014195520.5241666,655629312.3533169
1775,6251505811.468275,164579418.5223619,305492972.6845566,4120271328.2542377,822563865.3915318,4014195784.178286,650918152.4293351
1776,6251306547.605799,164436232.929736,305248239.77345425,4120270665.7369933,702425770.2305453,4014185307.5346727,727850202.6841944
1777,6250740389.340501,164286028.53926516,305009023.31401587,4120268603.783166,821244713.8285127,4014187319.6150117,688842672.8878171
1778,6250341210.602792,164141063.3722506,304768523.352582,4120267953.135884,700307941.4969789,4014188496.8939123,677444832.2121632
1779,6250088072.153771,163984461.19700503,304543058.8757425,4120265904.442279,820911040.3634583,4014188755.5812845,667764760.1610107
1780,6249631980.283145,163843152.17329305,304297744.4213587,4120265350.5691867,692536931.2301148,4014189680.6010447,659013622.9469237
1781,6249153296.8382845,163695319.58172747,304043657.307914,4120263216.9507527,819016481.0158052,4014187479.557916,734615898.2165335
1782,6248645470.998686,163551354.14962465,303793166.4673595,4120262640.540312,695198711.6502682,4014192031.073885,688093818.7806368
1783,6248401153.788103,163398145.25162303,303548333.4508201,4120260535.5054507,819736799.0345834,4014192775.987968,672132533.1817807
1784,6248154128.025607,163248549.53233445,303311330.78312063,4120259950.297186,688682465.6034954,4014194623.1384225,661300415.815563
1785,6247837252.180089,163103646.4287434,303068866.0560787,4120257976.6859345,815785261.3216275,4014194898.3736916,651378049.1171244
1786,6247483025.263612,162958052.7772404,302833267.63558304,4120257405.5173173,691692652.064497,4014184448.629378,735026997.9444406
1787,6247407894.261683,162813045.6886134,302600446.5785323,4120255312.284675,812007894.8977228,4014186427.1096597,694054099.2696227
1788,6247069493.004861,162666306.88083223,302364240.8388495,4120254779.1669736,686993838.4028283,4014187498.6456575,685231648.7499399
1789,6246997675.366191,162532258.65267134,302127409.39356995,4120252640.4566946,812627408.3715146,4014187742.7873793,676760297.2264184
1790,6246938109.077318,162397284.46201217,301886951.70369107,4120252075.2727084,690068590.3242292,4014188652.4390836,667497530.1828853
1791,6246820292.613955,162248239.7956481,301651302.64849067,4120249974.4457607,803788935.0131626,4014186566.616413,767378735.5734948
1792,6246506764.492647,162096923.12066287,301412048.55651563,4120249420.160204,686687190.2851157,4014191171.916799,715941196.5596747
1793,6246118840.830966,161946598.518961,301177013.23225224,4120247306.0733414,806769833.3958551,4014191939.374562,695600048.5976084
1794,6245663281.710743,161816797.59185952,300958779.45928943,4120246800.772901,688125531.4572712,4014193881.6407323,683719309.1095046
1795,6245574151.517452,161656318.65753457,300728962.4139225,4120244902.5753493,812835262.6196185,4014194155.6712303,671407901.88607
1796,6245283402.569133,161505796.536182,300493120.61405194,4120244325.7508492,692916414.4069047,4014183455.3695173,754203948.2581407
1797,6245136815.66344,161357432.84899622,300257538.52692944,4120242278.474108,808650956.4515293,4014185444.847481,706020215.015343
1798,6245032300.416903,161212494.5530069,300019378.4052821,4120241762.7756295,687128162.5101522,4014186582.3883343,688301743.7301835
1799,6244707455.928985,161063140.65451708,299781065.76332736,4120239680.9817185,803607608.7176095,4014186895.252537,674723125.7396935
1800,6244335052.013801,160917401.68272647,299541363.5725782,4120239102.0192404,686304583.0273869,4014187824.893905,662724956.7110051
1801,6243926420.2177105,160774420.08498055,299308625.72323895,4120237030.384706,806064963.3757145,4014185893.8469872,742872866.1846164
1802,6243511353.425175,160631823.15080673,299080982.5936501,4120236490.1442413,682184712.3729695,4014190583.961609,688784945.4842123
1803,6243092991.852781,160486747.9466181,298837594.46007174,4120234447.5386114,808678971.9531406,4014191307.5923867,672357193.1809047
1804,6242789402.414552,160342710.40138805,298614558.28600055,4120234007.634931,683909073.9576472,4014193274.7177615,654446195.8412316
1805,6242486421.139533,160202012.5945633,298370344.82940215,4120231945.287692,807103360.7162262,4014193553.410969,646891582.3175792
1806,6242084783.93366,160064164.4222055,298135081.0844591,4120231432.605899,680717327.3024701,4014182779.261644,721662659.9161203
1807,6241702137.562663,159923476.74328646,297897473.4662102,4120229200.9833856,806431857.1219264,4014184617.8339744,676199743.8807086
1808,6241478655.331207,159789758.81041825,297652160.2921006,4120228645.07826,679800558.235592,4014185701.1923237,661230880.3465552
1809,6241183293.433663,159636044.79711598,297421506.67152584,4120226381.077661,812976444.3033884,4014185924.570821,646840079.7010472
1810,6240758491.00734,159492663.44813022,297192921.9027025,4120225862.679569,682450695.921435,4014186805.422049,636165355.4477122
1811,6240247779.702581,159359364.28956753,296958888.60759485,4120223597.3552284,816014754.9117508,4014184300.1656117,710207346.8878684
1812,6239757299.235693,159227193.16016,296733042.5697104,4120223095.603002,682078101.6276789,4014188672.31156,667200213.9326389
1813,6239537585.53528,159079145.76153693,296504267.93802214,4120220826.3900037,816208865.114515,4014189373.0109205,649628886.414718
1814,6239257287.852985,158938149.05069304,296272397.4473585,4120220348.374309,683739328.7934566,4014191370.4977207,639501674.963853
1815,6239094174.844441,158794297.83071145,296043146.9453475,4120218279.140157,818111599.0810843,4014191605.715592,630972670.1369562
1816,6238707107.668582,158658543.56384403,295819420.3474691,4120217703.4015837,683070104.8395369,4014181467.2681165,714198964.0986329
1817,6238198132.432162,158517475.36827168,295589135.17706704,4120215497.5951653,822112564.2532009,4014183624.397491,662563993.5100377
1818,6237797265.769341,158374729.809542,295354479.0013576,4120215006.566286,684590909.2681385,4014184793.5083113,648384984.345959
1819,6237396139.391369,158237804.94422004,295115606.9587455,4120212826.2168612,816918250.8495135,4014185134.065129,638872092.8520172
1820,6237560268.048346,158105262.64806965,294877758.5933529,4120212256.884382,680801138.2251723,4014186073.4370193,628314226.4720157
1821,6237106358.877065,157965184.398192,294651193.34233135,4120210027.6578674,819398984.0058361,4014183575.869331,710945160.613357
1822,6236734924.267605,157829527.6190377,294407160.34703,4120209588.2727847,686047672.6471636,4014188217.0510535,662844359.8826125
1823,6236393973.173404,157695539.53494832,294178725.9105279,4120207454.7720675,828985329.4791692,4014189018.507722,647223126.2895845
1824,6236213600.950252,157552047.7374024,293943774.3947303,4120206966.929854,692989725.9733158,4014191011.913192,634035362.9327335
1825,6235748434.836233,157409926.07355064,293715102.91385144,4120204971.2118697,830784919.0948187,4014191286.341447,625728716.2016528
1826,6235438232.679775,157271146.25497386,293483188.5583389,4120204436.922476,692927896.3396853,4014180916.931637,698194330.1149486
1827,6234976935.874598,157134367.05911958,293251033.79583955,4120202421.563338,826309138.0913938,4014182960.7250943,653959468.886356
1828,6234457388.350641,156999116.96571356,293012062.50614864,4120201981.322609,694567144.9549897,4014184175.7283473,637064763.8092508
1829,6233983908.241749,156855760.92092103,292775777.7970603,4120199817.672591,820013676.54525,4014184459.8919005,626288517.574772
1830,6233656120.340992,156716681.38531026,292530793.6097909,4120199308.525711,692296854.0330715,4014185414.367411,617092625.3817964
1831,6233232983.3933935,156588381.3492106,292305155.11641854,4120197287.8524504,818475067.450571,4014183082.2657204,699666917.4977304
1832,6232734560.4891205,156451295.81618038,292074450.1462352,4120196856.12898,694651521.1905754,4014187665.4030743,655010923.7185687
1833,6232488139.220317,156316218.0724715,291859668.05684036,4120194607.7372046,818244330.8520118,4014188346.38533,638736391.4668928
1834,6231968380.536569,156178450.85887277,291626135.4340602,4120194125.026538,698862215.518272,4014190368.414057,629546738.5707963
1835,6231611735.581195,156039758.8736304,291398115.72417986,4120192125.313328,813117401.8945284,4014190653.764634,618711281.4750715
1836,6231159997.477568,155898389.25453192,291172178.45218277,4120191607.19969,693536860.0272022,4014180527.9685855,691961516.1085539
1837,6231195960.340565,155762169.98431322,290945529.25666904,4120189641.340086,799649039.6052488,4014182293.445629,646084723.0178429
1838,6230703718.192509,155627347.95320553,290707632.8047204,4120189220.2672296,687500103.1519345,4014183442.849711,629725604.7448137
1839,6230207779.813747,155487706.48233834,290480708.6603524,4120187182.539678,815353623.8975891,4014183697.1006684,620238939.6283547
1840,6230447663.329716,155346224.65669444,290254564.48454326,4120186709.2433605,693674965.4987388,4014184633.550351,610067370.2007912
1841,6230234946.818595,155210313.49230242,290031991.6533416,4120184557.7273536,821373283.981779,4014182544.519904,682467096.2193016
1842,6229828798.978357,155065598.44470757,289809251.139125,4120184059.436267,703470012.6560941,4014187014.99378,638479661.008255
1843,6229571681.993937,154920056.93999892,289592213.0851801,4120181989.278184,824352685.5263096,4014187644.4460764,624979538.9348637
1844,6229103962.232357,154781721.24502227,289374171.5242222,4120181548.210075,706913271.0193688,4014189664.8101125,619646115.5010899
1845,6228796475.703495,154650533.92122215,289141281.09916234,4120179388.706643,828726360.0420532,4014189907.439788,615245729.3117082
1846,6228396219.994718,154527696.1642989,288909459.5486288,4120178992.3432913,706578662.0059363,4014180110.1579895,691704094.6860207
1847,6227878837.278642,154392827.7956688,288685886.6667772,4120177049.270509,833283964.8582582,4014181946.955115,645840844.9870733
1848,6227417835.723521,154259669.1068004,288445023.4783736,4120176582.078664,709759794.963491,4014183112.6909223,629784800.9707639
1849,6227119801.320506,154119734.63670164,288222165.8142224,4120174496.7684517,836279046.6954503,4014183378.3256087,619240489.9610072
1850,6226709874.33615,153983463.98534256,287985812.96306896,4120174061.868911,708627548.2517588,4014184325.95207,611454507.8150529
1851,6226433830.191218,153833038.9094768,287753490.08059746,4120171936.810019,836145719.2271538,4014182235.725313,686498755.3670406
1852,6226072092.929907,153698604.01775447,287555950.7213342,4120171497.7854958,708132707.479702,4014186604.671171,645930802.236922
1853,6225645506.975393,153571536.69982946,287340639.0043346,4120169369.143445,829964353.3693657,4014187291.9528036,630963105.2371197
1854,6225271088.895462,153439996.79510713,287115484.3000479,4120168898.105868,705033524.6942939,4014189282.58237,619462208.6960578
1855,6225056804.781399,153300880.7970732,286892202.94372594,4120166810.028503,821274901.0615987,4014189520.947606,609727359.0088202
1856,6224575817.002324,153163088.89161718,286666880.6808508,4120166329.6979675,700766466.4553571,4014180021.216336,688667734.3167031
1857,6224141304.816955,153024999.81976685,286441570.6208134,4120164200.6292405,825660943.7839413,4014181801.778044,637444478.2771381
1858,6223786993.99623,152877605.67330056,286223857.3344447,4120163729.8128967,705898735.3268775,4014182936.2292004,618839721.9638494
1859,6223406561.716569,152736469.41364503,285990731.38864416,4120161860.6446223,826010401.4100606,4014183204.340237,609291871.4065063
1860,6222993085.247616,152602674.27602804,285764622.6459676,4120161401.38307,704586137.8796955,4014184157.6747856,601476124.1610893
1861,6222658350.0658655,152475112.052241,285538020.3133162,4120159362.504141,821999991.2226045,4014181992.3719506,679110333.6684941
1862,6222211955.350332,152337409.10908666,285321456.112716,4120158937.375691,702054565.1317257,4014186256.1144085,628670347.6378293
1863,6221857481.158003,152204010.89678627,285093256.2885038,4120156880.5752964,821114537.4700333,4014186899.7440677,614033023.7585725
1864,6221466487.016451,152074051.61910123,284876038.9928217,4120156436.0635085,701842802.3203968,4014188825.408237,602850018.0582111
1865,6221029776.275956,151941603.2693239,284664962.30131716,4120154450.024649,812481156.0293123,4014188977.8477197,594122632.2834209
1866,6220906045.718493,151800807.99782556,284436887.61679393,4120153947.739551,698461134.6187353,4014179116.473414,667825363.8654276
1867,6220707884.347737,151662992.45641923,284225156.1665656,4120151838.893297,814279056.2434571,4014180724.538147,625228379.7325613
1868,6220433370.72239,151533962.37390542,284008847.5017047,4120151483.915498,699324105.7702184,4014181769.4840317,608912832.8859307
1869,6220069542.802702,151402263.3906184,283809840.12140745,4120149602.40722,818675853.7407964,4014181934.6855016,597471557.3254427
1870,6219694444.146416,151273986.6543945,283577374.01036423,4120149146.9741497,696395187.4189721,4014182760.226283,589146742.6256163
1871,6219433671.0682955,151145870.40071347,283356957.7085175,4120147143.5263786,805036810.0676116,4014180186.122408,663057152.5474731
1872,6219485297.279763,151016859.87107155,283132405.1683145,4120146682.464852,691272867.728179,4014184541.673967,619471931.1797745
1873,6219266155.247787,150884082.9586178,282945428.7622505,4120144781.4771094,799429532.5471352,4014185192.3258376,605294533.3723363
1874,6218820809.120413,150742348.6311653,282706198.5897254,4120144262.3496733,688374502.0287739,4014187083.0655394,597085524.1627682
1875,6218589071.377665,150613160.00892383,282490207.50494486,4120142358.4799128,813270502.3356628,4014187202.9140644,590048370.009134
1876,6218140791.014347,150487796.0533029,282233989.19254816,4120141856.854526,698516728.9048551,4014176872.862687,667169822.2021596
1877,6217704811.0721445,150362560.90684023,282013875.4090735,4120139715.4880705,818763999.1997993,4014178390.9196334,622829120.4881605
1878,6217332030.302611,150224729.7987573,281757809.81263417,4120139144.2729616,693206426.1922843,4014179357.293073,609842385.284188
1879,6216932191.255517,150092679.29070044,281519488.9579107,4120137186.223179,814906208.4750775,4014179457.4064937,602054355.7341113
1880,6216578736.92231,149958364.10019356,281294411.25004673,4120136808.6446314,690005070.1670287,4014180206.824632,598050273.5356846
1881,6216157643.514248,149832711.76576704,281073110.98514766,4120134934.024442,808142134.6575375,4014176857.954536,674569215.2053096
1882,6215763706.44737,149720433.9643539,280878831.22946113,4120134380.7561827,687046040.3296514,4014181511.369819,632588131.1672746
1883,6215313243.117398,149585144.539331,280626016.36774784,4120132566.562685,815132551.1231599,4014181998.5575466,617154707.7835647
1884,6215239028.864369,149452639.6730652,280411874.90895283,4120132152.74545,684956610.7620808,4014183780.919326,607243563.3172572
1885,6214991861.675492,149323722.64045957,280186263.4295213,4120130254.882445,811399472.0385377,4014183670.717842,603720038.400918
1886,6214589772.237032,149192291.09501654,279970576.6967461,4120129732.2308187,686055442.2749593,4014170936.3194194,680222398.7131593
1887,6214261592.491772,149056767.6452951,279732467.27681834,4120127647.509971,812170867.3217882,4014172318.662895,638698110.1050957
1888,6213827868.537944,148923373.93855527,279513354.8353549,4120127187.759432,688831747.3966954,4014172984.0493097,632320697.7212961
1889,6213442430.844389,148787542.77324665,279305179.37528586,4120125122.80574,818555229.4260485,4014172850.989119,625646821.4750112
1890,6213595910.355572,148652024.85073623,279069795.058483,4120124663.32093,688943149.7918551,4014173202.167453,623817751.2209252
1891,6213269924.708984,148519740.62716436,278851638.3083252,4120122650.96298,818266834.2107911,4014167552.3672924,702297474.3486329
1892,6212963054.342819,148393781.7203542,278625197.9417078,4120122250.2056527,686765133.7071729,4014172068.9551516,642653583.7897384
1893,6212537634.048045,148271918.12557217,278388955.84996825,4120120513.353316,823905771.935591,4014172109.413569,627240942.6889732
1894,6212191659.727202,148145482.2832038,278167640.17865443,4120120022.2090945,686515129.920227,4014173468.6990747,613481131.1859713
1895,6211762692.680169,148015307.74829,277964263.0141517,4120118201.976153,813693183.1179503,4014172768.5884366,607378928.2654086
1896,6211323241.778175,147881463.07451797,277747422.16166,4120117738.552054,680105845.2019197,4014155265.0873904,693038383.5864788
1897,6210835075.5124235,147754471.165611,277535012.7702243,4120115767.731297,808373483.3512815,4014156487.37633,641435758.4935817
1898,6210626648.737835,147626478.24547476,277320867.7577638,4120115372.285849,682847041.8785131,4014156034.5297036,626298323.5245388
1899,6210239535.3609,147499849.7194207,277100176.52304363,4120113433.8885036,810689245.3893734,4014154871.647445,617781795.5334617
1900,6209848260.138147,147366609.97590202,276876122.6256421,4120113023.630632,683151624.9991117,4014154070.996003,609129532.8375999
1901,6209746523.548897,147234807.20043528,276650662.251866,4120110851.5412145,812377666.6360337,4014143363.4209495,693600895.6273843
1902,6209994945.976859,147103560.94159144,276434914.4781782,4120110359.504608,682838272.9870872,4014147909.3815637,642473399.1365451
1903,6209584299.843279,146971403.99059048,276225568.7988205,4120108090.835831,797847985.262452,4014147087.816613,625702161.2179959
1904,6209142521.249874,146844999.1157157,276009449.77476925,4120107631.6615195,681154791.2437989,4014148611.049367,617865153.0063044
1905,6208895188.304421,146715318.26801792,275796251.2439293,4120105405.943829,806166913.5554292,4014147190.592794,609115887.4870225
1906,6208682291.100042,146583741.07333106,275583237.33025134,4120104994.7960896,675359825.3010406,4014122436.7969937,690462350.4001424
1907,6208711215.928761,146456482.4741276,275366370.79017776,4120102656.284828,799805250.7981175,4014123773.4579034,644206931.3872977
1908,6209122642.696677,146334710.23429593,275174956.04943657,4120102230.144899,679468505.1550763,4014122613.6327276,633998977.4946787
1909,6209017277.797022,146209562.02190876,274956782.7758788,4120100554.1488276,802042716.0677083,4014120809.1992826,626961385.7689487
1910,6208672457.018796,146081037.7038708,274752851.41085166,4120100075.5170093,677987292.0833874,4014119389.740341,623502067.9951037
1911,6208307429.278745,145948341.9976433,274554725.86329997,4120098216.7907753,803086066.1640674,4014103956.654333,705399180.7855909
1912,6208120022.120864,145808335.83248904,274339882.55773914,4120097743.3293095,681040793.8447186,4014109681.271253,651990091.904459
1913,6207745276.765757,145679703.4464713,274133187.99144375,4120095872.732709,808480771.5253409,4014107079.890181,640784266.6413442
1914,6207398784.568996,145551438.5689992,273924235.935888,4120095448.7903967,686238177.6353393,4014106932.3330154,627470768.2634075
1915,6207079947.589684,145425065.3691344,273714681.3472274,4120093459.9745383,822587524.237289,4014103424.4275723,624559908.7315844
1916,6206777261.979196,145295235.3045671,273504596.80465096,4120093096.6110964,697099126.4555172,4014064855.419221,698617640.3069816
1917,6206450153.513201,145173777.68117058,273290605.25341326,4120090713.887998,828954352.742948,4014065296.4965773,659439473.3334763
1918,6206261108.778875,145042161.47107264,273074732.95527107,4120090249.016419,695831594.2207824,4014062419.5320835,643780733.344149
1919,6205870073.486115,144915218.55104968,272863538.7948886,4120087892.4427085,827572276.855188,4014058822.273319,638882290.7772833
1920,6205716399.901639,144792397.3009674,272651060.3824383,4120087425.042056,694348890.021794,4014056086.532567,631560243.3942832
1921,6205391704.22294,144667871.77491888,272438387.3234743,4120085013.616158,829691490.4120463,4014032067.8928714,711502328.1997538
1922,6204959408.883623,144548037.26792964,272229350.5735151,4120084552.04188,692297852.3706901,4014039371.2037277,664746954.3370647
1923,6204849094.55256,144417784.19973478,272019835.2826455,4120082170.0237985,824894372.5238063,4014035196.5948973,649005836.1320962
1924,6204486382.498671,144287415.77636668,271812342.92406386,4120081745.104369,693017378.2338575,4014034757.2452087,641709690.7803032
1925,6204303871.936905,144159829.44340774,271594284.5739379,4120079340.966258,823160425.3694124,4014030651.7078953,634433289.861878
1926,6203897157.530605,144039101.36409953,271374696.8949388,4120078835.4935026,697440172.822578,4013984418.7467732,708038170.1769402
1927,6203601255.518648,143916953.35910088,271160865.02835923,4120076470.037038,841210921.5283887,4013986495.732577,667854495.8953414
1928,6203233050.349725,143796475.99364188,270950039.67575663,4120076028.4649663,702251367.823627,4013984068.986867,652682732.3515675
1929,6202915598.4732,143675179.70678475,270743196.45992863,4120073550.7582607,836250892.6126882,4013980177.34846,640785548.097778
1930,6202783780.185945,143547771.72354063,270531491.3911992,4120073020.3564487,705478110.4257859,4013976594.392217,633805438.9377927
1931,6202533447.470243,143422113.13237968,270319748.0272976,4120070451.3053055,836391812.1994247,4013946241.688564,707421498.9288857
1932,6202060323.045575,143300860.57215613,270114538.9619662,4120069930.3136554,700974264.7781855,4013955312.5494623,656112137.0124502
1933,6201974382.679946,143172260.0135939,269907662.5659296,4120067396.9619665,833990159.4921061,4013948990.176836,636696343.3146712
1934,6201649984.79853,143046315.63542143,269704395.2984294,4120067048.520878,703094219.4574842,4013947997.34169,626126691.3211756
1935,6201628293.6899805,142933656.6984272,269497382.51502025,4120065519.665585,830783129.2511977,4013941020.8613915,619975922.1821173
1936,6201357520.343405,142809851.06372365,269295652.1317631,4120065028.5677233,700215625.048171,4013878685.2974534,699339238.4404832
1937,6200968529.414831,142683343.32693663,269082405.1545944,4120063159.5041876,828139610.6258932,4013882420.7009697,659763525.3577684
1938,6200631834.65833,142550126.10350275,268874020.90912896,4120062707.8565493,701161696.2881751,4013883101.236005,643830198.29424
1939,6200264823.558121,142425458.88996467,268682514.0366158,4120060807.598901,823501857.4217451,4013882970.8574886,635385222.0024027
1940,6199815360.92996,142298264.79863644,268459034.78957176,4120060405.9807634,699932863.1701992,4013885577.158664,629577620.3443743
1941,6199867196.36347,142178839.6026287,268259533.4301992,4120058341.0732203,823786280.2348179,4013862814.6362414,729765095.9583085
1942,6199549999.826806,142064831.55732572,268044758.98979115,4120057986.1207595,696810502.9672905,4013882801.271304,679259183.1560156
1943,6199323063.629585,141944707.91775623,267829490.35935244,4120055601.47027,813844818.8312408,4013883191.2237816,659202695.2259436
1944,6199160024.878794,141822909.76306736,267614870.46584722,4120055174.449916,693935013.5762246,4013890954.738382,651194803.2072338
1945,6198618881.37497,141695701.57668152,267402356.17091027,4120052652.26993,806905468.9108309,4013890453.521291,646002198.220856
1946,6198448572.965442,141564502.64838657,267191768.21928743,4120052315.37731,693002498.2327039,4013846751.7338104,734453342.4430141
1947,6198156246.269448,141434411.5443105,266983477.41870424,4120049669.3389645,801061733.581326,4013852658.1165404,686936888.5498736
1948,6197835296.304529,141307078.06661603,266783689.18890366,4120049252.555983,690408902.5590606,4013856397.61688,670983658.1557747
1949,6197860452.969543,141183630.01644528,266579632.55371094,4120047616.638483,797178248.1806773,4013856053.557778,661204568.6683939
1950,6197403849.936053,141061945.33224717,266383610.99167746,4120047165.2079096,689155767.329926,4013859151.384233,652244290.1848336
1951,6197395406.130772,140932744.592552,266193658.95935065,4120045177.492165,787884558.4405215,4013836083.7862906,732524098.255164
1952,6197131072.386124,140806832.76651546,265982910.01621288,4120044728.7382693,680988463.315583,4013856980.5460405,690798353.0104779
1953,6196829275.780023,140679342.34256834,265774989.16060144,4120042784.7053604,782928988.7910255,4013857854.4676986,679088511.5465119
1954,6196530753.947234,140554523.55089936,265572148.84888405,4120042411.6758003,675604701.2538381,4013866562.1269956,668386100.5535899
1955,6196277499.288589,140432129.61445707,265369681.9469872,4120040400.612419,779516793.4443336,4013865850.949652,666127175.6237693
1956,6195965347.218438,140307263.77746266,265160644.3597875,4120039936.18803,676330198.732127,4013820597.72122,753147236.0530174
1957,6195978201.943799,140181583.61936238,264953773.32749027,4120037498.594095,776026669.5543901,4013826706.7695804,706759601.664204
1958,6195655249.562353,140067242.7185868,264751804.15410298,4120037176.024694,671703793.8264998,4013831554.1264067,689415045.9331847
1959,6195332087.783416,139951985.01850107,264550056.46979442,4120034615.84093,773746065.9706606,4013831017.1335597,679597222.7012788
1960,6194960903.832532,139833938.4798358,264353091.53951925,4120034150.711151,671931451.0397441,4013834953.502611,674791277.4419591
1961,6194546348.341126,139709797.67826128,264150356.75746307,4120030674.4786005,775189295.4730424,4013807454.7393503,750246634.358345
1962,6194247813.804597,139588227.2300353,263946339.46670234,4120029891.7126946,670754295.0992099,4013830535.140497,698936282.8082699
1963,6193953432.192517,139470669.19445437,263743757.986509,4120027886.727242,773520159.2786409,4013829107.8532004,681365995.921465
1964,6193764808.417377,139350710.46348348,263546854.0203844,4120027108.6763515,667670193.7546252,4013838446.1900387,676004974.3972125
1965,6193444474.235648,139241100.62105212,263341020.67845738,4120024997.3211718,770439956.9716542,4013837460.868487,672061044.5191785
1966,6193088133.486998,139114853.58685562,263179580.52808955,4120024409.0251427,666142508.0329524,4013788242.221529,760018614.7962704
1967,6192713275.293591,138991545.97596815,262970694.64346516,4120022224.6062455,772490661.5323938,4013795619.0128627,715592909.8758134
1968,6192323117.11456,138865655.09894583,262769255.4015743,4120021522.814781,661493698.9890493,4013800671.6073365,703494636.5203402
1969,6191945006.179945,138744911.18244973,262563572.1419927,4120019153.0899296,767099183.8789313,4013799852.6352386,692886494.6904335
1970,6191664050.643541,138646534.595576,262349509.39168936,4120018585.1053243,661942915.8145612,4013804302.702312,688166845.6900468
1971,6191262419.137404,138512799.7396108,262146384.88308483,4120015797.6653895,762442150.0983257,4013774085.6370277,788726833.3357226
1972,6191308762.389785,138381835.7312846,261944682.00388592,4120015223.571278,657087222.6954613,4013799177.16132,741279894.1525402
1973,6190987406.655201,138259577.56249735,261748420.33553797,4120012459.7083817,755611608.1718968,4013799148.0453925,719994620.7767762
1974,6190697410.232904,138161084.49338832,261545518.4548907,4120011862.6709714,650923222.0187739,4013809291.147326,713044708.4892749
1975,6190344231.48294,138034327.91248518,261345093.4831186,4120009005.4744463,764283060.085016,4013807435.1394277,708676176.3884026
1976,6190012574.227467,137911907.46627712,261146248.68572286,4120008445.6358624,653583797.5188755,4013747212.965042,772964397.36798
1977,6189554509.786902,137796372.39195257,260946154.9206579,4120005558.2708993,762823403.8931966,4013755429.1098113,718465793.2298055
1978,6189313821.720835,137673159.43463,260743904.456549,4120005040.0257354,649438925.9251382,4013760836.7635202,698284435.4514225
1979,6188950816.744443,137561421.44114667,260542531.88455155,4120002879.39321,758513992.2580155,4013759367.4413085,684776814.2985972
1980,6188527419.836172,137474370.38634205,260343044.90553084,4120002186.016534,651964870.3149512,4013763884.293017,671988396.1719962
1981,6188137100.848979,137349379.05867434,260141290.27834812,4119999902.9960938,764683633.2758194,4013728893.7701173,744512557.0814573
1982,6188058031.315503,137220261.12635368,259944000.2245851,4119999314.759244,652828952.3419168,4013757238.8114204,701280506.8850538
1983,6187617845.622228,137096613.41209537,259775790.36331096,4119996880.0085893,771189069.8165575,4013757185.938297,686551533.4279758
1984,6187454969.725628,136982292.32635894,259580671.2626547,4119996322.222507,659761442.508384,4013768527.3343735,676862558.0317078
1985,6187224832.611432,136862802.23973438,259376304.01279542,4119993763.4373975,769472266.6731151,4013766780.9598207,665633242.4292573
1986,6186888298.773463,136740848.27686858,259176151.98544514,4119993169.166055,654843179.9124756,4013694835.088862,734846405.5607218
1987,6186629695.107428,136623683.04973543,258974578.26849055,4119990359.722058,772486977.5435003,4013701761.7658215,688267371.0055201
1988,6186288831.621985,136507936.09549078,258771625.6002493,4119989863.269358,656650364.169462,4013707336.512061,678075841.284458
1989,6186007931.891373,136395181.32888797,258575748.56876007,4119986729.858039,760461353.3519695,4013704915.3667145,668435003.0212406
1990,6185609537.363341,136285305.57306787,258380100.19050243,4119986079.2449136,654169598.7980676,4013708944.946664,663060098.6512927
1991,6185310111.644856,136172527.9853755,258182344.54003474,4119982944.536175,759339606.2299867,4013667052.335219,739929749.9416149
1992,6185074422.618099,136056435.97808817,257985171.44013605,4119982350.8678126,653294992.8166363,4013698514.125563,690323772.7509414
1993,6184682681.058946,135936866.50653163,257797647.57203722,4119979182.870794,755937724.3462662,4013698334.5737014,674807895.3419126
1994,6184428072.148353,135819504.70865628,257595989.57287738,4119978650.987554,652097852.6978667,4013711263.635474,663533692.9662731
1995,6184012182.75711,135700370.5960202,257403146.5325775,4119976298.968805,758059791.9967179,4013710145.6065736,656698006.7805482
1996,6183699681.203797,135571492.6143318,257205232.2104911,4119975674.0331697,650995266.5464765,4013632625.0250635,730096016.5601964
1997,6183418283.040986,135453624.90459058,257009780.08360815,4119973061.0234456,765459472.3185984,4013644105.043743,685729843.4997274
1998,6183085446.4839,135332687.33809808,256815008.38140222,4119972477.256382,651277867.9271276,4013651868.879282,671893323.5740668
1999,6182786735.907436,135215740.25025034,256625556.34471357,4119969950.5970745,769145871.6992972,4013651264.2200613,659524689.9109066
2000,6182393002.662225,135097022.65891019,256432090.54915753,4119969329.4479527,653927599.5338819,4013657233.013988,650717941.1819086
2001,6182142691.131943,134983751.4446168,256233686.4231127,4119966686.993323,758333176.4963603,4013617020.781844,723010319.8059243
2002,6181787993.886133,134873037.2935171,256037143.91105765,4119966109.3533497,652698753.0405222,4013652465.9173555,677458329.1779071
2003,6181614786.850159,134760979.65973783,255840786.1863902,4119963194.1885757,765191865.3266678,4013653096.2212434,661242709.6743052
2004,6181860976.194301,134639450.57036117,255655344.2888871,4119962572.813401,658324332.1068852,4013667182.4228306,647976214.1312937
2005,6181579706.268406,134508902.75383246,255461458.38844863,4119959392.158228,764211176.815704,4013666054.2108808,641616297.9160373
2006,6181279329.313698,134384817.94054103,255273265.1206778,4119958862.847533,659606980.5083486,4013585870.253562,714995716.7547603
2007,6181075401.535789,134273363.0074816,255082216.19478604,4119955603.903417,770674755.4015968,4013596376.819702,678103066.9572951
2008,6180775452.773084,134152870.69409679,254881900.2950526,4119954934.1583548,659362873.1067121,4013604497.877508,666857682.1602137
2009,6180450971.52531,134033431.90137167,254688062.45575866,4119951699.24836,762113066.0687952,4013603371.821682,662301366.4010228
2010,6180020854.586682,133921681.31188367,254497528.41646308,4119951146.7396994,654361974.4613006,4013610234.3290153,660180486.5149477
2011,6179557206.4332485,133807936.48778902,254309069.52881166,4119948734.1562033,763224666.2826554,4013569563.6015763,746104627.4178059
2012,6179153580.321938,133698474.65636966,254116041.45003775,4119948070.0929585,657012577.4438596,4013605599.270608,707188802.5320864
2013,6178891521.529448,133567373.08941722,253924564.00494432,4119945342.2703557,762777018.5409416,4013606097.7669477,699037234.8312964
2014,6178611003.313926,133447496.39303014,253736472.59731397,4119944796.669575,657513368.4996608,4013621092.255941,692248523.3057151
2015,6178242081.979587,133339499.77349503,253547023.6896355,4119942725.712695,772477764.2248172,4013619831.4458323,689872901.9490501
2016,6178124131.4659,133217700.70559214,253352302.46502826,4119942031.961677,658369384.5297892,4013535946.2452297,771495159.7568414
2017,6177837147.701694,133098236.80915071,253169160.4581294,4119939799.63791,770983810.1974407,4013547883.831979,724265739.5401039
2018,6177672654.842109,132981200.39883125,252975623.87529916,4119939243.5169997,653313169.4259003,4013556658.954446,710401321.7099451
2019,6177281752.30119,132865625.91610603,252789244.26295757,4119936717.0176234,771662043.1260215,4013555526.733111,698457875.8053852
2020,6176998661.667269,132747302.09758477,252594291.2012844,4119936146.6986175,659022812.4466332,4013562504.1542993,692239797.2122214
2021,6176733737.062141,132629384.37085347,252407567.9230852,4119933417.765792,778754174.7701194,4013521057.954196,778123823.0275362
2022,6176261535.526555,132512594.21489601,252219014.94934532,4119932874.4916034,661676360.949865,4013560002.789575,729960034.5605447
2023,6175948308.268066,132401744.28534383,252028191.3321531,4119930147.2703857,776426611.7309444,4013560404.829743,709836541.7949563
2024,6175639075.876503,132287175.62679638,251841468.99905282,4119929539.101122,659497702.4973782,4013576626.2933197,695347885.0196145
2025,6175217228.078715,132167246.3893377,251653567.45581383,4119926793.802514,786060899.3654064,4013575261.4985237,688184621.1883974
2026,6174882430.915338,132053469.70431885,251466066.24151146,4119926134.888421,663076384.3699656,4013488993.9685044,767494352.0081155
2027,6174508655.358911,131941725.20556068,251270950.8067331,4119923316.14156,787284614.6626493,4013502070.0193095,722262836.3713425
2028,6174218221.959247,131827571.36607315,251072195.31195244,4119922694.0054803,663419612.7300375,4013511422.918904,708167672.8080127
2029,6174227712.512313,131709952.72670072,250881441.82125518,4119920875.601873,783751319.8306615,4013510418.3192945,700643368.4586182
2030,6173627760.656646,131603964.47767308,250693794.75090608,4119920156.409655,663670605.3432872,4013517807.183763,688575125.8778492
2031,6173267437.118086,131494682.51476705,250511302.1604179,4119918002.3842664,794014682.7554904,4013472185.2536974,774213408.7237669
2032,6172852774.197518,131368600.83110878,250326874.85162768,4119917369.460264,668952028.9854455,4013513658.9233856,738083143.8619268
2033,6172566377.064009,131249716.91928536,250149692.33970654,4119915272.778634,793001797.6631007,4013513842.9375434,720378829.2289267
2034,6172118230.99952,131137274.20355357,249959099.7009306,4119914574.0844665,667015567.0566113,4013530367.114305,710386754.0308775
2035,6171730767.618835,131039666.9376132,249770159.88919884,4119912431.2268443,781693460.3477664,4013528660.0583034,702861487.9739584
2036,6171546916.442306,130923419.14141418,249588861.30816972,4119911822.3515244,664876899.7481507,4013433487.8664293,775287481.6770833
2037,6171216405.449135,130819033.21198194,249397786.44761962,4119909481.5928087,786776859.5953484,4013446294.5212026,740297900.1190611
2038,6170834219.072137,130711671.15001741,249209971.65131888,4119908915.8528523,659621193.9145677,4013455615.345849,721439433.4427162
2039,6170473617.947485,130595147.70237331,249022782.3588892,4119906255.3244786,785629851.8466927,4013453927.3183665,712348015.8357571
2040,6170247785.128704,130477609.87499349,248831655.16805902,4119905620.103313,667220278.5565176,4013461299.711552,708679262.9888091
2041,6169859053.454759,130363979.53110892,248641291.1057045,4119902904.7119794,811647455.4727681,4013412729.9629316,790556988.7797022
2042,6169617164.439641,130252100.8065243,248461242.92141926,4119902341.2802844,677122907.8462706,4013452997.677327,747621817.8785415
2043,6169405513.714105,130142597.29120049,248270803.17680043,4119899639.2084813,809584411.7532191,4013453776.6435657,731331325.6695141
2044,6169035856.903838,130038095.88341105,248080710.6411142,4119898996.292351,678524186.870328,4013470693.4553843,721916649.6957392
2045,6168618850.396934,129919954.34818843,247896818.95305964,4119896340.897272,818953667.3186013,4013468794.5154905,716377314.6521686
2046,6168301876.27959,129799016.84710157,247732861.22141817,4119895755.6762033,684497598.0428959,4013370006.733008,792780183.1704615
2047,6167860630.072634,129688348.2541817,247539715.26002577,4119893769.145788,823951154.8545964,4013385460.371441,740885365.0026603
2048,6167505627.031086,129581583.34153296,247340411.85769174,4119893115.4910603,684266276.426861,4013395488.3933654,717898881.1578038
2049,6167059518.028461,129469208.74919052,247148541.10401386,4119890956.476336,812653964.2090955,4013394695.0196714,714674768.6103364
2050,6166721924.6595125,129358378.22567774,246966270.140923,4119890312.548304,682656379.3391668,4013402346.8099995,703496415.5247675
2051,6166277383.817578,129243410.0149877,246784648.17491344,4119888290.914826,818905483.3241485,4013349578.652756,773375051.9178735
2052,6165932090.760613,129137674.21484731,246604433.22440168,4119887724.2402105,688218776.4785001,4013392579.5491414,727099622.1769552
2053,6166031300.695876,129018926.54539436,246406190.64519894,4119885645.849284,819046053.2377994,4013392455.9783587,710520183.124491
2054,6165489756.261408,128904417.64123213,246218128.35434723,4119885105.2412667,683142714.6864299,4013410097.015737,699654036.5899284
2055,6165388287.722261,128799352.18163885,246033122.19809726,4119882681.912652,820293904.1311561,4013408039.893216,692393483.9387292
2056,6165142827.6833315,128690408.27048163,245844389.5516622,4119882144.4210715,678225962.4041468,4013304143.628724,754660050.0772727
2057,6164799367.202018,128580905.6996533,245661580.73895717,4119879393.8276076,807926384.3311497,4013320030.0388894,712898311.0749485
2058,6164324968.887676,128471406.22494161,245476594.56340656,4119878839.4660015,680326755.3277642,4013330293.70337,696062991.9477478
2059,6164060885.421012,128359614.61462861,245288986.19003877,4119876061.4289103,807303271.0485508,4013328717.752962,686663532.2280418
2060,6163868101.762269,128236841.3794734,245112398.1261706,4119875406.4013643,679934441.3952448,4013337436.0762243,677227349.2366388
2061,6163565320.296194,128121398.229067,244926406.64882547,4119872545.226043,809764031.9445179,4013284065.8115506,731339636.7736623
2062,6163682422.7957945,127999255.74074464,244742723.3585326,4119871909.441527,681253716.1407434,4013329710.842702,697007419.1902684
2063,6163459859.788346,127891676.7464676,244548544.95365095,4119869064.2023063,802630854.2811102,4013329749.364182,683562127.3625541
2064,6163405708.837873,127781866.91141455,244356589.69851997,4119868473.699431,678549692.682112,4013348680.9892335,671172616.3601266
2065,6163085165.118029,127672401.920793,244167986.05977088,4119866437.1981654,794759382.2994916,4013346570.838036,664146432.5581086
2066,6162706104.922641,127565654.15611722,243983232.17663756,4119865735.6977916,673755745.171986,4013242529.7658,720756825.998234
2067,6162416455.669301,127459040.52564117,243810758.4665072,4119863444.9354153,794428240.3406643,4013259340.756582,678310711.618557
2068,6162086155.78175,127351383.62947302,243633700.902106,4119862832.5296926,678356822.0103769,4013269821.7378297,664781078.0602822
2069,6161719288.169535,127241796.90791923,243444823.06052122,4119860702.5222206,798037862.6442811,4013268833.1828194,655831844.7179296
2070,6161362917.89263,127128235.57335375,243271105.8714793,4119860035.3599777,672027654.531954,4013277657.583856,649700222.9955149
2071,6161043970.102656,127017291.8527456,243089684.26800346,4119857888.916924,795859686.947311,4013223485.561315,702385221.7868764
2072,6160672776.087838,126905708.23166305,242913335.83329192,4119857308.716606,678771921.7254599,4013270465.531284,668105310.8530823
2073,6160430986.662484,126793232.38672014,242745945.10946545,4119854977.725216,803944720.3058543,4013269819.791816,656134068.719306
2074,6160047637.859178,126683210.23227838,242555034.54015934,4119854400.2645435,682532587.3906577,4013289581.034518,646996006.4507833
2075,6159665578.223483,126574446.54100795,242377630.27164936,4119851866.0963354,816017064.4634393,4013287605.301591,639290079.3160259
2076,6159358905.589532,126469768.5119871,242198794.51797438,4119851284.850246,690094602.6557194,4013179035.335937,695399270.8492998
2077,6159160698.071898,126358551.03382736,242005949.0298798,4119848613.565404,816500273.7237918,4013196365.743282,658154758.3105339
2078,6158824296.319854,126248835.73618618,241832050.086642,4119848032.5705214,691539281.0289533,4013206601.1994524,651913222.1797969
2079,6158491398.842194,126136771.40086775,241655636.63119417,4119845410.2855763,815940613.9390978,4013205692.013235,641013443.5619243
2080,6158090373.94722,126027893.3160489,241476984.4007302,4119844828.401681,689714361.3822329,4013213750.295254,636256355.7087886
2081,6157736263.785039,125926397.18564075,241300092.6885621,4119842102.815677,803859802.4173684,4013157974.0393443,705965983.1325392
2082,6157434094.583985,125820429.24012914,241116520.86118415,4119841577.2014103,682109827.3557683,4013205114.4847836,667564111.6024463
2083,6157054463.185918,125711606.56966949,240933517.1014516,4119839801.9556985,805144762.6666656,4013204866.1560926,655729662.3754007
2084,6156784949.667404,125600063.83965757,240752769.27805287,4119839166.3235006,689251211.7944314,4013223415.1296573,647648370.2712153
2085,6156527864.6119,125491570.69573833,240573310.17792696,4119837026.7272024,814990451.0737007,4013221004.7860065,641657105.4063509
2086,6156277010.722748,125383354.3338924,240402015.2135851,4119836424.9907455,690403614.8357941,4013108567.182076,706981682.2473357
2087,6155773814.925855,125276519.57541692,240201183.7283027,4119834430.9929037,807814811.2271795,4013125198.6468005,669618791.6446246
2088,6155512748.877865,125160853.7576938,240005182.63149148,4119833843.0528364,688289566.1449825,4013135678.479358,652498395.9061403
2089,6155139799.335735,125050221.68721946,239817015.25037742,4119831643.0842495,811294729.5622834,4013134615.527518,640732975.6747273
2090,6154781607.40443,124942510.92071925,239642422.626788,4119831053.3993406,690658290.5836293,4013142398.770431,632645902.3221679
2091,6154407702.889006,124833348.73535348,239464845.73317066,4119828814.7130623,815277365.2166413,4013085772.307426,693937549.2098382
2092,6154063229.103621,124728606.89410311,239287967.333453,4119828237.861254,698279556.1034356,4013134264.3902516,659904351.4034954
2093,6154141827.465403,124622292.99487871,239113975.0890072,4119825448.527266,819917215.8898697,4013133434.508369,644446300.4094896
2094,6153781951.387905,124515866.78238823,238940747.95368558,4119824875.1190186,695148821.754168,4013152093.01866,634745554.2565297
2095,6153697166.872084,124403639.23826632,238775482.7608767,4119822263.2635517,814082898.2850927,4013149679.8794837,625314529.8911164
2096,6154088459.2152195,124297675.98008987,238600956.28064698,4119821766.9022627,693624392.0180165,4013032942.958733,683171170.7835459
2097,6154049980.054973,124195784.53911094,238434195.79315907,4119819080.821126,811391289.2111702,4013051205.545036,648682394.7502308
2098,6153885222.709969,124087708.8098826,238254304.89047357,4119818554.713397,691102848.5630904,4013061404.829885,637236382.4302486
2099,6153787830.771148,123975242.1860241,238070842.80777332,4119815944.3886,803805875.7242775,4013060454.9606266,627633722.9136086
2100,6153403500.89753,123877294.05819935,237882596.31253278,4119815335.4114604,688784833.5513885,4013068542.5890303,619408615.477074
2101,6153069140.233093,123771296.1379784,237707709.32530296,4119812734.9074373,805839570.4683119,4013011187.65182,674551476.7871362
2102,6153175161.503281,123668433.58206658,237529953.79245445,4119812233.0051913,678752179.6725556,4013060212.0782614,639523725.9892682
2103,6152876480.649774,123550871.17496231,237355947.13942307,4119810523.4506655,791529268.052132,4013058972.7928867,625617753.9659863
2104,6152609892.362551,123442160.52687413,237184552.6245951,4119809843.872178,679173149.0908903,4013078148.3658,612980002.1747153
2105,6152249964.039237,123339548.5229333,237000011.71494818,4119807805.9846582,804966359.8586385,4013075618.275786,604209401.9198365
2106,6151932350.24312,123220783.84900248,236820396.07625818,4119807140.3004103,680822541.4609661,4012956373.3634405,669388208.3347089
2107,6151618002.364529,123110197.95114313,236640310.6039389,4119805115.6310277,804331472.2015859,4012974683.309715,630360782.8417277
2108,6151279618.099802,123005912.49315523,236463582.28730565,4119804577.8937335,680141855.8033459,4012982792.486303,615860886.3758212
2109,6150986871.0074,122900121.47632508,236289913.4482495,4119802435.834387,810754024.1973822,4012979726.1737356,604416726.864464
2110,6150675789.770752,122788253.04177289,236114744.51921555,4119801823.8377895,689136313.105758,4012987672.223139,598376799.3980536
2111,6150433661.745319,122680100.91011186,235936343.64544135,4119799629.076192,823540804.6327002,4012925889.944942,668323894.3136938
2112,6150226328.829156,122576075.7261724,235758985.33642933,4119799104.8027806,688257173.1654534,4012975731.18475,633542283.8180643
2113,6149866495.877269,122460729.0713844,235575674.8603002,4119796648.107977,813069017.8112756,4012975520.423665,620770931.7125851
2114,6149768686.579952,122351311.82505497,235398979.43030125,4119796112.042605,687217593.4049597,4012994772.452565,611358467.3298447
2115,6149388643.981676,122240092.16686682,235225510.54927224,4119793551.1746836,824776272.6444552,4012991709.783646,602156523.5833598
2116,6149057026.780182,122134880.12713906,235046974.92477712,4119793008.6958575,692266427.8824781,4012867699.5007944,676852996.7848824
2117,6148655490.295748,122042693.497453,234875368.24044588,4119790517.5016375,826470847.4202013,4012885027.87247,635078843.9040207
2118,6148351405.347185,121930753.9462787,234707204.50297982,4119789949.8737607,691005287.8497748,4012896326.134994,623242360.916119
2119,6148185495.310068,121826902.72335605,234529689.9037705,4119787050.8222427,817177140.273567,4012894646.188636,613292766.303003
2120,6147865801.8309765,121724295.05689484,234353610.15229738,4119786456.668294,685451445.7409251,4012903425.237333,609476794.6364399
2121,6147468470.85479,121622176.3373392,234186278.96983525,4119783518.4627686,812316508.3212073,4012842140.352536,676983864.3243779
2122,6147264461.800878,121515509.90958115,234006419.64951044,4119782890.4322677,684532283.3250242,4012893538.692477,636437073.2901826
2123,6146907047.394961,121413981.68236315,233821996.988294,4119781151.408476,807126820.7901088,4012893401.460193,622021670.3990318
2124,6146890076.669879,121313698.69858932,233635515.3906358,4119780462.52218,679425172.6994005,4012913863.3526015,612718192.0671414
2125,6146484224.289912,121214511.25534128,233457435.6936752,4119778335.235004,801327720.240562,4012911615.807428,602997467.7184173
2126,6146120237.875945,121124728.74014656,233276759.4149834,4119777804.4693494,681822026.7158219,4012792705.9732623,665604621.7612541
2127,6145799509.786362,121011098.63586815,233102309.12703097,4119775923.2637005,812112751.0898564,4012810620.4249973,632603327.9037112
2128,6145421651.185761,120904590.23655194,232928651.8109685,4119775337.5116096,686598404.2848545,4012821435.4868546,618068568.3397119
2129,6145292165.875157,120803771.6827517,232748978.10882384,4119773291.5188575,815656659.47859,4012819821.575366,610199317.8568339
2130,6145093292.03947,120697175.9084203,232583410.2295813,4119772771.801205,687362546.446383,4012828767.958244,601493250.8446152
2131,6144756933.818983,120592967.87118329,232431723.32682037,4119770637.4464207,820205857.7141004,4012768123.5724177,659828069.442723
2132,6144511924.817101,120493073.30843681,232254205.5945697,4119770105.2123523,689601099.8529011,4012820469.0467744,620291554.9642156
2133,6144138126.827591,120387812.20708515,232083734.32583308,4119767675.3708315,805883134.3689568,4012819742.902434,608946478.7103126
2134,6143829608.748734,120281776.44769473,231912373.78514123,4119767169.43244,684945794.8295057,4012839728.866995,602109207.7601825
2135,6143439433.846268,120170927.63825165,231738011.89813924,4119764748.3567357,800862718.1109962,4012837280.1565123,596702609.2123669
2136,6143083652.688143,120061263.96767092,231568311.5307448,4119764206.780553,687206143.9769392,4012721649.484407,657925653.4593195
2137,6142749682.486926,119959456.86308506,231384982.58355406,4119761659.6433377,795709443.1825092,4012737598.7938237,625209499.4831479
2138,6142521898.46655,119863608.5428826,231198657.9441217,4119761088.577815,682420391.5759588,4012743460.913757,616686408.7803674
2139,6142309573.28018,119766019.14555794,231032682.76972476,4119758638.2692575,782230818.3390852,4012731125.08775,610370530.2654417
2140,6142373170.821336,119674194.49134636,230859492.27373895,4119758146.1463404,672988142.9587291,4012739539.9169517,607872557.3465647
2141,6142341735.348427,119568122.39017113,230691977.47458115,4119755583.403125,777668431.3876129,4012679221.9231367,675895377.963845
2142,6142057345.452054,119462794.14333262,230465812.5915841,4119755020.6859612,673904197.5679789,4012732547.1228547,630230372.0608162
2143,6142023794.683348,119362238.83792837,230297031.77405336,4119752498.86681,783179463.8122332,4012732597.733666,615202902.988938
2144,6141726155.35133,119263325.92907795,230120436.5903972,4119752020.4369493,677192572.946693,4012753110.681789,607515662.6186091
2145,6141513558.551944,119157862.6923689,229951322.7381106,4119749510.2110567,793076403.0869766,4012751399.4243803,601475770.8025994
2146,6141198681.462284,119057012.61242612,229776698.44987094,4119748989.4026437,679408077.8443757,4012639173.779839,667283147.0989828
2147,6140880365.37319,118950068.41398318,229598872.11225244,4119747310.789533,789996788.6660181,4012658037.383796,629345468.6446728
2148,6140668103.602792,118849597.18135704,229426645.38171905,4119746692.854388,676535680.7903701,4012670071.700411,617484450.9590132
2149,6140806174.829013,118751452.37858164,229254841.95276064,4119744404.4482284,788443874.6953325,4012668997.4884934,605478659.1663568
2150,6140513636.625013,118645107.63361792,229089932.24212348,4119743853.2587423,679954679.540674,4012678376.597565,599529031.4268785
2151,6140429435.478866,118545324.05194421,228920533.58541375,4119741592.2775407,807549650.0254716,4012620627.454251,671540701.7476622
2152,6140143017.051091,118446405.21499546,228761247.57605854,4119741112.604239,688152232.2237875,4012671441.6559963,629021952.5943801
2153,6139963554.859086,118348419.06038949,228597522.21563253,4119739039.2398915,800877251.5172184,4012672167.55672,617919859.5905825
2154,6139731890.234067,118250427.57337803,228421020.0960062,4119738448.28886,695427449.9044511,4012692958.3100996,607976614.7612526
2155,6139451150.430307,118149598.81273186,228253312.12669852,4119736412.6129155,800058523.7933071,4012691116.5137844,600173269.879311
2156,6139186801.496501,118052818.71490395,228082427.93860283,4119735925.1043077,700698489.2167768,4012580717.210308,667690409.8697764
2157,6139000378.913995,117957637.17322862,227925512.22335145,4119733568.1327457,808226953.796458,4012595622.289515,626580392.2153076
2158,6138676766.295875,117857456.3991324,227754429.69602624,4119733098.7070017,706057311.6530744,4012606004.851999,612472461.1807934
2159,6138341123.719908,117758162.19451538,227594213.54216903,4119730705.718237,814343677.5368172,4012604417.3075347,600042422.9271376
2160,6138024969.699801,117666602.23895593,227432109.60643777,4119730176.9068656,707647481.5258975,4012613734.910838,596416047.410374
2161,6137915893.804381,117561544.95911235,227260998.81869715,4119727761.4565487,798651276.7686366,4012556380.475833,666025292.0218492
2162,6137567485.142246,117454839.51267877,227089658.68181866,4119727162.531081,689613320.489056,4012608417.337569,624307074.1292495
2163,6137289666.186369,117361776.98875514,226922202.52334434,4119724685.3206844,784703577.0281343,4012608207.243631,616072611.2945372
2164,6137129313.857136,117258544.15542588,226742754.18521872,4119724218.1396217,682012037.4038846,4012629158.1705894,606084829.662241
2165,6136795317.148863,117155345.64156409,226576198.51328442,4119721729.359001,779939912.6676431,4012627604.052436,602288278.6132408
2166,6136539327.042401,117055906.69432488,226407336.6033109,4119721218.9288607,681079104.6593573,4012522845.0410743,668746560.0624126
2167,6136177257.33694,116959187.92215365,226251357.74167868,4119719612.392553,772329652.2805231,4012542723.2075186,629614515.5969074
2168,6135962381.056124,116851446.96528691,226086682.6457636,4119718965.8614135,669484972.1482859,4012554757.9298916,620053497.413677
2169,6135579642.552826,116754079.48654218,225923600.86705002,4119717105.31554,768644217.3133838,4012553583.838234,608278419.2175316
2170,6135303083.137425,116656388.73115808,225761098.98789275,4119716568.6000347,666903883.9990817,4012562991.5492063,601992919.9671714
2171,6135005926.209456,116565671.98899095,225595635.22084317,4119714636.498254,762595820.2819237,4012510858.919324,672944074.3216155
2172,6134915391.234064,116438062.57173896,225436399.04109606,4119714024.710879,662649197.4632244,4012561500.078326,640704198.8676072
2173,6134605960.603527,116333516.91379435,225271522.50278163,4119712109.0248337,755498274.5148392,4012561632.5200467,629945857.2006714
2174,6134392601.992413,116235007.15677229,225103301.95857587,4119711656.8330708,661072679.4836594,4012582246.394181,623919144.0303166
2175,6134078861.5841875,116139569.19019619,224941373.92624244,4119709427.0067873,763997557.6292968,4012580635.9660773,614575912.9828137
2176,6133779952.870947,116040285.96649368,224763113.30231622,4119708892.1641293,660642544.5469743,4012479395.0750914,688863766.563232
2177,6134432925.690736,115943740.83645962,224598802.96790516,4119706406.314284,760604996.3406436,4012498573.44946,653276245.0428019
2178,6134274536.185963,115853328.05758837,224423463.26014233,4119705858.5084243,660016802.6997279,4012506882.3789644,641822427.5654818
2179,6134121842.774106,115749011.26668194,224255676.50232658,4119703422.1671934,761899453.7798768,4012502820.4780307,637838752.5164264
2180,6133975014.500473,115638302.39046445,224088228.92765236,4119702691.5300455,662915030.9362934,4012511360.802524,634001418.5739324
2181,6133776221.706066,115544276.55531396,223922476.9533443,4119700180.394558,767331430.8670344,4012459916.0759726,706613310.6272745
2182,6133494125.048568,115446100.4136274,223761368.2416566,4119699592.130072,661674864.040398,4012510123.712667,661869759.308781
2183,6133206260.116063,115345648.62208503,223606956.6886485,4119697146.3956804,762301926.2750902,4012510972.2760663,656039166.2070659
2184,6132865624.178724,115244574.16067258,223456470.2309502,4119696543.9935484,664442676.2946529,4012531104.881681,651572180.2253151
2185,6132538163.310384,115144163.6603817,223283922.05361396,4119694089.412638,763303951.3674724,4012529774.440958,645094338.2034774
2186,6132203476.284998,115044788.283078,223127299.98601356,4119693547.2265024,664858301.7769482,4012428760.2541604,718601067.6500351
2187,6131929635.191574,114952249.61307654,222961395.081284,4119691066.657983,774296877.0180229,4012447132.5398207,673717306.7756274
2188,6131713314.465581,114858525.48812157,222796587.93124032,4119690523.0548406,666237464.4634045,4012458224.723193,658660670.5571495
2189,6131896129.139697,114757846.60580246,222633095.79097393,4119688821.336918,781376495.9353422,4012457514.689336,649674775.0580374
2190,6131573958.559813,114654893.62127863,222466145.73676294,4119688172.596846,668346309.3649653,4012466753.89388,642107418.5249287
2191,6131259892.546263,114560729.59441313,222295573.373676,4119685985.578584,786671076.9863983,4012415946.2619286,726115227.0151162
2192,6130926764.8897085,114468616.09651904,222132698.7191582,4119685342.3906646,673513434.7411915,4012464236.600975,687376997.6498873
2193,6131190851.542199,114368295.00697076,221959679.15295714,4119683145.799249,793470117.529418,4012465366.906212,673637601.7967011
2194,6131075567.455366,114268556.02923809,221798820.69340464,4119682565.7731533,676604476.6773882,4012485177.081833,672941219.3191017
2195,6130983244.226885,114175298.01490457,221633698.18659562,4119680557.1639376,791333414.1817471,4012484773.8504605,660778856.6513983
2196,6130805698.715265,114080999.05182268,221471553.00858793,4119680029.739025,682618822.0463978,4012390419.251335,740528459.128207
2197,6131237216.624051,113983745.44376013,221311025.44552144,4119678090.888998,793624045.248148,4012409973.136174,687228502.7238312
2198,6130924956.498291,113888220.1340395,221147818.34216195,4119677518.925541,682997517.3194714,4012421699.5185475,674602742.1539408
2199,6130892522.628762,113791878.58467688,220993025.31069288,4119675401.212883,797980123.9121352,4012421120.4516516,660787977.204336
2200,6130641493.510168,113697446.51279986,220834323.9046354,4119674884.075016,678966927.3960478,4012430454.419751,654471314.0322158
2201,6130637247.477267,113594891.30248597,220675615.22169518,4119672577.1187844,789724315.615068,4012384341.6007543,728489464.2007053
2202,6130357317.790383,113496283.63335413,220515916.88481542,4119672013.2002945,679219414.790778,4012432355.813688,685937403.5638463
2203,6130148551.005493,113400154.3833519,220358302.80340773,4119669706.553721,789389110.4346613,4012432738.5523,671864258.2241547
2204,6129807909.568991,113305555.25783607,220195515.50959253,4119669128.8990083,677154228.6068412,4012451528.9524045,653607336.2792422
2205,6129526209.994642,113212079.5076337,220032922.12590316,4119666878.50644,787894047.058278,4012450765.09137,646938104.7374711
2206,6129102083.953318,113117378.3265949,219878526.36473754,4119666337.6400084,674006326.9916499,4012360395.433828,720626940.5269482
2207,6128902953.017683,113023236.1350739,219719515.6241269,4119663937.8180146,779592681.1314498,4012377407.4377537,671773775.3597
2208,6128559470.961767,112930804.67342792,219556122.47969985,4119663411.6696935,671936824.5647619,4012388050.9625373,654848947.8155022
2209,6128357492.853453,112832592.56462365,219394170.7553093,4119661157.12219,770332269.6832923,4012387629.9356046,642427893.0569347
2210,6128207536.213059,112739453.22813036,219233883.6097098,4119660639.6643367,663978171.3218831,4012396543.8789105,633846199.7325606
2211,6127918283.031891,112642160.67557296,219086143.52023458,4119658074.4662113,774357688.5687958,4012351861.849126,702963992.7203323
2212,6127815507.855383,112546096.44776669,218925638.88435113,4119657498.6148696,662144634.1375929,4012398605.4611335,658516915.6579175
2213,6127463072.824614,112446589.66485319,218772856.5815731,4119655645.645727,764519264.3906107,4012400449.3025765,644395893.6978278
2214,6127224291.083961,112350025.62927155,218629285.49500677,4119655019.0967503,660607215.9777576,4012419264.8059344,633582106.3766055
2215,6127551932.119655,112257513.55164464,218470294.2444701,4119653279.535781,769786230.9400918,4012418434.647113,625995607.499177
2216,6127224299.846207,112169521.51343614,218295466.11988482,4119652681.1398797,661204926.9977045,4012334086.098149,696770264.088357
2217,6126876976.542924,112079086.93730018,218131321.67834005,4119650691.2153635,774727721.4546309,4012350302.522994,647895655.2286146
2218,6126628845.096465,111990266.73038158,217969137.55902946,4119650066.4068117,665959818.6546485,4012360960.5772357,635537070.4378793
2219,6127063388.855966,111896804.52636954,217815486.37808952,4119648178.0490265,772127563.3327162,4012360734.3193,623919927.773787
2220,6126902363.9034815,111802059.36928073,217664283.73728737,4119647542.2199044,662326731.0152681,4012369611.788874,619890945.0308247
2221,6127383304.291343,111704371.99283686,217506385.77467188,4119645638.091787,769667216.3190206,4012328074.315808,694578587.3437251
2222,6127340928.428336,111608178.97817275,217341833.4087536,4119645115.65669,666736077.019575,4012373877.422734,647380752.9768821
2223,6127220504.227428,111508504.58710979,217179107.52501935,4119643091.3248057,777777545.9253983,4012375667.1350126,635178052.4053801
2224,6127061380.63468,111408390.61343694,217021543.7703619,4119642596.8987064,667452455.0248702,4012394093.130034,626191898.216653
2225,6127163709.307669,111315549.96381089,216864410.34675774,4119640371.504161,773244069.8874519,4012393561.436769,617162873.4658377
2226,6126938267.396178,111218106.34100345,216702276.43894655,4119639833.673084,663865317.4257109,4012312879.8044634,698657162.9038417
2227,6126632214.08561,111126582.88511264,216543710.67187375,4119637627.695644,782492727.7461724,4012328409.742265,653715207.90902
2228,6126344502.603435,111029844.48990707,216391190.20724612,4119637022.346928,667991512.7660372,4012339624.57308,638511953.8692316
2229,6126030637.456956,110935590.68883196,216236274.97773325,4119634400.643714,783062408.6392654,4012339475.9661674,628357253.8312443
2230,6125684615.34021,110841569.81981292,216072925.68149993,4119633899.9141974,669662541.2184293,4012347582.452152,616086891.4006197
2231,6125451728.745415,110745304.38375005,215912872.22407004,4119631328.720021,772737471.2830476,4012306998.672798,683289526.2319452
2232,6125141353.100209,110653377.06485613,215748376.29988256,4119630774.527759,664449123.9711208,4012349420.183578,640035376.6546586
2233,6124830285.755212,110551617.43790156,215589185.16998574,4119628456.698279,768761524.8502934,4012350945.569203,625926570.0890658
2234,6124524315.001596,110453451.7888325,215429537.3077275,4119627899.102335,666091785.8116487,4012368414.1299825,613629501.4719536
2235,6124327313.265166,110357014.86231896,215270723.02003807,4119625577.701566,774018143.1304237,4012367880.1367173,606308559.2174246
2236,6123980232.89627,110259520.02672502,215115550.60481519,4119625064.9547276,665221925.8446888,4012292536.1414804,673276073.1724389
2237,6123654791.823196,110164411.41245961,214965578.7230967,4119623408.110112,769309205.207536,4012306402.74277,636494482.68477
2238,6123303198.617507,110070439.25931613,214803471.62018803,4119622764.62114,665199979.4279075,4012317517.116691,619892628.7096193
2239,6122945871.898003,109977467.01681562,214642963.2139433,4119620980.4548855,769110188.9838574,4012316991.4464965,604878369.3481052
2240,6122642923.522857,109881063.47177722,214492676.40947357,4119620423.127124,670725017.3376997,4012324829.0975223,596148596.1026665
2241,6122561844.652673,109785222.9956675,214332416.04463777,4119618613.407495,776747951.6613612,4012289447.0350566,660001028.9274734
2242,6122507819.302866,109694547.52285406,214182700.45846307,4119618091.4299135,659976512.9712211,4012330885.8265643,615640348.944252
2243,6122366795.692829,109608459.70592164,214027847.95313472,4119616276.088674,772319797.3750567,4012333490.0231833,598952471.9267075
2244,6122331890.169688,109514971.10957877,213880181.10116094,4119615801.0521173,664636444.412107,4012350130.9019833,588484110.7622972
2245,6122032006.217997,109423814.01615423,213724899.11312976,4119613931.487451,773847434.4712629,4012349639.4076796,579003096.292126
2246,6121742833.186979,109335917.33720349,213566508.55904895,4119613468.972397,660093669.7296246,4012278273.8043647,650708537.3779912
2247,6121364834.063113,109244940.05516236,213408324.09583044,4119611450.032107,777328466.7363162,4012291321.3858495,607273614.9632803
2248,6121134615.659154,109155815.1134936,213252974.7873571,4119610981.078272,664873933.7372413,4012301047.8633504,595957935.6476748
2249,6120862860.124179,109062322.50631623,213093697.72325787,4119608508.5044694,775516555.3588191,4012300422.491394,584316190.9402986
2250,6120708145.553044,108968184.07895209,212928686.20169902,4119608047.3358784,665388801.7718596,4012307800.8529367,577486881.8385862
2251,6120455506.2700615,108873047.07406887,212775817.28588828,4119605625.465599,776869932.439888,4012274744.753817,649103060.0130812
2252,6120250715.170112,108781745.82428229,212618518.5806601,4119605166.8907013,662723795.2202703,4012313250.9292645,607939643.4366479
2253,6120171420.703577,108689376.8547447,212466995.079164,4119602796.3301067,770706090.428313,4012314721.9541273,594530127.0515741
2254,6119866354.676626,108596603.2685188,212317773.21983865,4119602380.749054,659791286.9546028,4012330640.0083427,582231003.4031261
2255,6119664201.848945,108508214.82025287,212171814.854957,4119600147.209461,779081199.5248916,4012330189.7938743,576040004.8652837
2256,6119371337.801384,108418104.36811928,212022967.38978013,4119599600.072176,665056542.1215855,4012263477.091259,648700998.3525504
2257,6119037962.374457,108307560.99813905,211867409.65510836,4119597304.8978314,770440904.749953,4012276273.4650855,607268990.9790467
2258,6118756135.108071,108216084.56980264,211713552.11247888,4119596797.6405406,663227012.5727545,4012285611.8543954,593432175.0782356
2259,6118440052.6716585,108123009.7189322,211557555.78688484,4119594505.1840634,762943760.0549885,4012285454.2152686,583991220.9521004
2260,6118155014.822315,108028311.53109813,211399543.73375347,4119594071.383214,660724129.6883048,4012292144.491073,579646460.4291388
2261,6118024160.968597,107936011.13088776,211242467.7210821,4119591816.532582,766102814.999255,4012257690.967512,653935372.8294045
2262,6117764000.030338,107841727.09937024,211086509.89480296,4119591332.255467,662769119.7775815,4012294606.7841616,618230819.358509
2263,6117432135.343659,107746254.87231067,210919535.96084794,4119589741.683183,774764181.9573172,4012296398.8836527,602388439.192423
2264,6117272183.526269,107655029.77728361,210769374.88018477,4119589195.3929963,659899687.5110277,4012311737.9000416,595101564.3819237
2265,6117016570.297781,107566327.21441735,210625421.49391642,4119587468.975809,761710573.2651668,4012311465.733315,589516806.1601118
2266,6116883108.718405,107477979.58628298,210479573.53483653,4119586913.5306664,662790706.7516733,4012243446.0201483,660931737.6495867
2267,6116564993.041796,107390075.79354063,210341021.5772339,4119584846.6153326,766864136.3416913,4012254045.014052,618080681.3799151
2268,6116406711.538847,107302010.3590902,210171710.60700512,4119584344.942131,662357258.5303526,4012262905.630504,604878539.2239795
2269,6116148311.995116,107208631.32453966,210008016.1858444,4119582146.4280605,770281274.5899374,4012262428.84779,596722928.0504951
2270,6115840117.928568,107121301.07710038,209848844.87087953,4119581674.733658,665489493.0461997,4012268775.953617,590402160.102721
2271,6115544967.253845,107039385.24882782,209694006.3575866,4119579857.0936933,767723115.0550869,4012239070.656992,665639497.942038
2272,6115310096.523586,106947788.51217991,209534345.78500792,4119579366.001488,658956507.5613388,4012274039.139789,622005936.3845098
2273,6115512199.439814,106856545.3473619,209374759.74744156,4119577350.0664134,758943075.1425385,4012276107.286963,605524543.3206806
2274,6115542544.539267,106762657.74167319,209222028.93972567,4119576925.4003572,659462549.1273096,4012290983.283026,595825188.7726876
2275,6115261153.553853,106674657.97163847,209071002.6718733,4119574842.2725844,763235174.4166886,4012290823.6066957,591991992.9171102
2276,6114937858.701521,106588259.35798185,208929978.97974908,4119574347.8717813,659256059.0073307,4012229644.192624,667370468.1172004
2277,6114629203.781238,106494990.93964034,208778190.69829842,4119572199.7971005,769843056.2689183,4012238995.448204,623814072.4335421
2278,6114415774.735534,106405517.85870543,208617415.73766738,4119571707.458825,661181946.583709,4012246872.704003,609499719.6569821
2279,6114101593.650816,106324573.16548602,208468515.72872958,4119569491.688147,788432692.7013823,4012246291.243774,602289454.6846128
2280,6113697670.99273,106243479.61655442,208314570.60438204,4119569010.643054,670398979.6072977,4012252569.084311,592719333.7936175
2281,6113406566.25526,106157476.03197956,208164128.53838646,4119566732.8261228,785479401.4530972,4012221607.343196,675695185.1641127
2282,6113389516.860157,106063815.84553483,208023231.2967583,4119566281.5545716,669524623.7873368,4012255400.748219,633379810.4408827
2283,6113033089.961756,105970695.11407672,207870351.47135487,4119564082.8670793,781165147.8573176,4012256862.3106585,618064387.3107591
2284,6112672210.552784,105884867.86923014,207718562.42383277,4119563598.3924317,669017582.6038898,4012270767.940696,609156619.0454942
2285,6112696114.374155,105796827.2653969,207568744.70065504,4119560983.336614,780464069.9151367,4012270560.337876,604480578.4739023
2286,6112144422.451505,105712187.05356354,207422236.2482371,4119560493.6853414,669053622.7074708,4012210891.155482,688232871.6894195
2287,6112035497.737272,105618460.45813623,207278409.59635547,4119557965.8440967,787030985.7660799,4012221487.680903,642513304.2269648
2288,6111839614.823746,105526184.78634067,207117263.1281424,4119557479.991927,676754296.6132221,4012229610.5567794,621763559.2795017
2289,6111571510.72954,105437312.95757739,206966171.5899531,4119555158.713932,791725528.6856791,4012229085.94567,612743652.5048453
2290,6111373787.590306,105350023.71746883,206813903.0031964,4119554763.062404,682458250.383862,4012234886.0726686,604981741.0293914
2291,6111071633.535591,105263177.7605483,206670438.70232746,4119553217.506049,794134505.5485137,4012202291.9403667,685591116.1516707
2292,6111200119.225557,105175347.85127895,206520698.55566898,4119552599.2064123,683721182.7368262,4012235848.638842,631949138.9035436
2293,6111080752.78179,105087808.82366809,206371659.7201061,4119550819.5537333,796414278.2739432,4012236922.2903633,615553990.4883316
2294,6110807423.3916645,105000500.18425015,206221767.36242858,4119550265.9041147,683236175.9366505,4012249760.45291,603759314.1366138
2295,6110543636.106552,104910755.73589456,206067004.2934618,4119548412.2398257,792492939.6205884,4012249385.1918044,596424027.9341607
2296,6110261237.317226,104821845.71449037,205913645.92597234,4119547946.7718163,688103298.9461323,4012189207.268106,673628227.6146536
2297,6109943492.583708,104736419.85812515,205769327.06518933,4119546121.9515357,798458931.5911546,4012199125.563358,630327783.6390512
2298,6109697774.506638,104650418.83660087,205614365.67561802,4119545637.3132524,683534730.4816772,4012207094.2989492,615891144.5210834
2299,6109471634.392335,104567889.15326534,205466058.95625272,4119543766.4902163,802311100.3513957,4012206275.293234,604998690.0339942
2300,6109345665.728061,104480244.96315274,205312797.0850895,4119543321.2003484,685127683.4002873,4012211755.0625296,598114765.9327899
2301,6109136388.81063,104398100.08473197,205163743.83213145,4119541442.2882195,799294972.0884035,4012181037.544416,682987798.153999
2302,6108943213.315224,104312495.8136263,205014589.4113661,4119541013.745182,683361715.0957034,4012213631.1357203,628439845.9768358
2303,6108707258.534979,104226330.54034157,204864668.4650998,4119538684.148718,790156258.5361,4012215227.7516785,614077173.2670492
2304,6108574583.612558,104140613.23235716,204716309.62677008,4119538239.351446,684869722.056198,4012228292.8334684,603963898.8800435
2305,6108287291.737115,104053474.8462683,204568055.1055774,4119535756.863071,801283374.3981924,4012227957.165273,596489656.8494554
2306,6107973898.845317,103971115.52829799,204421677.292855,4119535302.415874,686570106.8391259,4012170457.5019217,673410997.7533615
2307,6107743451.000376,103882107.87254931,204276915.43890297,4119533074.045732,793094714.2569522,4012180185.3654,624632249.3536043
2308,6107381079.551042,103793835.11844178,204129447.6913692,4119532595.3491282,679527169.1599207,4012187759.6883993,612447240.72889
2309,6107138354.247896,103707208.17611422,203991698.87575692,4119530400.0043473,778205322.9502244,4012186835.351111,599893051.9095174
2310,6106756767.167154,103624428.93838608,203852006.70975348,4119529944.1967525,672752445.4349061,4012192309.7972994,591919366.8080484
2311,6106438612.223216,103541757.90850344,203707878.64872205,4119527780.742203,778846245.62378,4012161964.1156487,662444797.9825652
2312,6106108027.8695135,103453421.47282106,203564830.34698546,4119527319.8241177,670996759.7076463,4012193899.4693694,620802194.6723753
2313,6105845212.646883,103364684.60500605,203417124.22902292,4119525036.679578,779128101.8244643,4012195079.9790096,605955772.9654933
2314,6105475083.541544,103277149.93305922,203273534.7662505,4119524551.3182926,669815562.0264295,4012207855.233081,593688103.7049592
2315,6105173939.855845,103193823.26267879,203123144.86483234,4119522304.7434025,779194033.9260414,4012207497.4302793,588022148.3285792
2316,6104826940.179687,103108493.49149045,202974001.6993216,4119521813.3538175,670031657.6182593,4012151849.1166644,664411136.7713765
2317,6104550988.028097,103026691.40690947,202821698.0908448,4119519563.5823116,780468252.0659294,4012161428.67938,619813421.4741784
2318,6104387941.53297,102946512.16145964,202676432.80691594,4119519093.2858195,673879305.9590173,4012168826.7620707,608088874.407931
2319,6104249214.005453,102860249.69262908,202533920.24512705,4119516580.3690844,783426921.5085425,4012168202.224292,597863095.4441485
2320,6103961017.102011,102768722.8058245,202389003.81821924,4119516158.886285,669354058.0380416,4012173685.8268566,589987555.0624344
2321,6104108561.009435,102678469.35319233,202234484.25455418,4119514351.890904,766199997.3804085,4012142053.218105,663619562.2616228
2322,6103780080.468662,102590095.53458998,202085264.7710358,4119513742.6077137,663726481.0366181,4012173605.33909,620622422.2416829
2323,6103593368.571792,102503338.03645647,201937107.53911537,4119511894.9702415,760657697.250435,4012174833.0512586,604249308.026562
2324,6103598120.406996,102412170.30937853,201798954.98363128,4119511397.753746,657308208.9825916,4012187521.865078,597535577.3269407
2325,6103328220.783434,102327091.07545073,201651520.6864681,4119509556.223506,751334238.2322015,4012187021.9003973,589068453.1340204
2326,6103111588.698778,102244277.62641461,201507856.69568577,4119509069.770076,652256441.3390063,4012129275.355043,672146495.8490926
2327,6102788599.906074,102162447.59532386,201331927.26360738,4119507318.823215,759094066.0119607,4012137617.2919846,623841979.0612231
2328,6102628185.1382265,102079795.70137057,201185575.04835683,4119506866.1822004,656557037.0927277,4012144916.550771,607058790.3950591
2329,6102422326.756443,101993895.74995477,201040623.78445134,4119504979.1726694,767265358.8838694,4012143870.178052,591475807.2032653
2330,6102235153.082863,101911800.90766205,200893005.81534818,4119504437.80857,658623746.2766383,4012149219.9231987,583685628.5671499
2331,6101965208.630733,101824952.68028899,200746020.7710908,4119502584.96669,770827346.181119,4012118167.0471764,662862315.254817
2332,6101650844.782121,101735689.14393583,200609940.94460797,4119502102.199042,662062238.6577475,4012149288.4614563,616311009.4978977
2333,6101367920.047297,101648333.75432253,200460841.7399398,4119500210.408305,766071318.969427,4012150429.3444653,601270862.1667122
2334,6101398163.79201,101566730.48522103,200322357.73024738,4119499776.707569,657110621.4133866,4012162940.5155177,594153023.6953819
2335,6101093554.62078,101473285.33979732,200177817.9919443,4119497334.6620717,767622217.2513745,4012162446.586769,588614854.3098844
2336,6100767800.483305,101386138.26113601,200040788.5184199,4119496808.621879,659005007.6523234,4012108034.3656187,667993464.4532673
2337,6100434598.40708,101298017.03448799,199891437.73921683,4119494354.6550694,766908511.7247739,4012116887.899056,621060482.5821099
2338,6100159802.705043,101216342.55688024,199747646.79894388,4119493923.40217,661213795.4461236,4012124391.042548,606330083.2311891
2339,6099869331.395006,101138801.15021656,199608442.00338528,4119491752.1598096,768241797.9248055,4012123395.4786468,595039553.9574679
2340,6100062927.48014,101053062.66981068,199468442.754042,4119491278.873087,663626945.8104031,4012129098.625518,589139504.6632563
2341,6099825704.549901,100968866.99736848,199331229.22781888,4119489056.9428234,777397213.1423987,4012100476.1221952,668050880.6063677
2342,6099662574.279045,100886870.13460532,199187143.8484452,4119488667.570452,664812680.1030806,4012133188.673959,628167029.5232244
2343,6099306338.0071745,100799706.48194778,199046068.6066597,4119486561.5359592,776124363.8567069,4012134604.331256,621349282.7650918
2344,6099166605.3367815,100715043.93912984,198900847.17258435,4119486056.467412,666877271.9422773,4012147407.401851,611484042.6436917
2345,6098731549.227482,100631215.35362321,198751861.58828107,4119483853.860624,774990998.924124,4012146939.098459,606106761.3388442
2346,6098587158.662443,100548509.6527155,198607606.1026903,4119483381.809307,664714051.1906316,4012095568.9766088,701344668.4861994
2347,6098357541.651914,100467062.75158073,198464813.94218197,4119481240.4881434,771950446.893593,4012105309.1923466,659264981.8359691
2348,6097973739.799894,100382784.98721534,198316432.17570537,4119480756.299465,664647649.4332948,4012112904.751871,645899567.7552031
2349,6097856452.3015585,100312594.44291684,198171595.43761954,4119478408.830441,770659910.5143461,4012112047.6953716,641489034.6383065
2350,6097612436.83834,100223995.15455854,198026789.03467742,4119477939.157362,666250966.3856936,4012117674.637449,632959315.9182231
2351,6097384084.771432,100139181.16152376,197888045.72710443,4119475743.2770844,768841717.7001303,4012087701.8684096,737503611.7011601
2352,6097326956.979484,100057993.20694955,197735757.11194625,4119475274.61171,665904667.906366,4012119334.3954687,695676257.941765
2353,6097029933.1806755,99968526.86862701,197588535.72390655,4119472780.245132,773473819.616952,4012120231.0799627,690681020.0142716
2354,6096800875.803763,99886454.92932461,197448836.47208512,4119472331.5533,668072609.2060517,4012132686.850592,677876638.5152601
2355,6096502392.425093,99805697.0388434,197301589.72941822,4119470714.5152144,777062876.5749902,4012132188.955915,673945679.938366
2356,6096222169.399166,99729969.29516764,197163883.20646676,4119470102.6390243,673397958.6867433,4012079508.1271286,787111969.9119427
2357,6096161386.424761,99645200.19679292,197025830.02937087,4119468316.9935374,788382049.8201668,4012088414.9251037,733094952.0439909
2358,6096162925.13825,99559687.2700346,196886953.82694346,4119467789.6126595,687080586.26191,4012095504.1854887,721686153.8357008
2359,6096271264.235369,99477911.53916746,196734981.27069303,4119465842.5099454,808661086.1121162,4012094458.7349463,711536655.7870127
2360,6096110768.735291,99396250.64359611,196594815.8740859,4119465266.4050226,694912334.2062211,4012100140.3646255,701145690.0143164
2361,6095839291.195687,99315730.15677342,196456945.5349637,4119463457.8466306,806310439.5908905,4012069739.466185,812448289.9996129
2362,6095564820.563779,99238175.16791244,196313074.53654045,4119462995.0908413,691056194.9054948,4012100579.0834274,757720034.8822166
2363,6095255965.963555,99156314.31726868,196168873.43023437,4119461134.557462,793875902.1879132,4012101780.539562,740305857.688424
2364,6094977363.186717,99075303.54730804,196028464.92358854,4119460630.224391,688033121.3802121,4012114448.8513913,724234277.5632908
2365,6094754287.0612755,98996683.32621767,195882808.43331686,4119458736.180513,791668548.736066,4012114027.7262783,712401677.2486179
2366,6094608493.5992,98914472.45029546,195738638.30416542,4119458300.188345,690792494.4560431,4012062218.8434243,796439798.1122861
2367,6094326787.9636755,98832467.43056026,195597333.48510703,4119456345.834683,778029462.4117606,4012070653.6158924,738250095.5965918
2368,6094104147.798416,98751741.9361778,195456875.42725164,4119455887.184193,675142669.776344,4012077484.4750786,724352026.4112408
2369,6093915678.431827,98674020.2833343,195313023.38506803,4119453855.5718265,772538334.9508772,4012076920.4375033,713847824.489402
2370,6093704104.962004,98597262.45965531,195172822.60329464,4119453449.6275935,676058404.6507593,4012082538.87948,702718901.6827662
2371,6093410718.550784,98512060.67199071,195037268.02855343,4119451217.740616,777842735.8216618,4012053319.7179923,794818491.3605752
2372,6093222802.264947,98429850.21145782,194901252.110244,4119450709.355535,680559386.1907846,4012083268.574073,737611529.0441319
2373,6092929716.218962,98349593.96896966,194766123.22921947,4119448334.0603137,781633962.1097751,4012084313.03559,717352845.5172539
2374,6092875582.499656,98273907.6099871,194624048.72725624,4119447874.0535707,678262824.9733368,4012096566.470486,701068401.5573068
2375,6092709203.601725,98193812.21126983,194482211.0097988,4119445336.0716467,782557461.8092465,4012095973.1635003,692964169.8411764
2376,6092919538.4991,98115626.13325053,194335965.9698876,4119444882.693396,677718742.7592938,4012046380.9583883,777037122.4924879
2377,6092672408.937754,98037846.91502923,194191165.79536256,4119442676.5206294,777256752.1234177,4012056419.3583417,721639029.6630639
2378,6092550554.42922,97958888.90679295,194055036.58970731,4119442189.1037416,676697311.2963848,4012064177.9973617,699138524.1419594
2379,6092589373.88172,97876944.09215444,193912694.23421264,4119439994.8820095,787514597.1853935,4012063624.946994,692354788.1995487
2380,6092437927.831478,97798459.62635395,193775064.82876822,4119439578.246708,672626774.8553952,4012069404.088094,676415407.6674451
2381,6092234197.952554,97720690.26612353,193632869.1365584,4119437398.7885,782360200.4136068,4012042583.3790746,753367015.9115154
2382,6091988504.589363,97640985.44426261,193498937.8051675,4119436933.207258,671904349.7006071,4012073705.3244395,700978073.6871357
2383,6091736453.1664295,97562784.34382035,193361905.80828312,4119433653.2098064,774831892.1086437,4012075217.3374643,684719579.8122113
2384,6091707946.205501,97480549.40153731,193224576.01076347,4119432839.3224835,673786869.5188229,4012087496.476416,674217509.844846
2385,6091443077.654607,97405324.78133234,193086576.75716165,4119430802.5570593,782973830.2869269,4012087139.1040506,665275482.5125207
2386,6090995831.017236,97326892.0989794,192950020.97485864,4119430040.216049,680714451.7298944,4012035098.503281,748380530.2438512
2387,6091648363.232619,97242568.70770152,192809270.41682398,4119428045.554147,794476579.327918,4012043190.0301094,706765063.8746432
2388,6091826483.912751,97161954.84954809,192671138.01229304,4119427414.6130843,686591454.7798687,4012050455.1731167,703704888.7666324
2389,6091324359.837454,97082541.40164657,192531645.42121768,4119425283.8475614,796572878.9797227,4012049477.304622,697929054.4345031
2390,6091105025.506752,97005684.30355093,192392778.72553012,4119424653.2016125,687773893.6844496,4012055004.713843,687278232.4229432
2391,6090884166.557936,96921106.27933432,192252898.35971782,4119422541.0872755,807853595.0648873,4012026496.2414947,789397026.4496847
2392,6090584708.039545,96835876.22634211,192115341.68394104,4119421996.147949,695927057.8332956,4012056068.0590835,740634577.2133819
2393,6090367317.997396,96748115.12527972,191970220.02231982,4119419809.2222137,812316644.8073108,4012057300.5100155,731049174.9360942
2394,6090170854.0517235,96661679.36863014,191829859.26557362,4119419185.247952,700004363.2092817,4012069544.5393333,730749913.8580813
2395,6090540361.754507,96580577.13170193,191692210.73092675,4119416989.591302,820220373.5545745,4012069050.2373834,721497557.8502032
2396,6090449638.7098055,96503401.50659023,191556635.59696984,4119416327.4858685,705942209.8456589,4012017341.4940214,831997374.7368504
2397,6090113705.777896,96427475.44096911,191422931.80380931,4119414016.7265205,825841500.7070023,4012025639.878488,754299261.2229272
2398,6090033855.842285,96353334.71993995,191283053.4622459,4119413468.1762633,709274996.0909413,4012032686.210148,734481584.0837029
2399,6089750894.254998,96273183.38699064,191143653.81495577,4119411013.88734,818954379.5971949,4012031989.8309093,713776411.9623256
2400,6089516805.021351,96192959.20171039,191014352.09681404,4119410430.0250297,712268626.2644837,4012037519.613416,705232159.8811442
2401,6089275292.899953,96115723.90126045,190873536.41595346,4119408085.9807405,832137778.3608738,4012010286.5917315,794718375.4238949
2402,6088990138.789326,96035964.88425842,190735836.15488613,4119407558.9217496,717492173.3413993,4012040364.3859406,735158608.3083837
2403,6088796175.46424,95954525.2311952,190598003.28782964,4119405155.4051414,822649189.6283972,4012042026.0672293,713083242.5042772
2404,6088595945.473459,95871095.90788233,190458827.44597915,4119404598.485013,719379755.7015007,4012054096.8065224,698055964.6954683
2405,6088432460.545579,95791503.15367307,190329785.00861835,4119402236.605381,838427023.6697702,4012053722.8149424,689629745.4424139
2406,6088266909.332541,95707760.28214157,190174462.47421578,4119401718.67033,718867384.6205964,4012004059.4913015,785388070.9190257
2407,6088093797.268218,95628303.47313374,190028539.34696814,4119399343.6882205,824668394.6227951,4012013249.4878664,741084796.6941034
2408,6087814865.619719,95548669.10751432,189882957.49969515,4119398765.61144,712338645.888754,4012020346.96372,730155137.9262398
2409,6087526352.523691,95468829.28657344,189749405.66739404,4119396376.5437484,821337963.5419316,4012019318.1659503,718225569.707424
2410,6087369458.891814,95391446.8487743,189610825.19629386,4119395817.3111153,712611668.9702778,4012024963.5874987,707578915.1445615
2411,6087021697.057738,95309246.27033669,189474122.45299506,4119392977.3434095,825963636.1776831,4011997448.9277673,825583533.9316826
2412,6086812826.985494,95230761.15117675,189341598.70672798,4119392282.778534,713796317.062305,4012028177.9855585,771706638.9400353
2413,6086501087.631677,95156359.30540106,189212040.20928612,4119389812.527817,808538082.0607377,4012029810.3945932,763623762.4018033
2414,6086213187.166455,95078571.77173908,189080476.9596838,4119389060.0790133,708817688.780488,4012041967.346155,758997260.2462592
2415,6086000259.39446,94999358.8110653,188941156.1599339,4119386450.658138,816637995.7900572,4012041691.582834,755920623.1970332
2416,6085704229.001393,94920769.37817563,188804840.66086292,4119385779.7209725,712775087.1629952,4011991745.5550427,871214092.0575283
2417,6085430555.043568,94842878.14234132,188666076.46659216,4119383153.711136,814127221.3440523,4012000951.1952944,805051657.6269715
2418,6085221572.484963,94765255.94330744,188525048.32886314,4119382410.1399107,706521968.4370192,4012008126.7271504,781576385.2105953
2419,6085004130.532182,94688130.39940998,188390348.57204455,4119379867.1523056,798698710.133362,4012007283.694477,762577308.7138625
2420,6084797033.850493,94608423.39152758,188256477.4149211,4119379333.023113,702212102.663796,4012012743.2503796,746297097.1837938
2421,6084540970.853489,94532444.94594128,188110890.0641626,4119376731.266319,792871173.5063058,4011985577.4763374,838997474.1119845
2422,6084423326.876569,94463203.96412826,187978216.00763747,4119376135.4028735,696358498.1365126,4012014689.0289392,781900527.4565188
2423,6084158111.151132,94376879.11934814,187844653.7620885,4119373573.8789115,786519984.3216156,4012016185.378726,759823646.8685603
2424,6084049379.087962,94298014.94682993,187714123.4571842,4119372946.1418695,691277304.2054847,4012027846.1468725,745817367.0107892
2425,6083951948.569431,94220363.64917645,187581898.36196038,4119370492.314797,777292563.4779136,4012027561.704183,735531175.5512987
2426,6083659457.855563,94142426.22212477,187444129.94315502,4119369894.035253,682120874.5928518,4011976205.09606,816922529.8988259
2427,6083365051.176026,94063306.19559523,187305321.86945337,4119367304.320415,773282332.8998303,4011982532.378985,770383271.7120309
2428,6083095079.0415,93984349.15240945,187166381.69102713,4119366692.3350453,683293799.8015141,4011983743.736707,753363222.7589077
2429,6082778255.571551,93908992.50003673,187032575.29346746,4119364231.9523973,775043666.1287324,4011983242.509438,737330205.8865236
2430,6082440298.297093,93833476.3233289,186900533.10079747,4119363601.815316,679915244.5054663,4011988877.3279753,722824914.7419102
2431,6082208309.77639,93760866.2417116,186774330.80005726,4119361049.73365,767999148.7094758,4011961964.10414,796563178.4152528
2432,6081948206.263017,93685367.44216508,186633818.5984765,4119360489.5097804,678528081.4295913,4011990692.3731723,746105433.6088401
2433,6081686154.48119,93606651.08697166,186505247.09497517,4119358044.50258,775870520.5678642,4011991596.583467,723539585.909463
2434,6081436357.4825535,93528801.67395262,186357811.93272576,4119357346.066787,680886299.1121362,4012003302.6974006,706695087.9557499
2435,6081293375.349074,93450867.66652595,186227911.88162014,4119354865.0396466,776689433.7083917,4012002752.890875,692826265.195445
2436,6081017837.4465275,93374730.96124274,186098009.5843977,4119354153.5069547,680292157.1549911,4011953314.7402434,777829632.2721585
2437,6080915664.446972,93296654.35488492,185967333.26740476,4119351736.3012733,780725374.6504164,4011962114.101306,722753401.4560344
2438,6080720663.410554,93218650.1955502,185834833.7245172,4119351038.130975,683600849.4719548,4011969314.3252616,699526710.0678077
2439,6080514869.86097,93146429.04731092,185703658.42081097,4119348430.3217034,781394921.0203171,4011968698.6668057,681966385.4873992
2440,6080161435.805777,93069839.54070728,185569586.96350232,4119347762.505895,683028391.729307,4011974231.7437334,671438419.0055836
2441,6079780381.862889,92991626.05845946,185439099.6358062,4119345293.9564085,778081248.287679,4011947499.332447,771116193.9159243
2442,6079483116.549474,92916502.38191034,185308241.79912037,4119344637.5926023,680910629.8574014,4011976311.874754,714005000.249815
2443,6079114418.201081,92843110.38882187,185176691.59074402,4119342104.308658,781076300.4420164,4011977710.351255,697339289.6773239
2444,6078875546.199723,92766419.17016259,185040451.16562152,4119341495.492896,680612896.8241255,4011988939.413434,682767251.5551542
2445,6078535190.034825,92688132.92270122,184908604.64674503,4119338952.132536,778476555.7520512,4011988547.8710947,673553688.7400801
2446,6078536158.038654,92613389.71335942,184771466.33798677,4119338217.519824,673721696.3908588,4011939194.2236705,757653774.630704
2447,6078422175.19234,92530060.03900567,184646034.3286475,4119335574.1644278,765538410.891246,4011947093.139019,705910864.3417726
2448,6078378060.041425,92450782.49718498,184509317.73820847,4119334906.6534204,670534803.7205361,4011954005.5237546,691029368.5710993
2449,6078039864.484607,92378946.27221794,184380122.7048408,4119332471.945952,771157325.8925072,4011953026.110728,676255632.1825342
2450,6077774938.421924,92301736.5703377,184248577.59564796,4119331814.22686,670088913.6784862,4011958098.7378325,667671092.3729914
2451,6077588686.172181,92224533.75149532,184117293.29608798,4119329310.072883,762440645.2345152,4011929985.218889,758038275.4027314
2452,6077228348.023954,92147166.84849265,183989917.7313141,4119328600.2887845,667323576.5645615,4011958132.7511587,710364306.5090592
2453,6076935540.440893,92070999.49034666,183861249.34687042,4119326162.6723394,766886677.1455653,4011959631.2742004,692801130.2926424
2454,6076585200.0459175,91994818.16606966,183733185.8214023,4119325491.2378926,665409194.1586555,4011970991.166534,688307648.8254228
2455,6076482837.035434,91917563.3233232,183602765.7596732,4119322929.3584085,771882539.5707908,4011970560.0996394,683419351.4873221
2456,6076317976.56838,91841661.5457093,183474093.1363925,4119322202.6282706,664713775.9338157,4011923455.842321,780987196.9181495
2457,6076313477.104401,91764597.83314599,183344732.85109186,4119319703.512288,773591000.9244119,4011932335.4655137,725975873.0291137
2458,6075957721.090598,91687778.41893546,183210689.72334364,4119319026.804988,661227019.9305079,4011939461.2726035,708516365.3172989
2459,6075700842.181136,91613786.30423948,183082027.56014857,4119316466.69981,769137602.619022,4011938732.180621,700585687.6494646
2460,6075539317.359344,91542273.81437501,182948038.2798084,4119315843.2628016,659267958.3802736,4011944051.8582497,692603027.0482533
2461,6075324541.068772,91466843.5105052,182812464.45840994,4119313421.751316,763948205.4228294,4011918841.836364,777466499.474246
2462,6075057033.620705,91389422.82759398,182673936.3584116,4119312677.762513,656513767.2571688,4011948145.817795,727954320.3978999
2463,6075146387.68311,91314205.18323378,182541851.6998336,4119310071.282058,767842582.1926191,4011949582.7744536,709883292.3335352
2464,6075012002.779622,91236851.10705575,182417901.90547994,4119309510.544696,657404585.3471254,4011961057.9826508,699763866.0727147
2465,6074663461.436591,91160483.2643193,182291833.8592681,4119307544.75278,765337040.4978806,4011960742.421155,685230574.3314115
2466,6074510198.895963,91085697.03722127,182167469.0827865,4119306730.5715904,659739468.5539387,4011913947.879816,765665358.5675528
2467,6074386374.109074,91008027.07628375,182033071.6273054,4119304475.078261,773235256.2191942,4011922620.117675,721441650.0840104
2468,6074078016.801471,90930799.70882556,181905895.11896154,4119303662.1611505,667412919.0110877,4011929634.220861,704257875.2324973
2469,6073910214.581451,90855475.09123299,181773107.94176427,4119301366.7151394,786972670.1635764,4011928702.707013,690898553.8120707
2470,6073601225.598886,90779754.62898569,181646587.85864893,4119300648.9213076,664615669.4045066,4011933924.1091886,680926507.0725939
2471,6073387420.953079,90705317.99131595,181513918.89956418,4119298236.3395348,768914851.9916288,4011907044.0212364,762633294.2455305
2472,6073196287.694527,90631108.09520537,181381950.05122015,4119297551.938759,661584381.7059747,4011933927.0691338,721564843.7031958
2473,6073041072.079037,90557274.02109145,181252578.75444442,4119295275.302383,772912894.2095543,4011935171.953493,709459081.25099
2474,6072955931.72831,90486327.37516072,181123013.2738162,4119294526.75163,663000401.5744992,4011946436.369784,696193765.9208187
2475,6072710811.419326,90416936.7601232,180995620.41406208,4119292296.465356,781320027.8624483,4011946138.201324,685653437.6832917
2476,6072585757.270694,90340934.8740643,180863978.8297009,4119291691.5154405,670703182.3295969,4011900283.830568,766469776.1858907
2477,6072300551.823829,90264619.11550881,180744258.1300726,4119289397.1609006,793534529.1530063,4011909157.460523,715432059.5727954
2478,6072077825.6515045,90189922.8784337,180618429.26084542,4119288719.0166154,671715908.2734826,4011915940.366909,693132225.8082212
2479,6071907290.364586,90119107.576461,180482610.6224999,4119286141.0053005,784875983.1449409,4011915210.6863046,678273619.6027031
2480,6071886169.247187,90044509.64806466,180347586.3732009,4119285463.370316,669715998.1633344,4011920436.541216,674104929.113607
2481,6071617396.715394,89970037.76472269,180220616.67552993,4119283191.4671044,779383026.9172354,4011894903.1549635,765465207.4279885
2482,6071375788.283782,89899358.21966265,180095736.76562276,4119282512.2112155,668359041.8950503,4011921370.791066,709845184.93183
2483,6071134490.252494,89829218.09625444,179968670.96359524,4119280034.582935,782708173.6978503,4011923358.2524805,692035897.7533801
2484,6070885312.326376,89760730.53358385,179840079.1288082,4119279445.269591,671923604.3974329,4011934638.6391068,680231901.2796485
2485,6070703309.135072,89689628.21348518,179702671.30980736,4119277119.1444573,785483819.1643608,4011934255.3887386,670252876.0782717
2486,6070848392.687371,89600414.8229763,179577079.6975167,4119276477.6063,670732250.6800597,4011887472.0613422,755718407.8332528
2487,6070549080.125777,89515190.9378634,179447041.88326362,4119273995.5205584,783749378.9476655,4011895151.7984047,698704913.4027947
2488,6070608791.906233,89436081.61000215,179318214.04186374,4119273501.8794093,671123296.8122588,4011901689.725997,680873641.3926511
2489,6070363443.307463,89357194.18005699,179195105.50589305,4119271023.92856,782389378.7384895,4011900758.3169284,667448434.5993545
2490,6070225499.877409,89286075.96800633,179066269.85426825,4119270490.791173,672314902.1601344,4011905858.3049893,659421036.6773726
2491,6069982464.613937,89212648.51803452,178937603.37564644,4119268069.5398736,789893582.8898997,4011879841.2017894,742177547.8659593
2492,6069948154.620453,89137569.62445477,178805808.46322146,4119267474.6925497,672310554.5751355,4011906064.5361857,698316985.974183
2493,6069763607.614432,89063269.52052996,178672171.700562,4119265066.598467,786125444.755934,4011907617.241293,687501054.1625963
2494,6069521264.230106,88988940.46012317,178543272.91506216,4119264512.2904854,679409564.5998749,4011918585.9181848,678663574.3622398
2495,6069385462.390609,88915414.64627182,178412822.72840926,4119262038.3828964,793403310.4371921,4011918333.693823,667182426.0252936
2496,6069151107.520883,88836563.36062612,178282977.57160133,4119261516.3649063,679289876.1982275,4011871923.4880433,756229197.8154334
2497,6069179578.077309,88761415.48332408,178157974.03903723,4119259096.0023785,792469767.8267353,4011880461.8057947,703072570.090825
2498,6068911263.759939,88691213.29473205,178027509.20985094,4119258563.8471403,680470684.5993018,4011887496.0707903,684616673.2977073
2499,6068653905.008056,88619660.91484797,177900192.73876062,4119256044.659518,789769022.5462337,4011886838.047435,674391340.5793785
2500,6068352111.379349,88554119.46255063,177774427.80549023,4119255474.4436135,678760928.8361937,4011892046.9410853,666186126.3686498
2501,6068205081.326561,88478545.1309998,177652263.4012758,4119253081.9617705,789453042.2280577,4011868655.0323567,747567321.8862797
2502,6067957441.839364,88417305.84369765,177526869.4398561,4119252581.065942,668629010.8894185,4011895815.649929,696248088.6625793
2503,6067696088.365424,88340288.47415033,177394544.25283885,4119250168.491068,765839379.7148302,4011897440.350288,676976929.5736583
2504,6067567902.960418,88265581.08636717,177276035.80556825,4119249579.4915423,657388432.7426785,4011908507.3579865,668397831.750909
2505,6067376967.642685,88189576.66155653,177145773.56478655,4119247185.2777367,764229597.5794961,4011908285.793252,659414004.6995991
2506,6067138967.50079,88108766.5629672,177027562.35654715,4119246577.487829,664272985.1192307,4011863125.4031177,742703198.0275464
2507,6066944853.599471,88030415.01728569,176898433.9649375,4119244095.754133,782358635.3574922,4011871679.8058715,702045349.196694
2508,6066658491.911093,87957480.89869064,176767224.6199629,4119243588.4826093,671320397.1395984,4011878382.942622,687876030.1031265
2509,6066388340.131819,87883911.89931159,176637052.07972872,4119241190.013913,781142556.5555136,4011877920.654186,679635799.9335767
2510,6066171541.7371645,87810260.97989736,176507488.67667076,4119240695.281858,675749282.095113,4011882847.587109,671276730.981723
2511,6065896846.058213,87740297.80746487,176380670.91432795,4119238248.6241837,795623582.898003,4011860022.527417,747925422.0583093
2512,6065807085.553988,87670979.24725087,176253911.325564,4119237695.0914965,678687996.4079125,4011886494.7407665,704139273.8244529
2513,6065546411.5149555,87599077.49426383,176134142.72855547,4119235377.627029,793332155.6855136,4011888135.9745326,693370002.9894922
2514,6065265273.355655,87526335.48120019,176014450.48401394,4119234684.9054804,681400291.4843408,4011899271.8487706,684195285.929057
2515,6065035277.605151,87458583.40105964,175886652.28744155,4119232225.8593507,798073508.4566461,4011899437.7112293,676192601.992202
2516,6064719082.923022,87388141.41207696,175757832.475779,4119231529.4211664,678820541.3816134,4011854939.027086,756780886.7180053
2517,6064615453.272238,87314043.65253684,175634079.39884323,4119229162.6907926,785154105.6901606,4011863616.316989,718081200.1647817
2518,6064292233.771741,87239399.15900756,175511508.8285927,4119228508.5527234,672798152.3401412,4011870249.7310953,703904456.7819666
2519,6064016752.33745,87172048.43637174,175381016.76641637,4119226226.8030705,780189076.5752366,4011869571.647899,699452586.6119192
2520,6063707559.235733,87099819.6586415,175255195.28560936,4119225559.5129743,672700979.4440286,4011874715.2344713,689479384.8549135
2521,6063563016.242741,87034781.58595292,175122311.495077,4119223161.3038406,778267603.693489,4011852827.0773225,762578702.3107306
2522,6063299810.071871,86960312.26025872,174996028.27184203,4119222509.062639,666371430.8595036,4011879762.47629,721637543.9325547
2523,6063050954.95948,86884632.67423731,174873792.11851275,4119220223.113875,778486959.390389,4011881739.505235,707587584.8517382
2524,6062801295.353601,86810387.05986692,174756838.58511743,4119219554.037714,669065611.4358752,4011892734.091136,692225371.0237031
2525,6062526275.60851,86740426.03972957,174646438.00665143,4119217180.0326486,789486117.2003853,4011892583.047303,679764616.6604178
2526,6062235544.975002,86668731.53584345,174518826.22333172,4119216497.824293,676020577.3330587,4011849919.6087403,754502822.3060378
2527,6062053186.162522,86597321.73257926,174386440.78438774,4119214141.7150574,787661218.74257,4011857750.961718,706913347.6538142
2528,6061863946.376085,86527416.60162926,174260595.94330814,4119213468.1160007,674238587.0824705,4011864569.463135,694427551.3442988
2529,6061812953.891775,86457797.17377321,174144316.6636273,4119211050.77964,780756911.2635127,4011864070.7351675,680444993.7229643
2530,6061565569.231789,86390586.24990328,174015381.01192442,4119210384.222919,672350039.2877055,4011869223.1926894,672977695.5427983
2531,6061505662.611976,86314982.84514813,173885042.62534422,4119208125.952274,779281610.8587728,4011846888.874365,755229078.1659367
2532,6061309378.264851,86241368.65340924,173755352.61100945,4119207464.031821,676383326.5817558,4011870606.9058976,702875257.1335756
2533,6061202007.979991,86168291.06077905,173631679.1959027,4119205058.335619,786095644.078504,4011872460.8871565,688544309.7071522
2534,6060998806.553907,86095798.90724526,173514759.75871274,4119204350.041496,676872069.2597146,4011882729.8218036,673914785.4282379
2535,6060710223.8136835,86027516.16792658,173437133.83398995,4119202016.225497,774011015.1377362,4011882725.175722,666326903.406885
2536,6060449309.9446335,85963764.33345975,173300023.03104267,4119201294.0945435,669719280.5166551,4011840406.7297854,744920099.1426351
2537,6060246195.97304,85889870.60486852,173174551.46932048,4119198906.61219,777594342.2902306,4011847486.833728,695544003.4822505
2538,6059947783.481401,85800539.04079095,173036227.92080092,4119198081.7276793,664905122.6349112,4011853609.2280917,672021931.7018001
2539,6059807609.404267,85728795.45330574,172900918.19299847,4119195522.4483967,765895779.9538118,4011852962.8376007,658201097.2125736
2540,6059619535.62986,85656659.4028483,172771070.56239557,4119194709.561699,660259992.2432593,4011857753.510257,646264389.8237401
2541,6059625482.430395,85583991.1599166,172615136.1553531,4119192088.0578337,770262374.4488081,4011838087.7002234,725530615.3738371
2542,6059406846.008263,85515751.92447138,172478683.7805751,4119191274.1046286,659561348.9415817,4011863744.0867395,678356480.0737815
2543,6059196263.341717,85445712.12075895,172361410.39043453,4119188696.056917,767954955.9428533,4011865263.153656,667758597.403722
2544,6059028240.543672,85375404.12245855,172236942.0452027,4119187734.575677,656753970.6947082,4011875667.5975127,651424936.0634483
2545,6058737422.425675,85304838.48821962,172115917.07772717,4119185165.229074,768628802.8306122,4011875562.9831457,643224136.424946
2546,6058441691.56105,85234149.38147695,171988649.99869072,4119184188.953983,659155432.1094522,4011834628.5303545,718025200.6345602
2547,6058236637.777263,85163620.61413454,171867182.2252359,4119181452.9456406,764350298.0399189,4011842814.2959623,670627056.7091165
2548,6058374466.440761,85093053.00448425,171740348.84746665,4119180589.381974,655627148.1122391,4011849484.921866,658232470.3420599
2549,6058210207.285789,85026281.82190508,171616794.165535,4119177981.700693,763912406.5355334,4011849238.282647,646004374.6475091
2550,6058222924.940346,84956370.57074471,171494914.66484353,4119176947.6301484,652034297.4015368,4011854046.9483066,638876758.8258812
2551,6058105792.2789545,84886027.79462379,171371232.34808865,4119174093.9821153,757554182.1176445,4011835319.0670633,720175578.5769829
2552,6057963085.741383,84814636.86822908,171251451.7799619,4119173086.633846,654740650.8914443,4011860177.4225907,676104612.6743602
2553,6057787346.010577,84749912.17721345,171120927.81589234,4119170356.5659966,761596707.4453005,4011862232.63398,660145441.6248704
2554,6057583863.595688,84673681.37297314,170996051.6103803,4119169317.7635145,655385501.1827834,4011872435.2250547,650315712.7839888
2555,6057668281.298359,84603018.47917627,170873918.69330096,4119166405.766696,759010202.9150094,4011872439.064858,642415244.1842515
2556,6057296440.13984,84534191.56993197,170749411.38732627,4119165634.478158,657405184.3228445,4011832892.637107,723111360.5042993
2557,6057113784.2546625,84464633.435316,170622545.2812687,4119162778.5566325,767773373.5532908,4011839318.7806745,673523317.2298002
2558,6056908009.863672,84396036.95208259,170504578.1193771,4119161803.5136266,663563168.586472,4011845348.203596,655610618.4875041
2559,6056721065.746891,84328813.64123799,170389089.07031357,4119158833.7133923,778449578.8734161,4011844578.891218,646337525.3555024
2560,6056364217.895518,84259513.60934566,170260486.4797835,4119157845.0146117,666509957.9483032,4011849121.3565764,640497903.9257977
2561,6055886225.929066,84184246.57943742,170138092.37455145,4119154898.499189,776058668.45107,4011831059.154401,724036351.7752416
2562,6055666750.725947,84115171.14069271,170013747.0389136,4119153938.7955766,665988577.9878384,4011854615.444879,676104942.2136127
2563,6055431741.358544,84049692.6265621,169892257.37005606,4119151285.3527975,776816676.4299525,4011856184.574196,661043815.1481026
2564,6055283578.688331,83982736.37247115,169771135.20390004,4119150262.375487,675677575.8623118,4011866155.6731105,648860689.3893603
2565,6055022170.799382,83915634.36365008,169648550.6748059,4119147601.4182863,786225454.5554442,4011866210.6861677,642518990.1208223
2566,6054807290.155056,83842150.25861545,169523573.51155007,4119146538.056333,675887076.7736839,4011828625.4491324,729219767.8974066
2567,6054710659.202547,83775322.06158759,169403122.0861224,4119144083.759374,781531948.7073579,4011836158.557745,676867258.6052107
2568,6054366059.378154,83707648.61877348,169288872.54936373,4119143129.577058,679644486.9488258,4011842003.4600534,663427139.4142166
2569,6054184811.743941,83651051.50764254,169168791.3668985,4119140507.3654113,795988946.4372678,4011841685.594893,652542272.384797
2570,6053875795.451599,83578258.21931264,169052905.1558764,4119139487.3742166,685469102.6410184,4011846083.545456,644909606.2368209
2571,6053701049.057522,83510648.24749976,168928356.87139136,4119137014.19747,784989922.4549875,4011828178.825019,727232751.6469041
2572,6053497811.772271,83439174.55926919,168803013.99861082,4119136034.4956455,684632379.744233,4011850809.3906317,688799471.8864913
2573,6053329828.719349,83369591.06307638,168689619.0628882,4119133422.140726,786808635.1215743,4011853279.3571014,677711625.6456978
2574,6053039207.94661,83301744.9278768,168559879.98296082,4119132433.386214,689826826.0501108,4011862700.6535597,662251586.2141612
2575,6052857924.230405,83229359.70290375,168437785.59100124,4119129951.9802704,791910684.6692028,4011862810.3400865,653832130.5286357
2576,6052632211.954461,83161229.5403449,168315372.45632353,4119128982.806685,696991603.5966864,4011826404.533283,738360664.5415727
2577,6052431244.700925,83090870.81801425,168197007.64888456,4119126493.503785,806959636.5118842,4011832913.105416,697015410.7155056
2578,6052193486.564946,83024593.47913116,168074762.57965797,4119125590.143052,701017044.9957138,4011838528.940641,681585787.5813496
2579,6052050183.715589,82958591.98733732,167955585.23718998,4119123111.3473005,808179542.0365254,4011838264.5064287,666300571.1723768
2580,6051958108.04424,82889237.93192858,167842355.36104077,4119122150.836079,697581942.3520602,4011842637.837346,660980768.6168894
2581,6051802578.041529,82822966.28462307,167729763.24814564,4119119622.4850025,802323530.3415209,4011825411.2073073,731593109.4863704
2582,6051494013.725569,82759459.8041217,167611723.56943974,4119118650.5007052,687361633.6751887,4011848223.2792516,690286346.7724973
2583,6051395348.223987,82692989.22840859,167488308.13070238,4119116202.1618686,780057101.0553542,4011849559.7123322,670992382.3163972
2584,6051301871.736965,82624491.7709975,167374851.20813102,4119115282.867025,677938988.578658,4011858888.5557795,662736588.8180859
2585,6051230197.165027,82554121.27114818,167258370.9611921,4119112749.2940254,775665668.1012834,4011858876.074429,654618875.0174149
2586,6051011850.545393,82488101.62886295,167133845.54426563,4119111883.372602,673329341.5954729,4011823195.7584047,744605123.957455
2587,6050874843.874748,82424926.73902486,167010562.50609365,4119109563.22157,777325488.0795324,4011828779.818281,700053467.2972354
2588,6050571801.4353695,82361160.6036394,166879248.99297497,4119108649.9250946,670533548.9568428,4011834226.587716,688446061.6024121
2589,6050398817.29045,82293933.97828937,166762625.544852,4119106122.100165,772181973.7940949,4011834001.030282,673502785.6863441
2590,6050355776.722584,82227979.25346208,166640646.57944342,4119105166.5433497,665892658.4083967,4011838222.537752,660666176.5018461
2591,6050127203.410628,82162621.89527859,166522209.91781357,4119102875.372789,779346680.737487,4011821757.292456,742650523.6030605
2592,6049976287.288743,82094759.31340402,166395083.23747602,4119101988.9917088,668093198.7893745,4011843191.0429177,687871444.8381135
2593,6049833900.307067,82027342.16817537,166269957.82646635,4119099474.7412095,780428769.2093872,4011845327.976893,671214871.3622372
2594,6049752617.181045,81957538.1620704,166144570.99947304,4119098593.0316873,670437209.0649819,4011854358.0646353,656338534.6676459
2595,6049679265.870165,81890540.47875038,166031819.8001646,4119096290.2722936,779349418.076827,4011854479.6996875,649372088.131534
2596,6049646445.862362,81820994.69000891,165919720.04840624,4119095487.8892913,669053380.4599504,4011819609.3040085,732917334.8814919
2597,6049458227.3278475,81752646.83339116,165803418.04585332,4119093109.7506514,773339719.7953099,4011824816.930302,682247202.6977235
2598,6049274913.620539,81679332.4640314,165690978.03547943,4119092332.8332257,666626804.4696454,4011830211.5076866,660064522.8495735
2599,6049023398.124844,81610161.25907214,165577346.62125227,4119090066.279443,774112897.48442,4011829975.399227,649219757.1162349
2600,6048823483.971674,81543562.56932236,165457360.50853348,4119089194.1715074,666408755.127457,4011834063.697642,640386577.7196677
2601,6048736566.936278,81477481.06734614,165334136.82192004,4119086791.8833847,772292910.5261855,4011818898.618047,713895918.734573
2602,6048539128.806573,81414865.2729495,165212503.37415314,4119085966.706,665474660.9591334,4011839822.892772,672047155.6000674
2603,6048896336.500396,81350323.57576053,165094689.89926347,4119083714.814048,778308815.1236702,4011841479.699336,654444129.1233133
2604,6048687393.57575,81283354.81813788,164977063.96649405,4119082890.486592,665810657.5543146,4011850268.9816084,643636498.9786483
2605,6048635069.535338,81218697.00419873,164854296.06440365,4119080529.5336933,781687006.7365874,4011850385.183497,638562803.8769994
2606,6048383063.158884,81154035.91683534,164735231.199125,4119079771.942275,667834088.1811812,4011817351.785736,716513356.8555568
2607,6048184141.22886,81090055.569065,164618569.29981527,4119077571.714627,774572365.3216472,4011823191.0590816,675903681.3402787
2608,6047922344.6946535,81021974.14711852,164499886.90032437,4119076855.3517923,665029875.6897024,4011828407.6906166,657015178.2827615
2609,6047638624.330134,80954478.57596551,164382213.47490984,4119074436.6643715,772557203.3726811,4011828229.1748805,646221918.7789093
2610,6047432436.690083,80890488.28348401,164265872.99775505,4119073585.945594,662980455.3194625,4011832077.8045897,637289045.5807022
2611,6047278724.014879,80827774.34284222,164150698.48968953,4119071455.0674973,767755563.8772701,4011818358.624151,713238319.2559274
2612,6047025645.741976,80764276.52122054,164037115.2260786,4119070668.0836024,665906032.268118,4011838845.2854943,673280113.6767622
2613,6046873117.352719,80707896.16561505,163911973.6145557,4119068319.3433285,773723703.2607073,4011840649.240939,660076197.8388516
2614,6046627585.662951,80650912.27228978,163800895.0964466,4119067557.6763563,664689231.1507512,4011849208.442672,648892958.7915817
2615,6046441976.55045,80576134.40150787,163688415.07001427,4119065334.7152386,763137182.3779283,4011849255.7360454,646991139.1573037
2616,6046244390.448613,80503377.41468161,163573627.86692455,4119064484.8057966,656420702.8314531,4011817347.139565,730939059.9743725
2617,6045976050.493303,80433835.40691958,163455850.30565313,4119062103.9983277,767172554.2566775,4011822659.87316,679774103.1271609
2618,6045838128.585987,80365928.28354563,163343449.3226417,4119061314.8783283,658881772.8205965,4011827514.119839,664565576.5166997
2619,6045648878.401066,80297676.10386916,163222763.14390895,4119059193.928472,766198091.0394741,4011827431.1963964,655426152.132535
2620,6045733135.866485,80229721.34922814,163109678.24671385,4119058331.044575,654372249.7134024,4011831189.6475153,649638109.5137683
2621,6045466893.842264,80163687.46062309,162994132.35358816,4119055986.1161895,759053056.2205663,4011817523.002093,741290666.813907
2622,6045327691.55329,80099766.9917945,162881953.63807967,4119055237.6970587,653080614.6078204,4011836517.058273,684785405.1390822
2623,6045119305.663049,80036539.47468124,162769226.4975848,4119053116.5633526,760817449.7320427,4011838020.103258,668194041.2279438
2624,6044928888.354269,79972319.5008886,162654077.86531073,4119052295.893009,653292834.0851643,4011846141.0324616,656542422.2756698
2625,6044659326.116393,79906961.63529389,162545006.73883972,4119049961.737205,766005810.3412191,4011846249.266916,646692573.2651509
2626,6044424360.283787,79843017.2515091,162428773.53477025,4119049151.957053,654950136.9856092,4011815521.0238733,726376173.6700438
2627,6044230486.776845,79778878.47085291,162313617.89837983,4119047058.9887857,762538197.8331684,4011820546.889677,681469037.2605875
2628,6044242034.395268,79714306.69006924,162202798.6050562,4119046278.408581,652472235.9071676,4011824870.144918,666452795.5725644
2629,6043991699.374433,79649841.93435447,162084874.23764893,4119043551.1133256,763032331.1870128,4011824449.3960466,656130815.8141744
2630,6043890708.197093,79585633.7137364,161968776.00398692,4119042263.4450316,651288127.5934765,4011827874.9143777,645904022.197456
2631,6043828656.641774,79519551.13735834,161854285.7611291,4119039694.5189857,757822054.0510172,4011814286.9781475,734643588.9256747
2632,6043662371.933009,79456337.082045,161741828.86876628,4119038528.904788,649792240.3737233,4011832522.91386,690284479.30801
2633,6043395020.598979,79390096.03680931,161625234.01839426,4119036011.9363174,755870820.6747564,4011834208.0379353,672167903.0151438
2634,6043046763.801621,79328512.29525256,161513274.02929714,4119034958.0773444,652619103.3686124,4011841943.959825,658381781.1047094
2635,6043328233.777877,79267092.15154822,161406411.74829572,4119032331.0005245,766286784.4069176,4011841944.3362336,649338901.1204194
2636,6043916913.635718,79199354.68946244,161295415.1484729,4119031290.290787,656648129.448362,4011813665.339464,747132508.6700433
2637,6043721215.059337,79132767.19844784,161182897.0787897,4119028600.3993807,763944052.4366833,4011818931.20165,696982695.0176924
2638,6043446704.758488,79067401.26818319,161068484.53699642,4119027521.308133,660084565.6963649,4011823633.88897,678409723.938346
2639,6043294449.027324,79003525.12764888,160953271.64790106,4119024889.759033,777700421.6053864,4011823384.667002,662475984.6947713
2640,6042960813.36373,78940388.81995781,160842755.8887718,4119023758.465882,665113144.8900601,4011826819.0565166,655770096.8576875
2641,6042873781.172666,78880804.3155287,160729940.13988155,4119020959.008772,771550728.3647116,4011814315.039457,738473946.4849491
2642,6042657389.259835,78814250.47389886,160626883.35338807,4119019852.374409,666222046.9474974,4011832134.2255406,677041160.5201429
2643,6042539519.8832855,78749245.41911094,160512844.2522291,4119017033.7349825,762867657.6613612,4011833502.234033,655823791.9662441
2644,6042360551.061809,78686569.66763148,160406510.9427372,4119015936.3643403,654457774.6230854,4011840746.6019125,641484181.3049786
2645,6042026171.687893,78619938.98571189,160294179.67077968,4119013142.872372,754526930.6759377,4011840812.1870527,632477269.4414575
2646,6041789405.6111355,78555623.54440059,160185031.569183,4119012030.9445796,656144697.8317294,4011811878.0758915,708520742.0910916
2647,6041531758.146997,78491520.87381206,160071727.4226306,4119008848.511048,743122149.4646169,4011816915.2151065,657710228.860967
2648,6041358989.118113,78425360.39864941,159961520.23477247,4119007698.428516,647249996.1875491,4011821567.7281733,642203660.9353371
2649,6041052770.622073,78362124.4665415,159843506.51305306,4119004739.102211,741485025.3536457,4011821402.1633677,631318629.8466698
2650,6040821870.805475,78303235.4251079,159736314.44856012,4119003575.482436,648670271.3572394,4011824801.5011096,623506253.3877654
2651,6040722827.5669365,78239808.2501514,159643351.5495303,4119000467.9596577,747511953.8726875,4011813454.4074783,702245381.2892258
2652,6040511710.854122,78173611.57047293,159522620.50156578,4118999225.7065253,646740390.2393954,4011830433.0838985,655153358.5261643
2653,6040311395.862732,78112876.77555834,159411744.81229898,4118996526.7497177,741673012.4818088,4011831905.355652,640318962.4385444
2654,6040121136.174695,78049813.68955667,159297679.1594779,4118995286.1676035,643300532.2254806,4011839064.8194346,629639472.5315535
2655,6039906062.219904,77983904.42387679,159184297.45638916,4118992444.7818227,751241546.49904,4011839137.9938316,622624614.607118
2656,6039615021.988573,77922449.62150419,159070561.281077,4118991172.2074246,648602098.4059274,4011811662.657292,702535013.3568778
2657,6039411437.86987,77864280.58535491,158960602.82038856,4118988460.0456696,757309554.0534201,4011815845.736312,653879073.6414328
2658,6039116055.338484,77803800.64639287,158842771.77569696,4118987168.4047966,652776263.8994774,4011820023.853924,634182320.2036405
2659,6039532555.068487,77740752.29803464,158729475.90861753,4118984176.6865435,760253950.0069653,4011819871.5111203,626295726.655667
2660,6039333791.092764,77676623.3588202,158618070.0614248,4118982857.34445,655753928.6807413,4011823060.509955,620957800.1381428
2661,6039126347.173899,77611857.99335884,158504033.96252382,4118980136.509828,764526285.3116959,4011812509.8651834,699240723.8727144
2662,6039038900.395083,77547504.90048964,158390399.60062662,4118978653.386543,655174428.1912858,4011828838.4120903,651401432.69419
2663,6038815410.791994,77483906.0143541,158277701.13521343,4118975429.797876,771380005.450182,4011830125.659296,635881965.3104944
2664,6038540938.646848,77415742.74761724,158163840.38866243,4118973773.841601,660971815.70649,4011836760.607148,625964646.6922126
2665,6038303611.265482,77351471.76410723,158054844.46240774,4118970591.6429815,768998146.3186454,4011836856.877563,620460133.3171631
2666,6038054066.781155,77286941.77446698,157947549.1088232,4118968849.774173,651256461.7815413,4011810782.2241144,704530515.3327316
2667,6037852280.450695,77229092.95605639,157838943.62561625,4118965359.484944,768253131.6192024,4011815401.1436324,660715191.1430025
2668,6037564529.506065,77164714.22969088,157729447.31938756,4118963299.2679863,655816909.840255,4011819275.227471,643867828.3850367
2669,6037249804.931546,77100586.91893052,157614805.57479736,4118959375.3901653,770185891.0801162,4011819010.1256266,634708918.0646038
2670,6037224563.077204,77037471.33666438,157501751.89247426,4118956660.7171025,656807510.9108503,4011822147.560288,631196305.0760016
2671,6036952620.095901,76975298.16379638,157389770.82722327,4118952162.7459235,771208664.0717586,4011811462.240793,714433715.2008504
2672,6036758302.74784,76911414.76037645,157275783.32180974,4118948578.1716895,659883794.3227203,4011826922.1924515,664425360.5876114
2673,6036767581.18488,76856533.5036978,157163357.2596565,4118943041.813865,775396883.4479368,4011828439.922904,650090177.6127651
2674,6036526301.7686,76796903.11571555,157053527.57144365,4118938245.8007107,662026383.1490153,4011835089.3316236,643039718.7988716
2675,6036573668.145051,76733290.30793314,156942250.56599152,4118931624.284704,775858857.7799685,4011835266.3909426,633730069.5776671
2676,6036359532.030015,76672184.37982602,156829439.45590165,4118925316.4085903,665309101.4256202,4011809815.7967596,720310064.0732692
2677,6036295015.422357,76610346.85084042,156720424.50927898,4118916985.4316,785129689.1426897,4011814011.344237,668258374.8742272
2678,6036330460.698617,76551752.85241506,156607487.629732,4118908781.2756886,667511472.5362332,4011817710.1807313,655256022.2944384
2679,6036063849.651885,76490058.93883102,156497965.18687454,4118898945.159246,780947712.4826999,4011817536.871931,651138658.3592927
2680,6035806610.882843,76424860.58755162,156386743.95303518,4118889393.4681053,663830018.8779918,4011820547.2009506,643434647.8428832
2681,6035664744.358077,76360785.12032497,156280766.32396418,4118878470.4447794,786423179.4716091,4011811128.4590874,731781007.4527133
2682,6035508468.2029295,76296575.19552639,156174301.75565255,4118869422.9060884,663142448.5007633,4011826336.6566496,677375145.311293
2683,6035194695.296013,76232265.3012557,156069462.6566604,4118859187.51519,785809310.5358559,4011827801.135168,666454295.5540047
2684,6035051547.693279,76171100.02304415,155963713.86725426,4118851273.4043903,666295969.2789013,4011834051.257382,658632844.5504363
2685,6034832729.722114,76107948.84997067,155853490.83290106,4118844070.530379,781507332.4640025,4011834178.7732706,656037897.2659101
2686,6034646584.660343,76045862.92909148,155745604.27306902,4118839574.5326815,662888301.1828119,4011809089.4151845,754545703.0045584
2687,6034512676.723342,75983589.53606653,155634442.0211267,4118834151.409662,778457685.2671069,4011812725.2606697,711319079.589827
2688,6034396329.52247,75926695.50856718,155519791.38135508,4118831035.787483,664846777.0212013,4011816069.799595,691536107.6625167
2689,6034370426.745011,75862137.67061177,155410389.23378408,4118826626.830628,771828075.7120936,4011815772.30586,681812357.3116256
2690,6034528427.075853,75798661.56655401,155294663.22694826,4118825532.0547976,662823324.3374065,4011818583.3340964,678475765.3362285
2691,6034264619.288035,75738594.48514509,155194989.97472972,4118822532.2010503,772512635.9846928,4011809035.49547,766666165.2525433
2692,6034421882.965833,75678731.99191421,155084267.8080945,4118821340.352781,658503163.9434531,4011823430.750081,713463149.2154568
2693,6034261761.537343,75616733.57692137,154976272.700716,4118818329.789211,766224618.6117774,4011824637.8632054,700917824.8695414
2694,6033992169.765185,75562216.58029607,154863834.50858033,4118817338.9619803,656739000.0257409,4011830824.916257,684546353.0912348
2695,6033778962.130691,75500816.62820809,154754976.11044583,4118814543.647987,762276201.8715549,4011830967.3605323,672108968.8929877
2696,6033567897.80282,75441165.85004765,154641157.11574355,4118813583.9654984,656521392.1398278,4011808102.949385,755448407.1361651
2697,6033370264.967235,75379665.13309546,154533625.56683528,4118810596.6428647,767496539.1700903,4011811952.1304975,705948556.5759498
2698,6033171456.756058,75316312.61064753,154420204.88713965,4118809577.9560432,654879544.3441137,4011815437.019845,692179478.7219895
2699,6032942354.573511,75254650.1828288,154321122.16302034,4118806738.9963226,761817410.6877887,4011815508.8383317,684213690.0479114
2700,6032646850.881467,75196609.9937199,154209918.88386053,4118805906.053296,654191640.4425359,4011818204.1540227,672976855.5040003
2701,6032497138.952476,75136080.32162914,154111026.72377673,4118803046.3185267,756625723.6526717,4011810071.4322343,751853385.1198488
2702,6032170560.742443,75075217.51482502,154001866.18638957,4118802264.3703895,651307540.8664651,4011824199.3856854,698459369.9495271
2703,6032036192.918865,75012829.691175,153894135.76393425,4118799555.99234,764371694.111138,4011825808.649617,683775984.6596333
2704,6031927561.221872,74950209.26347254,153781230.38301808,4118798756.1605024,654206790.2927186,4011831767.3213677,675679417.7748008
2705,6031780314.651527,74886478.15781826,153667311.26695767,4118796064.6743803,764198136.220032,4011831950.514592,665158748.1157206
2706,6031623991.575038,74824893.45420288,153564050.70061943,4118795382.7030168,651966285.4721984,4011809144.6763196,741079300.9648429
2707,6031390317.159977,74759666.69463259,153458852.09556466,4118792351.9539084,761756048.0644807,4011812321.9602885,696656645.3319685
2708,6031119638.072921,74699482.36298321,153355736.89405814,4118791555.6271434,651464184.7879485,4011815619.2485237,681424716.9257758
2709,6030982202.679689,74643929.45360513,153246729.70500398,4118788797.4600573,761792654.0472174,4011815451.689463,672881039.946267
2710,6030734770.95286,74587832.4914423,153134222.5763976,4118787976.4091954,649302108.4277685,4011818146.9952207,657103753.261491
2711,6030622168.128316,74526260.10751015,153029627.30417657,4118784753.2583156,752938064.9017686,4011808777.9520125,739600872.1418384
2712,6030488722.463352,74465273.44109984,152920632.49600428,4118783927.242302,645233393.6613797,4011822402.092517,685278002.836744
2713,6030357931.4764595,74405280.61392929,152805777.7136834,4118781063.0917344,752123804.1750227,4011823964.8560743,664130139.3189967
2714,6030177340.574488,74344155.02458464,152695358.8448113,4118780292.005676,646992285.4661647,4011829731.047692,654305032.2549899
2715,6029992442.118715,74281927.05249482,152589826.3845964,4118777185.0699906,759970305.55096,4011829898.680872,640769371.7039309
2716,6029754126.31572,74222858.07472487,152481382.4443657,4118776335.205083,652172369.357172,4011807765.457408,707941338.2758462
2717,6029514583.288857,74162376.05604781,152370642.92352575,4118773565.4763556,753238457.0090905,4011811577.657683,665642632.756105
2718,6029425330.615434,74102562.30477798,152274108.06131664,4118772848.1779275,643405842.5347672,4011814742.5248475,654548142.1423198
2719,6029189062.345335,74042392.60211326,152159488.98667577,4118769824.179036,759569375.7626299,4011814711.0942235,643541384.8411682
2720,6028982692.753582,73982734.82421567,152057427.92240542,4118769145.287765,650089725.152951,4011817233.298665,633871369.7201478
2721,6028741582.473473,73922534.51552837,151960716.539329,4118766175.767993,756809815.6899841,4011808371.238244,711387043.2901725
2722,6028696869.648996,73858327.6291883,151850265.6176501,4118765548.53115,644549499.2202227,4011821422.504515,672732652.7323263
2723,6028598851.299804,73801597.18275933,151747465.01730746,4118762433.938444,749839740.987945,4011822714.535568,653549700.8809215
2724,6028380988.768855,73742513.35516584,151640925.8773831,4118761692.8431053,642269149.8654579,4011828299.6001472,645253817.7785456
2725,6028314053.727306,73684350.34028424,151534836.2668451,4118758580.960753,743600944.3691204,4011828432.3260064,639109622.1728238
2726,6028151706.436184,73627190.22883531,151429672.65105352,4118757859.764852,641334750.7203267,4011807551.7734165,723838238.6294607
2727,6028086710.131765,73570799.11075859,151323314.1559121,4118754800.3147073,737785513.7864553,4011811291.6407356,690374257.3323225
2728,6027864768.7476425,73511942.49977814,151216134.53162798,4118754137.086308,638884284.4395229,4011814725.7101445,671668695.4638841
2729,6027961164.8625555,73452644.31678864,151114288.65491104,4118750975.837607,749637033.7753607,4011814725.3108807,666301764.9358203
2730,6027801962.304868,73392810.30199091,151011848.09313804,4118750280.632357,642553823.820826,4011817293.700014,661969198.0356811
2731,6027536169.365002,73333142.67237625,150905473.23386157,4118747261.0920815,748604705.0848123,4011809202.20875,760297806.1335639
2732,6027358461.298132,73271462.77640466,150797538.1799136,4118746579.546081,643424414.0006187,4011822055.204018,706151191.1031625
2733,6027176297.611195,73211154.45881513,150692694.66902328,4118743805.7936068,750273342.7699323,4011823399.0659256,692471154.8599216
2734,6026924064.987282,73151922.58685073,150586114.1293216,4118743199.0149336,642052129.8684666,4011828769.4038467,686463222.8486999
2735,6026758651.575037,73093278.25802933,150480600.777338,4118740478.288928,739114929.6202891,4011828998.776732,677505232.2815953
2736,6026543477.555851,73035760.5473565,150380645.30968857,4118739821.579844,638306870.7474871,4011808836.3982525,787325293.9355696
2737,6026433822.980883,72975760.92184408,150276921.50066775,4118736974.7040334,743202215.26029,4011812114.1599474,731177724.2457937
2738,6026178534.600375,72917446.31527857,150161071.24223134,4118736350.7645464,637144597.6592071,4011815229.3082714,717992275.8056415
2739,6026251854.276134,72858934.40120897,150059125.4230771,4118733590.1277866,740421010.8537506,4011815110.5899997,706944354.9723979
2740,6026048148.722487,72801492.40052308,149954664.2388532,4118732924.676881,634970202.4441661,4011817563.7324543,707350820.6869513
2741,6025820421.741513,72742529.20725302,149851240.9855899,4118730251.450568,739523413.2916788,4011809296.4272723,825133599.8719538
2742,6025614007.054125,72685981.7131764,149747712.97632465,4118729643.927076,638867361.8736972,4011821648.320205,762094720.403848
2743,6025347084.690391,72627236.12214017,149644230.6827433,4118727016.1689367,752195715.062955,4011822783.682164,743206481.3742819
2744,6025086626.483825,72568421.96186447,149545137.04561436,4118726427.842804,639076818.7414255,4011828036.0184507,742247002.2877231
2745,6025031821.505373,72510642.59185016,149452370.91433093,4118723854.016999,753875317.7136716,4011828193.934101,735262282.160223
2746,6024876915.391374,72448821.37340148,149350897.98501417,4118723238.510984,640277948.0892385,4011808141.12718,823722073.0891749
2747,6024884496.676975,72391917.68912332,149251523.62976852,4118720421.299526,758883229.2819314,4011811021.246929,771028457.2176898
2748,6024677330.963998,72334692.77873969,149145812.45927173,4118719817.907982,648002715.8326283,4011814061.2321515,751166239.3093833
2749,6024582707.334668,72272908.42594789,149041467.87368965,4118717144.548774,751228337.1367507,4011814020.583654,735950155.4035869
2750,6024620115.674356,72212255.01834784,148934844.18238765,4118716493.05707,640104057.8333158,4011816385.979133,725427398.3284731
2751,6024526721.2884,72154656.75699213,148829213.90970418,4118713698.2079906,743402952.007495,4011808541.389026,810667170.6349063
2752,6024412176.844984,72096490.78356133,148724438.56163958,4118713041.8320594,639540541.5094279,4011820512.0786977,751069999.3821326
2753,6024189468.940753,72037322.49944821,148626147.47192648,4118710315.449494,737937191.9568459,4011821469.757163,730237931.180793
2754,6023789259.83902,71982904.30782115,148523172.66718498,4118709673.3949184,634787148.4561645,4011826672.6075573,715873155.2317855
2755,6023746749.484102,71926708.60408282,148426940.885501,4118706967.7047186,736819906.5317086,4011826807.368664,700454361.5905646
2756,6023668140.074914,71866086.1840899,148323766.33717993,4118706350.0354056,634648851.4238639,4011808212.384426,776353302.9751137
2757,6023444775.147937,71809456.1673595,148221909.48594707,4118703383.6876326,742137805.3080424,4011811438.742702,717408433.172443
2758,6023578370.627485,71747962.05541486,148115059.82786894,4118702765.9181533,637096185.0687302,4011814434.696381,694690120.9500315
2759,6023371980.445773,71687252.45062599,148013364.98652133,4118700248.613657,733659625.8544508,4011814420.989812,677408775.2324201
2760,6023230260.910794,71630067.3060604,147908734.83283642,4118699646.575203,634532662.110036,4011816687.2289386,665230280.664706
2761,6023044054.029492,71573933.37420574,147805388.2367226,4118696737.436456,732824467.6629069,4011808679.857137,740403151.8206373
2762,6022898734.112571,71515452.51940708,147698876.61776432,4118696144.4707847,639869818.4146149,4011819917.260397,694478707.6842303
2763,6022739694.671749,71458958.08200975,147592761.25586027,4118693438.918201,739512610.976202,4011821203.5229025,674515985.8420073
2764,6022726687.794912,71405040.69818334,147490271.73180753,4118692777.955432,642284287.8554622,4011826050.966055,663345539.9080586
2765,6022544705.058733,71345269.36539818,147388929.25859657,4118689921.016642,746356855.467784,4011826232.3368173,656667286.4040011
2766,6022288886.366096,71287774.34691755,147285772.1090331,4118689305.446998,642969363.2963111,4011807631.596346,734074628.704421
2767,6022008166.559483,71230869.83467686,147188664.09975538,4118686418.099397,737248766.2646301,4011811043.140135,688042476.7503933
2768,6021765635.186746,71179539.46821752,147084814.86909363,4118685739.1487,635279909.156363,4011814118.30831,668725857.3228958
2769,6021533205.144634,71120189.37228693,146983409.593816,4118683002.089795,745770355.2674937,4011814174.2820954,657637914.1670856
2770,6021379432.714234,71062202.80329625,146881491.82178977,4118682325.7932277,644033544.430646,4011816344.4128156,646820714.6584189
2771,6021311761.9967375,71004321.7441215,146780614.2339013,4118679534.2816005,758781501.2332109,4011809588.8974166,724309532.8652234
2772,6021093909.715715,70944345.75646098,146682608.47742617,4118678859.4615626,651171199.2582892,4011820693.7563863,675579890.7837406
2773,6020804800.616994,70887041.06291172,146580815.6864261,4118676161.5575795,746987383.3064928,4011821654.2754483,654179675.5068161
2774,6020621402.322775,70831179.66078256,146479523.08909243,4118675519.973696,643150116.9731464,4011826414.218251,641869556.6095933
2775,6020476808.365751,70768123.93355606,146379926.73195565,4118672601.363028,741553658.4746829,4011826503.6769753,632016249.6320064
2776,6020489373.603726,70707537.00565489,146274835.37958524,4118671918.7497106,639722514.8455743,4011807856.811952,706722687.0032479
2777,6020296314.8584385,70648699.79925773,146172752.3913692,4118669117.781675,733930357.8405961,4011811048.9843225,661319798.1262718
2778,6020249877.860265,70596437.48518115,146069599.7622944,4118668428.5041065,637511255.6344607,4011813825.058038,646586843.691757
2779,6019845955.166316,70538070.33335783,145964617.93009093,4118665427.481267,723561199.821886,4011813734.5006037,632924097.3427709
2780,6019711874.130501,70483085.40233627,145864762.82809535,4118664771.7015944,633591323.7822748,4011815798.773423,626565331.9488192
2781,6019474980.744364,70423275.60196003,145762103.52975875,4118661975.3137918,726287184.5774004,4011808391.5573316,698533155.4088079
2782,6019216231.271135,70365002.96235058,145661268.50353447,4118661244.8373947,634050251.8036308,4011819371.458913,660147773.5405539
2783,6019413313.838545,70307648.5217894,145559978.76746562,4118658408.190961,723089828.0652614,4011820486.8875203,645889113.4411047
2784,6019268129.666181,70250293.44324443,145463129.5984494,4118657733.043155,632244347.9833224,4011825154.197113,639743970.1509544
2785,6019189252.299567,70193699.99569798,145359087.6153813,4118654940.2625523,718737640.3506553,4011825212.5112305,630649220.3929071
2786,6018995920.583906,70136252.96407118,145258746.5492677,4118654227.051273,626557916.9916263,4011806381.986943,705177883.4346255
2787,6018838938.24207,70081538.36288184,145159353.25587484,4118651360.434536,708660860.3137392,4011809016.9406013,670563753.3155837
2788,6018678371.543656,70020956.48358035,145065609.13445726,4118650656.968944,625320432.2014095,4011811843.3432345,662448815.0941415
2789,6018367431.258649,69964126.47430028,144963919.6137957,4118647838.91389,711911833.3145204,4011811794.001261,648102586.5365363
2790,6018149571.683655,69906218.39127144,144865211.1441902,4118647113.170599,619925522.5281043,4011813851.0591187,639950334.8688884
2791,6018554407.681808,69848012.17221686,144765152.5671683,4118644408.6759744,714199682.018912,4011806237.2990985,713092178.4175209
2792,6018620928.591358,69793072.96262963,144665482.5743461,4118643686.277729,621787355.4812658,4011817156.4305162,666242572.2739565
2793,6018315649.6870775,69737355.7681975,144566569.8724115,4118640975.860152,712289483.0322353,4011818017.668546,649268972.0651786
2794,6018328206.076212,69686601.47595425,144461030.1589974,4118640303.3160443,623071732.0704637,4011821795.5232162,639436588.7256193
2795,6018126872.230635,69629383.94244291,144359940.28077975,4118637627.9893994,706892954.0043588,4011821774.9852824,631037162.3383754
2796,6017894527.457781,69574913.71514077,144261847.4234571,4118636955.2137656,623577738.9118851,4011803878.667639,697888454.5945531
2797,6017637345.015574,69517810.76793626,144163061.83333832,4118634245.47934,720571415.4706793,4011806908.2553835,655797426.7747474
2798,6017395612.691559,69463283.85977788,144062391.97006294,4118633547.32233,629691728.6487503,4011809724.9725685,640286801.9078436
2799,6017262867.09437,69411134.5566807,143961712.9123008,4118630983.9982553,719935087.2552733,4011809829.532995,631315651.1734911
2800,6017218121.734001,69354193.42073224,143861984.75794786,4118630288.4471226,635842921.4519668,4011811883.82831,627444078.4908592
2801,6017109648.058512,69294611.28013487,143761809.6625584,4118627559.8320284,726513530.409865,4011804059.543015,698854358.3379556
2802,6016902566.220439,69229955.75937971,143663038.56785277,4118626856.5244627,633751002.7069453,4011813965.3400354,660925277.8788973
2803,6016828559.463333,69176514.18308827,143563427.78029305,4118624169.1682353,720665378.177566,4011814985.4807997,640338211.2738785
2804,6016590094.366254,69120207.81007811,143506450.46917376,4118623459.697401,625930675.3738894,4011819483.9312477,631919462.4046863
2805,6016378548.2623625,69061956.18150027,143398650.12048966,4118620841.191607,717800266.3294997,4011819649.2812696,623471148.6579432
2806,6016267789.793833,69003498.65002641,143300270.98828793,4118620201.733997,625590219.889344,4011802654.8209214,705884008.6831384
2807,6016441995.627542,68947563.33941086,143198066.76245335,4118617757.9927073,722826174.9303757,4011805701.8080764,659594229.4636929
2808,6016234931.976476,68892238.07933687,143097998.69850627,4118617139.9328275,631093913.8892721,4011808358.4737177,644087845.7211888
2809,6016032778.925932,68836985.08242904,142997222.69461563,4118614619.772991,722953112.2457596,4011808426.898095,638904741.3088264
2810,6015712286.391449,68780152.81428082,142903343.68289322,4118613987.489201,628511985.3304185,4011810385.441537,633790865.1673665
2811,6015496639.57248,68724331.29893555,142808563.00657487,4118611316.2775235,727465691.3768954,4011803425.570195,723372150.2553415
2812,6015283576.651826,68669324.06321663,142705555.2903185,4118610637.105148,634687018.9766452,4011813453.4736075,668119245.4388521
2813,6015380229.505109,68614922.17181554,142605254.0292878,4118607868.1078744,721720401.2576743,4011814386.1945863,652964444.4529366
2814,6015137413.948119,68560774.7012833,142502339.14134786,4118607238.3282337,636978383.550309,4011818635.417479,640077208.8905177
2815,6015009523.944057,68506442.21339735,142405999.6425234,4118604464.5928392,735294776.2845552,4011818810.6359177,630369037.839232
2816,6014789209.219418,68450264.64983083,142303746.80096596,4118603836.163423,642537493.7991416,4011802259.285182,710296276.9313743
2817,6014577725.259582,68397315.62903509,142208173.40518558,4118601234.2952504,739224269.3545395,4011805009.078571,660136490.3887739
2818,6014355806.344294,68343081.15909488,142109632.44561723,4118600628.7194924,638320471.8134176,4011807629.760886,645934589.0616257
2819,6014219349.52845,68291187.16410805,142014220.44693276,4118598053.74431,738103651.7922109,4011807684.4634185,639063792.0602522
2820,6014114874.774879,68237034.13087952,141911373.18703735,4118597458.9500613,634663644.4033326,4011809649.6267333,628955787.8450003
2821,6013952449.482548,68179407.04441795,141814699.92417118,4118594689.6604314,734283840.1441071,4011803077.247237,712550137.553565
2822,6013741330.38828,68121848.94984375,141719068.12888923,4118594120.320107,632727043.3505843,4011812727.811663,669461091.9967239
2823,6013611972.634561,68070856.60031994,141624272.41977507,4118591340.2676444,734732747.9792953,4011813474.3493495,655763366.0956006
2824,6013550293.95232,68019905.91393676,141526152.93896362,4118590622.362182,632706180.1489667,4011817728.13045,642429805.0762228
2825,6013334114.042016,67964671.08321413,141417543.4823964,4118587057.33181,730872333.3039764,4011817866.7488647,634693705.8269693
2826,6013126047.090568,67908434.01206402,141322630.73759693,4118586335.917849,629431567.5440965,4011802108.1918697,722269577.8078825
2827,6012912697.2094755,67852887.29129821,141220543.35447747,4118583206.3372464,727707754.423571,4011804844.7226944,665730930.8897802
2828,6012811390.717487,67797653.7983781,141124355.11205018,4118582332.3064365,629638812.1972123,4011807233.978303,649366990.1868931
2829,6012599866.349869,67745525.54543047,141028303.2842124,4118579459.245973,733055627.5532857,4011807161.613069,636383977.4725105
2830,6012446394.010918,67691944.22903179,140929998.8960536,4118578750.571145,633166950.3605821,4011809113.717462,627794452.7122812
2831,6012223120.240207,67641551.13019924,140832487.3946221,4118575858.5498023,728446000.4830831,4011802558.8411145,702943625.7339205
2832,6012101587.061265,67586968.16611372,140734426.28553116,4118575105.0885,628557056.5604137,4011811865.4086776,659277420.0098345
2833,6011836299.981979,67533112.59337832,140636467.63726464,4118572283.1512246,728797684.3200941,4011812593.1709237,641277280.2200807
2834,6011537052.205437,67478967.54439166,140538651.87898105,4118571545.5917497,631331405.4091192,4011816589.044755,630265412.4681673
2835,6011629082.154141,67423750.46863791,140441476.1562597,4118568644.669617,734836053.028252,4011816751.4219875,622628445.2895329
2836,6011371573.82969,67368583.2704705,140345264.07359886,4118567953.4098706,632138579.4045388,4011801286.679217,692323334.7323492
2837,6011149191.244289,67317702.95334545,140247885.42007524,4118565070.372357,737579029.5653722,4011804060.3628297,651496927.2039142
2838,6010840472.870755,67263503.1582729,140151869.88929278,4118564371.1863294,634343258.9846084,4011806593.197267,643675687.8828802
2839,6010677828.141904,67207979.9158375,140056900.64589518,4118561484.922554,743213009.1965911,4011806633.9262385,633093757.6981292
2840,6010556846.62038,67154278.85468036,139960514.19786295,4118560075.8449745,632933011.4089824,4011808523.473426,627593361.6104103
2841,6010360023.293169,67102314.246527135,139861318.66665608,4118557317.480184,735703482.0870675,4011802279.235677,699756385.6883544
2842,6010179377.610312,67043767.09615739,139768849.64464477,4118556321.288317,634411439.4101367,4011811431.017707,661543768.3152664
2843,6009998577.759966,66988926.27485005,139669967.70934552,4118553324.0963297,740040768.1433992,4011812403.382031,648814716.6756516
2844,6009857264.879684,66938939.49605835,139581029.68605837,4118552513.6961303,633027053.3162494,4011816271.6147356,642106498.5445588
2845,6009676830.369076,66883341.4156668,139480532.91511157,4118549709.5523977,745748784.142745,4011816411.8952003,627556054.6724141
2846,6009482041.865074,66829215.03154405,139392777.47891244,4118548996.631367,636955717.2146182,4011801804.6506915,690496173.9502338
2847,6009279335.658922,66775967.12257939,139295107.0838341,4118546178.438811,752260909.3083366,4011804415.6376266,653513562.2155217
2848,6009158085.00228,66721690.18048632,139192603.70334753,4118545428.9593124,639976705.7617867,4011806697.0693035,643955101.9764867
2849,6008963656.177963,66666089.78052084,139095437.05289012,4118542613.558769,754930850.7060925,4011806812.9863243,634354066.0965483
2850,6008812477.0073185,66612187.6729077,138998283.06265858,4118541904.1329827,642522752.6037734,4011808619.85817,629766326.4216855
2851,6008656599.136173,66556665.318509966,138904498.79287064,4118539107.2095833,757986821.767023,4011802568.405514,702020385.4618814
2852,6008414492.624337,66502743.70066168,138809019.5044651,4118538512.623638,643309710.0775557,4011811414.9616156,672749026.8139038
2853,6008157395.158166,66445621.2904893,138714480.14103726,4118535779.4836693,749463347.2904558,4011812201.5282063,660517219.644742
2854,6007925317.290273,66395263.36828927,138618098.05730575,4118535178.0713806,643231397.0509015,4011815837.550053,655746004.1366578
2855,6007663390.852128,66343692.51721295,138520667.0237118,4118532511.19893,749245906.8407853,4011816054.6061997,649637266.0201011
2856,6007470557.939249,66286145.91571227,138429425.1911532,4118531888.4613495,646547365.3845068,4011800789.1407967,730405852.1497223
2857,6007300183.525874,66230158.98586836,138336471.89697686,4118529253.0092473,753261761.0367334,4011802902.0993714,692904826.3550978
2858,6007206391.327312,66176977.09453151,138242570.2197485,4118528669.436333,642704834.2257024,4011805179.620168,693444573.5307158
2859,6007078674.080559,66125127.40509141,138145351.60403806,4118526068.972814,739547642.0874429,4011805186.9297743,682742694.442756
2860,6006824744.093977,66071206.79357481,138046550.3375648,4118525426.796079,637784783.8850688,4011807070.0045433,674681006.785544
2861,6006684074.781,66018703.77162325,137952054.1511283,4118522756.68842,736569519.13994,4011802206.987364,771367139.7964348
2862,6006443324.750442,65966996.11037106,137856158.9549276,4118522094.9947667,642729614.1129107,4011810994.3444104,737162613.6004794
2863,6006282485.467821,65915044.1444566,137771673.76413485,4118519510.987199,741824771.1176897,4011811887.617245,713636845.1426165
2864,6006076784.94667,65861226.77706752,137672684.2556145,4118518770.755185,643531314.8394588,4011815619.519564,697155498.3735029
2865,6005989010.559179,65807287.06489911,137579991.07589543,4118516087.4313807,746930875.0479836,4011815752.760916,685325001.3669881
2866,6005769053.71171,65753740.27283931,137483321.68535456,4118515401.718428,644362560.2258185,4011802235.699423,753815346.9738497
2867,6005733718.571174,65700301.66796506,137391900.51985458,4118512729.987243,752018074.5697483,4011804452.506988,699509182.3337879
2868,6005789126.97335,65647919.1588909,137293864.27377492,4118512073.3097076,648914706.524584,4011806731.9770074,678565048.753649
2869,6005655835.879815,65594137.09723051,137198313.9353197,4118509406.921157,753998921.0916659,4011806756.6338196,661198462.9775034
2870,6005561830.747498,65542128.30424557,137102026.55752692,4118508802.57815,645376429.2111777,4011808472.2542534,651087312.6012521
2871,6005481597.013593,65490820.806878835,137006670.92872202,4118506186.400455,740814212.801392,4011803225.8473344,727276825.0794958
2872,6005303704.404198,65439741.30353876,136911722.39240962,4118505544.2132654,649427797.0036389,4011811642.947773,685083276.9414071
2873,6005121506.594679,65389515.7562709,136814940.1071532,4118502963.7898755,753799766.9793023,4011812372.3752637,665433496.433618
2874,6004977913.980448,65337306.21132332,136719564.6949034,4118502312.1517982,657595504.5979636,4011815875.3188324,652799859.5029728
2875,6004855369.497651,65283859.041565776,136627394.01630664,4118499652.951227,759269048.3192881,4011816000.7218304,643689219.2278458
2876,6004704266.4700165,65231312.59747399,136527457.49034116,4118498994.078636,662401219.2943846,4011803101.662681,716398815.956352
2877,6004568565.192031,65179608.382882245,136431578.24955317,4118496436.6444683,772696473.4773328,4011805374.152456,677178121.6678653
2878,6004464718.184546,65127600.73563036,136336463.76289847,4118495869.3689632,669568703.7341067,4011807618.220415,663627721.7963952
2879,6004258851.944916,65076103.65524603,136244770.73523024,4118493183.396554,778426128.8505214,4011807634.6905723,653183008.1350222
2880,6004039924.0068655,65026198.72050922,136151717.91351265,4118492587.7040606,676509014.537451,4011809320.9555054,649802927.4763701
2881,6004032225.835581,64974463.260487475,136058057.55088744,4118489998.6048822,779958181.3379562,4011804581.8831983,725271934.8829285
2882,6003717795.876655,64920197.87368995,135966038.2075908,4118489360.942113,677898033.6036129,4011812878.404712,682341595.2337838
2883,6003635121.227323,64870747.96669671,135872210.89609757,4118486716.3194075,782724397.5858916,4011813744.054998,669603113.2817553
2884,6003556433.098462,64817971.84641151,135774940.27634284,4118486101.082717,676300187.2853881,4011817114.6820908,655383155.5842158
2885,6003441749.633458,64766196.27426022,135681370.43059778,4118483452.371723,769567954.4029146,4011817204.065394,648735504.9666439
2886,6003319590.385356,64713711.07636067,135588136.61745262,4118482896.0582247,682884770.6573411,4011804205.4988074,718263232.0704565
2887,6003322613.495958,64660965.1555915,135480519.6419692,4118480250.393884,787817761.3250604,4011806140.4580793,679518842.3063405
2888,6003127901.597668,64608292.95272961,135386414.3036256,4118479682.0258794,690828117.0164709,4011808137.2063494,665793300.481102
2889,6002991690.946504,64556492.143354036,135294269.04179633,4118477095.5933437,788043905.6397718,4011808108.9742255,657468538.6896577
2890,6003154661.985125,64503675.06427952,135202304.93842134,4118476426.176196,687599910.54949,4011809744.3501163,650225111.8771406
2891,6002890736.773423,64452269.522955716,135101816.34277543,4118473767.1767583,782193086.8452811,4011804694.139979,729069037.3531601
2892,6002723315.081341,64401631.661008246,135005603.50291887,4118473154.4488277,690506052.7061108,4011812158.922268,674905859.758056
2893,6002537918.845748,64351970.88417446,134910936.13855866,4118470619.136801,785703166.2646799,4011812825.3648534,659199197.7617446
2894,6002538573.730841,64294036.5597963,134839974.48044753,4118470024.3483124,690891693.1742741,4011816117.9944477,648985868.2938654
2895,6002329343.96812,64240858.77772543,134746741.1489277,4118467467.51861,789445505.5446701,4011816204.0731335,645388186.6967928
2896,6002059345.244027,64189463.964560844,134658133.917367,4118466870.4624076,686421676.221237,4011803568.4996243,721564347.3160487
2897,6001853793.8650875,64139463.88483475,134562511.1341222,4118464242.6942353,772859640.0829282,4011805618.61614,677859659.617554
2898,6001611942.943668,64087765.62182335,134465654.963827,4118463671.8648634,680807296.2052063,4011807514.997872,660278969.5202494
2899,6001394973.869389,64034741.76626499,134370510.56506467,4118461074.2481527,773693971.154894,4011807561.079061,645203829.7305124
2900,6001375348.994414,63983507.828082964,134279610.97324893,4118460466.5430727,681462824.3312792,4011809165.637178,636671842.9589443
2901,6001133060.851844,63932076.71144946,134186062.57361615,4118457834.6455035,776286081.4453293,4011804333.920439,715131480.5529242
2902,6000917424.293336,63877709.018022,134093042.11004104,4118457270.1932144,680292846.2293448,4011811588.9342084,668537670.5781174
2903,6000871138.950368,63825127.44558637,134002003.46496814,4118454767.5737944,768819829.2112324,4011812322.33993,656552849.4833047
2904,6000605198.022719,63773672.86699322,133910942.7032455,4118454200.2253714,673991199.5677961,4011815483.5816193,648215815.8261477
2905,6000396184.542014,63725031.30092228,133817394.02039121,4118451668.1756024,762304832.2845422,4011815607.346359,642925891.3768412
2906,6000297270.152884,63672606.72254353,133727482.85070004,4118451080.329918,669857568.9696177,4011803985.4885583,717321125.4401089
2907,6000163392.921272,63621742.47671356,133635005.1805901,4118448618.801282,757902444.8910323,4011805989.0946255,672176227.345898
2908,5999852636.323614,63570312.56369519,133541635.59492926,4118448035.160147,671832031.1740983,4011807811.66618,657214229.7985839
2909,5999712895.293541,63518935.606068276,133454264.00728187,4118445453.7436647,759305967.3176683,4011807811.6933017,647499173.8129182
2910,5999543516.189053,63467642.6004935,133364515.36399455,4118444887.0345798,670665625.2919897,4011809271.3139496,633470628.2348132
2911,5999307588.960288,63415624.31544263,133275050.78488119,4118442470.5590386,753955150.9967536,4011805203.3308387,709942918.9611933
2912,5999109664.394162,63359180.40774726,133179894.40169372,4118441944.662391,671905950.8060434,4011811994.7302246,672002557.3478019
2913,5999212313.43192,63306893.14353268,133084748.1554482,4118439515.2653675,758623578.0778208,4011812615.026404,657020392.5166473
2914,5998933895.436862,63253712.274831444,132993346.6762662,4118438925.1518764,671838613.9311976,4011815637.8504004,642687993.6004791
2915,5998862884.690584,63205859.691201024,132895203.13651277,4118436409.0230913,754052279.4660767,4011815673.017365,634950569.0022068
2916,5998688595.35905,63164487.28630276,132801454.588548,4118435928.114918,664605130.9229399,4011804105.9114976,706323876.4509392
2917,5998620349.450691,63115590.869883396,132709313.29674876,4118433516.3292637,746935935.296746,4011805858.869113,660207481.159873
2918,5998544071.907036,63063531.62556648,132620864.29570514,4118432967.7189918,660579391.4786474,4011807464.707809,643974852.9480019
2919,5998411171.367564,63013003.66948893,132531677.71223696,4118430585.608391,742365789.6863827,4011807462.24641,634606712.1090999
2920,5998378431.856982,62962701.28570537,132441096.77393991,4118430071.084417,657891674.5645126,4011808848.883328,626937569.3612082
2921,5998486573.768916,62912745.95359734,132352482.04679003,4118427687.1576447,729810032.908181,4011804784.23596,691253368.6286734
2922,5998305851.232832,62864627.194087446,132263543.1510589,4118427181.039548,643034315.9641539,4011811338.382047,647276475.1818415
2923,5998171294.3274975,62815797.89526151,132173527.25538898,4118424670.3587236,727840834.5520239,4011812036.3539014,632011714.8555847
2924,5998077082.360298,62766416.24569179,132083863.51912412,4118424066.2870636,646022566.5727249,4011814981.1211247,618936319.5023988
2925,5997979342.152337,62716908.85989731,131991960.09189916,4118421565.360242,732690398.6114314,4011815131.339291,610850471.5037165
2926,5997805712.61144,62670514.17984698,131903262.2944884,4118421063.215049,641786748.0426984,4011804172.68654,668546303.597852
2927,5997584599.893381,62622804.19384431,131813067.72597012,4118418632.3114715,720334404.5839126,4011806153.380025,631874191.7994306
2928,5997325581.124565,62569039.144152634,131723418.730497,4118418141.042758,638642871.2210945,4011807750.692531,621616166.6438152
2929,5997172389.09724,62517041.85296688,131631431.76811373,4118415706.5080123,721689312.787041,4011807796.499817,609665428.8502315
2930,5996943144.289035,62467773.9925732,131541724.20583032,4118415214.1262326,638279552.058972,4011809154.2648125,602880428.6882416
2931,5997073656.9679985,62420431.79399577,131454040.79990324,4118412708.7823296,725724846.618024,4011804962.50962,664663650.8694493
2932,5996900262.006425,62371045.60296826,131365544.72528853,4118412239.6133604,638213198.0947278,4011811367.1771297,632909659.8632909
2933,5996735033.869352,62322152.69509558,131278517.17095874,4118409775.504401,728141025.8658277,4011812021.0490108,622749082.2105962
2934,5996644415.165234,62271190.18161712,131192148.39550681,4118409242.3155823,640016547.4767547,4011814750.755761,614771163.8904997
2935,5996527721.001523,62223967.05758637,131106633.09971756,4118406792.4983416,730797340.9953187,4011814832.3488626,606621935.4399062
2936,5996281823.854194,62175022.86929108,131015182.2824778,4118406344.036036,650972524.3681347,4011803713.265792,671329734.3946288
2937,5996113698.290189,62124893.90659938,130923951.73454843,4118403958.3041563,739173462.4555069,4011805510.9609756,634593167.1899887
2938,5995962760.043473,62077316.71877035,130833333.81215176,4118403489.0803576,656749380.3199745,4011807220.0843863,622537910.8458145
2939,5995779831.711723,62027114.42193102,130743580.14631324,4118401031.3632383,739820220.0582737,4011807189.7825527,615111307.2009896
2940,5995536094.113164,61976530.43753326,130653957.75647213,4118400507.029565,656152207.2562338,4011808485.3449397,607209319.5582985
2941,5995395183.13688,61927574.801808976,130563042.57995333,4118398000.5056133,741253201.8408351,4011804712.9935627,673240028.9896342
2942,5995267117.460074,61878751.32913569,130478019.54695219,4118397516.6236916,650399936.1613238,4011810795.616575,633592452.4059181
2943,5995162777.490905,61830517.352926254,130387690.28007278,4118395204.953348,751640019.1331776,4011811487.4422956,619127148.2252406
2944,5994997365.541352,61780920.78076391,130300165.70385654,4118394715.9680066,653490044.6202908,4011814143.979974,607731775.0402212
2945,5994827540.46352,61731267.76079315,130210114.21719918,4118392258.964387,737925247.5978347,4011814254.5577874,598118898.660746
2946,5994759344.657475,61683175.56579789,130121468.11219795,4118391764.8500285,647141037.1879131,4011803994.9986906,664314730.2059679
2947,5994349748.3144045,61634076.23652922,130032377.70007117,4118389315.6755705,728665058.317714,4011805962.2476454,619970158.8431143
2948,5994209957.083022,61586155.83789717,129941868.05746575,4118388836.837392,652076353.1725086,4011807613.161407,601453196.1021277
2949,5994092881.370483,61538906.796323396,129852908.77069178,4118386494.150556,732910619.469596,4011807726.267435,592195898.2721479
2950,5993933538.954281,61487455.94209753,129768014.82754111,4118385979.7888784,651900948.2739954,4011808956.235099,585432472.2061625
2951,5993899852.922322,61440326.24455339,129680081.61147447,4118383691.714618,727798489.31295,4011805716.6343822,653015837.9170804
2952,5993707662.944143,61385828.605628036,129592354.0454602,4118383180.028144,650625721.0950958,4011811926.2817144,615720465.2041008
2953,5993580125.876478,61337150.46570197,129502990.42862122,4118380886.3581195,727103917.4479051,4011812613.0272903,600810316.654046
2954,5993535517.1931305,61288393.76207273,129414808.16517396,4118380434.864338,646257749.2486483,4011815202.9204082,590682848.7211448
2955,5993493163.461273,61242248.29909241,129330246.71166424,4118377884.0534053,726309940.5868162,4011815332.726445,583519825.2300669
2956,5993291975.730627,61193794.69708027,129240307.19595256,4118377399.775792,643725856.1219208,4011805012.085026,647553600.6342684
2957,5993168617.504007,61145525.2329749,129151972.10469535,4118375136.89093,720852817.019399,4011806650.025003,608924841.7655615
2958,5992964615.339863,61095391.596142545,129060806.85526721,4118374617.658018,637829843.7989037,4011808071.461918,596147403.5788183
2959,5992754059.649108,61045218.798892386,128973949.61626938,4118372183.6939354,719291865.9451586,4011808157.162005,585706012.7751125
2960,5992622396.771885,60996500.09081726,128888130.58975421,4118371755.402309,635244158.4194539,4011809344.815332,575958135.9075811
2961,5992358563.2033205,60949877.327397935,128796929.21914332,4118369480.6233807,712503201.6840885,4011805814.729998,638379017.9854151
2962,5992152453.424393,60900534.521363035,128708732.8603013,4118368957.4357038,625923694.1198437,4011811444.09849,599705406.0477769
2963,5991993343.419421,60853823.29368095,128621067.91232497,4118366548.2390075,707334750.7716197,4011812029.327006,586067292.9616972
2964,5991837804.24274,60805885.57086618,128535519.05329883,4118366031.39177,629396713.4997681,4011814510.60134,577401851.8800422
2965,5991692497.510834,60757058.42385414,128447584.07914248,4118363579.990889,712170838.9868749,4011814646.7887177,571754184.5716895
2966,5991482360.031275,60707205.10317971,128360629.17593232,4118363134.9375477,631569907.9180838,4011805010.108315,633339960.5848503
2967,5991295529.878945,60659774.61394001,128276334.38015431,4118360893.99316,724679932.0197183,4011806997.4665437,595591032.8219045
2968,5991131538.850884,60612079.26438526,128183058.73294441,4118360373.924724,635932287.4785054,4011808588.306202,580825064.2317841
2969,5991077559.729688,60563572.26722389,128089417.96451283,4118357932.994726,721493424.0305814,4011808706.164808,570839967.7509216
2970,5990819503.182036,60516111.98377386,128000923.34334007,4118356755.7644005,638562549.6436629,4011809898.980518,563588291.3245339
2971,5990672617.62444,60466470.61052542,127911862.9988954,4118352345.056758,728369500.8097166,4011806646.0538383,624170702.3485149
2972,5990527650.212221,60415434.07109354,127824905.66049835,4118351113.4614267,634426613.0642809,4011812089.0941377,595369996.4205854
2973,5990334967.275282,60367718.484096915,127738054.78343564,4118348295.3641376,719313265.4498825,4011812763.107186,583901755.746151
2974,5990225995.708528,60323063.781505935,127650420.0695501,4118346929.736686,629751349.2049701,4011815169.236644,573839213.9845188
2975,5989988187.000162,60276233.84391963,127565006.62274836,4118344027.7558293,714071388.3518486,4011815275.4048924,565044654.0326431
2976,5989856385.758232,60231500.17461557,127470645.49025477,4118342933.966914,622755708.9253418,4011805860.415485,631180169.134633
2977,5989797214.82175,60182935.40926193,127384497.9593453,4118340086.870201,707080323.0724972,4011807536.0166383,594360956.9374924
2978,5989606072.478708,60133659.83615564,127294035.23288558,4118339067.0707355,620404034.5090047,4011808852.3221927,584539279.9013944
2979,5989566996.628854,60085238.83274914,127204062.56363901,4118336046.478101,705652322.1340533,4011808910.0433164,575758002.2121872
2980,5989349437.652032,60037783.458790444,127117141.52015321,4118335067.6710353,621648089.2265314,4011810038.9981394,566451470.7395607
2981,5989098751.720068,59990198.27301497,127030700.314158,4118332062.785115,699305005.2399775,4011806885.1257215,632363557.898518
2982,5989308544.658993,59943408.28718627,126946009.80577414,4118331166.3605466,618042318.5528442,4011812198.577963,593735414.688382
2983,5989099907.246887,59896467.74452654,126858123.04312041,4118328283.451585,698521403.0244116,4011812858.39388,580602429.1951499
2984,5988858682.122751,59849438.26709355,126769736.42561597,4118327420.909377,620399864.0062436,4011815215.9596453,574121917.5677236
2985,5988635737.010377,59800763.76174594,126684064.56115687,4118324704.2455764,698881525.820135,4011815346.524083,569572873.5889972
2986,5988582225.838904,59753068.6067323,126598207.20636854,4118323849.0173435,613315893.8503063,4011806007.010197,635964694.6408143
2987,5988372282.9150305,59706031.57741286,126513168.36484097,4118321049.6136622,704111708.1722766,4011807708.458805,595136825.8737514
2988,5988111174.91196,59658674.71428855,126429395.95706536,4118320282.965633,619658762.0640552,4011808955.582227,584135997.350653
2989,5988024920.125332,59612495.830120295,126344621.62613595,4118317292.3491063,702189694.2300304,4011809048.273565,572974704.8185085
2990,5987877975.343574,59566093.85462674,126259648.35562839,4118316497.8636794,618735561.753185,4011810107.9315405,565765155.0404929
2991,5987949903.0674095,59517289.685542606,126173421.65396681,4118313541.481672,705813068.730631,4011806861.3033133,629906615.9978154
2992,5987752859.946307,59469296.87148905,126087349.27313529,4118312793.890171,621550401.3780862,4011811905.1935434,595484052.6698204
2993,5987599852.415547,59423728.982857086,125989346.31638613,4118309981.007567,707458706.9643757,4011812487.236235,584340170.934023
2994,5987401844.689552,59376664.55099837,125903989.62872708,4118309234.3352995,618539640.6397403,4011814765.69628,576932264.6969458
2995,5987182725.015376,59330661.01647117,125794380.4061401,4118306382.1760125,708022030.1573957,4011814898.089824,570895905.7234255
2996,5986963207.205986,59282168.05887175,125707253.4671038,4118305637.7828174,619590458.9549288,4011806015.370776,636613308.8920883
2997,5986849928.594886,59238140.69891288,125619015.12127239,4118301806.2188306,708485951.5830612,4011807895.025455,598764583.8508941
2998,5986563072.0128145,59192178.30506354,125534591.71743008,4118300925.4603314,619449794.8870584,4011809115.271497,588447017.4308708
2999,5986573402.147658,59143759.59811591,125444305.15277596,4118297892.6311316,715681724.6194897,4011809242.2328386,580971910.4234205
3000,5986348087.385268,59095806.02326039,125357702.07353811,4118297094.0742493,624597685.0276487,4011810292.481172,575248702.8400803
3001,5986147259.965476,59049460.294109985,125268732.9230101,4118293759.597163,721509832.6469908,4011807342.7068205,648874154.1049168
3002,5986049129.457178,59002127.59896404,125181345.67148289,4118292933.2116995,621030182.615486,4011812229.2545567,602682088.5940446
3003,5985844105.206631,58955335.44996969,125093739.55364288,4118289788.07252,718293404.541958,4011812839.7761407,588152206.2656126
3004,5985708732.083363,58907220.30079728,125011726.26891714,4118289078.353543,625203058.7915022,4011815062.830792,580129512.5380214
3005,5985538675.709977,58859784.986128606,124922886.16503544,4118286103.7410274,722881722.4341656,4011815161.3455315,571809787.445281
3006,5985359074.788421,58812028.564552195,124837766.79397808,4118285320.8291693,632409134.5379065,4011806438.944726,638385892.3296092
3007,5985095569.382956,58765030.90836316,124752480.68036762,4118279884.5733767,730558399.8500909,4011808156.692172,596363050.3902246
3008,5984961276.117772,58718530.675694354,124666826.2740128,4118279227.442114,633235498.3581685,4011809384.378528,580971147.3417414
3009,5984968441.313535,58671252.62167263,124582596.21303153,4118276155.499444,732745096.609881,4011809528.3104873,575406402.3678513
3010,5984830127.710649,58625217.260397665,124497398.98187558,4118275323.306864,637768047.4867669,4011810569.4281864,571210518.7289236
3011,5984619084.592959,58578283.269786485,124411036.88583115,4118272192.7226386,734376195.7930593,4011807922.792423,641068112.201499
3012,5984671500.453857,58530484.1985589,124327361.59036602,4118271410.1595807,644478084.0439545,4011812520.503704,601271931.885864
3013,5984506276.887423,58483989.74626,124243678.34609696,4118268110.394949,740258440.112069,4011813102.777644,584356762.0844074
3014,5984263690.467226,58436470.07982131,124154744.96999124,4118267276.8771877,648827289.9624567,4011815199.720933,577088510.6795303
3015,5984082630.600833,58391346.75055787,124072096.22968479,4118264171.393491,743922520.8486753,4011815321.9317393,568643163.9527658
3016,5983861066.583211,58348742.51963211,123984111.7571914,4118263357.343828,646408914.3448943,4011806689.90897,638783056.4349159
3017,5983664791.724724,58304577.88067021,123900930.77695763,4118260191.9454446,738925762.8638766,4011808251.944293,600929867.7373711
3018,5983449937.904656,58258811.08235436,123816450.23076935,4118259502.123221,640411164.7706712,4011809393.2429404,586237751.51581
3019,5983438514.319121,58210484.49519711,123734528.88349499,4118256302.976232,731375647.7784737,4011809505.553624,579128513.263351
3020,5983280262.889052,58162693.13081325,123652500.98604156,4118255436.8518186,637237973.4878836,4011810471.231084,572455117.8693709
3021,5983253219.004909,58116878.431257635,123565691.46346897,4118252313.770365,720729161.769307,4011807878.919218,645777189.5293953
3022,5983323324.182469,58070431.1892769,123480958.0664634,4118251611.869248,629912337.9765269,4011812304.2159944,608404467.7254955
3023,5983140792.270854,58024635.12122013,123398199.7920609,4118248708.222859,724557910.6016443,4011812874.70992,594940327.2437724
3024,5982999757.650788,57979747.60860265,123315535.12520434,4118247943.773371,625157254.161915,4011814888.2316175,582771307.1166883
3025,5982896537.710255,57935461.67354665,123230828.5838576,4118244945.451283,717973633.1634234,4011815015.6214824,578889310.3875655
3026,5982850439.272544,57889423.20043275,123145170.79519394,4118244185.371713,618859712.9096926,4011806924.463652,654625791.0728849
3027,5982805817.928588,57845044.28503631,123056486.33280817,4118241198.2018385,704773088.2624106,4011808352.547712,606274165.3747789
3028,5982640657.948907,57797920.67792596,122969597.757765,4118240424.6004434,611721210.2778473,4011809523.573436,597691109.933744
3029,5982419138.714571,57752784.33423144,122883329.31536438,4118237213.977216,695707718.0030917,4011809636.2427797,585161537.1786942
3030,5982211542.883318,57707167.8426167,122804545.7440869,4118236431.575589,607065445.0344226,4011810561.0692134,576527216.0492051
3031,5982004132.177523,57661851.391188584,122722702.17960341,4118233429.456876,688677260.5744138,4011808153.487303,645058630.538059
3032,5981824224.047459,57615795.18239953,122637663.40393351,4118232710.107922,604405566.357223,4011812553.093939,603351750.815112
3033,5981608996.854038,57570751.983859524,122556400.99315082,4118229086.453422,697214152.6669484,4011813095.5422897,590976014.9969759
3034,5981366351.771447,57526708.900005095,122473694.6160587,4118228319.5146794,606303148.7373468,4011815055.4146943,582779432.2525721
3035,5981431445.817863,57481608.11964222,122388301.62509298,4118225338.226396,698430532.9461788,4011815179.2659245,575777936.2391118
3036,5981262499.320114,57437099.99739072,122305885.52305834,4118224603.633935,607016823.0910414,4011807507.3794007,650036577.0240732
3037,5981108228.105448,57392552.15235083,122228514.24991754,4118221473.251386,704718960.9946226,4011808964.7020817,608787961.5252146
3038,5981045789.849224,57346450.04269169,122145057.34920499,4118220685.405393,610784306.1384232,4011810100.51088,592569148.8066617
3039,5982123175.593948,57300876.0406423,122064105.31180453,4118217977.050954,710716889.7875115,4011810185.952418,583723905.1866502
3040,5981927878.38118,57256114.40144063,121976367.54267831,4118217092.471129,611438000.624666,4011811098.4714327,578817266.5804437
3041,5981726595.278877,57203866.48768276,121887035.681124,4118214079.779318,700724570.7502271,4011809145.319515,651215279.0800426
3042,5981508063.765851,57155200.283346266,121788095.44504406,4118213354.7041917,611200256.25801,4011813414.1265945,608328505.2458442
3043,5981448939.583723,57108077.05883966,121692184.9713982,4118210530.8709383,708505458.0300589,4011814007.1197805,589893359.0349977
3044,5981545547.178965,57062557.7226553,121608435.61399609,4118209597.905429,609190805.0767523,4011815821.431988,581930045.7252663
3045,5981346091.789477,57017631.28908462,121525085.31626898,4118206322.0590544,706117459.173434,4011815928.9162297,575635246.1716937
3046,5981085144.848898,56971849.46064591,121443920.15365577,4118205545.8108444,614231876.2534676,4011808330.6099176,652882573.4204485
3047,5980985801.282934,56920677.07711749,121363288.71519135,4118202656.054539,706099784.3376412,4011809505.0510044,604412414.8984725
3048,5980926336.251301,56874820.22415623,121283352.09040044,4118201845.3553405,607773016.7643056,4011810584.2912116,586536646.1362733
3049,5980770937.21247,56827206.72031662,121203081.49875969,4118198867.361513,706069921.3384439,4011810699.8607297,574603687.5705497
3050,5980522293.2305765,56779428.80609325,121122525.06322354,4118197969.4054494,616826487.557287,4011811550.408503,567686158.7863978
3051,5980336765.941241,56735191.20105298,121042800.11704378,4118195121.9031944,711760486.283941,4011809457.43772,631791062.3317114
3052,5980126345.677389,56690553.04304223,120962197.23729081,4118194318.6408854,612703113.3554106,4011813331.119075,589235407.1374342
3053,5980148409.898064,56648117.640409775,120880347.41812587,4118191394.3388834,707971812.4742322,4011813825.547345,580122713.8343211
3054,5980169208.481008,56604555.71306527,120797523.15730792,4118190587.241291,612615661.602693,4011815633.254211,571090330.9573404
3055,5980088331.649636,56560790.788936175,120715460.92849986,4118187713.8878965,703222739.5792457,4011815762.4213924,562360491.9816555
3056,5979859698.952514,56518645.651424766,120631127.69976605,4118186791.6335,607708439.932355,4011808412.198559,622941297.784728
3057,5979725371.792488,56474855.13809033,120548160.61366655,4118183751.5238495,701061914.5153807,4011809528.6271796,587443943.980226
3058,5979479243.68265,56429862.03506691,120462882.18986638,4118182938.553726,609183454.3888613,4011810478.8393693,575879281.9214481
3059,5979295487.441494,56384021.0111579,120379783.26260959,4118179959.8846908,698146974.6995515,4011810577.076702,562295447.3480107
3060,5979108925.907571,56340754.76533968,120297361.92158954,4118179152.6182923,610475293.7846034,4011811371.6239886,556865991.0193624
3061,5978889016.668979,56297105.10067109,120215499.09987496,4118176501.5861382,695405985.8001214,4011809351.512942,624904724.417763
3062,5978662918.579946,56251823.62360755,120125821.04903452,4118175535.6353116,606803522.4130086,4011813134.046169,587321806.6441202
3063,5978443299.111834,56206060.69142713,120042887.8108166,4118172752.4033217,694334792.5656168,4011813525.215741,574980644.4742008
3064,5978618650.363512,56160522.77974691,119959850.34624447,4118171788.9979815,607010202.0013587,4011815202.1523805,568451914.0531532
3065,5978402709.860345,56116088.604181,119878596.0238902,4118168657.250961,703044686.8560661,4011815309.889569,562482732.6491312
3066,5978192225.24052,56070984.441880226,119797952.42195573,4118167820.07866,609499968.3945392,4011808196.247938,631224175.1408184
3067,5978104694.264552,56026581.04611718,119716456.92898835,4118164462.040285,697863843.7226105,4011809408.795697,592171639.4538915
3068,5977992634.841773,55981436.57678782,119634604.04168178,4118163561.7413306,607172215.5443009,4011810344.005894,576960999.0253506
3069,5977786118.294459,55938702.27374025,119554057.20780425,4118160569.505798,695858136.5120356,4011810431.9532447,568376785.3488736
3070,5978355008.968297,55893066.25897497,119473917.72162884,4118159763.0088944,605886065.6762445,4011811192.0312862,563909739.68242
3071,5978100502.202605,55849850.15148912,119390066.49356253,4118155095.1276045,699252252.7813529,4011809548.517093,638507662.547972
3072,5978008073.564714,55808216.574662976,119313746.98922597,4118154017.9699607,605477019.2633476,4011813050.3396144,596818878.6699785
3073,5977804876.088551,55770964.464713536,119234412.49544464,4118150514.5001297,707251193.6038228,4011813496.316085,579607197.5987151
3074,5977599689.205308,55728734.75524786,119153684.53551063,4118149332.2199273,608769950.6255069,4011815069.1533613,568667727.8014995
3075,5977509084.104061,55682435.23863082,119074482.501591,4118145736.761711,707279000.9596918,4011815188.4843044,563244915.821716
3076,5977329345.135067,55636323.8427614,118989979.75651354,4118144745.4565454,607848957.9788243,4011808237.5894823,630261434.2474676
3077,5977282079.183266,55592091.67565961,118909289.76834233,4118141259.47295,707809627.3150722,4011809326.31555,593752835.9274207
3078,5977094069.525927,55546840.35025723,118819750.47345965,4118140231.503318,607300226.3593788,4011810178.829399,579835717.3716236
3079,5976854388.35399,55504821.85570102,118740477.81937668,4118137030.6412277,702393011.0583336,4011810266.819433,572857758.9171176
3080,5976724312.971906,55461129.01785431,118658847.3263813,4118136034.205674,607580876.9131637,4011810984.873442,568359562.5641923
3081,5976597013.664824,55415190.507867984,118577255.95300509,4118132585.9729466,704819622.2084738,4011809340.7760205,644339033.6431471
3082,5976490742.293309,55371864.29007542,118497535.21452571,4118131565.2083144,608257986.3980019,4011812718.3499775,607087139.339935
3083,5976421465.046174,55330142.9143882,118417397.86845602,4118128259.7360253,706484276.5424722,4011813155.2942367,592407410.637644
3084,5976154953.437445,55283479.51377959,118337898.80297117,4118127337.250941,608630255.8979808,4011814653.6108036,585193151.6028131
3085,5976353558.096393,55239564.633053266,118260894.8252455,4118124192.336612,702490306.7311709,4011814776.8151555,582117789.7873151
3086,5976196163.226793,55197319.874011934,118182516.98677287,4118123219.8736196,608166241.6855893,4011808274.7184687,660684482.5615419
3087,5976165737.122917,55155089.5064355,118103673.8878478,4118119970.5142,697958596.4955778,4011809398.882431,623427805.6400745
3088,5976199094.8105,55112764.63503294,118025895.26099378,4118119069.790537,603695710.1137257,4011810138.9262905,612730345.3878665
3089,5975947260.81258,55070010.10152865,117945042.55013292,4118115942.2573676,695131869.2150439,4011810204.1786923,607117068.2214586
3090,5975790303.385318,55023088.49946376,117866029.37926288,4118114957.8104916,606117954.3333913,4011810895.9390745,601800538.7282465
3091,5975528634.116784,54979707.06544185,117784180.4222798,4118111779.465313,690864576.2705206,4011809630.8155556,679722334.2215118
3092,5975549860.817868,54936769.18780505,117705879.17838658,4118110847.439964,607261194.941774,4011812988.406392,637006327.7287441
3093,5975260013.770833,54895124.80595518,117636837.32950369,4118107639.2317634,699112128.5391991,4011813488.8693457,622129803.5396559
3094,5975120945.315654,54849637.22367442,117551905.7799053,4118106752.6694536,612721198.5720265,4011814937.612937,612680576.0762668
3095,5975297640.913392,54806482.37700237,117472875.60274497,4118103620.5745673,698236215.5345033,4011815053.337268,608438316.1250118
3096,5975149184.17356,54763442.7712517,117393092.70773825,4118102684.9979277,614558984.9772738,4011808642.513303,683538471.6191611
3097,5974997575.980995,54719660.563366376,117312370.18722847,4118099281.5755053,701601541.7282333,4011809824.732097,633290930.7746694
3098,5974870887.006204,54677003.980078645,117232133.72244318,4118098377.1678586,610575394.0115238,4011810628.541348,615457868.7533567
3099,5974661136.523616,54635718.13706718,117158339.28498171,4118095361.2034082,700251773.6238521,4011810714.2787023,601450899.6799467
3100,5974537507.259846,54593435.58647062,117077907.54489155,4118094437.6605244,615392043.0529356,4011811360.3042984,589887450.1189904
3101,5974325757.933047,54550200.14421859,116994271.4034592,4118091055.9320292,695264489.7708641,4011810149.3110604,662503218.9666772
3102,5974211323.959537,54507255.660144486,116917629.13513304,4118090262.4593945,610923936.4066323,4011813395.0548477,618706218.5306509
3103,5973970469.448306,54463408.84792875,116841954.52259706,4118087345.46412,691631477.393909,4011813875.3830037,608528409.6314697
3104,5973752888.640418,54417673.669805795,116763925.41328646,4118086418.623813,612124887.735962,4011815248.6192136,593989389.7756388
3105,5973574573.814433,54375391.040225424,116685560.6859389,4118083124.600728,698138946.848221,4011815381.983296,589968357.0503972
3106,5973333062.565889,54330916.89380168,116606655.39511222,4118082263.6944366,615423103.0121022,4011809134.3458037,660510469.7657468
3107,5973092656.624606,54287584.34871787,116516905.27714652,4118079214.7937655,695023470.9799118,4011810189.5588856,624930545.0730603
3108,5972957488.78907,54243648.56925335,116440241.58874688,4118078401.365351,611136830.8060685,4011810882.5170703,612715085.5763735
3109,5972952340.276147,54201060.807409726,116370090.25030601,4118075398.9106035,706834134.626886,4011810957.3234134,602785826.462437
3110,5972650721.132743,54151941.48712343,116289654.98805007,4118074570.7847114,614830056.7810419,4011811589.177775,598440476.8890914
3111,5972500113.70349,54107081.9960439,116214376.33507256,4118071555.4204803,700061004.7610167,4011810350.2765517,668535476.3311061
3112,5972405071.593244,54065829.21403918,116133288.49045323,4118070757.525662,616960876.9076153,4011813309.119533,630458803.477647
3113,5972289820.798502,54023033.75037348,116053617.38912292,4118067709.997495,713096020.6602039,4011813804.87587,615399087.3922126
3114,5972392961.664693,53979371.22111357,115975345.02893025,4118066833.0427265,612739007.3158973,4011815134.043154,605981251.6016022
3115,5972183026.99456,53934315.86395872,115896639.7064144,4118063583.991536,705537139.4210688,4011815269.1249604,596539975.2967412
3116,5972279050.489203,53892661.95768903,115821180.70319581,4118062790.1480403,612543666.2804271,4011809154.8876967,670382827.2503175
3117,5971944322.81766,53849972.99073788,115746414.03519292,4118059855.8177423,699640468.0788363,4011810181.693524,627105132.4956579
3118,5971830455.473325,53808279.9377116,115670544.31039247,4118059002.057792,608493028.1447757,4011810907.606693,608902172.528792
3119,5971618221.292654,53766274.65732563,115594606.30079982,4118055975.957155,701679467.3545614,4011810984.67132,598122485.9547714
3120,5971391848.72906,53724895.167407185,115517918.88247412,4118055167.096685,609236715.5710262,4011811548.3025227,589269086.8543125
3121,5971278410.441445,53682960.24319966,115437312.18705925,4118052036.7296743,692207172.8553693,4011810334.852704,659452367.0652206
3122,5971153788.824196,53643569.297146514,115357049.84483652,4118051223.5012426,599630781.1387786,4011813232.2805843,614496157.9360689
3123,5970997294.758082,53601317.203071244,115279078.46794945,4118048138.5922375,684804711.0175673,4011813650.606513,599841323.0027571
3124,5970855823.6722355,53560341.95719545,115199305.09020242,4118047356.826281,599134546.2908975,4011814923.496923,585238617.8746192
3125,5970790749.441267,53517788.42893515,115120901.05641723,4118044078.519979,689775643.4787662,4011815057.32744,576987195.7740593
3126,5970707853.86145,53476258.78962566,115043698.18625343,4118043272.3938837,601428508.0168793,4011809286.4123573,638440311.7588102
3127,5970555612.044638,53435154.89203914,114967089.7836245,4118040421.309834,683146349.6857402,4011810406.3711495,603745103.7831489
3128,5970524546.881003,53393273.194961496,114895397.82559027,4118039649.267539,596946559.3167839,4011811061.900838,594553200.7355952
3129,5970466191.653152,53350837.02839102,114819277.06961618,4118036657.515184,685799926.2818019,4011811144.747045,585950548.9590758
3130,5970257769.092674,53308717.7475241,114741683.10432349,4118035885.15222,602491697.796853,4011811710.50084,581429077.3027129
3131,5970102743.665193,53266638.809936255,114664494.18221071,4118031904.836212,698170115.4966413,4011810488.548555,651078207.1464324
3132,5969898404.0701885,53225025.58858801,114586565.07215202,4118031006.478617,610094818.6296062,4011813277.920455,613238870.4779574
3133,5969691577.530121,53183903.40832126,114509812.23867494,4118028016.0996666,698003994.5916307,4011813702.8837233,598715808.0683416
3134,5969538213.830354,53143364.18144122,114426364.12080558,4118027018.352488,613945323.261274,4011814911.901617,590776482.2676013
3135,5969320159.427161,53105201.64479947,114350518.33730012,4118024084.3004065,693271147.7497768,4011815023.516686,582783633.4225117
3136,5969109466.191723,53063691.05364537,114271807.09685144,4118023137.09055,615432207.3457639,4011809304.362445,646750237.9002057
3137,5969087411.525117,53019785.52689037,114194301.13194326,4118019957.180462,695895696.6032953,4011810466.16358,610986261.9655297
3138,5968993122.104812,52977045.00693924,114119923.48823327,4118019106.558539,614926261.3282982,4011811137.0863266,598157581.8781261
3139,5968770623.199126,52935595.80207865,114043175.66810735,4118016114.62108,708865126.4015538,4011811237.10769,588731335.442819
3140,5968597220.94401,52893228.63063827,113967079.72899874,4118015217.9237766,616319655.4933696,4011811815.6573377,584746841.4491769
3141,5968364035.114974,52853135.562892675,113892265.23575602,4118012079.106267,694826403.1867943,4011810774.0993085,653773308.0536673
3142,5968139855.16794,52811746.40107094,113815623.87729897,4118011186.919969,605803473.0086503,4011813559.4532313,611020002.1643343
3143,5968029760.569499,52769257.070243925,113740253.34122111,4118004260.601717,686950528.5110906,4011813980.9162965,598190474.7899872
3144,5967812866.109875,52728152.560677044,113665591.68257484,4118003163.279118,605368080.4031918,4011815170.002058,586002374.3774616
3145,5967614456.423027,52686486.68604058,113592205.50169401,4117999076.284657,679625381.8819361,4011815306.272903,574510673.3689301
3146,5967469338.734238,52643998.82518429,113517365.80378418,4117998016.658833,599832232.4295158,4011809567.851665,642568242.0915179
3147,5967514664.953024,52601881.23635898,113440679.25697178,4117994849.6985054,680478798.2370336,4011810670.4720664,598747123.1207303
3148,5967392957.119956,52560673.350219384,113365895.90215993,4117993885.225747,598786460.4971809,4011811262.1464376,583852546.495418
3149,5967352581.7425785,52519397.95743973,113290383.8143849,4117990543.57037,669449880.884716,4011811342.8719,572762038.4324006
3150,5967350202.098742,52478115.931770705,113212435.96249576,4117989642.39218,597367426.5301738,4011811875.7837477,566608831.2346473
3151,5967061937.730673,52437890.49980719,113133787.43009053,4117986347.4674883,680011004.0032512,4011811093.9235625,639660469.0793672
3152,5967042243.538843,52397150.446434304,113059427.34254093,4117985381.8518486,598490984.2458228,4011813859.6327295,594161472.4727923
3153,5966705833.275885,52352797.97315678,112985418.26394556,4117982082.9105787,682440192.0042737,4011814298.990764,581327917.4150572
3154,5966700587.620937,52310874.60134951,112910051.13783364,4117981118.5257072,604940352.649694,4011815465.627588,569679763.7853414
3155,5966829915.349798,52267453.33554695,112841239.60369875,4117977740.801307,688428731.5869781,4011815598.721304,564400479.0881106
3156,5966608459.573189,52226522.3247367,112766380.00358744,4117976864.8883877,602088359.87702,4011809965.0404415,631988488.1424551
3157,5966463190.047935,52185767.340102226,112690349.96419908,4117973620.8290806,678717878.5300578,4011811057.701178,587595669.8985529
3158,5966412071.265428,52146129.6623427,112610605.71316089,4117972704.2816544,600441629.4946928,4011811684.0021873,571485398.54565
3159,5966183124.297435,52103087.25656295,112535277.38820754,4117969421.607955,682550594.3515466,4011811794.369271,561769351.3514706
3160,5966044278.051845,52064204.433955185,112458165.43763687,4117968460.731684,603414928.4519283,4011812311.3394504,553600866.6223233
3161,5965955874.153205,52026354.72539228,112382201.78565718,4117965224.2241282,675660062.6025782,4011811411.699265,628143103.4801108
3162,5965872967.323778,51985297.46055704,112304321.09851798,4117964393.963252,596360481.7415566,4011813992.859935,585978806.6569108
3163,5965740669.056174,51944680.848315194,112227083.26062272,4117961177.0733013,661217754.6921195,4011814411.4658566,574519997.7845156
3164,5965564771.165273,51903021.041567504,112152991.24337415,4117960352.0131683,592444053.9986889,4011815545.547596,568815301.7781543
3165,5965570819.514919,51861230.55556051,112078959.93183936,4117957043.205312,664964459.5800372,4011815671.4834166,560661367.2138286
3166,5965409286.251779,51821063.15094371,112001114.12844731,4117956103.3049183,595817559.8088373,4011810306.3501935,632733372.6877351
3167,5965272679.207748,51780580.14978551,111926612.90842514,4117952938.278883,664748816.6879711,4011811406.854489,591909581.4417986
3168,5965070887.7730465,51739723.34329844,111851400.67483933,4117952107.732238,593576555.0600104,4011812026.196291,578417797.9705719
3169,5964781958.276718,51697840.75571643,111775753.62106091,4117948739.557165,666664504.4369242,4011812164.918605,569509019.2412174
3170,5964669345.202058,51657289.25358972,111701560.78795113,4117947925.2122283,589729110.7694322,4011812683.1047864,559061062.6695263
3171,5964727714.146752,51618744.93742996,111625242.45669867,4117944661.3654537,663442036.4382646,4011811727.353635,628299814.0816143
3172,5964487919.878407,51579337.17641902,111547333.03683876,4117943781.2590423,585596747.7065635,4011814198.8959427,586734440.4941847
3173,5964411374.424192,51539137.82480854,111472836.47798324,4117940315.8834434,664047618.820165,4011814572.9641824,571867344.9454969
3174,5964257575.4179325,51498822.5562089,111399953.0009725,4117939147.2431355,586685194.1550848,4011815661.2414927,563218666.9840113
3175,5964063798.011391,51457520.91870106,111326875.31963222,4117935568.2399554,668914011.6733371,4011815778.9607234,557711197.500238
3176,5963922469.648653,51415851.7258955,111254849.92873442,4117934624.990434,584373533.8618777,4011810458.7194667,631132242.7871386
3177,5963819139.007218,51376623.63540716,111181482.46587077,4117931166.687687,671577278.3508813,4011811454.152933,595520268.0202719
3178,5963637600.887856,51336726.25491833,111107442.56002468,4117930189.512673,584191235.7839601,4011811990.0950246,585399009.245932
3179,5963389096.360208,51296475.86515334,111034228.94555524,4117921539.38531,672660120.7816803,4011812118.4169836,575911671.2237091
3180,5963202586.410542,51256694.97723019,110958533.38277034,4117920520.843151,590601131.363347,4011812605.657166,568088406.4345428
3181,5962984778.467103,51218789.2083941,110884700.00355309,4117916405.6770597,684334758.7904223,4011811723.070809,642701649.3143799
3182,5962814592.637226,51177438.68303161,110810386.28693712,4117915053.2812223,589722558.8135912,4011814173.723584,607043762.2327106
3183,5962611968.358877,51138116.32892092,110737148.49070281,4117911114.6323037,684837267.5091916,4011814610.010124,598232170.6312876
3184,5962592495.734025,51097949.06369019,110664865.97262336,4117909799.8034625,592086819.3829473,4011815698.916292,586524497.7560533
3185,5962362403.2488365,51058775.10379332,110592650.95438322,4117905998.2359595,681887071.469532,4011815829.0538087,579660580.5141855
3186,5962178692.768771,51019022.2478101,110518165.93487008,4117904889.4044538,591076164.8026872,4011810581.092078,660350186.6858281
3187,5961996836.151445,50979955.348730005,110446451.18963031,4117901008.5341244,692046012.3174596,4011811516.462572,624294118.4522903
3188,5961869340.292608,50940171.07430015,110373244.95499475,4117899824.456611,592256812.6633718,4011812031.4800887,610595415.175385
3189,5961655826.826501,50899071.12507864,110299185.44513582,4117895897.3137336,686212648.3464147,4011812103.1655493,603728739.2890065
3190,5961453976.841234,50858800.10854899,110224970.30425215,4117894813.0400524,594205380.6904004,4011812581.031723,596076723.2985039
3191,5961197002.5204115,50817833.01789502,110151912.45431505,4117890930.8647923,687071133.7090456,4011811720.900842,683240697.3238589
3192,5961230370.727826,50777944.48147975,110081418.3779482,4117889805.04775,595868615.0289516,4011814078.963653,641194565.740571
3193,5960972157.739481,50738848.18284061,110009143.59418082,4117885909.9653015,686305398.800086,4011814450.9564123,627341587.4082124
3194,5960806981.006265,50699773.93362475,109937283.23857747,4117884807.285992,596418810.5508233,4011815488.109523,613776874.0405743
3195,5960591453.2912,50661615.18613266,109864911.32063186,4117881011.6694365,680881292.9787914,4011815625.886223,605153941.839821
3196,5960482438.466133,50622214.11959217,109793467.84338562,4117879918.717567,591484571.9168469,4011810458.4100504,672841576.2709646
3197,5960306270.627668,50581927.677089505,109721488.52157421,4117875928.0986314,682514697.0892761,4011811461.0507293,637975766.082281
3198,5960106086.468655,50543149.848812744,109646760.93937205,4117874830.3068066,592053629.7925344,4011811902.878082,622549928.5771536
3199,5960039117.940301,50504843.422825895,109573640.5484382,4117870882.425207,675274869.034525,4011811984.7077785,616212895.8305551
3200,5959893017.793258,50463818.4131286,109500530.39997981,4117869747.179681,591298678.0008504,4011812435.374749,603772276.3035393
3201,5959798228.903274,50422118.03735991,109429474.08554399,4117865766.0980496,675640550.1127568,4011811861.6318054,683950748.0896293
3202,5959644985.82648,50384226.79816419,109358262.8240561,4117864682.0267363,589931082.1727448,4011814241.3810034,640398002.8350369
3203,5959412306.581324,50343098.802307524,109285283.86259912,4117860755.8548784,682358490.1436149,4011814624.75971,620946784.9958357
3204,5959181322.548048,50304017.695744924,109211615.0143768,4117859738.512432,590892848.7425045,4011815650.7489533,611418921.1725534
3205,5959037145.5459175,50268900.07555615,109138168.07454737,4117855616.7511225,671503189.1042037,4011815769.7071805,602540468.0904785
3206,5958935300.76111,50216767.40230274,109066316.43046334,4117854519.668518,587124339.0112964,4011810559.112868,680191257.0991265
3207,5958718945.248975,50170570.25082965,108992673.78956923,4117850627.009596,665173786.8885499,4011811448.4837875,645595528.9543774
3208,5958585089.075641,50130304.05421861,108920085.49114959,4117849594.4337234,584570278.202777,4011811884.8661656,630100751.5667379
3209,5958488213.752737,50091816.66144731,108849788.49198937,4117845499.46578,677053593.3293583,4011811954.847809,615871447.4095489
3210,5958533384.911066,50055058.325093076,108776496.6606355,4117844519.174918,589727800.3708398,4011812359.953684,607941153.16948
3211,5958385812.518081,50018361.76362729,108704693.58273123,4117840529.3591585,676012920.0210568,4011811705.1020527,681914748.7344639
3212,5958183501.562127,49976348.842345335,108629399.72514968,4117839575.8566074,592348601.4142183,4011814016.0561533,639697998.915628
3213,5957989911.77171,49936674.17110843,108556351.39789994,4117835604.5225153,677024437.5364953,4011814397.1053824,623516219.4489651
3214,5957772428.585868,49897843.65666592,108483355.43241474,4117834514.5470133,593379122.6071978,4011815395.1702585,618849082.6487622
3215,5957587038.572066,49858507.23628647,108412821.89255942,4117830601.349761,671605543.7681943,4011815526.2088723,615018100.960102
3216,5957439697.63722,49821913.80380528,108342605.83657543,4117829619.2241883,589733109.2702774,4011810588.8228436,695028944.8775123
3217,5957493202.4035,49783236.1847935,108271919.37992415,4117825478.173967,671453175.9568644,4011811508.0325193,643137905.2365509
3218,5957459793.9037075,49748233.4810167,108198990.20327625,4117824400.8794246,591176360.4294226,4011811951.1340523,623349627.2272314
3219,5957272315.2261305,49711119.42340927,108125240.35979272,4117820583.887628,671255391.9592708,4011812013.3537445,609033713.4010615
3220,5957060233.947992,49671019.29616539,108056028.66540897,4117819603.140362,585158262.9137113,4011812426.356593,604428442.5125805
3221,5956872876.86799,49632323.52233601,107985599.2456405,4117815316.3039126,665971739.3806909,4011811614.4291697,667923906.4250895
3222,5956650470.893668,49593703.196977586,107914907.90346695,4117814270.246161,584067065.5521342,4011813769.56568,626247651.9607557
3223,5956458936.851944,49557303.04755206,107840634.79774076,4117810463.974808,665784167.8974046,4011814133.4655356,610521234.6083376
3224,5956237519.022357,49517199.40512914,107767244.12385544,4117809371.372299,588375257.606556,4011815092.452235,599769371.1818734
3225,5956055509.648826,49476510.33354149,107696515.96234778,4117805233.5564795,676035420.8403434,4011815212.4382634,590931375.7089024
3226,5955828337.408982,49436319.677665755,107625493.81513469,4117804163.0074987,593266940.7725415,4011810535.7197843,663060309.8422205
3227,5955717298.156067,49397636.92029408,107553146.31564423,4117800407.083454,679755590.7076712,4011811620.763206,623255942.7493085
3228,5955484644.77812,49361576.81376171,107481101.25124791,4117799441.245009,594000107.2396032,4011812114.640481,608243422.2981688
3229,5955537017.325651,49322504.01951934,107409554.13109057,4117795118.183053,684746415.0527062,4011812248.792513,596161938.3277042
3230,5956068588.329615,49286928.92259612,107338874.95526409,4117794019.827411,598328288.4763772,4011812686.1517334,588686573.3398923
3231,5956082499.004963,49251623.83678642,107268031.10098979,4117788525.813397,682662746.1820418,4011811854.8318105,663380339.5344727
3232,5956032496.314421,49211685.9216292,107198451.42957868,4117786285.1152253,594758250.8921152,4011814005.0224648,621835491.9020774
3233,5956045665.655286,49171714.900501825,107128165.00852239,4117781323.919578,676873011.2986186,4011814358.042784,609637673.6268722
3234,5955878368.110952,49132403.28839652,107054986.77098858,4117779543.2310934,594359731.2483228,4011815318.235695,604568530.3079635
3235,5955697225.476452,49093296.57844307,106984623.05703375,4117775076.2518663,678988779.5497271,4011815435.917193,603097705.0903158
3236,5955488787.755354,49053056.56511257,106915880.46771412,4117773744.0763254,594590524.0948578,4011810451.5914598,686427541.5890986
3237,5955336047.525077,49014069.833222225,106845059.06597178,4117769466.099235,671700443.9290285,4011811274.0154877,646188014.3515579
3238,5955162479.757344,48975214.36699574,106769938.91642687,4117768243.5088916,591415872.761427,4011811718.9011135,630259311.1663793
3239,5954960421.1190195,48936005.00960562,106698686.61716372,4117764178.0661182,667010312.635377,4011811808.1523304,618824724.7590387
3240,5954911108.192505,48898583.95559885,106624533.22154734,4117762925.072706,590767360.1358515,4011812227.8597503,615185933.8194257
3241,5954783842.622171,48859057.97855187,106553673.45164835,4117758692.888153,665164789.8911302,4011811396.8595986,706152180.6198908
3242,5954578138.427981,48820125.814274326,106482756.42279047,4117757576.8394303,586561084.2776047,4011813548.1879754,675494983.3633158
3243,5954509224.859358,48781848.07759572,106416766.83695912,4117753484.4001284,661382044.0581996,4011813888.154382,668415257.0442169
3244,5954352020.207104,48743392.79765164,106347734.94492844,4117752300.8174777,582352956.4164344,4011814780.600725,657570266.1616488
3245,5954138615.464825,48704995.237948135,106281550.31302366,4117748034.789379,661537999.843624,4011814886.060481,652838148.2727671
3246,5954033700.474922,48665871.272958584,106206697.89121738,4117746966.2774773,586956567.5184282,4011810116.761138,759453882.6939644
3247,5953934632.358522,48628023.07115928,106134074.88970086,4117742810.047289,666033432.0796353,4011811115.6572165,714386771.3724316
3248,5953985126.001535,48591177.31144888,106062834.2377748,4117741656.061991,585756766.04287,4011811580.2085056,699042518.1909585
3249,5953869167.661036,48554226.91441851,105991353.42573059,4117737302.08539,664304752.9042102,4011811703.8435493,697861573.4888117
3250,5953824212.244799,48512391.825347215,105920272.36410116,4117736233.0469823,591758300.3387153,4011812141.125142,687873532.7867754
3251,5953760579.041577,48474726.580057986,105849690.94487642,4117732148.009028,666815786.3313628,4011811438.810376,793725973.4336394
3252,5953711057.709372,48435307.11553216,105781691.32154058,4117731048.9296966,593528003.9261591,4011813574.8768444,736502330.4556423
3253,5953523550.765898,48396597.511033535,105704661.78681521,4117726834.7780094,669372534.5375992,4011813963.898731,715295271.0622902
3254,5953671333.543563,48359067.51848289,105635261.57904565,4117725668.36846,591962279.1184882,4011814881.6276193,694745760.31284
3255,5953545064.0435295,48322098.28907853,105567497.51702844,4117721590.227067,673047404.6764083,4011814984.7121587,678070261.010796
3256,5953442707.035065,48284644.240421176,105492539.15739189,4117720553.6235485,596770141.8883677,4011810106.495134,744525398.2585875
3257,5953311623.796475,48247867.59933961,105420532.11457177,4117716307.6694374,675295954.669345,4011810997.2382298,701419506.734331
3258,5953209435.314461,48211283.82610916,105350277.24605954,4117715221.1616535,596811857.9900675,4011811415.4661574,684507966.7203108
3259,5953008701.663518,48171095.40768044,105279255.82683022,4117711112.6751266,666327188.7384831,4011811505.8938193,668382566.127922
3260,5952916740.565673,48133518.40284278,105208749.50795254,4117709828.6510234,594886265.4345362,4011811898.867342,651341295.6547458
3261,5952770104.174199,48096202.75563623,105149338.45928614,4117705493.969254,671381271.912633,4011811143.6297646,707025838.1012429
3262,5952743351.401377,48058632.72272766,105074925.00682664,4117704417.072442,592095107.3532785,4011813216.115765,673490468.3306447
3263,5952638248.037646,48022366.17693603,105000398.82535604,4117700349.0591645,666916703.2423606,4011813542.1497555,663882267.3420999
3264,5952489220.633373,47985631.72294212,104930206.30966468,4117699199.9112444,592662741.2954642,4011814451.4653296,655068758.9069724
3265,5952341238.628422,47948169.37363556,104855571.4841528,4117694862.3882775,667791583.2317393,4011814560.810595,646653576.8718797
3266,5952277254.2768135,47910736.06080196,104784286.11419368,4117693763.650905,587943193.2732342,4011809839.050685,714394057.179577
3267,5951980339.794619,47875002.5510698,104718838.80720365,4117689336.972915,664633544.5447013,4011810763.9583726,675456529.0551194
3268,5951972257.220675,47837189.70321085,104656127.67072904,4117688219.99753,590065179.9115267,4011811199.254732,657705087.9422798
3269,5951757024.762674,47798887.477483094,104579329.68172094,4117683874.967703,662766162.5913082,4011811292.8563375,650275452.5917017
3270,5951574153.642266,47761466.677567974,104509371.2232198,4117682603.7081184,591738371.2786382,4011811673.1710086,640350203.0582414
3271,5951355435.464113,47727059.95299645,104437954.82944474,4117678417.786359,664643034.3219004,4011810786.531011,706162663.9554608
3272,5951189595.296177,47688674.69738885,104367392.5447084,4117677287.386367,593941469.0017498,4011812695.1482043,664751416.8825722
3273,5951081508.989126,47650281.45744644,104296958.33787385,4117673012.0624995,669257253.3865687,4011813020.9895945,651439962.3265446
3274,5950978254.428636,47611553.57586121,104227746.42267947,4117671945.8220224,594481357.4762242,4011813902.137829,641427771.4714956
3275,5950819970.355674,47573259.54426645,104160710.14858657,4117667727.338742,668453196.1856296,4011814001.1608315,634705049.8718011
3276,5950770016.064614,47535571.415867314,104093262.15563509,4117666538.6976185,592349949.771601,4011809227.6605716,697828379.6397597
3277,5950516931.998421,47498831.57710099,104021367.16283026,4117662488.8851333,668218149.7800694,4011810224.6527886,655041526.3255135
3278,5950356136.304507,47462068.163982,103951379.70882678,4117661405.8676977,593068690.8268865,4011810668.9479995,645654485.0290554
3279,5950128036.023699,47424573.508112915,103881239.09559613,4117657226.6132255,678496155.2858526,4011810768.730384,633662592.9086804
3280,5950057922.808756,47389410.661949895,103810874.18111297,4117656021.6781225,595234541.6327517,4011811146.2449007,626063934.6988163
3281,5949873159.281591,47351929.90542344,103743096.87615913,4117651873.916752,671376708.9191945,4011810313.520512,689713742.0471394
3282,5949685614.33595,47312118.67226895,103673804.89151648,4117650738.3423686,593354088.0942059,4011812308.3815284,653921966.786748
3283,5949723209.913918,47274853.71966996,103609065.10683286,4117646535.7624702,670312189.12384,4011812639.8194914,638781483.4938838
3284,5949552825.615519,47239109.97447747,103536414.23727076,4117645370.156412,587719408.6661086,4011813529.7816877,625580368.2511542
3285,5949440117.398954,47203095.60652615,103466005.00586595,4117641169.7626843,665923737.0397049,4011813635.702178,615386180.2955638
3286,5949321370.4640045,47164054.030974045,103396969.13216953,4117640014.46502,591943740.9823815,4011808824.91184,671720572.9875928
3287,5949152193.138026,47126114.97047437,103325781.91570765,4117636099.3390574,669089390.7744986,4011809734.719653,636209972.379314
3288,5949071434.754115,47089158.20776141,103259307.29690403,4117634940.101245,589975723.2045828,4011810115.234058,620788451.2363943
3289,5949261299.194587,47053711.14887565,103192610.56590013,4117630757.7110324,668034969.5353115,4011810195.982125,611595260.9873334
3290,5949105003.704927,47016830.72454895,103122460.28123307,4117629595.6898174,586756634.6359007,4011810548.876755,607506315.5028325
3291,5948939371.282734,46980070.14904622,103050667.73178168,4117625517.6084146,659997814.4503351,4011809685.718048,671267150.8410972
3292,5948740982.537198,46943238.40817584,102979214.67574196,4117624380.27929,582338416.5010184,4011811631.3598256,631676713.5802453
3293,5948550618.429518,46907144.87471337,102913880.4390394,4117618044.6021223,661040737.7506701,4011811929.5915546,613068456.9327998
3294,5948455647.558361,46870768.93624546,102836366.90861872,4117616748.598437,581485494.3088192,4011812757.2821264,603028783.5381204
3295,5948068270.493127,46834655.768637896,102768205.39113836,4117611960.6042695,659524844.8759745,4011812829.11297,596119784.4255339
3296,5948022564.410226,46798205.37126928,102696926.38183738,4117610529.5568895,578657741.7728639,4011807868.4196687,662804370.8339169
3297,5947933740.449717,46763149.74922039,102623961.89653935,4117606301.398245,651351810.7840973,4011808791.6361237,630351137.4963123
3298,5947814353.633912,46727392.87636532,102553920.9717002,4117604919.156626,576546356.8753378,4011809117.9157443,618958911.3519484
3299,5947714719.896851,46691488.647614755,102489193.22273077,4117600332.645774,662105829.9592999,4011809151.3775444,608129592.7703563
3300,5947688765.7050085,46655090.06024377,102422607.74198535,4117599127.4190063,578831405.3097514,4011809464.363155,604276971.609438
3301,5947511588.900425,46620544.85216437,102355134.6142023,4117594699.323637,660272060.6138337,4011808591.1762037,679005764.0432392
3302,5947337161.616991,46584272.07563724,102290871.00186871,4117593381.8304105,579792279.3704178,4011810527.697651,636687032.5890229
3303,5947293032.060423,46548693.052766226,102222406.49436861,4117589085.17537,657481741.8536768,4011810811.1083913,622228569.6032988
3304,5947109789.612653,46512073.18038432,102154235.10529344,4117587980.739155,576066033.8284549,4011811577.2205167,610398046.9874814
3305,5946915209.96851,46475829.198164575,102085325.10857965,4117583619.936345,656885195.5148572,4011811583.69695,603232305.3494449
3306,5946754560.938252,46438747.66075457,102015210.94462541,4117582400.8758492,582111287.814998,4011806362.9550743,676721359.5473745
3307,5946639694.8844385,46401532.28021616,101946713.4299573,4117577931.1022763,657041984.7522293,4011807308.9871144,636257180.558563
3308,5946568325.446459,46363299.65835323,101876852.33813362,4117576562.2006984,580754336.9324648,4011807598.569446,618752958.3424516
3309,5947200024.077505,46326228.7774003,101809197.17139706,4117572290.308189,663226538.2911733,4011807571.6836667,606922886.7500273
3310,5946984194.433477,46289377.66199389,101744655.34198456,4117571106.7596884,587704742.3621229,4011807783.441937,593975599.3417301
3311,5946935439.934964,46253382.680021614,101677748.87394577,4117566501.7100434,672198259.3843235,4011806557.2990246,666121601.441843
3312,5946679337.008077,46212561.281087,101609882.48356256,4117565345.4587703,590058322.280069,4011808248.182446,634578011.9662262
3313,5946710763.599181,46174351.95755989,101542061.06521013,4117560997.961728,667015413.8316991,4011808404.9048753,624362422.9283495
3314,5946716223.266073,46137684.8026531,101473692.48630622,4117559729.1533127,592776611.4460056,4011809013.0105977,613891365.9935344
3315,5946591757.110535,46102819.45508942,101405165.23349808,4117555040.933453,675674686.1638427,4011808905.9784417,605112432.0383974
3316,5946359592.737142,46068169.18717906,101336488.7118978,4117553798.0095634,595150162.0949987,4011803146.146958,681755111.4227394
3317,5946131451.735303,46032145.47734601,101268583.23703937,4117549231.344313,668381833.197692,4011803866.384836,640036084.9935523
3318,5945931064.139365,45995462.377267055,101199663.44142015,4117547918.4587436,595123317.206215,4011803911.6491156,627548865.6855626
3319,5946005636.624202,45959727.286809444,101131722.28784838,4117543168.4392595,665159476.9351311,4011803680.4658713,621733342.7155743
3320,5945827522.133004,45924727.66391216,101066517.9425964,4117541765.7821555,592822455.3096036,4011803712.9013467,616059680.7526342
3321,5945588569.295373,45889347.258148886,100998151.1825257,4117537124.823697,666729030.2147365,4011802096.317811,698318741.1286327
3322,5945499801.558551,45853562.39271616,100934145.62836006,4117535741.749634,596305012.4673082,4011803504.6914945,655727034.1242359
3323,5945373658.5419855,45818665.50589216,100870325.33360673,4117531130.177723,670543172.263038,4011803489.6839347,641894265.4883279
3324,5945192218.417351,45783068.77748925,100802107.73380531,4117529699.773749,601286002.9548093,4011803924.344981,627554546.1317103
3325,5945001238.223085,45748413.17525158,100734695.46272875,4117524932.495644,675424866.9488428,4011803747.400357,619219020.1968796
3326,5944916461.583684,45712313.78936076,100668055.17852269,4117523464.707025,605632162.6588906,4011797221.4975038,689904460.6489402
3327,5944936592.1288,45677314.7752282,100601798.14278214,4117518787.633848,675627510.1120256,4011797606.2876706,646666313.8589203
3328,5944898274.719912,45642091.459013954,100535691.02765512,4117517164.1131573,602063309.4826767,4011797575.480188,634169099.1817408
3329,5944502071.230623,45607083.02694619,100468635.98181874,4117512203.34497,669902804.3416317,4011797301.053087,620008044.9588652
3330,5944517280.285089,45571188.62534278,100400055.12663208,4117510208.68843,604728962.8036504,4011797345.2478104,610797928.2912179
3331,5944151722.705302,45535051.74701956,100335157.26358975,4117505231.858606,677340594.0766537,4011795807.679545,677552660.0453545
3332,5943983362.239764,45500754.33944796,100271166.95843174,4117503206.682225,600617288.5464894,4011798092.7620697,640939294.266081
3333,5943783191.110642,45468774.7875884,100203875.11667573,4117497865.7455034,665922355.4069448,4011797058.4754105,624002767.692072
3334,5943642563.348592,45435367.58549758,100136998.34296475,4117495707.790829,594480105.3103148,4011797211.0622745,614323812.2518902
3335,5943464391.3980255,45399148.10693737,100070855.33304529,4117490455.441498,668292319.3841238,4011796894.184966,607004179.8620441
3336,5943398375.616559,45363124.25794044,100001610.45444693,4117488031.8024225,591837829.4005272,4011790673.328718,674950104.4332514
3337,5943309708.183995,45327066.38918155,99936116.0182905,4117482677.424734,664731361.7914162,4011791275.7329755,631850081.1828227
3338,5943210380.720391,45291430.497723855,99869326.24204853,4117480449.5399656,588004346.768383,4011791385.071585,614482963.6191306
3339,5943036852.589842,45256528.83193625,99801215.11824515,4117470705.392933,667806254.2697792,4011791271.937407,602076020.7634217
3340,5942863437.398781,45222537.4665374,99736407.1918446,4117468295.6287503,590437095.792952,4011791373.4014797,595462283.3485157
3341,5943069856.236757,45187636.52683914,99669170.52630262,4117462862.014801,665568334.3418002,4011790297.577757,660215992.1646025
3342,5943292450.212291,45152894.4990034,99601169.65859832,4117460521.0359335,588369446.9607118,4011791873.620434,621453141.8518257
3343,5943246149.606359,45117646.99164373,99534843.39057668,4117455174.39662,658291165.9982243,4011792143.9359417,608281450.2210307
3344,5943176124.004234,45081446.35463774,99470260.98417284,4117452970.185638,587210292.8261534,4011792800.639117,597168954.35422
3345,5943144468.444834,45046082.715461485,99403805.4552836,4117448180.595885,670939484.3432921,4011792847.9480915,589646598.2558134
3346,5943006051.558147,45010563.56203877,99339426.88776493,4117446180.8431044,590166647.2472268,4011786954.511066,650668700.5127805
3347,5942861528.144284,44975530.56446099,99274086.28696881,4117441297.54055,672330932.7648593,4011787997.437023,611815424.7989527
3348,5942529012.347049,44941300.32549324,99208199.9607529,4117439291.0864277,589841184.9648739,4011788215.0852056,599439733.7100545
3349,5942168266.788445,44906481.07996985,99145439.690799,4117434372.15244,667595685.5369064,4011788253.546821,591489423.2348047
3350,5942228499.359787,44871446.064890005,99078759.1774982,4117432161.4567556,592033263.4229522,4011788489.948987,581226540.9219079
3351,5942086026.666154,44836663.59873502,99012796.89335932,4117427006.6601954,676452000.880733,4011787876.226839,645429696.9353557
3352,5941895475.14152,44802393.74913018,98945561.07057828,4117425120.871168,593071673.4229102,4011789521.176453,611226357.7118343
3353,5941841998.1454,44767452.444978684,98879762.9690425,4117420278.455792,670864831.787843,4011789906.60744,596934405.0037004
3354,5941675350.829652,44736211.18567217,98814957.49992356,4117418302.149705,589739520.6216733,4011790629.9256806,584121109.572395
3355,5941486986.369102,44696034.25056878,98747934.42878206,4117413699.0248404,674200297.4113243,4011790758.064126,577492547.0818743
3356,5941630690.174032,44660370.25327613,98682133.45246688,4117411802.839821,588438892.378229,4011784870.0929976,643261509.6571789
3357,5941237833.307789,44625257.12744644,98616243.30114862,4117406920.3282123,669722582.7503533,4011785964.97424,604693474.0615778
3358,5941261195.264712,44591003.9682778,98550014.30275294,4117405031.2357044,591496893.4365172,4011786197.5263934,590733809.5683889
3359,5941284896.543067,44560031.17299314,98483921.13679369,4117400153.2083282,685406663.7829204,4011786359.085932,581303406.72522
3360,5941119037.635716,44525476.005135305,98419873.29506713,4117398275.6451163,599298060.5487914,4011786659.7198157,575357304.7464141
3361,5941037475.552245,44491058.65460447,98350602.81072685,4117393310.838324,686375951.9603969,4011786208.176046,645469530.9951812
3362,5940761915.359779,44457265.49146337,98285110.74017465,4117391437.40273,595135309.6937354,4011787926.28635,604539858.9387732
3363,5940660647.0585165,44423869.71678394,98221209.39159843,4117386791.079935,674469411.5871114,4011788337.0336313,591475527.2307794
3364,5940441968.6307955,44389408.96225507,98153625.36610483,4117385143.8198137,590490851.74944,4011789049.1522775,580944748.5508485
3365,5940277224.529477,44356229.05379746,98089572.39514546,4117380321.5032406,668412481.0741532,4011789218.3660007,572650509.595958
3366,5940223180.4852495,44320718.41130624,98022396.353282,4117378398.7149563,589181431.4772692,4011783474.6018167,645529988.9616975
3367,5940103335.115,44285782.10943497,97956476.85437289,4117373620.488713,668997387.148679,4011784728.809201,602538204.3310694
3368,5939899447.509189,44251502.64833925,97889923.12497081,4117372003.4780545,587616595.2590061,4011785020.9770517,588909812.4392943
3369,5939714449.254802,44216935.75872183,97825217.78805351,4117367377.4898186,666919855.0544255,4011785256.993509,580471501.0919405
3370,5939567018.5401745,44182017.2414479,97760591.23776884,4117365857.429554,588078480.1260703,4011785560.86969,572656281.4140145
3371,5939430117.668698,44147422.86241033,97693500.92282613,4117361374.589354,668503260.1974089,4011785328.1715302,644220700.4846231
3372,5939290668.321015,44113835.09127923,97627278.1006542,4117359882.500136,588535689.9292151,4011787011.116936,611618512.6616875
3373,5939234630.093791,44078995.433570445,97562361.63184202,4117355404.953797,671227841.0796589,4011787527.739174,600831167.5368195
3374,5939127267.770319,44044352.686207876,97498298.33951677,4117354084.631129,596158073.7593871,4011788179.787407,589738668.5793813
3375,5938936010.593155,44009834.89297366,97429127.66582397,4117349548.964592,685091399.3822957,4011788400.681558,580624304.90018
3376,5938919096.375265,43975382.249690406,97363815.09237115,4117348357.648879,597523909.0490563,4011782590.049839,650266418.4480515
3377,5938806383.772162,43941013.694779724,97300004.78238365,4117343894.7600536,678608407.7647015,4011783926.94276,614344580.3639576
3378,5938608537.4034195,43907519.65142312,97234439.79151046,4117342533.375667,598623717.9681731,4011784156.748878,601934667.6936756
3379,5938495851.846403,43874352.34702951,97169348.87024564,4117338141.908018,679549835.8924721,4011784385.811116,592483249.1784261
3380,5938352785.199819,43841458.069775596,97107644.82808061,4117336781.900965,602610557.3327689,4011784680.88739,585132340.8006189
3381,5938147663.085408,43808264.90747257,97042317.92797805,4117332294.168435,689731512.0222794,4011784496.6163735,659756552.382541
3382,5937961108.31728,43775807.31707115,96979807.28549562,4117330924.337986,612528099.3655205,4011786081.4095054,624800225.6600804
3383,5937877202.370627,43744487.402623795,96915188.79365125,4117326570.6886306,689020683.5717053,4011786597.277792,610812836.0299919
3384,5937782072.403182,43709753.51062639,96851309.24413426,4117325279.6856556,610487558.69078,4011787252.4512453,597814240.6882523
3385,5937652328.046761,43674254.27672489,96784794.68057989,4117321046.227233,691280594.7647512,4011787490.8052006,589501952.9566399
3386,5937444220.132273,43640921.392303206,96719498.2006746,4117319844.1375546,611964297.340924,4011781562.004776,660640161.7636274
3387,5937306749.743088,43607058.6921322,96658143.38664196,4117315284.0347505,690737800.8704983,4011782983.5297546,617514488.9463326
3388,5937102966.8875475,43571065.10359799,96595994.84180242,4117313979.8082633,612376425.8660758,4011783215.420364,603654577.2805687
3389,5936914707.63594,43536202.15683392,96534077.13444091,4117309643.2101436,687877159.7735116,4011783487.9296365,592601336.0715461
3390,5936831063.852438,43500694.26169448,96473133.7457745,4117308308.373077,611598506.4152071,4011783781.628358,586817217.7098956
3391,5936708587.817931,43465266.770615585,96404357.19590634,4117303929.4985437,683930476.2414058,4011783732.265066,659082474.876834
3392,5936480093.525891,43431184.95949866,96339731.57705072,4117302620.5224233,605960075.8879205,4011784182.7569275,617337604.5062131
3393,5936235220.554486,43395801.063459635,96273357.28072071,4117298318.987759,671122555.4485795,4011784371.770825,597023006.5634549
3394,5936092573.662737,43360121.97187271,96211103.81300494,4117297002.8678894,606107226.5025228,4011784938.0615325,588473365.127237
3395,5935863154.798199,43327213.2800823,96147243.32296002,4117292584.1279464,679192048.8091079,4011785158.701887,580617291.5085433
3396,5935704510.685179,43293022.173277445,96081896.57347617,4117291183.2467966,606285717.2844752,4011777889.2740307,659263531.5819145
3397,5935546910.870547,43258588.41414043,96017863.13839523,4117286528.29123,672487514.5846723,4011779198.9260406,614997489.1369913
3398,5935446296.108948,43224960.77709443,95955000.31051,4117285188.302102,603052602.9339461,4011779257.1134734,601081456.3796998
3399,5935309476.655976,43191667.10009023,95893420.39879608,4117251370.7829757,673926678.3833008,4011779500.989185,589393263.5310447
3400,5935188996.491231,43158573.38381558,95828234.07762325,4117226634.4808836,601366375.8098539,4011779681.6195927,586572815.1891886
3401,5935254537.855789,43126212.56229796,95763613.21698606,4117210839.850669,673952444.9683261,4011780002.3071556,666748488.4934933
3402,5935075283.209188,43093560.108180605,95697917.23348795,4117197538.745065,599692446.901229,4011781497.229637,629188315.8876647
3403,5935049896.389482,43061096.80573086,95633399.2946387,4117188956.8783455,673306957.3452842,4011782129.6655445,615724329.0735176
3404,5934976219.647773,43027850.04944412,95569994.1626969,4117185224.724872,596762157.4553639,4011782708.33972,601549323.3399017
3405,5934963465.465286,42994264.654815644,95509146.21944027,4117178229.502142,673789674.9115874,4011782964.3569574,595406019.0324768
3406,5934835347.930789,42961800.06537357,95448445.48273176,4117163277.8870225,594629196.306464,4011776337.6257267,669824486.1195343
3407,5935039184.134987,42928366.893450975,95384837.83531119,4117149649.7196264,664428569.4292964,4011777812.899258,633396532.011161
3408,5934793455.525535,42895699.03371582,95321932.65983829,4117142295.7496967,586084197.48165,4011777894.2377276,617999487.8513633
3409,5934958372.749227,42863604.37154769,95257191.66621585,4117130623.0159903,657120043.6356667,4011778184.061874,608517249.6029767
3410,5934942502.205892,42830305.6561355,95193702.61212507,4117125097.9274316,584878614.1841971,4011778346.765266,601954360.3776152
3411,5934761454.34513,42795958.45668278,95129473.26130384,4117118629.1938577,671808920.492407,4011778567.038115,680859339.9083054
3412,5934570670.491799,42764280.3698001,95069177.83109874,4117116153.5762963,591562018.9463023,4011780051.8513393,637634020.7191468
3413,5934568098.597307,42727477.65013604,95004083.3967662,4117110986.310265,677143493.398527,4011780665.154054,631044851.5401607
3414,5934414425.173755,42693170.077020794,94939393.15670879,4117109087.6864476,594504728.1052381,4011781193.045224,617526651.8370556
3415,5934627223.019418,42660584.27883478,94875569.05196272,4117103905.9793105,680129303.1641135,4011781384.448618,607754258.5146267
3416,5934528943.414085,42629017.36887983,94812289.04349883,4117102220.8890495,596046788.4930664,4011774690.5217633,675519822.267979
3417,5934505257.746051,42595686.79243243,94747875.4488566,4117096972.8174725,679912780.0158345,4011776166.4181423,630764761.3626268
3418,5934381732.714754,42560153.50601596,94684251.89648312,4117095322.4688506,598621069.4808576,4011776204.1590147,618279687.984916
3419,5934274034.278575,42526862.076115124,94622095.86667149,4117090091.999894,681941622.7175214,4011776449.4533405,606258612.9684168
3420,5934498076.808221,42494245.557873406,94558872.14330743,4117088327.647374,599923566.2408504,4011776574.550558,598329949.7076048
3421,5934000839.294942,42460073.25582991,94495515.71385187,4117083072.839319,684271560.394336,4011776764.0368896,657620947.2178749
3422,5933849483.993664,42427287.10540855,94432902.11560719,4117081298.394273,599914478.8957974,4011778213.9818625,615663750.152946
3423,5933617213.56193,42392918.627874866,94370752.76893139,4117075962.399589,690371500.6212558,4011778771.0872436,598267397.4091748
3424,5933439337.31654,42362911.48638433,94308821.46657334,4117074224.4825745,602099550.0278224,4011779332.0660033,587571807.5485443
3425,5933226503.932107,42329678.56450897,94246178.9708681,4117069031.2740393,697260079.5280341,4011779528.381898,579683655.4159558
3426,5933091994.545853,42291774.939274184,94184889.30949338,4117066965.330937,607073856.3159908,4011772696.648149,648270757.5227003
3427,5932977304.242919,42254957.69061067,94124426.82340044,4117061603.6081057,697840455.3191762,4011774300.3337264,613900801.5368892
3428,5932822379.943008,42220680.392914675,94064837.62265433,4117059564.813482,607419390.8407878,4011774412.3705134,600591891.8429922
3429,5932813418.225449,42187243.00833155,94003310.36527567,4117053879.8056808,699379768.6274744,4011774705.621121,590770702.040501
3430,5932800186.205196,42153715.13062989,93940901.16081087,4117051814.749829,612382484.6290123,4011774878.6008906,586003070.4376534
3431,5932608362.973561,42118307.85955021,93877851.87281476,4117046915.315516,697926101.7885702,4011775120.6210804,654401784.247379
3432,5932399353.63838,42085917.87621388,93815461.08515087,4117045071.4016943,606618250.4456017,4011776795.3971453,611253357.2166461
3433,5932230505.720057,42054672.592225626,93751272.8584701,4117040014.2653327,690767049.0664835,4011777427.041994,594378114.2514411
3434,5932119107.597683,42022274.256700605,93688950.8251398,4117038019.633703,608507183.63115,4011778016.906312,586127760.2337689
3435,5931958884.407562,41988951.13518127,93627014.9287847,4117032999.1187043,695000559.7358885,4011778269.979074,579252680.0341624
3436,5931783198.420849,41956560.499904715,93565646.62927598,4117031006.2212605,610166563.180321,4011771478.3349323,646175891.0382081
3437,5931686586.805578,41925022.18971782,93504680.44564784,4117026060.6479216,695561040.6416568,4011773131.2525916,609302698.8210003
3438,5931525254.988437,41892761.16060652,93443734.22067061,4117023876.98099,611674433.2860357,4011773233.330436,595704351.4161985
3439,5931380171.213384,41858138.82323882,93383528.6199658,4117018814.330593,698825349.7378913,4011773548.644546,584339238.7633468
3440,5931178060.546176,41823073.235178374,93320564.80049476,4117016449.3029356,609113957.618407,4011773767.4999156,578603277.5314311
3441,5931000306.342204,41788440.266457185,93259174.08985518,4117011061.8818707,696074149.3681221,4011774067.70973,645654635.7020617
3442,5930994816.217789,41754809.85954479,93197581.8684633,4117008420.846774,607331354.4012485,4011775752.633825,609802119.4170194
3443,5930648102.849513,41719944.230747215,93135800.60237548,4117003168.0096865,694721481.359482,4011776462.632223,601373812.5292281
3444,5930539868.589204,41687175.24486907,93072754.50544322,4117000593.361545,607381069.0547571,4011777098.1041965,593013473.976467
3445,5930452960.127849,41654794.31966467,93010175.66500905,4116995144.3815484,688891112.4753067,4011777409.048466,591851849.5988442
3446,5930296947.437263,41620841.40125496,92948145.04180844,4116992744.7945366,604446737.5677228,4011770658.950258,675565147.5621934
3447,5930275711.227333,41584533.28163498,92886192.23648626,4116987028.9003696,700013852.5163932,4011772418.0507374,634083477.6269157
3448,5930242255.736998,41551053.77292713,92824638.01399523,4116984746.6767354,611560686.3346407,4011772583.345479,623259302.9512777
3449,5930176389.798815,41518945.31495365,92762742.13956425,4116979083.4912205,701450491.5515314,4011772974.9481063,617926050.2668804
3450,5929966140.046322,41487221.272489965,92701276.59064136,4116976552.9225144,605838864.0659701,4011773226.9433336,615604028.9700508
3451,5929764137.474084,41455646.12337699,92639824.24497646,4116970867.60919,704930376.3432509,4011773399.5197344,705887096.5777736
3452,5929572305.2195015,41423167.5145144,92578413.51096395,4116968093.247959,612090127.3101672,4011775048.9782457,658723500.765263
3453,5929523193.764287,41390964.807462215,92513602.22641698,4116962242.1407676,705982692.134271,4011775707.0757256,651047180.3865988
3454,5929383746.561367,41358909.327089496,92449583.17203544,4116958847.753924,612528329.9171458,4011776332.4583416,642116567.4115987
3455,5929370262.639743,41327854.72178556,92383751.89668418,4116952621.2824893,710524634.2819061,4011776649.186662,638251487.9185771
3456,5929204157.648452,41297569.21725635,92323198.74780075,4116948997.4997115,614348517.5019953,4011769850.850316,724608197.7619243
3457,5929242036.062142,41260489.06969453,92262097.22652075,4116942494.304469,703404862.3204186,4011771565.738337,691333116.3775911
3458,5929005268.920569,41225049.15922875,92203029.0967171,4116938922.3467298,610234417.6830754,4011771694.7353997,679958465.4215595
3459,5928951112.589398,41190721.834922224,92142957.94934435,4116932537.488349,696929243.250034,4011772061.983442,669537633.7218844
3460,5928977198.761616,41157755.65210213,92081580.24180982,4116928626.2201676,609071495.2104814,4011772302.995456,665847413.7197355
3461,5928867732.896067,41125418.11905613,92019798.67503826,4116922520.6043854,692981316.6106203,4011772399.5627313,766373259.4003536
3462,5928733591.644823,41091579.54014954,91957207.70164254,4116919582.3557796,616096163.5515941,4011774138.446782,709188578.6345341
3463,5928712901.373894,41061858.077472344,91896836.16252676,4116913960.5687866,710632802.5905389,4011774831.1846223,692176910.0293946
3464,5928526836.995886,41029676.477353744,91836924.15893959,4116911435.4879823,621676665.9142216,4011775480.496547,681153456.3866447
3465,5928369837.923122,40998193.73683334,91774794.96036308,4116905986.3773055,714812062.9739734,4011775801.674922,671844841.6350157
3466,5928360707.869144,40967207.029900625,91714623.88622555,4116903859.710609,619560329.8724818,4011768800.358148,759949241.8408982
3467,5928225727.378083,40935780.157817855,91652835.83688594,4116898496.053501,711912628.1309321,4011770522.1432276,708124810.7526424
3468,5928107086.511412,40904157.29840655,91588158.4047183,4116896510.2532496,625696449.2897428,4011770686.159871,690820435.6085373
3469,5927958383.443507,40871785.19880342,91526577.63194181,4116891061.787778,716998304.6599069,4011771071.888064,679137511.4793323
3470,5927850967.099332,40840401.77965447,91464687.60642569,4116888930.9386945,624722449.9788393,4011771314.1588902,670836247.4315342
3471,5927819150.589454,40808944.258407846,91404521.00202653,4116883580.1832585,724216073.7801462,4011771329.2505317,763567118.5314037
3472,5927756558.362008,40777029.673424,91344588.41478312,4116881435.475686,629950674.8755422,4011773062.1980715,719469364.2687625
3473,5927665717.819183,40746484.90161434,91283278.77038239,4116875948.121235,720446900.6447347,4011773736.6498046,700827817.1976547
3474,5927523249.502575,40715293.2627949,91221982.98852548,4116873894.8485703,627923707.69403,4011774367.8423514,696525497.120882
3475,5927869672.375653,40683133.80831207,91161195.37774311,4116868498.133823,722928541.9929155,4011774678.894603,689250691.8393317
3476,5927691895.959766,40651386.224583514,91098408.43366458,4116866338.771712,628734992.8334281,4011767847.5189443,782162243.6795788
3477,5927593122.647686,40619215.974340655,91037150.67280127,4116860791.6063204,723177728.4632461,4011769739.406583,740706602.6721911
3478,5927583110.805103,40583968.026349,90973595.00582495,4116858593.73545,628928641.6073692,4011769907.810106,724924002.3634379
3479,5927430995.30368,40551292.082169466,90912341.46643329,4116853035.130339,722868049.6756343,4011770294.8446317,710816329.4664705
3480,5927327750.812437,40520222.97305514,90851053.94590248,4116850684.011615,630488389.2153275,4011770555.974355,710221798.9909265
3481,5927284692.537815,40489153.99752,90791406.13262011,4116845072.0837545,719511406.6766297,4011770496.7337046,810430649.2187679
3482,5927204241.656407,40457822.371735334,90729529.60994472,4116842833.322577,630685187.9985667,4011772393.8866944,757976879.341435
3483,5927091297.854757,40427625.8320524,90670679.96294872,4116837253.6725283,722078971.7476792,4011773129.5080414,743000693.3908854
3484,5926984310.785686,40396083.89520422,90607438.85681629,4116834851.9672966,637805079.9774245,4011773792.391465,722905617.5816641
3485,5926831689.191166,40362816.547162324,90546486.87932436,4116829425.226449,735083234.4054893,4011774108.8160152,711317221.7536908
3486,5926720460.928199,40331261.61840949,90487286.77375415,4116826939.7051344,647249233.9659185,4011766920.1980767,780872163.4566225
3487,5926806889.381419,40299635.31874772,90426854.41496125,4116821557.223724,742964105.3996056,4011768870.1889277,735557561.9455675
3488,5926510419.335401,40267279.46525649,90365801.11768182,4116818816.9591565,654884493.6169744,4011769036.5900073,710385044.2679225
3489,5926385889.230649,40235819.26308135,90307457.70786102,4116813331.0210423,746168283.3234202,4011769406.910153,697469889.127359
3490,5926226120.874734,40205256.89711208,90249637.80022664,4116810864.479942,659836222.4904062,4011769655.2734814,685608025.639654
3491,5926167014.373012,40173226.3084734,90189153.9324802,4116805230.6591454,745648937.5211366,4011769765.762118,756357129.2312692
3492,5926188748.53958,40143867.517410815,90131415.66654825,4116802677.7661724,651595049.203986,4011771669.5331564,718980733.3041638
3493,5926043436.625212,40113279.09322817,90076174.32507005,4116797067.6426973,736288982.778352,4011772429.066119,714472597.9095038
3494,5925904693.326023,40081439.377028614,90009841.09907767,4116794489.4134474,649368074.3426852,4011773081.9340267,702646777.3374478
3495,5925744739.991037,40049278.97092759,89949436.02493276,4116788671.1079392,724287253.5360178,4011773422.8859363,699045121.5540118
3496,5925609789.875259,40018890.036874436,89888744.41659807,4116786172.0497932,635935706.4691676,4011766041.5603995,797369045.5614076
3497,5925537727.669218,39987432.38319488,89825141.21356466,4116780616.8459067,707599133.1207012,4011767971.8953667,749765883.3166599
3498,5925385489.785299,39956896.15169479,89767261.568687,4116777980.795793,628785890.2483014,4011768159.195815,743531059.3253174
3499,5925250799.709993,39926869.97329126,89709103.88465987,4116772289.3136554,702060625.0435992,4011768549.5755334,729700117.7950609
3500,5925066797.889106,39895255.432429865,89650696.31114462,4116770485.941614,627186053.9476942,4011768803.053321,723842651.4660368
3501,5924851400.510801,39863459.65368508,89569997.22196592,4116763657.783188,691185429.0578741,4011768908.659306,803980486.2226411
3502,5924703337.043299,39832943.140856616,89507653.82834888,4116762011.973304,615559584.0300426,4011770779.753437,755632500.387884
3503,5924641129.372704,39803355.29612393,89443968.6447535,4116756454.3058505,693509914.4786994,4011771506.689961,734418499.1294723
3504,5924534841.967909,39772925.64604528,89384931.63116814,4116754831.82947,618491969.2930377,4011772204.295709,724337073.9682
3505,5924497789.075946,39742059.43928863,89330571.44870086,4116749091.7845397,693980910.9023428,4011772539.574337,711989804.9075621
3506,5924306683.330331,39712695.96740444,89264914.60484205,4116747530.0812917,618349462.6439395,4011764952.1276937,777720373.1930715
3507,5924139247.245533,39682401.938445985,89203808.60885718,4116742016.898529,694998307.6788255,4011766922.911785,746691400.7124299
3508,5923932581.256478,39651283.95766222,89142542.39407717,4116740584.610718,617072595.0241578,4011767148.2460203,726045260.4331502
3509,5923774950.65974,39622032.79773928,89081566.41813233,4116735064.3585105,701026520.6516827,4011767555.6803775,713276257.5285774
3510,5923612190.912145,39592027.722941674,89023368.95513946,4116733591.9252086,622023045.7530271,4011767825.310602,703508937.7340018
3511,5923423182.330013,39561516.364369616,88965616.6715828,4116728134.19495,701147369.4522586,4011767774.573329,776466409.0878319
3512,5923255120.991935,39530010.17702785,88906577.79594378,4116726858.240385,626599512.5892916,4011769581.731793,723311803.9737265
3513,5923046121.110646,39500151.23792408,88849273.71829055,4116721292.6621666,702157285.6105304,4011770282.9529996,695721427.7527019
3514,5922905976.045647,39468852.60884283,88790421.98259681,4116719973.7153797,623153972.0420073,4011770973.307874,682286715.509236
3515,5922908822.50918,39438527.08001301,88733054.87265769,4116714527.740358,701307063.3758984,4011771332.287825,667966837.1028608
3516,5922784697.706957,39408501.880917825,88674470.84531695,4116713126.5153503,626738952.9903688,4011763586.4853034,733721404.6895163
3517,5922626159.764424,39377344.06006353,88615784.6572567,4116706479.856753,702438680.8106953,4011765766.984111,692611735.970426
3518,5922652995.926297,39346138.75872286,88558844.26332664,4116705180.9710565,624106425.4074067,4011765954.0569334,672343774.9531603
3519,5923189907.535851,39314876.84148902,88497907.60562153,4116699848.7302823,699537415.3932247,4011766397.869204,659082251.4994928
3520,5923267153.046785,39284668.655794114,88440891.10916354,4116698451.2103224,623242683.7352961,4011766661.991495,646532880.249869
3521,5923121363.441531,39253748.094352536,88380899.21778867,4116693011.891585,716349109.1498938,4011766645.5279856,712304278.957042
3522,5923025700.776148,39223137.389609866,88322403.12670326,4116691642.7641716,629037959.2045176,4011768592.2515244,665511979.5628908
3523,5922881242.522779,39192787.21758597,88262727.21516933,4116686102.0184083,713598149.2218592,4011769392.2812877,645674051.1998417
3524,5922714799.053746,39163413.88962773,88208337.77831449,4116684734.238828,635948074.3137836,4011770096.0381002,634137990.175457
3525,5922624025.170822,39132788.75627294,88152325.94352674,4116679358.7476277,724021401.4558032,4011770445.7810755,625341081.7906967
3526,5922412469.135417,39101229.48605158,88096637.31775482,4116677967.741244,634059463.470645,4011762266.5689993,689772057.3087753
3527,5922332270.654015,39069366.68487704,88042054.69551778,4116672587.7432976,711475588.520658,4011764454.1200976,650337676.6245536
3528,5922145530.694459,39039088.53148709,87983245.43307441,4116671133.323326,627808449.0148128,4011764609.2424297,638979370.7722778
3529,5922015317.641459,39009595.325721495,87924471.55703719,4116665626.289955,707744040.5284637,4011765051.553394,630137222.730426
3530,5921845396.778626,38978975.35814156,87866194.85698129,4116664179.5557065,632912575.9525558,4011765338.0694547,624058222.6385632
3531,5921811582.124193,38948831.67356067,87807206.06549685,4116658872.491877,715806733.6576966,4011765338.958874,701506470.9560671
3532,5921699009.18357,38919168.04564489,87749588.43641585,4116657520.591144,626752724.7763137,4011767346.175893,652877677.7916855
3533,5921643511.9065695,38891192.01414978,87689859.12030913,4116652197.856335,706421344.3387482,4011768136.508041,638884579.2028724
3534,5921539693.228994,38859998.200942576,87633169.10522479,4116650649.9175825,629469897.1135967,4011768854.9723673,624269378.3223212
3535,5921634956.131444,38829726.530675426,87574264.37723838,4116645288.305942,706504435.7130762,4011769209.91485,615779450.2475092
3536,5921541129.747699,38799327.093517795,87517386.07059392,4116643833.781958,627127761.9439602,4011760845.2989807,686550751.4525428
3537,5921417772.136697,38768961.25179192,87458609.26225837,4116638371.014802,708391711.0895227,4011763079.199111,646896278.449227
3538,5921304921.02035,38737960.22611445,87401388.40734652,4116636958.4082565,629077785.4359761,4011763260.4272623,638981444.7779597
3539,5921177306.613461,38709771.68505197,87343167.17412983,4116631592.4555454,714351292.3225586,4011763682.994496,627097923.6930348
3540,5921082399.179182,38681678.90042083,87287248.8265084,4116630279.5747266,631012106.8863708,4011763980.9859414,620393221.8878291
3541,5920945987.123728,38651038.88131492,87228380.06297252,4116624556.4765706,722731756.4359425,4011763738.0730467,687773171.9508791
3542,5920734507.7258,38621545.293076284,87169631.86112404,4116623056.301788,639261794.5990332,4011765633.2585588,647700213.8120887
3543,5920588178.003769,38590513.88018486,87111794.26460229,4116617587.592311,735530759.4045715,4011766388.5978093,631064157.012106
3544,5920385028.484075,38558716.927429825,87053389.91643883,4116615917.3193755,645661711.6607301,4011767097.6913447,618799413.1178418
3545,5920327556.442994,38527975.67335388,86996758.25528093,4116610145.946011,741516652.7303104,4011767452.7097173,611666918.8196864
3546,5920221577.91154,38497263.53300564,86941847.2540873,4116608326.745332,652536695.9373972,4011759062.420509,674831147.0363585
3547,5920218388.1660795,38467569.249194585,86884762.3199438,4116602573.2106876,739993329.0491494,4011761453.3375816,634830605.6939543
3548,5920213080.049632,38447695.18495695,86831776.41025613,4116600684.85136,659029608.4739931,4011761678.260944,616793771.9010751
3549,5920057020.783217,38414818.766096726,86773521.20436141,4116594874.4182024,747224281.694126,4011762140.960187,603421030.778692
3550,5919857684.173086,38384853.24088837,86717378.12080581,4116592438.831507,660251763.3433672,4011762436.116439,595731697.5937613
3551,5919687594.380946,38354448.947488196,86653415.85491346,4116586394.670863,749238180.1447991,4011762398.257193,664246059.3441745
3552,5919627950.409203,38324921.96953171,86595060.04206114,4116583793.6935277,667109676.0879687,4011764548.1493106,628167644.6544198
3553,5919450814.396904,38293977.11057408,86535264.03121205,4116577247.2055154,743592468.0919975,4011765471.632494,611290067.9314361
3554,5919364443.677554,38264553.393019564,86477287.54844074,4116574589.4043355,660754059.8760809,4011766207.4349837,599905398.1649662
3555,5919286107.073671,38233909.90535621,86421701.54765113,4116568195.447889,735203629.6660849,4011766588.441027,591297261.325835
3556,5919131607.143881,38203840.54702064,86365871.99375494,4116565639.598424,653116495.5714153,4011757800.2716866,651103388.201264
3557,5918959737.32415,38173536.919104226,86309009.49436124,4116559347.913421,735375355.2594732,4011760257.382777,613566690.9915935
3558,5919197403.93834,38144184.212902084,86251167.71581241,4116556814.524397,654989118.0478829,4011760470.7828145,600409712.1644915
3559,5919115046.656163,38115079.607550606,86194413.42869505,4116550474.2000012,733307593.7445366,4011760975.38672,588502328.3254278
3560,5918980422.911383,38085878.745221384,86138490.03165112,4116547874.621048,656567581.7057437,4011761270.414267,581189021.5522841
3561,5918882823.515427,38056747.41358459,86080960.40405494,4116541659.0208254,741729116.0158067,4011761301.9742656,641945284.6603805
3562,5919579203.544021,38027336.94983631,86022911.27068545,4116539013.881423,661542305.5936998,4011763460.099891,600168558.2064527
3563,5919436627.165312,37997294.46723752,85962946.05117957,4116533086.4342284,744054908.822602,4011764265.058521,587172257.031367
3564,5919515306.900012,37967855.218707785,85905824.54359287,4116530392.9257884,661804209.925504,4011765037.28331,581332502.3562368
3565,5919469389.676692,37938370.75053604,85848326.11561872,4116524138.659182,741297867.0308245,4011765437.165933,573190645.3769666
3566,5919320781.38374,37909549.73436134,85792146.94384544,4116521519.8083234,661867013.3910855,4011756514.6423035,638243833.9327705
3567,5919162074.620621,37880860.33606936,85737103.37277186,4116515391.3900433,734668595.6289339,4011759129.367538,603542398.9071862
3568,5919087651.766194,37852453.412336014,85680396.95826554,4116512661.906383,658646913.5774359,4011759315.0780106,590537771.0259422
3569,5918891144.757373,37823158.44366311,85624770.75752978,4116506460.9551964,730823973.2584196,4011759777.425313,581729491.6753489
3570,5918691057.789841,37794215.969130546,85568743.90997428,4116503648.4756246,659339336.9108069,4011760089.6068444,571281922.2129804
3571,5918586335.7574415,37765033.29398825,85511993.63138095,4116497706.379789,736731078.2351826,4011759881.283059,644602398.4771614
3572,5918443728.487796,37736687.033761725,85454559.40455578,4116494908.1798897,661684792.68627,4011762023.9952917,607064336.5711594
3573,5918474409.005396,37708302.968842804,85398297.05812287,4116488670.6962724,739948849.368756,4011762821.3943057,597065107.5802517
3574,5918195338.198501,37679259.515815504,85342431.12100263,4116485964.539479,662413982.7021556,4011763593.5865393,587980782.816948
3575,5918116696.800155,37649801.77819404,85287069.30641578,4116479714.0495243,737437065.8407896,4011763986.0432568,583846238.8021033
3576,5917932474.790379,37621785.28341351,85230915.64714622,4116477009.902085,664835020.1392996,4011754912.9017396,649828453.1956229
3577,5918101223.938065,37592988.35513012,85174360.09860982,4116470901.022739,741780352.7742814,4011757497.104234,604814760.3590338
3578,5917935858.341712,37564890.39320158,85117288.35917637,4116468002.2699375,664429823.4906448,4011757669.0932293,590990358.3246038
3579,5918329418.72302,37535087.93714928,85060883.96606752,4116461600.285196,744213278.5258005,4011758168.1452684,578846054.8403349
3580,5918111503.332001,37507280.5226278,85004290.26764613,4116458779.756036,666633054.7932812,4011758474.0256596,573335615.7286725
3581,5918080693.228484,37480509.2854345,84947782.41128083,4116452479.5422497,746438328.9335606,4011758231.261365,640927757.9797825
3582,5918121561.870487,37450836.28246139,84890932.83876531,4116450729.196625,670428622.8600785,4011760460.1142426,601870552.2385151
3583,5917880581.190641,37421512.48124512,84834948.86565776,4116443890.8380036,744416376.0872294,4011761296.910703,590158126.3838203
3584,5917881499.467911,37392024.288499065,84778200.01061647,4116442110.3374944,674104578.6929246,4011762099.5053744,579513810.8320695
3585,5917720874.683104,37362028.30764779,84721175.43800467,4116435995.61056,748299184.5194169,4011762499.9810333,575831915.0205805
3586,5917677967.741372,37333867.36952265,84663029.1370923,4116434174.086888,676709664.3094839,4011752658.9399595,645153727.3556527
3587,5917453901.065331,37305580.66499999,84604137.99474978,4116428363.9599495,747730331.5062196,4011755130.9535007,606205254.8678833
3588,5917684250.7085085,37277692.5707062,84546461.02512959,4116426412.1020403,668305912.7705266,4011755296.4106154,594439743.2925243
3589,5917116826.683158,37248469.26748243,84490953.98880066,4116420376.5867395,735269349.6813896,4011755814.2213798,586005702.5362967
3590,5917161609.850291,37219232.13947286,84435955.61770232,4116418495.0175333,657130875.0974509,4011756140.505323,581731598.1114348
3591,5917041637.390986,37190429.21829249,84380191.50492278,4116412006.0516243,726402954.3187144,4011756151.5944505,661443562.5582016
3592,5916837992.627555,37161877.58989038,84324047.34072572,4116410076.148944,651763905.7095451,4011758457.528188,619231750.5519595
3593,5916745714.960412,37133529.31174748,84265311.1431441,4116403904.694902,727313886.964453,4011759349.3750772,609820147.2207526
3594,5916608608.423877,37103646.3368215,84208115.55674535,4116401935.340424,654783594.2861403,4011760154.889612,602282286.1017286
3595,5916429649.20897,37075501.620747544,84151432.36373048,4116395781.184875,730529430.266235,4011760598.6556034,592761662.5077568
3596,5916291160.638182,37048551.55806743,84095268.95834273,4116393617.196312,657689573.9583532,4011750971.8203354,669127560.7772235
3597,5916218731.662678,37017438.04059574,84041364.84372582,4116387266.3207335,729465808.6633365,4011753643.8370814,628880294.0244509
3598,5916105600.740875,36985055.437949434,83985314.34006011,4116384984.285706,657687588.4608074,4011753841.033846,615260928.2872894
3599,5915940407.366787,36953832.928755425,83933093.46921884,4116378504.222784,734438365.340811,4011754343.35632,603393470.0967121
3600,5915892332.122717,36925511.6219958,83876331.59137823,4116375638.160322,648798599.84679,4011754627.7759647,594113496.2736684
3601,5915785332.092033,36897043.198453076,83819601.43961148,4116369257.5679007,715376750.7883227,4011754573.659074,675900027.7447413
3602,5915774363.060725,36868147.08078815,83762712.24268956,4116366781.6406035,644682946.7684782,4011756857.4305506,632023007.1776441
3603,5915683514.2934065,36839561.16743585,83707054.90611257,4116360235.4657116,714844967.5941857,4011757815.938928,612825111.3426006
3604,5915544910.124814,36813739.219123684,83650275.12027374,4116357681.622972,647298535.5530205,4011758661.2667823,598745598.9744867
3605,5915353860.707675,36786580.404997446,83592653.39276235,4116350920.4379406,720908012.8721194,4011759097.7148967,588912822.342429
3606,5915278203.080202,36757690.293310426,83533392.20596184,4116348272.5363083,647958530.7751298,4011748940.967583,650834317.4894185
3607,5915183207.804487,36728958.88428305,83478285.05460182,4116341733.8522944,726188925.9680662,4011751675.2150683,615954984.8642675
3608,5915031044.661817,36700418.63504047,83423297.12126578,4116339063.359601,648971763.3014716,4011751844.5441027,598415202.857218
3609,5915028968.236012,36672081.92667125,83366179.3744519,4116332632.5206933,727038616.8402591,4011752351.856139,591731237.1539518
3610,5914890867.692132,36643816.26255897,83308210.77234952,4116330133.193179,645833272.0026937,4011752650.303648,584472475.7010536
3611,5914728002.535112,36615059.22817272,83250510.17643999,4116323400.9271197,720343152.7179749,4011752729.7376947,649209298.1963359
3612,5914609866.414698,36586984.14608704,83194123.58791752,4116321425.309524,649807144.3649343,4011755207.930109,608810448.1147851
3613,5914467295.582761,36558525.12058111,83136038.91112319,4116314871.3174024,723762119.0287713,4011756118.4715066,590740138.0565028
3614,5914286205.903432,36530068.701290816,83080824.44912559,4116312781.393828,649722847.792411,4011756955.7042694,578721070.837785
3615,5914146392.814194,36501309.044117294,83024318.71067248,4116306610.390075,726228091.7525192,4011757400.5075674,568479649.7033802
3616,5913946597.497607,36473217.290993586,82965990.46138065,4116304884.4539647,655998851.6640325,4011747516.070401,630330284.153231
3617,5913821490.01166,36445368.2903067,82908744.78650324,4116298612.424818,732337155.7812322,4011750395.2896595,589603470.4755569
3618,5913672946.736453,36418024.44984531,82849822.88190632,4116296683.068474,659841588.406744,4011750594.087224,574898016.5577544
3619,5913478704.596826,36390319.425927565,82791060.87432376,4116290502.42864,732304084.3632005,4011751146.733463,562422170.468813
3620,5913284239.52031,36360850.64059179,82732917.1414174,4116288877.826727,658599375.8673855,4011751465.6288304,555266924.7006888
3621,5913178456.050122,36332660.9214591,82678320.72919597,4116282632.830297,734640617.4702483,4011751065.7408895,618839709.1781797
3622,5913018581.186964,36305031.51379525,82617432.05986474,4116280908.8526664,669344575.9808296,4011753491.1876297,583019689.2403257
3623,5912906848.481511,36277084.87912692,82557998.79069656,4116274135.197526,741323315.1402838,4011754446.415277,569018721.5362954
3624,5912774169.055321,36248708.41264504,82493368.6929748,4116272107.2516356,659388299.2022774,4011755286.60957,558560203.6402998
3625,5912631566.840004,36226889.983584166,82432580.43408862,4116266055.782866,733982168.8401955,4011755716.3132463,550753975.6025386
3626,5912472968.590216,36196095.66954378,82370123.03368343,4116264538.2554474,656701264.82957,4011745042.1684356,616211242.4757615
3627,5912326370.500467,36167616.32454808,82309256.5361128,4116258240.6175933,730150296.2915356,4011747800.5205684,578863199.5133147
3628,5912152316.675623,36138888.31023854,82247147.00294313,4116256744.282762,656356475.1106497,4011747932.4644704,562218583.6378915
3629,5912017721.741884,36110351.03687393,82184655.69121769,4116251388.3399186,738153906.5353625,4011748477.7212744,550699615.8142431
3630,5912032682.580916,36082384.98062888,82121459.45687623,4116249885.215259,664271499.0759878,4011748796.484703,542363223.6749221
3631,5911862184.591341,36054930.19033242,82065470.2466669,4116244786.0247006,751347358.5748724,4011748761.5727096,605887411.8601127
3632,5911634589.525761,36027280.19365173,82002268.93501501,4116243373.518287,673797701.7700881,4011751207.5000315,570797020.0280209
3633,5911536117.513682,35998760.107685894,81945882.98766,4116238428.882042,750624544.319909,4011752160.373497,555966561.0119269
3634,5911343617.317367,35970074.05328149,81882586.98630428,4116237094.338631,672840340.9118578,4011752991.6552644,547316600.8148873
3635,5911163113.932687,35941772.63765665,81819142.9633318,4116232191.51849,743207522.7345964,4011753434.037799,540719219.5193744
3636,5910912969.536813,35914372.02976612,81757442.4242883,4116230973.922052,672569989.6828552,4011742886.6628566,599548942.6285903
3637,5910605540.492804,35887714.305231124,81692053.2901556,4116225991.107361,738784742.6891153,4011745849.218033,563840454.1774732
3638,5910530869.4117565,35860668.56037369,81627741.96921375,4116224771.637292,671526702.1576208,4011746058.1577754,551662815.0718707
3639,5910533377.895417,35834133.64767767,81563251.20971428,4116219924.6503634,751223092.6431944,4011746626.924839,544415333.2896999
3640,5910537467.485997,35805951.211978674,81499792.42291673,4116218850.950203,672088080.543496,4011746971.024808,539996806.9952452
3641,5910466279.61394,35778437.705244265,81438693.37290753,4116214265.8542495,732106563.0245918,4011746707.0203223,615092668.176585
3642,5910306139.822046,35751054.76398348,81381313.28862397,4116213067.442739,659465152.4499208,4011749244.991287,575404479.2869158
3643,5910125135.379699,35723971.74619421,81322801.03474678,4116208376.080857,718904967.2718829,4011750261.8146954,563831831.7240303
3644,5910083978.015318,35697158.19250911,81262841.40617007,4116207231.727042,658109017.9495378,4011751146.793924,554967674.3889338
3645,5909889464.300515,35669441.1145818,81204204.0858471,4116202806.467506,719303678.0992438,4011751600.5322685,549243888.609404
3646,5909648059.6300335,35644404.062918484,81152467.90055437,4116201698.294476,661399213.7687991,4011740464.3014426,621380345.9269185
3647,5909711995.190547,35616283.08885403,81093743.86497706,4116197296.970682,726846648.1357746,4011743470.856998,588336762.3701222
3648,5909618027.112259,35588654.08000457,81038097.05268665,4116195924.302937,658165201.2613384,4011743658.9867606,582070601.6789198
3649,5909525920.7799635,35561769.9369781,80976559.45863318,4116191216.3974733,725795395.9248011,4011744227.6956396,575177663.3270034
3650,5909449049.522515,35535570.79906421,80918528.96471687,4116190009.117064,656986656.7620661,4011744566.0227914,566495608.5213856
3651,5909390013.973038,35508610.02871821,80858833.5441722,4116185349.028953,732735652.0496622,4011744360.012911,634110347.775969
3652,5909507348.298585,35481007.625409886,80802401.41275264,4116184191.4479356,657001782.8250186,4011747065.4137597,597240648.1945057
3653,5909381023.677295,35454155.769967645,80743308.80975157,4116179713.7855496,735962110.1165389,4011748124.619283,586490399.3671412
3654,5909331240.41894,35427454.8089717,80682209.42668307,4116178587.2351947,653626084.6943768,4011749017.705642,580323625.8988574
3655,5909163696.298802,35399524.66863421,80623654.78197123,4116174123.021181,732197501.7633591,4011749525.730076,573876760.697562
3656,5909086238.243161,35371876.340259254,80568644.15152958,4116172950.45384,656726529.5290073,4011738694.492419,648684110.497466
3657,5908930567.055221,35344609.37213655,80510321.8132137,4116168513.3718157,733742795.4050943,4011741790.471972,610384874.8973075
3658,5908878185.777031,35317388.160244025,80456537.04119018,4116167475.099384,657636873.6751741,4011742034.049668,599766647.8102964
3659,5908727070.841129,35290483.95121312,80399019.41032112,4116163022.620928,743304123.1317549,4011742639.110784,593076103.2447616
3660,5908517517.651157,35264065.45838566,80343296.20211847,4116161909.3480988,656510996.5751294,4011743014.9569263,585216572.7029005
3661,5908315705.293137,35237419.171776585,80289227.85583454,4116157624.7143664,737145811.956257,4011742761.2067833,672353170.6660882
3662,5908111605.9091425,35209219.11867753,80237723.51653565,4116155390.5734444,658684983.8780833,4011745386.766365,636996882.789929
3663,5907915895.106842,35178973.62102,80188542.4546704,4116150832.151173,746710472.4567865,4011746393.940223,635486259.8229781
3664,5907742931.996565,35151165.84498945,80136460.58387017,4116149687.1602435,660851340.2221115,4011747286.1091285,630128002.075453
3665,5907585055.300703,35123978.047302864,80084297.47731593,4116144673.1933184,746061895.8831358,4011747769.889825,629929917.2340617
3666,5907394527.695821,35094691.38270988,80031138.40711804,4116143423.761377,661839455.73329,4011736202.7102118,743495536.3709208
3667,5907199043.142736,35066296.79515537,79975168.22048533,4116138905.0087295,742147559.8980098,4011739339.112185,688734211.367048
3668,5907071720.786469,35038030.07887984,79922392.17764013,4116137512.421264,665690736.5228474,4011739501.6654468,673465391.3738337
3669,5906880968.356321,35010531.481969416,79871029.05972895,4116132952.2307363,754996871.3450313,4011740091.9274616,659971097.7953163
3670,5906875432.641583,34983322.34557252,79818028.80909364,4116131642.1191263,677014046.8205034,4011740417.610603,656830998.9189326
3671,5906795393.205754,34956625.04442765,79765463.41901812,4116127214.55496,765356914.8093842,4011740162.907564,771566733.125499
3672,5906615729.389547,34929537.1676791,79715838.86346646,4116125958.438178,679432718.2931992,4011742786.439381,722240305.5985641
3673,5906532880.916066,34902263.95014437,79664690.69381262,4116121538.678293,757954648.6759881,4011743830.2474003,702801148.0015105
3674,5906378762.123657,34875097.81049509,79612775.35743318,4116120293.6414623,671154685.5154963,4011744769.2244396,704922813.8769389
3675,5906316535.090003,34848323.215941064,79564468.61906774,4116115832.934174,754299589.096828,4011745225.4947944,696680524.9193901
3676,5906237173.835035,34823304.56353554,79513180.27074276,4116114655.2743974,668641967.3904302,4011733739.5206747,803932820.601573
3677,5906114857.337421,34795734.05792781,79460024.55244821,4116110108.5648823,748778770.643232,4011737028.350084,756367228.8718057
3678,5906072819.60732,34769152.27793975,79409185.20522992,4116108909.8076477,667602507.4163082,4011737176.033461,741835414.5387485
3679,5905945017.133355,34742281.724549904,79357498.35152212,4116104387.282037,753986180.9466089,4011737763.7188597,727578593.6563852
3680,5905790035.023623,34715069.26729596,79305434.2901947,4116103145.7532854,668799048.9473693,4011738131.5253615,723663180.1676277
3681,5905677097.88434,34688186.78827857,79254678.67865855,4116098644.892869,747910962.3010379,4011737699.4565907,807789736.982892
3682,5905559692.799628,34661570.19186358,79203455.69978139,4116097528.391939,666547732.5146667,4011740461.764043,747164957.620467
3683,5905389233.042715,34635446.65174401,79153646.69177179,4116093102.371715,743052585.8402034,4011741488.302781,727357454.8866216
3684,5905212862.996162,34608370.94827436,79101754.97791596,4116091904.4162116,666747679.1494931,4011742429.8616805,714393196.8540134
3685,5905040098.44393,34581494.77973183,79049889.11809121,4116087424.140013,749443304.4911745,4011742919.0485325,704868032.4471898
3686,5904908031.948468,34554346.29497217,79000896.59533459,4116086281.9755697,665872060.9225564,4011731299.8728294,785030474.4529555
3687,5904781674.772754,34528698.495246656,78951852.25945276,4116081832.9065733,738324699.6106464,4011734698.9183197,741095738.4969071
3688,5904604174.712333,34502347.26421823,78902032.08105624,4116080789.8125997,660122866.1455178,4011734931.622063,718270750.4412341
3689,5904665916.173657,34476038.73238596,78849886.03592463,4116076323.2834463,738556401.1427841,4011735564.943525,709865685.2144483
3690,5904370994.195748,34449165.78388224,78798224.948252,4116075052.8476067,662214424.1435829,4011735944.094779,712069704.4176446
3691,5904245730.434824,34422692.3876114,78746054.27576163,4116070675.551168,739255075.3007865,4011735668.976618,802425656.491327
3692,5904099555.060892,34395999.137386255,78698084.3659527,4116069509.813214,656787625.4363815,4011738542.5512085,752214680.84487
3693,5903950657.610153,34370216.373763,78649555.89078438,4116065087.7913833,734845706.885637,4011739527.9608665,735935416.3106047
3694,5903865409.121701,34344228.136809155,78599923.50304879,4116063960.376338,655684272.6610577,4011740481.450313,731848376.0195508
3695,5903690612.885118,34317597.61396902,78551260.99841066,4116059641.9411016,745288370.8169992,4011740951.1382313,719295734.4754707
3696,5903442228.336441,34290957.56781182,78499310.49671596,4116058366.0619345,660901606.3509328,4011728947.621151,806979162.4925815
3697,5903135391.08571,34265498.557491705,78449641.46931721,4116054072.1004057,747235200.0771729,4011732295.1047645,749491654.9322016
3698,5902910333.722092,34235149.38780337,78399916.54902412,4116052981.831242,660023050.8012382,4011732485.8153315,724768072.4739854
3699,5902757443.127977,34208757.48753078,78350415.15381098,4116048785.2645173,747353747.8037574,4011733103.7604456,713032997.9685314
3700,5902543701.426457,34181972.555161424,78299205.3748918,4116047749.1788864,657024399.2500836,4011733521.151265,701260071.8912965
3701,5902388793.133365,34155695.014741205,78248191.51857018,4116043467.73942,744113659.955362,4011733316.49792,777790238.1796746
3702,5902211027.404089,34129796.96090936,78200175.88806082,4116042385.3677435,658374377.2050673,4011736178.274965,744492162.4891884
3703,5902017403.726629,34104540.82082348,78148838.74070394,4116038362.742661,749821282.7073303,4011737307.8868947,732158322.6545434
3704,5901864628.550221,34079028.797123775,78100188.00510812,4116037193.731925,655931504.3928406,4011738344.478134,716560533.100807
3705,5901672825.030493,34054109.80595014,78048863.6616552,4116033009.9747357,731811797.1001759,4011738837.6770415,707635804.8096013
3706,5901546434.026085,34027958.92991932,77997368.11699964,4116031793.716515,647615944.2413222,4011726667.474982,780215408.9210051
3707,5901403099.358158,33993635.4299808,77947458.29943296,4116027578.0832133,729712423.5480224,4011730203.25561,731939690.0850904
3708,5901260236.624397,33964473.1169186,77897593.2364912,4116026390.45762,651080363.7682384,4011730491.4745326,713574997.9115144
3709,5901163343.418715,33937067.50003699,77847522.72207284,4116022042.3119583,733504582.5175941,4011731160.5106587,707892006.794274
3710,5901092977.035212,33910997.90186808,77797740.16992375,4116020635.69646,653424469.1144067,4011731552.9732275,696366562.6123551
3711,5900980434.022936,33885201.5818635,77746153.10860711,4116016373.6939797,731922083.7898047,4011731228.0894966,766666912.8558288
3712,5900790632.756735,33859493.281745456,77695603.04648042,4116014877.5903487,652042276.2233977,4011734092.7039685,720413779.3596405
3713,5900613565.025263,33834130.03780674,77646868.39527683,4116010552.7992077,732935544.4694792,4011735163.7181764,709745405.8966641
3714,5900483261.449264,33808365.2730976,77599096.25950517,4116009265.843575,647928637.8065615,4011736109.9735775,701938063.3006247
3715,5900808260.702645,33782995.85050773,77548415.04337633,4116004890.5478363,727481321.9324945,4011736610.179827,699305279.2330319
3716,5901052254.990333,33757949.62221095,77497726.37501027,4116003424.9970393,642799576.2280618,4011724192.9616284,771235420.5982063
3717,5900867022.817906,33732372.61623094,77447543.76994061,4115999001.470113,719957218.5084178,4011727565.029121,735775210.3850596
3718,5900767432.272583,33706319.78069144,77396740.07731493,4115997698.629937,644000075.4684983,4011727850.778874,725527863.2221613
3719,5900691864.800879,33680638.77737421,77345107.09981018,4115993638.99062,716450517.838779,4011728512.0799217,719130710.3156229
3720,5900534394.069829,33654523.53661051,77293806.56542872,4115992262.850222,644563265.102853,4011728899.901499,714570490.5633235
3721,5900613104.916296,33629042.38854673,77242952.75397423,4115987966.31278,727817219.0591276,4011728509.377507,783356164.6406512
3722,5900451399.412582,33603262.53118706,77191892.39379133,4115986665.2928176,645828886.5760714,4011731510.281465,738844355.1117506
3723,5900292528.7742605,33577740.92003632,77142317.71124268,4115982588.026867,730140789.5350767,4011732706.250604,728754486.1266782
3724,5900072674.083433,33552095.274936754,77094383.16363005,4115981402.42401,645354213.5828966,4011733702.851693,721625755.4678146
3725,5899880620.097691,33527917.713803135,77041599.89428066,4115977490.0498495,733173123.392634,4011734220.5556703,716256756.9019895
3726,5899887717.357438,33498702.322558958,76993613.78180768,4115976436.3675027,646645263.4441266,4011721907.6690483,781674078.8392564
3727,5899758307.668446,33471340.31465207,76945765.85430065,4115972569.0117826,733496134.4837419,4011725629.638886,743490021.3792667
3728,5899646133.387565,33445140.4017686,76896178.30443917,4115971584.0253954,643352676.6822019,4011725959.5566435,734283022.2529676
3729,5899526885.062102,33419580.156846017,76846345.07172158,4115967995.9579487,730372343.0883445,4011726650.633104,724963488.9882026
3730,5899544479.826854,33394000.551647287,76796076.99785171,4115967078.0872197,651302178.4451641,4011727028.0353904,716748434.8239933
3731,5899423495.660493,33369214.258274056,76745863.0169748,4115963413.482362,729332183.1943425,4011726846.202627,785913160.8798542
3732,5899415985.059325,33343852.60846942,76695833.11234093,4115962516.8155804,651378223.584373,4011730126.2662606,740521741.13066
3733,5899257471.015098,33318065.026041143,76645824.82066482,4115958999.2641425,733337070.0020908,4011731264.6252947,721976194.0594102
3734,5899103737.752743,33292967.61029325,76595193.01214263,4115958225.742967,654639419.2499338,4011732277.909696,709385318.7746998
3735,5898892145.63888,33267652.560294423,76545013.3933048,4115954839.283309,744215764.1996185,4011732836.174746,700800408.6249261
3736,5898901617.740786,33241654.245957676,76496422.3794917,4115953904.3115487,653413475.2738969,4011720087.574507,778798595.2399276
3737,5898813155.547839,33216097.094142724,76446803.84839086,4115950441.839933,742775064.3112901,4011723738.188971,732669150.2027048
3738,5898813678.560895,33191821.32250438,76396973.00946449,4115949656.41226,662065217.309803,4011724013.5424986,723602398.5284425
3739,5898704726.360793,33166645.392306503,76347685.13638134,4115946372.3793726,743862917.695313,4011724712.4869943,707139931.7936195
3740,5898694985.801953,33140886.131568827,76298172.46806966,4115945497.226915,657616843.8594667,4011725105.7611647,699054013.1104709
3741,5898710980.030119,33115756.70965268,76250710.63290545,4115942153.687379,749143466.5718943,4011724646.7595716,762073183.5013735
3742,5898561805.4457,33090861.488204073,76203085.89144316,4115941384.6088977,657382364.1108096,4011727796.909601,718134594.0473388
3743,5898407555.857265,33066896.69031414,76153788.22984073,4115938035.9911795,740629125.7761105,4011728912.459102,700669909.9252714
3744,5898301836.294234,33041963.304431196,76103236.92745775,4115937252.0925503,653671200.4554118,4011729955.9657903,684118371.8061166
3745,5898146383.791009,33016617.710683204,76051865.66856027,4115933918.5392227,739688084.2902304,4011730466.9962835,671344698.6166275
3746,5898062525.106409,32991573.284944337,76002047.28898275,4115933163.849726,651772184.4206331,4011717774.5501766,729833921.027775
3747,5897971983.745093,32966021.99935743,75953595.6851029,4115929917.205299,732704646.5551339,4011721490.5742197,694840818.5642442
3748,5897811552.400829,32941511.776927616,75903931.26673795,4115929058.806414,654230866.6229765,4011721759.7222133,680244298.2847682
3749,5897821924.055409,32916063.144934535,75854879.00620514,4115925773.2843146,735657842.864052,4011722438.6763315,668782906.2441928
3750,5897822592.707631,32890383.033062674,75804068.1756443,4115924926.007192,653854068.2976075,4011722816.561952,664042030.0826198
3751,5897706670.563642,32864709.387259673,75753703.29316933,4115921600.0334563,723996485.2976681,4011722719.7092247,729639235.8196638
3752,5897543274.184933,32839163.35124554,75704562.68401451,4115920912.4577155,646706809.8522547,4011725991.576513,696926459.9767208
3753,5897357476.392383,32813960.32594828,75654874.64096136,4115917604.3831844,711862998.3690534,4011727196.8428946,688722308.3676575
3754,5897264144.721803,32789204.01629923,75605583.375171,4115916808.238791,638775721.4048191,4011728254.7800326,681959186.4111078
3755,5897112377.01394,32764470.10167106,75558155.34551862,4115913610.291572,712140706.1359671,4011728794.2153687,678046651.5385435
3756,5896987950.1586,32740529.050414097,75508109.29172832,4115912939.4998937,639646227.6966804,4011715802.42748,743865674.7327361
3757,5897014108.123617,32717149.751739733,75458866.04613195,4115909756.6018353,712459815.4141755,4011719681.6197853,712760877.7957642
3758,5896870312.573335,32690793.16725692,75409310.6601129,4115909009.9880633,634764461.3430558,4011719877.1783285,705662128.4270732
3759,5896788977.746458,32665820.696900204,75359272.43414125,4115905920.4285135,715891265.0337092,4011720563.065151,695078251.5602403
3760,5896610842.314922,32640849.166070696,75308933.4167934,4115905147.9292483,637639575.9278268,4011720999.1388125,684852799.3028146
3761,5896475830.655955,32615956.167621057,75259667.24350141,4115902065.5559216,725438198.5760449,4011720502.8050637,746968715.1237515
3762,5896340919.425218,32591018.191015486,75212018.71091054,4115901351.611859,640148082.7476786,4011723709.975722,712486403.8745939
3763,5896139451.990323,32565807.456348866,75162299.61054721,4115898388.7267203,730041757.9268122,4011724932.4579015,695279810.4959455
3764,5895989763.952391,32540147.466791026,75113405.0657133,4115897685.4192114,643609085.1297799,4011726011.602447,684998409.0605212
3765,5895941385.496119,32515374.60338587,75064580.30100045,4115894533.6151013,733835183.4496725,4011726542.9373,677757512.6234117
3766,5895794458.677279,32490797.641973156,75014201.48889141,4115893886.825118,643214998.1011854,4011713379.1281767,740197026.8871973
3767,5895632170.786639,32465665.785188716,74966668.8993787,4115890894.8599052,726999679.1756462,4011717077.5465245,706598715.3134011
3768,5895463941.7132015,32441067.55187601,74917515.28504491,4115890326.3968787,641437250.879117,4011717354.3279843,696397272.2096937
3769,5895413560.929552,32416376.282537337,74868826.04903568,4115887263.7682486,727713305.5378766,4011718074.1310287,683497204.9900036
3770,5895298393.044395,32391873.133776665,74818828.57493557,4115886609.4690485,639365542.6544229,4011718463.030475,677756383.5342284
3771,5895091220.756141,32367038.257747393,74768737.41242711,4115883640.0289936,736379979.1288418,4011717760.7896695,745392811.0079676
3772,5894904967.022217,32342434.94977092,74719890.84746665,4115883050.141803,642585572.1927409,4011720847.0033097,696706352.418091
3773,5894730745.305284,32318055.029988166,74671037.91774794,4115880101.1060143,731595315.2877274,4011721972.3086367,680580507.1011873
3774,5894585416.564631,32293206.266710196,74620700.44815098,4115879490.2459464,644085864.0328012,4011722995.370054,671174681.8055366
3775,5894740208.8483925,32268495.121988103,74571721.37097855,4115876396.7617946,737756651.4001741,4011723525.91884,660435857.1701555
3776,5894566193.045254,32242251.289674394,74522584.18325786,4115875760.5484133,648021092.1320331,4011710316.1375847,709702655.0038191
3777,5894546836.968673,32217453.98128646,74474346.15082805,4115872731.197152,744096170.1991478,4011714154.2439494,672870944.8759662
3778,5894420224.803197,32193027.247710716,74425763.66806863,4115872126.380113,645683104.6769712,4011714431.3531013,658845862.628301
3779,5894263023.5619955,32169057.78672172,74376198.2658323,4115869005.446992,735321176.510992,4011715151.71836,648375170.2108545
3780,5894150528.310007,32144817.96604083,74327004.79996799,4115868394.135219,645085135.9278831,4011715588.673075,639601815.6617562
3781,5894145442.825037,32119830.134145755,74277751.35082525,4115865430.21131,733100096.0509949,4011715108.3029547,697005219.6399952
3782,5894066856.954541,32095400.335237734,74229376.83542596,4115864841.48312,643991421.5699967,4011718401.472836,657727757.4666766
3783,5893978939.042044,32070928.502922185,74180460.69165587,4115862061.8326926,729314203.5547112,4011719672.898681,645068577.2060575
3784,5893768507.165433,32046408.452701423,74131558.03029275,4115861487.337798,649897466.2528646,4011720779.372698,631764321.1927197
3785,5893644638.2349,32021763.2497606,74082685.6076892,4115858484.3995347,730088584.8763585,4011721372.8349776,626828680.1470464
3786,5893560638.494587,31997473.281632744,74034980.94414806,4115857907.6191287,643436485.8907467,4011707375.4853706,684023118.5362073
3787,5893543335.274636,31973143.10134433,73986114.06784388,4115855028.52241,724045247.4878674,4011711212.790297,649669227.1876479
3788,5893388711.500208,31949363.333294217,73939033.62908426,4115854451.2454014,637052584.1920736,4011711487.9352045,640253607.7788627
3789,5893276436.193559,31924978.64131523,73891324.15389033,4115851452.42359,721005919.8521285,4011712204.8940973,630171466.2283584
3790,5893210304.039822,31900592.10560026,73842989.24890408,4115850971.741526,635566928.5401655,4011712589.6320167,622275620.400146
3791,5893089553.761256,31876562.739468794,73795507.86600101,4115848054.2655716,716659553.2089113,4011712098.0030923,678688164.6040107
3792,5892945863.983585,31851862.464988325,73747082.39966679,4115847298.9204135,636447508.5767069,4011715414.4160304,646705681.4275287
3793,5892743143.08023,31826595.156680588,73698135.83454444,4115844264.6241856,715677991.5730761,4011716699.8150983,638557259.3457468
3794,5892734347.197578,31801911.12335363,73647495.23606914,4115843625.286162,635953500.3934526,4011717795.514805,629051471.39998
3795,5892472463.394478,31777600.842956495,73598195.41458824,4115840592.863279,715802345.9852383,4011718346.3638015,620032552.1592089
3796,5892312654.119732,31753199.81484576,73548917.79490845,4115839988.117344,631456689.2622455,4011704664.802725,677297193.6634636
3797,5892291834.199641,31728906.90721179,73501014.80036046,4115836900.145786,709457845.2213647,4011708561.076049,641975513.7341678
3798,5892146552.966252,31704460.635116763,73453117.42552282,4115836251.0735297,632918879.4589736,4011708879.80114,632903679.225053
3799,5892062182.421818,31679978.00908186,73408222.71907632,4115833198.467368,710466727.0267438,4011709633.327309,625234882.3804669
3800,5891851786.882405,31655364.057443384,73356775.23054042,4115832466.14123,633371672.9286357,4011710103.172152,617883560.6622338
3801,5891693420.894548,31630650.472084727,73306929.9948865,4115829386.376877,706746653.8436885,4011709567.7128763,672540202.7666986
3802,5891543577.750184,31606681.823261715,73257750.02035514,4115828688.399565,633880899.7211351,4011712973.21036,643066925.0165231
3803,5891430927.525069,31582991.984113004,73208917.6060279,4115825649.7231765,711692437.5511737,4011714245.0853453,632948249.4276443
3804,5891209473.592868,31560120.985739194,73159097.8103959,4115824938.991048,634638131.4046874,4011715394.5108356,625787845.9766375
3805,5891141837.365463,31536141.09373517,73111579.46027586,4115821848.0425606,710963280.1775151,4011716001.721249,618341849.1220406
3806,5890982805.039333,31512099.016119227,73063432.40151535,4115821214.213502,635133520.1105243,4011702157.380192,674625062.8639132
3807,5890837795.755702,31487880.648386553,73015848.01292802,4115818060.313574,702266644.0127397,4011706169.055702,646135454.5732213
3808,5890690197.209691,31463743.852099005,72968132.74030405,4115817324.9055257,627999304.3578317,4011706442.281613,633844739.9013569
3809,5890688840.209085,31439637.749097902,72920086.91548818,4115814101.515355,694415546.803367,4011707142.8029084,623053637.9721919
3810,5890629530.212354,31415779.10604041,72871372.28897026,4115813353.314902,626633709.947186,4011707536.4850483,615184305.3882489
3811,5890370260.161361,31392263.77368353,72824597.76464921,4115810192.4030576,699692964.6252419,4011707440.7629113,673675046.3195871
3812,5890200838.507133,31367955.390153658,72776423.1572905,4115809446.924358,628319083.3204491,4011710847.0262537,643696946.7675633
3813,5890140230.176414,31344101.19735504,72727973.24370404,4115806082.0620837,698163831.605732,4011712094.928119,632660076.2665273
3814,5889992406.767885,31320365.27601178,72679526.33718345,4115805351.39528,623157004.618888,4011713227.532531,619758601.152163
3815,5889875083.31821,31298042.07148037,72632402.20981027,4115802021.040317,696229953.322715,4011713829.946469,611339437.6758999
3816,5889739513.425202,31273165.015760012,72585949.50277905,4115801181.6519046,626142101.785256,4011700216.038183,665146860.6144626
3817,5889552138.703573,31248410.881471075,72539070.10034913,4115797867.1575165,698246599.2589532,4011704241.0776505,631101305.9270464
3818,5889340325.317778,31224029.215575226,72491645.27127813,4115797085.7981267,627737617.8803642,4011704614.569358,623148498.0654153
3819,5889221753.390347,31199793.010753408,72442702.55107023,4115793752.665821,699986233.4217291,4011705363.942495,614278811.401943
3820,5889118826.869483,31175970.52211616,72395243.1707231,4115792926.189299,627793685.8961856,4011705802.115624,608981509.7945008
3821,5888912348.181629,31152436.505531106,72347528.57508679,4115789455.09756,702661949.5734441,4011705370.198796,667643039.0332309
3822,5888700228.213594,31128751.39893962,72299946.66408919,4115788637.7586374,626615941.1762592,4011708827.089704,634734722.9227775
3823,5888558122.149973,31105002.27562633,72252737.87836,4115785114.52864,697189242.3691051,4011710138.2314,621752011.5489477
3824,5888396510.010922,31081762.025009785,72205536.34319422,4115784140.558872,625410284.7737943,4011711269.50153,613695473.1292943
3825,5888273400.78404,31058798.16124968,72158310.15950266,4115780629.6500688,697758466.4217144,4011711864.711056,606989118.8578593
3826,5888114373.034683,31035414.350828506,72111369.70223804,4115779676.2206364,628730581.3544735,4011697720.0689,663401634.369018
3827,5887967855.478845,31011713.06044538,72064113.23788224,4115776156.754144,713376190.9365855,4011701725.731982,630785125.5643831
3828,5887837627.161191,30987541.94080256,72017175.55526394,4115775175.6396894,636911019.6848322,4011701975.2634497,622298286.5075777
3829,5887692451.063445,30963431.684211444,71969837.57821952,4115771401.2881236,722414943.3777593,4011702667.293154,616068879.4023479
3830,5887519269.637104,30938730.988322258,71922802.71056825,4115770334.825929,640547518.0279408,4011703063.7412457,609490601.5339651
3831,5887200709.971175,30913997.75124269,71876910.37787457,4115766694.7421384,723384440.5429304,4011702714.1819367,669567549.2579534
3832,5887085879.641548,30891069.90835816,71831411.30378176,4115765581.467523,643681634.6223719,4011706115.106339,634050060.3220619
3833,5886973619.647621,30867942.60562861,71782798.20414098,4115761907.806074,723650309.4033797,4011707378.229379,620888805.0202945
3834,5886827330.632697,30846307.32539153,71733880.75821537,4115760794.872975,636992952.3308495,4011708485.497106,609832894.31294
3835,5886638271.983775,30823053.527085878,71686988.98563439,4115757105.401662,713867161.3982185,4011709096.398411,603894412.9787892
3836,5886462110.698552,30799629.770834807,71638554.81716968,4115755966.1656594,632303421.7085305,4011694777.4258285,652489047.393578
3837,5886364157.263164,30776437.655577,71590790.74520141,4115752246.416013,708731659.6338375,4011698886.250527,622042489.9984895
3838,5886371202.8614435,30752993.79483297,71539197.10075448,4115751383.8409333,627537610.8401252,4011699216.198568,611168439.1445849
3839,5886271616.540242,30729864.17404106,71491403.17987473,4115747979.9336925,703538565.9972862,4011699947.3272295,600792318.4120666
3840,5886110766.988857,30706165.985433824,71444187.99561855,4115747127.162805,628273490.991176,4011700365.942173,593520825.9528092
3841,5885932263.625779,30682950.21606943,71395500.2458005,4115743572.5394163,702903758.8135544,4011699839.620394,647951131.1172547
3842,5885762896.992344,30659259.20638574,71348146.68857817,4115742833.8208685,626401867.0006819,4011703411.4275193,613971322.6115134
3843,5885616324.72703,30636065.387841165,71301954.14976747,4115739584.1039076,706151163.1470354,4011704747.354784,602414777.0043161
3844,5885471605.48908,30613003.075578768,71256677.74217254,4115738835.2658925,627035510.0359704,4011705965.0334096,590825956.2533841
3845,5885411909.487958,30590696.503488522,71210085.65376046,4115735598.847733,698052346.9986916,4011706583.2508326,584150434.5562783
3846,5885244205.9857235,30567185.608943462,71163427.39168611,4115734844.291544,625546104.5568136,4011692473.454448,634148941.4371963
3847,5885167265.433327,30544185.49387429,71116187.59999934,4115731742.1733317,702366475.3563502,4011696636.3702164,602855463.1801047
3848,5885104843.087916,30520565.831048846,71070292.87285705,4115730951.308152,627496744.6782846,4011696968.284629,590543072.2994742
3849,5885013959.310773,30496662.398702815,71022927.84945355,4115727696.6918335,707379139.431195,4011697730.423881,583357970.7815807
3850,5884938528.429768,30473032.92043825,70977160.7242336,4115726924.8424873,628976724.7821262,4011698185.443192,578873601.9072547
3851,5884799175.926243,30449879.949182633,70929113.78241783,4115723770.614429,704186175.3369762,4011697476.369792,630486821.243507
3852,5884631796.093554,30426663.942009274,70878030.0929551,4115722982.3507767,629023680.398723,4011700927.257255,601507994.5507183
3853,5884682986.804182,30403424.539861225,70829809.76475014,4115719737.8224463,710788141.2481257,4011702188.494378,590883077.5494871
3854,5884493506.197905,30380547.440015625,70781419.95442021,4115719089.5228033,630331079.8203139,4011703335.9629245,582584011.7343917
3855,5884387567.744018,30357454.600685626,70733710.10385215,4115715897.713668,699843841.8165343,4011703902.784439,574712607.1674639
3856,5884240892.967475,30334489.443751864,70686939.72118461,4115715119.057171,625004600.9993881,4011689649.9048505,627272877.6893123
3857,5884075916.601976,30311092.518073853,70642140.60491994,4115712018.0317464,701803057.6495123,4011693776.36402,593103695.673776
3858,5883997354.646635,30288079.131407343,70596373.77744685,4115711309.180492,625434294.833144,4011694024.283215,580715470.5619671
3859,5883916076.400437,30264747.569434315,70549694.23715076,4115708294.215099,699766454.2324932,4011694764.38097,572705922.6165131
3860,5883800351.666984,30242119.392978836,70503690.41000636,4115707519.909506,627047407.579798,4011695235.438217,567312140.3062754
3861,5883849373.080709,30219586.818975396,70454158.41185802,4115704300.6282287,701836836.1164036,4011694542.00112,628143456.6119409
3862,5883647739.179339,30196246.914255925,70408511.18280788,4115703607.036194,629413852.1113352,4011698109.1223445,599262353.7131424
3863,5883503442.288767,30173549.780674316,70359498.05890875,4115700472.3097177,709414420.3476013,4011699417.4226036,591407879.1130567
3864,5883369341.747519,30151796.24650989,70311722.56578834,4115699704.562006,625189792.6535906,4011700588.99966,579828163.2488889
3865,5883289971.190249,30128973.174401354,70264070.06077516,4115696642.1115613,699827483.1817665,4011701188.678544,575669881.9369853
3866,5883314832.408227,30105409.465686508,70216625.51962398,4115695929.4367657,624022635.2686124,4011686679.505655,628136651.8692099
3867,5883280871.466354,30082047.725236822,70169064.91357431,4115692678.1745863,699836958.7381599,4011690997.828728,596400219.9655939
3868,5883137492.03148,30058753.883518763,70119280.0782494,4115691885.530398,624089790.0076327,4011691323.171805,584596863.3465803
3869,5883071610.970286,30035595.85418358,70072419.3720346,4115688828.9848523,701863358.7567633,4011692068.7252965,579974663.0763332
3870,5883038214.959512,30012726.72938189,70019497.31896824,4115688138.8500247,621751908.8404295,4011692525.628682,570467339.3733178
3871,5882910607.450443,29990196.897036575,69971901.953289,4115684969.114302,701583813.2434483,4011691824.8807683,629088801.5725812
3872,5882906123.578653,29968424.964079045,69927601.98083434,4115684249.7373066,624715685.4383931,4011695458.9982386,598540094.4119191
3873,5882759091.445591,29945084.03670875,69883258.16136771,4115681157.402663,705336680.7076538,4011696919.2035813,588184392.268559
3874,5882813773.730415,29921505.77753238,69838458.87953933,4115680485.678212,628073709.4205543,4011698123.9572415,573860718.2895125
3875,5882708466.431176,29898827.58650592,69797240.77674553,4115677536.1152864,712785519.5792933,4011698776.093233,565105703.2188816
3876,5882764371.272621,29876320.75271845,69754524.90613446,4115676800.075924,629298954.8696581,4011684034.4399085,624524052.6645776
3877,5882627617.381817,29854640.965595942,69706950.04065782,4115673740.4091773,707039802.154658,4011688256.020468,590706827.8570487
3878,5882510183.660658,29831549.492073126,69654552.02826026,4115673144.421438,631037402.4500195,4011688570.143848,578201347.4002564
3879,5882421007.657959,29808266.22785475,69606952.25164974,4115669468.6921716,710256644.8855811,4011689393.171391,569636593.5529531
3880,5882264081.34823,29784999.520532507,69559492.26406997,4115668596.162079,631783613.05292,4011689882.7969794,563668793.486691
3881,5882139191.993027,29762136.092972506,69513407.78424007,4115665486.9379334,708173023.6347437,4011688854.2787538,623812550.7179046
3882,5882207279.770748,29739390.724087887,69469758.84227923,4115664613.5081234,630380623.8587976,4011692596.1681867,587881870.8691008
3883,5882028383.26763,29716628.985039126,69421439.04515615,4115661609.3109403,706825861.3285834,4011693848.8798385,575431590.2883438
3884,5881930064.046469,29694374.644638687,69376383.3845885,4115660844.97147,632513587.1673659,4011695094.5982695,566924708.775618
3885,5881878267.038894,29671705.753732022,69328673.25412129,4115657675.5873375,708777511.7769428,4011695700.0284667,562891043.0809977
3886,5881797166.599981,29647840.88114159,69281746.42306067,4115656945.9223623,638981171.192079,4011680991.023475,634224931.4796536
3887,5881817889.793572,29625468.942201387,69234249.07654762,4115654027.5351915,729548134.7953699,4011685349.64176,597781330.0956568
3888,5881836369.521303,29602964.19476813,69189314.29504725,4115653235.267093,653834238.2167554,4011685669.2963495,588501388.513822
3889,5881759068.642588,29581826.17471895,69144315.15437557,4115650199.660653,733811170.7342452,4011686431.6785965,581644658.7278794
3890,5881580139.369786,29558391.157324504,69098334.481318,4115649425.667746,652129835.319313,4011686890.3015785,576144314.853621
3891,5881551450.253136,29535319.442129657,69050310.30543394,4115646373.145256,735799850.1484407,4011686408.8725705,643055357.5820488
3892,5881420249.7170105,29511990.00049592,69003357.64561397,4115645583.497616,659568620.1355584,4011690290.617176,612987182.3809259
3893,5881302981.948821,29489234.417261966,68955977.86931999,4115642656.1088653,743921970.2244232,4011691577.802726,604674147.4580312
3894,5881185377.13169,29465433.633197244,68911105.25122769,4115641899.409535,667318595.768476,4011692773.1397815,601318240.2397772
3895,5881047819.418495,29442951.29513674,68864180.56954826,4115638680.099173,737028578.1839639,4011693358.7807026,596237374.3862945
3896,5880894370.322992,29420472.13546513,68815893.17627922,4115637870.436595,656793420.4106706,4011677973.066032,669892779.1270185
3897,5880746676.4311285,29397966.388622895,68769630.46428634,4115634621.2823777,725362400.1603038,4011682210.2987766,632415093.6079497
3898,5880610856.275661,29375578.9186231,68725556.36121657,4115633716.552747,654083753.4162469,4011682427.660279,622094699.8071208
3899,5880491384.100254,29351357.01660711,68677360.85010517,4115630770.110471,723274379.9584886,4011683257.0640535,616030412.5984985
3900,5880297285.001954,29328147.85106695,68631763.6680248,4115629883.083357,655536346.1328855,4011683665.3023524,607314168.9955442
3901,5880165019.234126,29306068.611919463,68585891.2400896,4115626767.9359255,728963564.3698518,4011683067.672113,682690674.9402595
3902,5880008282.450294,29284076.804151613,68539113.13126023,4115625434.9328856,652829641.1715709,4011686841.26099,640875179.5108299
3903,5879900075.291263,29261606.979527373,68492552.62971407,4115622386.5296535,739013174.0281206,4011688243.7199035,626895545.0552332
3904,5879775706.639427,29238754.80983048,68445807.79859558,4115621519.782913,664707776.6185876,4011689480.4615426,619958995.8994367
3905,5879681226.004254,29216539.956522334,68398447.93847887,4115618381.633716,743070064.47593,4011690102.855644,615629954.3311433
3906,5879544230.418187,29194258.041883383,68350123.90943201,4115617503.155863,668959246.0373719,4011675287.1124372,690092209.827585
3907,5879434864.035495,29172005.595937267,68302492.12912653,4115614318.369823,749357122.6832384,4011679800.190714,655452095.7215716
3908,5879474863.806179,29149434.15397654,68254892.91617584,4115613500.1762314,672120706.3008265,4011680037.4743133,643893474.4646943
3909,5879181910.025532,29127094.685751103,68209616.12767275,4115610469.1671004,743862267.2538977,4011680829.1383944,635509570.3637136
3910,5879150772.079127,29104472.654452607,68164269.73327003,4115609663.980827,673091196.4271109,4011681216.2380347,628256950.3684884
3911,5878898219.11207,29082297.06290258,68117441.85465385,4115606687.576878,748007314.1825713,4011680383.2006,705444537.3724108
3912,5878924662.711842,29060658.852258816,68072232.34863108,4115605934.860234,681010301.3678658,4011683937.1795974,665405484.2987117
3913,5878739753.822785,29038744.154434357,68026926.96696605,4115602849.5394683,745136274.683077,4011685204.892188,654325934.2226562
3914,5878606753.110777,29016958.380729456,67980938.19207099,4115602006.573475,677330344.3932555,4011686378.37977,645605575.6751696
3915,5878542538.430526,28994815.050854407,67933152.421439,4115599009.1043844,743786402.673717,4011686967.3696947,634115531.8499625
3916,5878619900.648284,28972964.309731632,67888483.28342171,4115598188.129872,674875703.5311377,4011671462.807548,705011534.9798932
3917,5878395461.947378,28950779.239314258,67842206.10722767,4115595214.405696,737763799.9792615,4011675603.90494,671943289.4288421
3918,5878377109.3200655,28928766.708331496,67794554.34145455,4115594460.072665,671698897.8337748,4011675847.1858826,657348221.5784883
3919,5878277277.654055,28907865.642761655,67746918.20552436,4115591299.219439,736059661.6753337,4011676638.4691978,644466636.1764635
3920,5878098112.090753,28886086.689452853,67700710.8087934,4115590436.490048,663445801.224653,4011677013.109975,639085612.394096
3921,5878150466.60784,28864398.792142894,67653972.47125678,4115587472.0929623,726276534.3758345,4011676687.525487,711532738.7741244
3922,5878050868.658402,28842882.993315052,67606478.30713217,4115586708.7176757,657195995.9024711,4011680434.6271625,676317650.5214173
3923,5877956110.119744,28820476.61390732,67559322.75580259,4115583688.226715,725699312.4379307,4011681805.7240486,661476423.6579994
3924,5877924131.762718,28798170.976148915,67514005.98908654,4115582883.198379,657265775.7485315,4011682960.455802,649437368.7216496
3925,5877900551.411164,28776194.440201364,67472104.49665792,4115579940.5957956,722707250.485822,4011683548.6477985,641489517.7018896
3926,5877827017.014396,28754040.257510625,67424962.45188585,4115579109.364115,655119059.1956018,4011668384.3369093,714472508.4421374
3927,5877768583.445852,28732717.7422288,67378049.88364278,4115576120.693963,727452169.5843319,4011672795.5452714,677095848.6125876
3928,5877615538.889428,28711423.68184896,67333359.95990556,4115575205.6723638,654619583.039394,4011672973.036996,664606900.4309216
3929,5877453405.159658,28688404.98019427,67286713.67515159,4115572260.248311,725892499.5111912,4011673730.2138577,656895712.0655909
3930,5877296080.556922,28666743.73105673,67244047.81009912,4115571482.8103247,647167374.1342984,4011674034.2370615,651749528.4500408
3931,5877142405.972997,28644592.964511614,67195965.3081325,4115568511.8681216,720151283.8308301,4011673536.034108,722409466.8092579
3932,5876965948.525235,28622833.518858712,67150926.67103626,4115567778.3774505,651301150.7773862,4011677133.4715853,684521285.2786978
3933,5876821891.237043,28602860.188462686,67104264.98431496,4115564686.696197,728608903.1262858,4011678415.7558002,678048545.8437366
3934,5876637750.912199,28581064.38522478,67059619.41741461,4115563879.720316,649908301.1628088,4011679577.590233,668623787.7981496
3935,5876472244.620809,28558913.88945762,67013453.82839067,4115560923.511787,727360804.441542,4011680169.737286,657980739.5489237
3936,5876463314.902473,28536821.45176077,66968499.023782715,4115560170.352263,653345250.9133142,4011665494.5583825,729071714.3672585
3937,5876212194.289249,28514585.337114256,66921239.54958334,4115557178.017717,731744361.5731059,4011669981.29413,690350126.1168197
3938,5876044658.76929,28492721.875470273,66873848.36427078,4115556419.3161583,652706340.7263057,4011670089.913038,674405485.5266136
3939,5875991139.180945,28472129.560950667,66826894.967079856,4115553424.509848,724068353.096379,4011670891.793668,663800197.1348479
3940,5875829076.393261,28450950.486507565,66779445.0633864,4115552659.211644,647744835.3578855,4011671177.647522,657491023.5713769
3941,5875734413.257728,28429075.86764902,66732873.19254714,4115549780.857424,727963500.863211,4011670853.0233736,730257887.1467278
3942,5875804918.917902,28407538.42509277,66686918.4516365,4115549025.6986394,648914070.8936769,4011674545.425615,700150393.8978107
3943,5875696357.606498,28385686.41490352,66639385.40690791,4115546004.2841163,728375289.3429421,4011675914.122012,687714418.9819568
3944,5875604515.467218,28364057.462629355,66592311.33527152,4115545284.662308,649908946.9073417,4011677072.149564,679684390.5550689
3945,5875440562.322311,28343592.871443067,66546384.920518644,4115542353.279657,732625427.8987714,4011677668.057664,672225220.7098347
3946,5875369632.885512,28323152.427767783,66500264.75380178,4115541609.162238,647796955.2783968,4011663412.1227345,750074915.2400354
3947,5875151579.1339,28302509.622159928,66453028.788533024,4115538635.4570727,723426474.920841,4011667686.048399,713009704.1638827
3948,5875196768.471714,28281029.804591093,66406695.25692287,4115537891.675065,641166388.3409896,4011667792.014538,694190766.3444124
3949,5874983516.272287,28259201.97842561,66360638.871022046,4115535022.388594,716768654.3914148,4011668500.3235292,683928510.44755
3950,5874864078.484849,28237765.578243434,66314876.154169306,4115534184.313667,641755660.1236181,4011668800.2209435,671130795.487372
3951,5874708052.465563,28216654.154560283,66272709.29637116,4115530985.977761,720072214.4550585,4011668263.0231614,745022784.6642935
3952,5874556397.570708,28196962.606761064,66225801.22411637,4115530309.2319393,646624544.686594,4011671767.861152,710038856.131638
3953,5874501287.828345,28175022.745554913,66176900.65568041,4115527410.088419,724037924.9537278,4011673108.0652614,703067355.1120285
3954,5874370802.555042,28154400.285507895,66128369.79897452,4115526642.554711,649013194.9651606,4011674079.758557,689486604.4588519
3955,5874196676.652253,28135562.991296925,66081641.51547207,4115523769.1237235,724646342.1448935,4011674671.882089,683178910.7517631
3956,5874064714.480336,28113287.96319519,66035073.844055586,4115523079.8944964,649496505.3274318,4011660242.5311217,759864354.6372093
3957,5873878045.959163,28090829.45413195,65988924.39941885,4115519071.6754255,729083509.4402968,4011664290.66958,716863819.7896055
3958,5873877907.044502,28068862.70771818,65940016.04129454,4115517972.1907053,647927067.944955,4011664343.1838665,702658509.2236582
3959,5873745117.088089,28047242.99538918,65898112.21503063,4115514735.4617596,718728662.3874921,4011665116.6278176,695916299.2357728
3960,5873608775.28581,28025753.265611805,65852283.96506973,4115513817.0201626,646413171.0384116,4011665302.4967604,687770845.7481123
3961,5873737891.019805,28004461.033509653,65810302.056572646,4115510661.4431305,719094793.0723364,4011664638.7474794,750517287.563581
3962,5873433472.230797,27982915.240845334,65764644.48802273,4115509878.492893,647554120.0781853,4011667544.6669183,714663691.9244795
3963,5873534414.686994,27960905.62606011,65719020.95111232,4115506647.1353846,734312632.9432178,4011668877.682354,706281356.1894602
3964,5873287933.663292,27939447.642022096,65672595.60219294,4115505795.6622024,657890860.9935713,4011669680.2263093,688448929.6911006
3965,5873439049.23472,27917961.173720397,65625423.71891052,4115502682.1174674,733494534.3623616,4011670153.5611258,672703764.7417707
3966,5873029853.502602,27896838.21864532,65581199.817903586,4115502016.867889,660075837.1280676,4011655468.8168225,739778372.5994328
3967,5873202743.075794,27875977.706447396,65535744.81132606,4115498792.359481,734628622.54755,4011659497.197345,702562678.0944571
3968,5873147137.026653,27854813.117833793,65492772.97176193,4115498059.0958457,658750398.3996874,4011658725.630149,688118475.4702657
3969,5873015234.886639,27835097.054000523,65448973.896341905,4115494947.288327,739286030.5555683,4011659296.4432445,679010644.4562176
3970,5873265293.0009,27813941.22799822,65403429.134433456,4115494212.980983,663109261.7250475,4011658555.3050194,674212206.7032013
3971,5872869017.061227,27792931.15468545,65358680.6432358,4115491037.023271,736853061.1129304,4011657652.130001,742366181.9522562
3972,5872939230.570505,27771082.609611955,65312767.295101,4115490289.432092,660626996.4920489,4011660165.1253424,699148982.5816253
3973,5872672676.15387,27748921.52690718,65269392.977084585,4115487136.773552,739868277.9669425,4011661318.4102235,685826006.2049412
3974,5872631558.008716,27728527.453429844,65222899.63697308,4115486433.299581,663856258.2508023,4011661139.5469584,672999757.0400745
3975,5872625544.326176,27707658.184905183,65176834.840532266,4115483311.3137197,739582976.0476319,4011661348.8515496,669978712.4911827
3976,5872583802.349531,27686483.14322157,65132033.89993055,4115482546.1299486,663482459.6767867,4011645221.1140003,727261478.0080642
3977,5872480385.576112,27667381.351970933,65087350.59883066,4115479239.9063807,741807370.9392067,4011648370.2901945,684550011.8579686
3978,5872323820.048914,27646554.982581336,65043218.452808164,4115478500.59698,662323619.9586003,4011646761.5281196,667693370.74341
3979,5872175415.05824,27625113.886139475,64999320.3868647,4115475491.4832883,729578015.9577826,4011646970.48837,659155824.9086392
3980,5872009757.199028,27604208.430804625,64955186.37384229,4115474830.3416953,657378488.382842,4011645627.75796,648265215.9325101
3981,5871901037.169181,27583734.46188051,64910385.87096214,4115471755.754452,724447113.7124667,4011644655.2627573,703382668.6597376
3982,5871724492.433346,27562164.402738295,64866926.008741915,4115471006.210161,657496653.5394025,4011645867.8206635,663531414.821974
3983,5871558671.204836,27540843.68737592,64819033.82354908,4115467869.4147024,726057589.0540468,4011646467.7845016,649048021.8431842
3984,5871421105.399767,27519933.22784885,64775612.63924462,4115466223.239456,657778042.3204491,4011645478.234995,639193307.1062522
3985,5871254318.580048,27498238.520416223,64731396.45582016,4115463149.262307,730671715.295014,4011645260.576188,630390541.7260908
3986,5871097845.048629,27478524.07962116,64688207.25538366,4115462354.490619,658703900.9363996,4011629560.0857267,683911090.5294021
3987,5870951452.72982,27457896.484267045,64643728.69159803,4115459156.3064055,730520854.7646121,4011632628.1488495,649101899.3604693
3988,5870878244.701004,27436510.04000617,64600726.323923916,4115458415.304347,655689697.8734708,4011631143.1406612,638711203.3984758
3989,5870938629.317996,27415150.15320876,64556665.28109216,4115455191.173737,729100736.2543081,4011631018.07218,628479285.2187376
3990,5870987733.789261,27394794.43182982,64511913.79955493,4115454390.514692,655847152.235469,4011630481.4662066,623576815.908209
3991,5870847327.811632,27375505.473220944,64468460.68576782,4115451209.4849577,727340514.0016468,4011629071.1039085,683063823.0651469
3992,5870694538.178434,27354062.818942774,64424477.2869652,4115450491.1240306,655038227.5164859,4011630640.554777,644750545.8064034
3993,5870557116.897306,27332649.643305566,64381974.34140588,4115447397.2911677,735038223.9660704,4011631159.540038,629259742.3128468
3994,5870378744.897178,27311805.607497633,64339085.682215914,4115446623.0218472,654844440.1338526,4011629714.428869,619536922.8304671
3995,5870223450.167131,27290765.671586927,64298240.42360118,4115443338.415883,728642137.9972013,4011629351.862407,615577943.8725443
3996,5870107126.038799,27270262.148370013,64254105.35081391,4115442464.863012,650401483.3791999,4011612832.281254,679407288.5976183
3997,5870058205.155315,27249559.26584122,64211074.56834419,4115439318.81513,714914746.6178459,4011615571.9979587,638901119.9268066
3998,5869875411.833884,27228616.137900632,64168722.34100664,4115438417.780296,643993201.4608501,4011614033.2477884,626801117.221092
3999,5869735849.431811,27208387.1328104,64124852.99663132,4115435321.646172,709440909.603273,4011613468.6115556,613589822.8084016
4000,5869596800.302957,27187845.08870655,64082172.00989976,4115434566.8670297,646711324.6359402,4011613402.7024665,607547539.1319054
4001,5869402509.064547,27167330.26097624,64039477.141739555,4115431488.1453238,721410014.8943852,4011612233.5968437,671764023.7259952
4002,5869217006.4047365,27146624.03283704,63996516.699847855,4115430620.1063533,646929805.9052596,4011615021.9485645,637486695.0686321
4003,5869033435.438524,27125838.736225568,63953042.71918838,4115427649.2439804,727193716.7998954,4011615631.6408844,624047696.358386
4004,5868887050.494806,27105201.64346983,63910104.01543509,4115426727.428502,652583249.1106616,4011614792.472589,614780620.49116
4005,5868797760.297142,27085063.43502266,63868323.191931434,4115423660.7480464,724698983.9924179,4011614452.7631116,607117621.9294925
4006,5868676864.218732,27065192.334928274,63824906.034403674,4115422725.525052,649361348.5270149,4011598227.166691,667117633.5244911
4007,5868486570.787105,27044684.906535156,63780762.662699856,4115419659.5084877,724726857.9730853,4011601235.466948,634790390.9079694
4008,5868422441.356663,27023845.403802328,63738876.49182195,4115418676.2972994,652026720.9046643,4011600689.712124,620372500.296599
4009,5868433124.246811,27004234.255443215,63696325.10128675,4115415658.6156282,732068534.3748729,4011600749.5257754,613737131.5456647
4010,5868390644.011706,26983076.000525936,63654468.52270643,4115414815.603426,662190007.5547392,4011600554.6119866,606571004.5562223
4011,5868316445.610614,26962377.26165914,63612207.15916835,4115411742.2333894,734507207.6252059,4011599892.837625,673643866.0427082
4012,5868234838.028205,26941740.1238992,63570515.395057745,4115410934.7548203,663375218.873881,4011602638.711436,637363544.0227426
4013,5868149557.474357,26921208.871601723,63528904.830375776,4115407701.7360992,734315147.1029881,4011603400.934393,626666217.9446865
4014,5868111089.571415,26900908.428759303,63487080.0830793,4115406833.177807,662654126.7874095,4011604024.7894573,621230478.4244853
4015,5867978900.407465,26881238.02048792,63444523.27768317,4115403811.9110646,741610851.7098569,4011604234.517664,612738816.4804144
4016,5867816902.137872,26860991.159887996,63402644.32016846,4115402855.1384597,671579660.1220804,4011590837.420837,678003462.9145163
4017,5868019399.9464655,26840479.1222899,63360997.944897935,4115399767.531585,746395484.7861089,4011594278.174777,645688003.0713291
4018,5867962559.860171,26820160.78819814,63319648.896098666,4115398809.5023665,677285345.8285196,4011594344.782085,634113600.3121085
4019,5867881911.373768,26799619.742305532,63278054.56479931,4115395740.6319017,753862402.2040185,4011594826.2502556,624883909.1194079
4020,5867848434.660919,26779365.49088955,63236322.98870789,4115394789.1357684,686074855.548192,4011595120.0815268,618265783.6278511
4021,5867708446.670137,26758793.655908864,63195389.67109847,4115391739.188186,763349093.3517838,4011594688.810623,679345501.6546435
4022,5867624883.634856,26738713.552622043,63154769.717454255,4115391022.8342314,686849792.1022037,4011597966.9880123,641833906.9255054
4023,5867469325.773647,26718489.51803054,63113393.16616943,4115387759.346909,750873117.5950478,4011599185.9805098,624793390.2437756
4024,5867423110.477128,26696281.602588464,63072240.94037821,4115386897.320418,683412224.8457466,4011600252.5880837,616985616.716371
4025,5867343918.441564,26675374.850204036,63030752.695320696,4115383775.1985316,750433175.9092025,4011600719.6882744,605680667.0085284
4026,5867229445.217335,26654582.651917804,62990315.985133864,4115382903.01969,681560807.057822,4011587920.17609,664405011.7743514
4027,5867210336.58468,26634745.64261541,62948656.09119995,4115379787.9128857,755077716.9876623,4011591585.617984,629049970.6174805
4028,5867040334.086763,26615252.655403968,62906727.9712831,4115378819.070628,681898120.9649954,4011591751.940153,614174922.8372273
4029,5866938182.490751,26594044.451417167,62865820.53980758,4115375575.607024,756532706.436344,4011592400.2234616,603545726.96952
4030,5866832398.257913,26573587.73517233,62824976.29351529,4115374568.0625334,681511005.2888762,4011592809.6621222,593025505.820275
4031,5866684085.332693,26553355.744262416,62784230.55272933,4115371459.442985,747822151.4786773,4011592627.836891,651508693.8396394
4032,5866686818.062761,26533183.49196055,62743336.02422887,4115370350.2231975,681407308.6506206,4011595929.2489557,611374014.5754582
4033,5866648133.869766,26513308.256509665,62702578.10267603,4115367294.521182,751655723.2931044,4011597198.3980136,596708197.8907645
4034,5866497571.156928,26493505.08980037,62662789.799104914,4115366336.7370887,680124505.3271406,4011598281.846737,586751099.3655299
4035,5866438288.739066,26473336.765097648,62624688.48460492,4115362950.129589,743974629.8975581,4011598801.1085615,581454907.7817991
4036,5866283457.643523,26453422.871323735,62583156.46965073,4115361862.012544,677997390.5802014,4011586376.293435,637073274.9657885
4037,5866130613.54021,26434132.700121112,62541971.32338066,4115358818.042956,744002265.3000317,4011590131.5162597,606841136.2571642
4038,5866045363.038897,26413980.98529697,62499383.1674821,4115358076.83203,673232221.5862315,4011590430.3361773,592147871.8200232
4039,5866013621.967045,26393625.822171018,62457613.985848315,4115354970.726974,729901156.2012404,4011591085.1259665,584509820.8099912
4040,5865875307.107041,26373644.14227105,62416240.670440905,4115353873.679445,666996319.5224043,4011591508.7469096,576874071.3521075
4041,5865741779.537341,26354002.608311888,62375122.283275045,4115350695.7914824,725196626.5045766,4011591383.252622,635548330.869212
4042,5865767335.91433,26334412.946356513,62335653.99855784,4115349610.0834727,656749115.7896429,4011594681.2296734,599151607.9907783
4043,5865659706.836829,26314026.522609185,62295243.24209715,4115346488.0005126,722988793.8295584,4011595939.5289207,586858480.3364381
4044,5865466901.839006,26293863.089808892,62254663.087393105,4115345434.5735292,652546442.8108039,4011597072.1698503,574866574.8856732
4045,5865328216.60678,26273986.22796555,62213637.043666884,4115342148.8648386,716682796.3653846,4011597629.0337296,568912093.6446242
4046,5865356610.688027,26256377.655534644,62174437.924061015,4115340996.6770015,650143617.0237674,4011585671.5597615,625424037.1982872
4047,5865198800.801705,26235714.56854965,62134136.84345412,4115337712.6149344,712606535.4425886,4011589174.9497757,593781670.0816627
4048,5865120978.294079,26215666.173884433,62094750.721519105,4115336569.9499745,654940355.9652256,4011589292.390655,580455512.9999152
4049,5865043528.414745,26195046.448203124,62054238.266377546,4115333391.717666,721910598.0755633,4011589932.3357296,573243845.7964901
4050,5864989273.474753,26175213.865900308,62017205.79282135,4115332163.860266,657575587.7073605,4011590284.718692,567104564.0947547
4051,5864959968.30471,26155443.420463964,61975969.9764007,4115328750.7130322,721211957.4934705,4011590059.2203417,629309204.2511886
4052,5865033428.191687,26135778.1698496,61931776.50691433,4115327574.637871,654787873.5051149,4011593405.5378284,603703848.8113854
4053,5865062802.608233,26115915.779888872,61889276.20340093,4115324247.446385,724571964.8543487,4011594549.289836,592339176.3392435
4054,5865105506.18287,26096964.818761118,61846385.338486426,4115322991.780791,657282796.0569209,4011595678.2601943,588912388.561457
4055,5865135322.089465,26077164.331950683,61808086.64456984,4115319611.726866,716250806.3023455,4011596188.4411063,584470604.1309849
4056,5865004748.114028,26056827.02690165,61767980.85769113,4115318297.70301,652421215.4194016,4011584116.4857774,652340852.0575676
4057,5864875663.398714,26036985.861756023,61729601.945028394,4115314949.370847,715790762.8147534,4011587111.5678444,616871696.3996235
4058,5865099035.595438,26016915.994605012,61691045.66618775,4115313608.0262017,653228037.9634551,4011587303.132837,609744105.7643976
4059,5865021977.378383,25997631.453716587,61647291.221392244,4115310346.6436877,723399499.9382598,4011587891.723685,600882166.656495
4060,5864949823.995572,25977807.923025224,61604539.08678775,4115309319.83549,657817931.9499177,4011588332.7366557,593210867.047629
4061,5865151431.8063,25958334.218514487,61562774.74056148,4115306121.2098613,720282207.4454114,4011588249.81134,662384521.535464
4062,5865025550.680568,25939008.099967644,61524754.89664127,4115305154.725675,658521901.1725456,4011591429.3239145,629794094.8754705
4063,5864947063.605612,25919518.682707302,61481460.56386906,4115301802.0177445,714448320.1044616,4011592738.104154,617469239.6972375
4064,5864780124.392001,25901383.288174674,61441999.69805752,4115300827.771697,653083716.3358288,4011593870.748784,615067440.4165759
4065,5864640897.758122,25882559.797920626,61401287.615029685,4115297667.810961,714312919.8032178,4011594431.8485446,608519723.4447447
4066,5864533419.8955345,25862157.232543796,61360753.198127165,4115296872.2503896,652095152.7490135,4011583160.453169,680918466.5785027
4067,5864475576.898732,25842648.4444334,61319670.65736967,4115293442.6199255,720538496.8481599,4011586359.086558,645254329.9765581
4068,5864336592.544112,25822339.47265837,61279778.05944155,4115292551.4791136,651053620.2532972,4011586645.2594414,630454030.6807331
4069,5864192159.846739,25802751.500314746,61239397.140211366,4115289295.191328,708730080.1326634,4011587262.1838894,627429852.083379
4070,5864142787.181333,25782970.684821937,61198716.85536511,4115288375.0535364,647684697.2497047,4011587725.818689,623624527.3047613
4071,5864193845.477665,25763704.185069174,61157758.876159295,4115285195.782115,708060144.5717608,4011587820.300722,706316718.5294393
4072,5864143170.603818,25744254.86071984,61116437.13445476,4115284411.679859,645790073.7818413,4011590939.5999103,670941906.6657124
4073,5863937689.525011,25725028.610063866,61076198.9605408,4115280966.8722734,696793124.657606,4011592090.476297,648341589.8463413
4074,5863896682.348349,25705374.074126974,61035912.62688395,4115280111.378217,636923299.4103379,4011593208.5128756,639608287.8790642
4075,5863836704.656165,25686172.856844474,60995629.20048111,4115276871.779958,702180171.8827585,4011593794.3668876,630783214.16692
4076,5863667004.841037,25666866.32346356,60955069.586815834,4115276075.085943,643553234.8515136,4011582544.5048933,708855451.6458023
4077,5863526132.466644,25647277.611441977,60915060.944704674,4115272802.2991076,709653362.3912966,4011585661.8298783,666583480.3290699
4078,5863768690.763916,25628139.201706722,60875108.44192895,4115272223.4770565,645069512.0014488,4011586003.4966445,655174019.095626
4079,5863851965.792032,25608475.193944152,60835042.5534122,4115268942.1478043,721097775.4017255,4011586641.7897716,644648933.5316837
4080,5863727617.997029,25589118.379937563,60794892.93025306,4115268191.5244884,651064143.8935776,4011587119.7715616,642127189.749357
4081,5863617842.570719,25568647.553717196,60755464.883554436,4115264783.563244,722537171.9180119,4011586944.49489,713408370.7261055
4082,5863566780.748001,25548132.80918838,60715747.973409526,4115264201.244685,652623156.6130087,4011589946.02693,669833888.8166443
4083,5863431774.541036,25528718.617880326,60675803.97001479,4115260776.2222614,722588364.5836376,4011591084.023163,659481336.3826208
4084,5863708321.0384,25509384.625165764,60635973.80934117,4115260198.2559233,651898839.0013644,4011592186.8160696,656707559.7850327
4085,5863697564.574454,25489701.34835246,60596869.38460944,4115256952.578205,719600427.2854893,4011592722.4964523,654933236.4102286
4086,5863577658.273811,25470539.367049817,60558685.35421622,4115256300.908719,651475616.744412,4011582093.092655,726816272.3342527
4087,5863499299.012409,25451292.974808898,60518046.86813078,4115253103.5069933,721789510.4336205,4011585175.3077035,684672698.1817627
4088,5863353430.545535,25431656.881442044,60479524.88580819,4115252663.0588484,653011683.1105345,4011585459.573125,678573933.2330253
4089,5863261478.959787,25412972.004335523,60438766.48341788,4115249310.7226186,726938185.8153087,4011586078.4581847,669031934.8068511
4090,5863129994.906664,25393509.20605062,60399570.586178534,4115248776.610889,654925409.5434482,4011586518.137858,670139037.0158272
4091,5862934879.1279335,25374363.85427882,60360102.74120459,4115245603.6336136,728954632.5809554,4011586197.514418,746517267.6798122
4092,5862957376.091779,25354799.125484295,60320493.42781091,4115245118.335848,658441286.7328134,4011589156.653542,695575300.5344936
4093,5862831064.723033,25335581.525051486,60281021.87288808,4115242044.5472355,733392746.5827882,4011590305.7199416,678099426.7235843
4094,5862633041.4679165,25316781.421037693,60241642.51905031,4115241512.6986156,664598516.2749058,4011591395.471077,664572653.6357536
4095,5862469306.54212,25297805.644789718,60201762.12923409,4115238165.8021502,738866861.4243456,4011591903.992327,655281281.2954472
4096,5862433277.673472,25278767.10864009,60162909.64643782,4115237644.543496,664066414.5651437,4011581552.773244,725074334.6997908
4097,5862387637.044593,25259628.08456823,60125097.0885902,4115234521.7590117,745779848.9592931,4011584441.714906,687931031.906078
4098,5862259740.075636,25240880.297365323,60085307.18811491,4115234020.1887245,673438241.4653685,4011584768.4439225,670971493.6085137
4099,5862251523.433857,25223023.41624793,60046655.40492678,4115230737.804866,750291324.9088881,4011585399.587946,661007693.0665902
4100,5862153496.523494,25205958.22161591,60007427.74379998,4115230227.539765,682151485.7473868,4011585895.0049014,655383707.8980622
4101,5862009861.914628,25187815.32965405,59968930.53446905,4115227059.0281963,753171114.3095291,4011585711.273806,726710544.2129916
4102,5861846872.349398,25168861.52810708,59930655.57354466,4115226478.233609,680234601.1596048,4011588613.20764,686667716.458879
4103,5861700508.664442,25149475.04139117,59891265.610191315,4115223243.3298845,754712934.7029521,4011589710.55454,674488016.9133397
4104,5861562937.816628,25129250.879302982,59851290.306800425,4115222754.914898,677766734.5066514,4011590831.4475355,661073350.0089757
4105,5861395765.021324,25109787.104690958,59811991.79324396,4115219620.25123,751280799.1884533,4011591348.1136546,654203842.7409497
4106,5861270132.170242,25090772.922663048,59772712.392756656,4115218967.4917526,682627872.9876976,4011581069.767283,711029757.9230063
4107,5861119616.13718,25073195.235510457,59733117.50167824,4115215715.2257705,753673894.4692769,4011583778.943979,670177331.4616195
4108,5861391357.409147,25054511.998693883,59694220.507460274,4115215273.226726,680414456.4313165,4011584071.161184,656233040.8571373
4109,5861271203.547202,25034961.410970457,59656223.52130643,4115212013.7082715,747358102.8108295,4011584689.732452,645847967.8514166
4110,5861301477.935136,25017316.730958533,59617198.00310584,4115211454.8107877,680326874.042771,4011585142.957146,639877956.9602492
4111,5861256300.790389,24997599.6038722,59578540.39952737,4115208153.2744026,751017458.6860669,4011585302.806741,712955956.1221701
4112,5861043521.429097,24978105.79901132,59537411.37670812,4115207310.227584,683567111.8436983,4011588109.0119896,672048780.0874972
4113,5861011112.335836,24959087.569715038,59498685.16599152,4115203919.0301423,754193377.9478188,4011589220.5345798,656293163.4855181
4114,5860783713.059002,24940254.19903902,59458989.75237295,4115203353.8006735,681464814.0911924,4011590263.032076,645755657.166019
4115,5860678134.354966,24921163.69912616,59419651.90045604,4115200124.6659274,744096244.3298116,4011590777.6120706,639384777.842869
4116,5860598384.72248,24901849.11372902,59379958.75727444,4115199416.994189,678371727.7104231,4011580857.0885606,702436242.8690449
4117,5860406797.969072,24882802.159280602,59346227.827699035,4115196255.992131,745499148.6138629,4011583691.146625,664525768.4730864
4118,5860274515.05759,24863503.712127257,59306942.47484087,4115195547.818081,677451411.4309472,4011584008.755574,646218207.798971
4119,5860097026.425276,24844055.728311315,59268380.91606698,4115192272.3045974,739339215.2253414,4011584600.8154507,637289960.9435859
4120,5860154429.248462,24825224.93851831,59231243.54503729,4115191619.022869,677160306.1980324,4011585053.1650863,628610916.1150695
4121,5860088896.832829,24806052.294855762,59192880.43699244,4115166285.775304,736116623.3091701,4011584875.2808204,689964523.381568
4122,5860144697.6850395,24787276.97391126,59153132.089130886,4115141971.2471757,673395256.1718783,4011587610.403433,662018263.1586992
4123,5859999661.106141,24768252.34785594,59112925.76581943,4115129903.515442,729285535.1692965,4011588609.288392,645030369.7083327
4124,5859928560.031773,24749924.59605369,59073400.03688288,4115125258.4854336,674692088.6454558,4011589584.8494415,633684073.1602632
4125,5859777409.662682,24731391.205523357,59034263.13442087,4115119418.69513,735236194.6478167,4011590070.29301,624364976.2361147
4126,5859694980.78988,24713085.49004707,58994178.23628804,4115117742.434484,671685724.0222554,4011580588.097349,683969434.3581878
4127,5859558623.186709,24694795.037233368,58954727.39873556,4115112291.7365026,735002578.4222335,4011583365.1990356,652806184.823894
4128,5859387016.551671,24677307.05878371,58917206.51561167,4115110847.7772703,672431691.1653056,4011583711.0997233,637755966.210112
4129,5859214339.601701,24656556.44376852,58880585.98072771,4115106127.789879,730233746.3047599,4011584250.835698,626387614.5842372
4130,5859377714.897793,24637599.687495667,58842050.51041687,4115104728.617255,668428163.6061012,4011584691.550276,618752368.6955869
4131,5859286249.501991,24618467.24125602,58804012.13880648,4115098421.1826444,736437284.4773965,4011584502.761403,674830154.5773671
4132,5859279173.173529,24598972.47006204,58765306.41651852,4115095550.8544645,674246293.0140065,4011587248.613524,643908124.5585865
4133,5859167278.756924,24580573.335020464,58726327.62716902,4115090309.767865,743106830.6016145,4011588232.921328,629694705.8607664
4134,5859019905.630803,24561738.4343386,58688487.3234632,4115088688.3484464,670997884.5749589,4011589206.8458247,620178719.3110383
4135,5858927437.519091,24543363.982977312,58649183.37116264,4115083462.709885,725686302.3715639,4011589668.639774,611205929.924326
4136,5858921034.789296,24525204.93415449,58610782.26765489,4115081917.1602273,669456607.9620638,4011580540.120947,668431881.3194224
4137,5858901509.152188,24506920.429980237,58571976.04216816,4115076792.3742857,733359669.9001006,4011583314.0623264,632860334.9405943
4138,5858728724.423949,24487818.95828828,58533721.46918909,4115075421.806554,662069967.2059449,4011583671.601471,618017093.3155221
4139,5858614539.212934,24469345.013379067,58496824.4817816,4115070530.5907416,730159171.8859143,4011584180.473019,605304609.022231
4140,5858452765.185098,24450440.96576686,58458942.38425163,4115068940.074142,666663401.2112294,4011584617.2726626,598151546.5658054
4141,5858340716.922445,24432182.684642565,58420814.56257755,4115064118.818328,732349777.0219884,4011584446.8649116,651722715.0840012
4142,5858199062.058229,24414074.869736116,58383473.58569904,4115062627.320817,666948778.69641,4011587115.819161,617542321.9310654
4143,5858087094.102039,24395324.732863262,58345430.20623601,4115057546.5904794,725867558.2130651,4011588093.0243073,603395754.1380705
4144,5858041958.165396,24376591.411271565,58307792.37433182,4115055983.5388246,665472928.614708,4011589075.95895,592587375.4222075
4145,5857959664.846967,24356217.495293487,58270189.88666729,4115050761.5681458,736543106.385265,4011589539.461141,583409824.4239204
4146,5857838075.373752,24337022.1314505,58232399.940015025,4115049226.3897705,666622104.4441967,4011580557.958592,633452617.7420547
4147,5857682645.950972,24318202.699431494,58193689.324272454,4115044129.8847523,728143408.9879982,4011583123.176178,607105684.9609029
4148,5857515193.849765,24299747.524491113,58156138.506015554,4115042619.172715,659743510.9690603,4011583456.8779216,596090917.6138942
4149,5857470447.458319,24281684.531176273,58116879.931770936,4115037342.107095,724646840.35439,4011583956.326675,587085288.5019337
4150,5857149745.230627,24264107.140830733,58082114.279180475,4115036005.8383193,657242974.689452,4011584396.7783866,582243037.7422339
4151,5857150811.661237,24245949.192855965,58043235.92386989,4115030913.317053,721957393.5838021,4011584249.163555,639690232.5476667
4152,5856977541.619104,24227857.79240142,58004812.28381256,4115029261.720762,653088275.6189955,4011586781.283579,606599805.4675177
4153,5856875583.721267,24209542.0905396,57967766.99252954,4115023828.6191516,714681814.0237206,4011587740.366135,597697068.0119342
4154,5856744171.671903,24191754.778307825,57928561.81748321,4115022356.299437,648305639.4169828,4011588707.9261804,589370246.0683614
4155,5856588781.034939,24172948.129195433,57890288.170901775,4115017041.806837,711884796.8314838,4011589132.3827515,582199546.5500735
4156,5856467251.470557,24154304.127074163,57851784.71132851,4115015630.14266,649021810.3623933,4011580349.9521556,638282551.2426616
4157,5856379312.968895,24135981.44252142,57813190.85867706,4115010275.3979545,710022109.9825411,4011582749.6598926,611272082.2687131
4158,5856250904.87712,24117663.8767729,57774705.00400397,4115008849.4341464,650243051.1802841,4011583037.2418094,602053723.6176862
4159,5856168119.324661,24099430.80217003,57737324.612140656,4115003561.5345035,720169563.9868728,4011583549.8264904,595134748.2198814
4160,5856059333.329108,24080902.648657106,57699753.02507045,4115001741.566006,652169515.376463,4011583955.5376654,589323172.2636988
4161,5855917904.679773,24062115.065515444,57662021.30106298,4114996521.751781,717887266.0323098,4011584045.296919,651227178.0063924
4162,5855843339.137813,24043408.30653623,57624700.972493,4114994905.813356,651384548.3452986,4011586631.792169,620888561.6436387
4163,5855797292.102949,24024903.790754877,57587211.52510902,4114989608.8172584,716446680.2853214,4011587542.8398247,610445533.115365
4164,5855721828.729818,24006518.639659006,57550178.653981954,4114988004.6301093,653348684.4817181,4011588467.0080943,600909705.227339
4165,5855621306.102059,23988427.591141414,57512143.87601906,4114982783.311709,725362802.0237993,4011588895.8229365,597682445.3160948
4166,5855514078.020177,23968100.590220876,57475673.045733325,4114981361.8692093,655488801.378125,4011580441.1462107,673634270.2538223
4167,5855368742.472868,23951339.972966447,57438621.80627164,4114976180.4584203,723711156.8871647,4011582907.380926,644836767.5014985
4168,5855221502.080933,23933225.686908092,57400531.5279421,4114974571.2988057,654688150.5293736,4011583275.2385855,631077931.981185
4169,5855066483.040385,23913936.662373733,57362709.25746303,4114968910.357535,714492444.0880284,4011583775.40237,621745272.9408977
4170,5855000153.864845,23895192.123035558,57325816.23991307,4114967302.6671195,652262198.2731621,4011584178.777086,612781860.9248079
4171,5854842030.221553,23876999.402682353,57287133.15151931,4114961939.4907546,713320522.5489037,4011584040.1322675,677468206.2417728
4172,5854710148.837544,23858916.675042853,57249164.177516535,4114960433.869701,647574243.0507059,4011586528.411437,638987465.3020462
4173,5854639488.361316,23841109.715502694,57211364.65972613,4114954804.391994,706904588.301418,4011587395.0636525,620755602.4411421
4174,5854545149.908569,23823280.49988119,57174368.46041438,4114953261.32686,643259554.7696607,4011588284.237312,609388202.4343115
4175,5854473206.043841,23805214.46007226,57136401.46152748,4114947449.778541,703135047.4093671,4011588669.841454,601798350.3135849
4176,5854391261.82135,23787357.395463865,57099690.05401233,4114945828.778395,636955312.8220323,4011580313.3243093,655984343.5759811
4177,5854210294.164502,23769531.53285103,57062043.54613703,4114940121.0665298,697812521.2310305,4011582696.9498725,629596719.5330726
4178,5854001499.023676,23751353.143028703,57024859.91682645,4114938470.6266265,636891181.3861874,4011583007.6468797,614471106.3386307
4179,5853872065.43152,23733107.639817704,56987187.474601455,4114932733.556093,708653229.977585,4011583473.043436,603871206.9825038
4180,5853799069.139172,23715282.593676012,56950248.766006626,4114931203.0296736,641188201.4056851,4011583859.4331365,594927374.6563565
4181,5853673757.032527,23698108.91737656,56913995.157346345,4114925664.623381,706079406.5223268,4011583400.6571436,649813969.9790167
4182,5853531289.498349,23680465.47660927,56876729.60206881,4114923991.679053,641659856.0711222,4011585750.916985,616236999.4343172
4183,5853431803.706528,23662650.60717979,56839081.84944545,4114918054.8983984,707587171.5344299,4011586574.4001274,603651699.7255216
4184,5853251323.094868,23643337.745353326,56801839.38996636,4114916441.2068844,642913279.2424163,4011587440.382299,594031683.4495176
4185,5853086822.044026,23625278.153522033,56765385.202851854,4114910757.4302325,716186655.5443648,4011587816.3293576,590739186.9637841
4186,5853029320.3461,23606876.12833836,56727948.95703149,4114909034.628975,642004081.4825877,4011579347.542352,651334280.9857119
4187,5852897997.740645,23588875.573879946,56688391.60144363,4114903229.98097,721108333.5987949,4011581668.288832,622884574.5816181
4188,5852930586.23801,23571295.3641473,56650590.37378872,4114901659.729774,642962950.8816032,4011581980.01426,609815395.4210229
4189,5852759131.983327,23554307.045481693,56613293.764829226,4114895700.585814,711814410.8986094,4011582463.1099496,595912041.3240713
4190,5852727304.513718,23536128.581481952,56575546.82816907,4114893905.4865007,644852464.3652134,4011582824.7122355,585026766.0052652
4191,5852655588.53227,23518464.770306367,56537203.53383541,4114888049.196034,722002690.1606104,4011582431.029736,635144563.1741323
4192,5852502670.711316,23500841.35041304,56500193.33671755,4114886212.047477,648748872.3515257,4011584884.9893837,605003085.882387
4193,5852391619.31747,23482736.08352163,56463985.34568846,4114880362.3582344,728425140.8197384,4011585730.065717,592687456.5204868
4194,5852259555.287195,23463582.771864425,56426671.64242311,4114878461.2648506,651186587.3053881,4011586617.1726327,581669528.4149599
4195,5852224673.441946,23445717.794607762,56389574.04234066,4114872433.210321,719857138.3070297,4011587040.852103,575679311.5953226
4196,5852476164.650618,23428279.162511084,56352878.60491554,4114870688.4445686,648555685.8524712,4011578401.33064,628310471.7461637
4197,5852344499.88158,23411645.136307094,56316424.075144656,4114864664.100269,716205934.828076,4011580634.098211,592672209.4973501
4198,5852286295.357989,23393480.794378847,56280804.31089664,4114862884.6680117,645030429.7823768,4011580859.5437126,583667932.7520995
4199,5852130405.062985,23375616.783900686,56243257.32314542,4114856917.535442,715321156.6569939,4011581347.8515387,574291999.8764381
4200,5852011824.646727,23357921.740280658,56206579.73323146,4114855068.100526,645929714.1897125,4011581713.761095,568935602.9993426
4201,5851869788.174758,23339541.943468455,56170106.03707517,4114849052.196054,720350098.2954714,4011581163.1743126,628120801.982796
4202,5851731549.719903,23321883.05581281,56132320.741925016,4114847161.9687347,643402218.0092173,4011583374.5113997,593072456.8071989
4203,5851566603.797952,23304080.690469813,56095370.24954733,4114841239.1985135,712859052.0559113,4011584271.6234436,581421503.1200589
4204,5851431921.286031,23286518.55662274,56058132.98854723,4114839556.463182,641167165.4943247,4011585182.5703163,574687724.4009379
4205,5851489893.369951,23268939.100923765,56022121.343556955,4114833349.7753577,705396980.6374072,4011585588.4799476,567670221.2002382
4206,5851398782.602225,23251532.995776583,55985597.59382801,4114831463.5740714,637861903.3953235,4011577180.5216107,624535683.0562546
4207,5851467661.632048,23233935.147884116,55949004.613727555,4114825457.046044,708801625.3215877,4011579447.921551,592783380.9643348
4208,5851381792.979933,23216352.46708439,55912478.29709983,4114823601.2728786,641010124.424157,4011579764.4470553,580436516.4408433
4209,5851235533.45801,23200573.503718995,55875597.92244856,4114817388.3230023,710183685.8538679,4011580228.5741634,572127641.1276935
4210,5851167568.55737,23184692.964314863,55839433.088020675,4114815500.20438,634500804.3435854,4011580589.0236835,566021043.0155702
4211,5851334283.918163,23165856.469952215,55804588.26231728,4114809675.4547343,698591479.5720555,4011580207.4077415,624652546.6019402
4212,5851211043.456843,23147741.457944266,55766969.96528256,4114807944.5584793,633312446.1160837,4011582652.5461206,597328705.450128
4213,5851108756.460675,23129758.76932757,55729697.137106754,4114802419.4829974,690301019.7898715,4011583568.265178,585267675.8753283
4214,5851087999.455635,23112023.821497917,55693277.28610513,4114800716.5027084,630216417.4704442,4011584473.3746552,571486187.0914634
4215,5850976970.096761,23094896.085736014,55656723.629886374,4114795131.1124287,691079923.4159608,4011584860.686785,566051840.6115061
4216,5850954098.817036,23077589.38207998,55623462.01920166,4114793453.007235,628140346.8787189,4011576746.378084,626559637.1921614
4217,5850699459.608752,23059990.878103055,55586421.25797842,4114787625.477016,694315078.8544173,4011579055.191018,590984992.1142019
4218,5850554382.181255,23042748.96903405,55549788.62950895,4114785853.635268,626848284.0128028,4011579329.0696564,581797226.5044796
4219,5850453094.296312,23025123.35277932,55513186.99714104,4114780278.32862,688237094.4824351,4011579788.2439275,573909763.6369828
4220,5850290591.336092,23007404.395154208,55476326.66554436,4114778767.5823984,631110449.9067308,4011580162.111047,570179529.9902496
4221,5850180222.288311,22989949.080605604,55440450.644991435,4114773073.043009,699310411.6924638,4011579597.0618215,629356004.9965665
4222,5850139049.368337,22971757.848750878,55404624.82099659,4114771296.2684174,631185169.3064098,4011581951.5295925,591352285.8248967
4223,5850050409.626235,22953984.21257018,55368953.82160262,4114765607.054433,702549076.8693384,4011582815.2544866,578557621.0293889
4224,5849902374.371644,22936102.45905925,55333018.83572562,4114764028.291567,636019490.0456297,4011583725.425279,576825101.3430698
4225,5849734951.137105,22918639.223047417,55296833.43193224,4114758826.0968533,699529753.4484674,4011584107.9038053,567868993.369226
4226,5849731024.4711895,22901213.146366976,55260123.56125985,4114757360.394058,632726951.2643534,4011575947.455668,625209368.0076116
4227,5849669489.763487,22883694.331337504,55223979.49700115,4114751789.860892,699280904.678785,4011578124.8640437,589094330.1356354
4228,5849558737.273143,22866180.094591282,55187604.21323675,4114750313.593608,629910237.617149,4011578435.9347444,576846881.2232094
4229,5849455177.8001585,22849180.615151204,55153725.51265991,4114745106.830145,698108204.4976681,4011578910.1942344,567086566.1044557
4230,5849352533.378579,22831567.166437253,55117604.20579717,4114743608.178301,633612668.5299207,4011579275.7559023,559935683.5966793
4231,5849269311.190569,22814212.250996795,55081569.60880818,4114738173.2387533,696210604.8836828,4011578915.3000975,615183189.8491051
4232,5849087885.776697,22797012.419008996,55045461.64749725,4114736843.002132,630680941.7993087,4011581208.6782856,585644853.6953042
4233,5848935569.833961,22779644.568472814,55008746.25803386,4114730451.8206167,699273612.0595503,4011582043.9707413,569743060.699549
4234,5848831568.697751,22762392.924664,54973448.154654756,4114728958.510253,633168659.3213668,4011582952.6006145,563373465.996874
4235,5848834019.871536,22745521.764404908,54934909.49335453,4114723811.9826193,699364281.0496882,4011583334.088066,554984849.7058941
4236,5848752457.641792,22728628.269588858,54896639.545413144,4114722610.2159243,633546190.2285184,4011575257.9308667,612648642.9945388
4237,5848622674.955643,22711368.738018487,54860156.52676119,4114717560.894277,691503312.8591781,4011577509.8261366,578828277.8833098
4238,5848667664.284377,22694895.495394126,54823629.36634323,4114716235.654189,627340549.2989305,4011577759.7106338,564313731.7619946
4239,5848280332.233119,22677710.63641715,54786710.36037315,4114711252.7438073,696874556.3438814,4011578193.302176,555606896.783465
4240,5848188232.568244,22660111.552092373,54748998.2356444,4114709969.62246,630172796.8236028,4011578546.8175297,549897244.6097236
4241,5848061549.496102,22643546.405592732,54711306.74656242,4114704962.4014883,692008982.2453941,4011577982.733273,613793440.3485897
4242,5847995208.56005,22626177.73807012,54674321.00146831,4114703654.588608,626533044.436363,4011580337.0813584,578059205.2731034
4243,5847902048.824746,22609232.988143772,54636613.74142193,4114698151.5290337,688334963.671309,4011581155.8029537,565638191.0805297
4244,5847828033.685022,22591710.350253984,54600955.73674325,4114696857.3411174,620604855.8581088,4011582025.1884437,556552324.6694646
4245,5847693631.392102,22574069.24317682,54564054.39136297,4114691685.0937114,691037674.1276919,4011582394.334284,552529927.188357
4246,5847616728.861339,22557116.06844876,54526098.54583993,4114690275.5707016,630707658.4521565,4011574322.563891,617204486.9999676
4247,5847452444.547419,22539814.61573597,54489068.84840762,4114684858.537122,700209465.4591774,4011576448.199541,580952141.9306966
4248,5847286104.542624,22522528.47485618,54452461.562513106,4114683470.705953,634760237.7854697,4011576685.7426114,570744643.379733
4249,5847117811.529707,22504796.02439502,54415546.0544387,4114678327.5597405,699710642.4956341,4011577108.9769726,562633134.5991766
4250,5847003285.485059,22487486.60931014,54377965.13347197,4114677000.313569,634611509.9017012,4011577463.054319,556204249.686
4251,5846842455.894666,22470711.84880372,54344876.26266631,4114671910.68282,701470780.4478841,4011576960.5000234,620814033.177204
4252,5846703918.81649,22453446.310442645,54308786.12085621,4114670619.283055,632914409.2956787,4011579242.1925387,587946953.7878046
4253,5846540036.501761,22436606.72264224,54268972.3310548,4114665467.435362,698093036.7733908,4011580054.2754755,573423825.4764955
4254,5846415624.881632,22419964.16961738,54230060.507158294,4114664012.0329742,637534433.3428136,4011580950.546687,565989060.107984
4255,5846245470.979236,22403511.086705096,54192875.12001428,4114658894.1300836,703718487.7497002,4011581305.950375,559100282.998192
4256,5846098337.698103,22385976.388295993,54156458.9371641,4114657634.8824306,643774304.0846919,4011573549.793329,625836925.8231394
4257,5846020492.008433,22368502.5782088,54120598.17208137,4114652296.382373,710896230.9213961,4011575842.1500683,593512718.208104
4258,5845884860.916652,22351590.65642817,54082923.23307141,4114650874.7648597,639511524.8678912,4011576183.271488,584765888.7181678
4259,5845801638.450318,22335474.606042247,54045846.791824244,4114645647.623443,706236133.5146754,4011576624.0546374,576065101.6636728
4260,5845674872.101274,22321163.376005996,54008968.99519688,4114644292.501694,639203627.7365513,4011577009.9782934,572998016.3252976
4261,5845524547.520192,22304521.709034454,53971266.26014829,4114639241.2275333,702016336.6071187,4011576746.74683,643101821.3033468
4262,5845369484.717713,22286775.502369706,53934796.93740211,4114637856.3218937,638918814.3311675,4011579204.93567,606954758.6547718
4263,5845222098.546522,22269355.552074317,53897766.26405592,4114632669.693636,701405499.6594682,4011580066.159665,594317275.6344283
4264,5845062511.758159,22251483.16666525,53860386.2047123,4114631263.958428,638014512.454849,4011580986.8643026,587884123.4856637
4265,5845026955.043295,22233846.065524887,53823665.29311375,4114626109.2314363,698179828.4426132,4011581355.1825213,581933915.818747
4266,5844930777.189165,22216780.671460923,53787321.3565547,4114624786.60614,638154973.9379439,4011573394.4625163,651224766.9253846
4267,5844798188.526975,22200152.517435357,53752807.72077336,4114619724.746367,696733450.3600229,4011575405.007053,615232563.6677622
4268,5844632773.655015,22182740.00160761,53717491.8830327,4114618538.9806595,636474979.6653944,4011575700.4640136,604378815.3375216
4269,5844583226.664364,22166049.35088759,53681778.06549066,4114613313.646519,702885339.7162883,4011576121.6730933,597985002.7450452
4270,5844442366.371996,22149358.29407018,53645543.396543354,4114612160.373843,642830717.3203999,4011576495.4896607,588898403.4783255
4271,5844352022.370774,22133161.161951475,53610602.40631275,4114606754.458108,715541117.6752476,4011576241.8166585,657135963.2435877
4272,5844231950.644318,22116724.26127177,53575897.73511711,4114605641.0340075,654005451.5981604,4011578490.459308,622301437.6771045
4273,5844178265.018314,22099513.003039587,53539884.917972885,4114600848.585274,729388488.395265,4011579232.4098215,610235304.6645463
4274,5844121958.994998,22082395.25656083,53507550.18563233,4114599354.830135,665274571.7521698,4011580133.0619965,598895238.7903949
4275,5843974705.349018,22065553.093502723,53469461.99848228,4114593847.3586807,740002844.8103367,4011580490.7293777,590095957.579668
4276,5843842855.434974,22049024.154390514,53433095.64671459,4114592543.488644,680875732.1114388,4011572657.2684436,664426831.897691
4277,5843718370.968949,22032697.906304944,53396997.01337855,4114587179.648781,757650159.179406,4011574585.0633087,636108534.0207641
4278,5843583227.138483,22016018.01312046,53360525.155585095,4114585739.0596833,684271830.5498531,4011574824.793893,628240955.4318674
4279,5843461415.658154,21999380.781852018,53325354.09375048,4114580494.4295177,747655446.2844828,4011575218.6770325,621540236.5791386
4280,5843339286.29192,21982587.797873564,53291358.51481179,4114579160.989873,688284868.3295385,4011575595.370946,614331666.007117
4281,5843237463.9782915,21966103.781434096,53255445.30295826,4114573694.4127994,744942315.5956583,4011575335.998761,700203813.6714243
4282,5843183759.650524,21949323.93772513,53219227.7419475,4114572299.4765964,681432453.7977388,4011577625.872882,654630817.9568684
4283,5843042585.329014,21932568.483195025,53183866.0645058,4114567091.383173,741741654.2906715,4011578395.6748395,643142759.1773537
4284,5842998551.876598,21915949.250681072,53148384.91045436,4114565796.219111,675179085.3278567,4011579277.1095657,631108110.4836123
4285,5843141980.223,21899686.306168683,53112425.43496765,4114560510.9246774,726108563.7073077,4011579622.438092,622202665.3864483
4286,5843003887.74032,21883432.332162924,53077732.0287647,4114559099.407866,675255394.6415472,4011572101.2803645,692708926.346531
4287,5842898710.967325,21866552.600215692,53041232.716526195,4114553486.339725,730082087.4656452,4011574208.3921957,648340784.6565474
4288,5842713711.934368,21850183.0034806,53006619.395256266,4114552065.3109264,669029674.3265991,4011574543.2251086,630641283.0243089
4289,5842699549.176198,21833687.109900985,52970882.478902645,4114546721.338366,724825286.9098963,4011574923.747836,620222952.0818907
4290,5842562549.5601225,21816869.486118514,52935366.079770066,4114545413.9028883,667680118.7479622,4011575287.9390817,608835886.0843226
4291,5842444889.051399,21800119.972747214,52899967.0955787,4114540148.6505075,719355022.0013411,4011574802.8043528,673182012.6772074
4292,5842289507.587807,21783321.00323685,52864221.11367432,4114538910.027661,666002562.1577743,4011577015.8713512,635145495.5597214
4293,5842151815.720137,21766880.144785233,52829626.083289675,4114533441.407322,722105441.785732,4011577806.901821,613866503.8016546
4294,5842066653.574699,21750583.574066438,52795645.38794619,4114532164.767521,667647661.2211913,4011578653.700461,605121068.6225171
4295,5841921243.792279,21734797.42418034,52760913.76601775,4114526990.763568,725261109.5693151,4011579001.5800304,596967951.3468248
4296,5841843839.019506,21718067.547027078,52725378.87181545,4114525925.8291674,666080186.5520862,4011571440.5932918,660864066.836405
4297,5841739216.446105,21701476.46505101,52690547.58236405,4114520509.2378807,718734242.08312,4011573458.9748974,620140742.9152973
4298,5841580928.802989,21685698.469458535,52656430.94266327,4114518991.00699,659812320.4489183,4011573729.6570497,604219477.6816101
4299,5841425929.050135,21668121.97643368,52620701.44471898,4114513597.6023993,720315306.3949065,4011574178.5197353,592938534.4899662
4300,5841336898.139745,21651831.02304956,52586345.54770976,4114512139.7468824,661060940.1865667,4011574527.2583265,582313483.7083966
4301,5841188444.623598,21635700.617440555,52551130.427396856,4114506625.334868,718962410.231665,4011573984.1865525,642030010.3558179
4302,5841238475.241887,21618998.367634155,52515336.39159943,4114505351.6770816,662906866.9803926,4011576207.362027,605193220.5616862
4303,5841230650.702179,21602711.90758243,52481154.13122096,4114499634.8958154,726865406.668374,4011576990.095214,586867314.4400666
4304,5841395452.530396,21586004.18145903,52444490.28555447,4114498372.092336,663038240.728879,4011577853.6859803,576617754.3882539
4305,5841369487.509703,21569623.79940893,52408158.73637681,4114492953.9795647,727845462.4312838,4011578194.971266,566409410.7828776
4306,5841278982.089859,21553269.656027015,52371254.7801588,4114491682.5811143,666379667.7001619,4011570726.109336,617371950.6794792
4307,5841237487.356283,21536642.721469473,52334927.318206884,4114486624.622737,731238722.5348636,4011572721.3419046,585089142.7595637
4308,5841087134.207253,21520254.8236845,52298324.35001753,4114485439.631633,666580212.8113158,4011572961.972995,575505569.7712212
4309,5841012712.797439,21504202.945406668,52262890.26594833,4114480234.0299377,733255908.8949573,4011573388.3263783,565414944.4838141
4310,5840900336.776208,21488292.23920085,52226987.542175,4114478994.154122,665817354.6870967,4011573756.7814074,560163804.0056747
4311,5840772171.907493,21472622.879117586,52191221.93772654,4114474077.8661346,727502021.5500674,4011573509.853724,622802081.0567973
4312,5840638163.423433,21456852.366356976,52155200.72233273,4114472846.209273,663088274.9736245,4011575732.6139145,589763212.4680536
4313,5840550078.1067505,21440592.541177128,52119690.63219642,4114468003.832443,724456949.4992307,4011576489.3559704,572871392.8657582
4314,5840479100.37489,21424968.83054197,52083622.75993288,4114466889.846465,660732349.724117,4011577344.2692647,562422173.4043624
4315,5840491664.779699,21408694.983895365,52048011.94832537,4114462080.161977,732018903.5206805,4011577703.2090335,555551488.3901626
4316,5840335771.215028,21392841.9353505,52011230.34934082,4114460952.3984904,665652295.624225,4011570357.380094,614117543.8958987
4317,5840183249.058916,21377218.302719433,51977189.33550432,4114456104.6646113,730133692.3144083,4011572325.8892875,582450142.4790645
4318,5840152275.805519,21361079.14325702,51942660.43160416,4114454973.8914857,666838263.6761429,4011572624.783309,570348675.6346029
4319,5839986660.506666,21345497.988642003,51908610.530493215,4114450099.338716,734224009.8097798,4011573025.566312,561902500.2291344
4320,5839840944.107504,21329393.656537328,51873179.02271248,4114449058.514829,667951948.2596664,4011573380.1512613,557929654.3781723
4321,5839706258.20254,21313587.286115192,51836612.65031962,4114444181.9001637,727221547.2706194,4011572928.0248327,619060166.5295672
4322,5839616386.763881,21297820.900151428,51800537.41976252,4114443027.5687075,662748098.5247426,4011575068.064973,587846061.0559528
4323,5839647712.671895,21281858.412877347,51764241.30495961,4114437842.231973,720531370.560686,4011575863.383157,575422691.8551029
4324,5839567407.886034,21265871.295596942,51726998.38905586,4114436691.453604,664313490.1608082,4011576719.025772,568504180.4796238
4325,5839467320.154325,21249923.372201808,51691257.83115802,4114431563.0909324,717814671.351987,4011577078.707088,563345869.804769
4326,5839477333.522742,21234049.52401093,51652191.49755916,4114430392.2763515,658052124.3219308,4011569733.7903223,626577452.5340694
4327,5839367606.89636,21218445.2317581,51615361.428541355,4114425347.6635556,716989939.2211293,4011571662.8385763,588635872.9994082
4328,5839340393.522272,21203357.07856989,51580479.88747371,4114424028.26126,662914938.3055801,4011571926.8942795,575793462.0952537
4329,5839267985.118623,21188348.232848253,51546217.27632198,4114418859.5392246,723933488.7862322,4011572332.437983,565937791.2904242
4330,5839014532.767805,21171635.11844615,51511294.58223358,4114417563.0554085,662868704.7683467,4011572675.1757183,559620711.6336354
4331,5838902145.191963,21155343.61277249,51475504.92860038,4114412541.353355,713864553.8652961,4011572194.101527,617663410.4721673
4332,5838717461.114882,21139576.30465855,51440051.554263264,4114411215.7242312,656347316.5324085,4011574344.503684,583034956.5648264
4333,5838565549.583829,21123820.94660009,51403962.30714551,4114406079.921401,714981427.7677147,4011575092.4943824,570017017.1914581
4334,5838428694.252374,21108512.08765885,51369835.44761071,4114404855.926359,656198641.5473777,4011575916.822075,560542429.5702184
4335,5838431732.543933,21093075.391576577,51334965.65409439,4114399701.646602,718653373.8425729,4011576263.7023163,556002828.4631168
4336,5838376650.9147415,21077788.89140371,51300737.48932154,4114398517.9648576,660039645.9997499,4011568879.1059012,619605462.7925103
4337,5838266416.042744,21062158.233279157,51265951.274740174,4114393312.0649304,719860997.908309,4011570902.5741186,583401883.9376278
4338,5838111839.797446,21046389.641106162,51231923.32620178,4114391895.5091066,653732057.1525834,4011571199.3980355,574383966.2617596
4339,5838002803.835668,21030885.437853508,51197167.32640082,4114387001.071044,717438450.637718,4011571604.443127,561919332.3481804
4340,5837995823.261837,21014803.53437463,51163666.012701966,4114385654.283313,659332924.0094239,4011571939.2487526,554520229.6912104
4341,5837900962.7721405,20998870.426153257,51128918.09525064,4114380132.0211215,721876024.3298887,4011571631.9455504,619413800.243526
4342,5837942542.1379,20983385.305248387,51092457.364065886,4114378896.946849,657796246.035883,4011573684.434867,582944807.6397396
4343,5837806112.304712,20967604.621880244,51057699.506309874,4114373797.970842,720225870.8594753,4011574451.7846065,573805204.1318344
4344,5837733022.418785,20951835.70897995,51024257.00481278,4114372386.1804004,654261539.2710023,4011575246.41686,563796262.3870926
4345,5837777894.757707,20935814.180738218,50990900.287360124,4114367032.3633714,712221375.0693256,4011575574.1524377,556323411.3985983
4346,5837608587.989403,20919912.60136652,50956221.380152784,4114365737.4025426,648837576.9302036,4011568535.9762983,620276491.7674986
4347,5837502061.5826435,20903825.78441343,50922668.00516818,4114360388.8266,709831373.3946012,4011570666.597024,584753134.9770877
4348,5837395086.6896305,20888019.14998439,50887978.98497107,4114359101.999706,650198702.3638341,4011570954.485394,569395204.0571386
4349,5837313183.439729,20871627.442955162,50850271.999289066,4114353992.7432113,706191813.5335736,4011571363.0821605,558269438.039422
4350,5837216016.881533,20855987.597412772,50815505.86975056,4114352812.668453,645092969.7753286,4011571704.2715797,550388467.0331509
4351,5837043135.822637,20840068.213265512,50780457.574636035,4114347475.199374,704849159.905412,4011571448.5756493,612292417.7798157
4352,5836920435.264343,20824916.713660043,50746740.661141984,4114346379.2320385,638837884.3088595,4011573645.1764545,575243513.9030684
4353,5836806656.361156,20809223.177568138,50713613.044771105,4114341207.2712693,689646875.6567912,4011574391.8712254,566092459.9547195
4354,5836737410.216866,20793536.48663683,50680253.98070588,4114339900.5212665,633655380.0410006,4011575205.246549,557159462.4814435
4355,5836663802.188994,20778017.49790157,50646439.4964815,4114334751.441583,683977641.1110051,4011575515.833036,551297300.0634892
4356,5836556709.623745,20762197.742669728,50614237.63435553,4114333509.519802,628776596.7029297,4011568687.556972,617703160.9470419
4357,5836435754.115047,20746673.63251583,50580950.01535883,4114328228.5496264,681983454.4052545,4011570669.881754,588190583.6150554
4358,5836328661.919488,20731123.862779737,50548000.13064207,4114327085.0732207,628188664.7291646,4011570977.176998,574344241.3966111
4359,5836207350.23274,20715924.344194792,50514097.31306509,4114321892.154423,685324831.1218039,4011571371.8588753,568039369.9071016
4360,5836092749.0191345,20701256.41587154,50480784.76035024,4114320624.1843376,627551272.4719647,4011571716.69503,562281173.0110226
4361,5836029309.205113,20685562.209526688,50447001.4405804,4114315247.2839804,684903712.8640943,4011571277.722186,629449853.5520723
4362,5835919937.715639,20669606.317479372,50413720.131423324,4114314056.2755947,632603956.9244541,4011573391.534869,589569707.2536685
4363,5835778475.434129,20654339.064701755,50380822.12949347,4114309039.979462,698858406.5574061,4011574141.5622764,577108092.5592724
4364,5835693446.84463,20638845.401622653,50348559.19358305,4114307653.417604,634504334.4528645,4011574938.1921244,565982923.244023
4365,5835647017.634767,20623020.852701105,50314828.87219659,4114302142.2260504,696698667.6439954,4011575243.347468,558821149.6012801
4366,5835630517.419347,20607732.904216144,50280191.53227144,4114300856.7343664,637304614.0181165,4011568382.403591,633547082.7231313
4367,5835544036.474388,20592371.053370085,50246527.73178358,4114295569.664776,698049809.716872,4011570389.954721,593061689.0695882
4368,5835519243.151365,20577237.441287752,50213066.47188584,4114294298.8724813,637204030.9811797,4011570664.463938,577950486.496048
4369,5835463039.144614,20562184.290922098,50179143.68262828,4114288928.294436,691960736.480396,4011571051.693943,563461814.0713174
4370,5835325797.171756,20546709.42948651,50144307.82742787,4114287675.123021,630618955.4674625,4011571357.554541,557325148.4135194
4371,5835289030.768179,20531392.659618486,50112065.37226752,4114282225.0674477,687171352.3788961,4011570767.915975,620509556.4830487
4372,5835219994.68463,20516332.86716423,50079802.05109003,4114280810.1215734,630525612.0607425,4011572868.5941205,585716269.8403299
4373,5835327925.137639,20497988.241332494,50046491.5315192,4114274906.8071046,687999903.2649804,4011573617.0426507,568994376.9648947
4374,5835167024.469362,20480856.13833292,50013397.711388476,4114273492.173434,630449267.1290722,4011574432.595422,559417119.3697015
4375,5835158897.734399,20462667.563574813,49980868.77609308,4114267869.3544483,688487186.6124886,4011574736.1902213,551564309.4461536
4376,5835094583.045749,20445468.924960703,49946630.4645216,4114266477.8048406,626424268.2438796,4011567586.4730983,620591279.2399536
4377,5834944217.51053,20430915.19674329,49915653.867187224,4114260569.91013,682557062.4424925,4011569488.022791,592521010.5741372
4378,5834818696.942211,20414852.052329503,49883252.59230116,4114259183.8305,622870567.4947972,4011569799.4791107,585475377.4806749
4379,5834687449.820324,20399516.834603436,49851817.42140338,4114253140.8878274,678342026.935335,4011570156.2248845,579740498.20634
4380,5834643609.834734,20384475.36588947,49817930.22566799,4114251742.2155666,619451032.0017041,4011570497.4078593,574998848.535628
4381,5834719898.999301,20368393.482800625,49784859.49557867,4114246091.1261935,674793782.5176557,4011569867.265217,653062639.8395814
4382,5834571542.14179,20353065.416606065,49751640.542116135,4114244801.8976674,617859909.4491189,4011571943.750504,610386328.0177417
4383,5834439172.094234,20337214.058117107,49718826.50311515,4114238873.653975,670700287.652925,4011572685.1199965,598453270.7844571
4384,5834274019.495062,20321935.12582426,49686570.584322184,4114237426.5434365,613151259.1089014,4011573510.5855026,587867063.3746898
4385,5834106291.87041,20306401.514855046,49655075.42284484,4114230043.214597,666444775.7680274,4011573811.2184134,579072637.5145673
4386,5833973155.161511,20291434.770827103,49623927.18118453,4114227764.9955616,610221397.8859769,4011566667.6968803,653819887.1140199
4387,5833841772.154325,20276596.576500498,49592552.19454975,4114221311.5605597,661759137.5943768,4011568670.771907,608706153.3893496
4388,5833684900.421889,20261041.10581761,49561038.91111395,4114219321.079206,610911672.2497202,4011568993.587863,588518468.2769506
4389,5833751832.193317,20246069.473470017,49529654.15931101,4114212574.9132347,669382788.7866675,4011569386.266977,577698693.7587284
4390,5833693350.931779,20230678.95597451,49497040.95385442,4114210787.3744736,614356139.8449603,4011569723.1505203,571915263.1173378
4391,5833722362.845438,20215098.822949473,49464421.39464011,4114204231.470786,674526146.6852714,4011569069.382491,637881021.2056069
4392,5833647725.141157,20198923.68470131,49431469.65324208,4114202436.5836887,617288761.0788549,4011571272.283797,593317756.2983575
4393,5833494507.007824,20183908.383035917,49399820.53852465,4114195865.877214,671506558.5840619,4011572043.2549033,576272770.153369
4394,5833346761.752209,20169041.01324307,49367552.730256364,4114193891.1174126,617400696.4502641,4011572900.409824,565263808.0003583
4395,5833260643.695199,20154453.988894653,49335832.67055791,4114187847.7941937,672283159.1293712,4011573184.063548,557135779.7525266
4396,5833179511.041103,20139551.03674749,49304020.70491521,4114186065.0834804,618467652.3432558,4011565910.1936803,621600583.5770596
4397,5833058505.462739,20123786.260017224,49272331.20117562,4114179556.0854306,676074824.8617125,4011567866.722918,588513641.9676834
4398,5832966535.52184,20108908.003673997,49240580.33668661,4114177937.157084,621325031.4208844,4011568177.537918,573090757.375886
4399,5832937657.075714,20093644.578857306,49207703.17254731,4114171790.8310046,681154354.7635188,4011568558.325979,559203201.9159055
4400,5832845368.869095,20078684.559066094,49176142.4961049,4114170076.319198,622647627.1179527,4011568921.723549,553092129.4772325
4401,5832721967.159406,20063545.266636934,49143585.78868251,4114164134.820084,685504874.8634095,4011568150.3271117,611279276.1011912
4402,5832635505.525035,20049040.260224417,49111557.12947169,4114162425.330555,627117252.8603921,4011570423.6956797,576636813.3109275
4403,5832551742.490655,20031713.466361724,49080580.52340391,4114156203.8737655,688783390.088185,4011571144.7726893,566533547.0030541
4404,5832430668.868838,20015369.50996977,49048137.04605047,4114154584.6301303,630923306.9725711,4011572039.588307,557134234.3514985
4405,5832386273.958581,19999537.556689005,49017026.38777321,4114148417.457485,692015220.12253,4011572351.526204,549852237.3430077
4406,5832425198.000846,19984514.39551512,48985777.26703556,4114146815.0989146,632901482.6946645,4011564979.8057294,615709893.2347755
4407,5832344621.918874,19969923.52225813,48953526.82690216,4114140809.4262576,692493879.4623672,4011567023.088704,584800370.36351
4408,5832226584.225802,19955050.215344876,48921692.41650538,4114138979.1496224,632982418.3078254,4011567392.0374837,566430920.0487247
4409,5832226429.770701,19941241.82012123,48890150.19359198,4114132624.6925406,691333269.9271529,4011567791.161544,557672617.5478308
4410,5832180841.569306,19926632.929025184,48859827.745582126,4114130820.453749,631952136.5276902,4011568171.9369903,552243881.9416006
4411,5832117583.301387,19911523.789664328,48828259.935995474,4114124862.725401,693611137.3798256,4011567361.5806828,615617761.3200853
4412,5832030758.93278,19896963.423709482,48797338.13986676,4114123171.8736477,635343326.7113503,4011569771.2665086,575384478.5340456
4413,5831951876.467795,19882085.468313854,48766308.9659308,4114117305.3932476,691540382.5964693,4011570549.022133,561255565.5060414
4414,5831801873.471506,19867119.54965822,48736701.52954712,4114115608.036368,633357638.9492941,4011571462.1059933,552297140.3398753
4415,5831684771.348967,19851416.39494416,48704991.82357734,4114110174.04791,688819349.6639969,4011571789.0222697,544352272.0511204
4416,5831602922.578414,19836436.870424606,48672784.34668186,4114108704.1359315,635496775.9532101,4011564131.8906655,607184664.7749003
4417,5831505332.259345,19821807.62918547,48640937.88839228,4114103723.281168,698473850.9703945,4011566199.1375666,572085589.405951
4418,5831493929.527203,19807029.61680528,48609496.34862418,4114102494.85381,638900229.041506,4011566541.281451,557207860.425168
4419,5831352499.273653,19791486.77892092,48577965.49460586,4114097466.3593802,698372913.1620369,4011566929.1994987,546438595.9016346
4420,5831266050.294019,19776838.24331567,48547447.20554346,4114096252.8951077,642079444.1788816,4011567321.0320106,540057843.6026986
4421,5831149999.845355,19761918.356648896,48517378.48250715,4114091476.11329,701130464.344421,4011566286.4562,600833991.1032288
4422,5831030996.554009,19747515.611521017,48486797.78965973,4114090353.152832,641325657.1251359,4011568686.13032,569453025.2520452
4423,5830888219.919933,19732267.76468444,48455523.94278871,4114085608.6294146,701762881.1166039,4011569498.902556,558812689.1049365
4424,5830711391.739855,19716884.588185187,48423925.86436067,4114084474.3233457,644945600.6055571,4011570474.0807557,552883336.9670308
4425,5830600115.341606,19702222.52756972,48392708.021177925,4114079682.7219863,713772451.5260336,4011570822.827945,547453347.6726545
4426,5830634743.500916,19687350.257015213,48361343.51704763,4114078544.6361275,651840207.444983,4011562628.179119,616458557.4492549
4427,5830640890.418237,19672751.064595744,48330075.447598584,4114073970.3755336,711849227.7028371,4011564921.612832,576937243.3860753
4428,5830542541.399054,19656663.818810698,48298473.28843218,4114072961.385141,654152723.7119756,4011565290.1866174,558801395.4221665
4429,5830376365.35063,19641608.452146094,48268519.3901965,4114068451.709116,708134941.9182336,4011565715.434711,548074628.0886174
4430,5830204106.115777,19626661.985985823,48237527.50330347,4114067478.330912,646488824.4360099,4011566128.8692966,541327472.6980177
4431,5830118491.858939,19612074.09781664,48205747.565290906,4114062738.8461356,707926877.8207781,4011565275.9213514,604240690.7008407
4432,5829987016.639748,19597579.384040534,48174009.016423516,4114061848.716826,650828774.5214785,4011567908.362433,566521092.5260348
4433,5830092522.942521,19582941.093614485,48143948.30482913,4114057135.953462,712518448.8771708,4011568710.109214,555131494.115651
4434,5829871264.685188,19568225.21974676,48113821.08243485,4114056117.5230546,649268369.4969031,4011569707.8399787,546643138.5900189
4435,5829742960.79515,19553525.7627538,48083027.77406978,4114051595.1904516,718534052.2668015,4011570053.167347,539553683.6673628
4436,5829740162.796585,19538821.987025008,48051857.09041126,4114050668.3350706,656205271.3861326,4011561920.1448455,606038809.4878933
4437,5829725879.61573,19524439.60064781,48021509.25223885,4114045875.7183776,717810167.3123703,4011564171.0436883,573091813.9631878
4438,5829561291.991013,19509873.876067128,47990625.52132134,4114045007.789874,655242926.5369483,4011564615.153135,562935888.7277777
4439,5829468013.403767,19494602.879699633,47959329.23103961,4114040143.362869,713142664.7077332,4011565010.973288,555071070.1164576
4440,5829456080.323207,19480087.442688547,47928841.42401466,4114039181.875069,649525155.2754087,4011565430.9551606,548546962.3562598
4441,5829427740.52624,19465940.024150174,47898035.74116495,4114034776.0915623,702509984.8863782,4011564316.0906706,612093212.3498813
4442,5829339489.5943775,19451603.78401382,47866755.424943976,4114033782.6743903,648895251.797134,4011566916.2241774,584203709.4895202
4443,5829264930.894342,19437449.16673955,47835739.030864894,4114029158.089173,704890647.8922652,4011567771.485408,568702938.2321731
4444,5829140211.0605,19422038.17583281,47804876.30480003,4114028161.9932475,654597581.8946857,4011568812.979934,559328498.5482388
4445,5829154815.71007,19407275.324313805,47774344.21050987,4114023259.6726513,710799376.4132302,4011569196.188602,554826321.8680922
4446,5829058073.430848,19392890.082849097,47742860.610304624,4114022378.78411,654438167.3132213,4011560754.8223653,628739654.154394
4447,5829037831.304461,19378207.40701427,47711883.479562424,4114017715.5884166,720640793.2599658,4011563000.477348,591194210.9089584
4448,5828973326.548428,19363735.88039372,47681714.2682493,4114016847.1178102,654154984.0060152,4011563481.840398,579235427.2648515
4449,5828868464.38273,19349227.328830753,47650942.25470191,4114012171.1931458,717913284.9084873,4011563955.634899,570867953.1737753
4450,5828688493.745455,19335322.827728447,47620154.15275802,4114011335.0895543,652962525.4134524,4011564444.5680423,565140162.0769098
4451,5828549873.71642,19321001.935742933,47589206.492286325,4114007025.5261903,710606012.0115927,4011563551.0385323,636249386.1923056
4452,5828439250.662077,19306192.161535203,47559084.11423623,4114006298.1340904,647008511.8195344,4011566369.28937,596139650.4529339
4453,5828314770.594722,19291148.388698697,47528254.95459932,4114001998.662257,713251056.8961135,4011567268.7935953,580383921.2133266
4454,5828149642.677065,19275982.751468856,47498537.62595878,4114001259.8589025,651207049.623863,4011568398.435259,574150687.4549557
4455,5828172913.294234,19261039.63682304,47467465.34518017,4113997166.695498,717173136.7388538,4011568760.914684,564264511.6802593
4456,5828279977.930574,19246345.99972208,47435914.38675013,4113996485.086825,658958386.2331141,4011560360.8259177,633224433.4305247
4457,5828231159.577479,19231950.56024797,47404581.242056474,4113992695.661938,719219030.3639184,4011562711.1668344,598278882.6259
4458,5828001685.278033,19217308.48391673,47373798.72741742,4113992111.8553405,650402693.6412717,4011563188.1866746,584405994.0590438
4459,5828067511.044696,19202821.05018755,47343328.84608886,4113988530.0577426,714302429.2389624,4011563599.7137046,576948934.9722711
4460,5827955991.0626545,19189122.69376166,47313217.43252866,4113988123.4758625,653484719.8735855,4011564084.2971497,573331868.6406003
4461,5827814175.278945,19175620.689567115,47282421.37371847,4113984457.089153,714778825.0203096,4011563095.088588,637991902.3060865
4462,5827721055.276979,19160996.23253751,47251602.649073735,4113984087.909044,655165829.9069617,4011565968.534812,594545125.4386597
4463,5827689226.487969,19146134.765545182,47220332.31999767,4113980573.8032813,712975293.2137666,4011566774.0193663,584727712.3449695
4464,5827591105.749878,19131297.110702626,47190096.11502606,4113980286.576957,653271122.8110999,4011567887.3495035,575124089.8653631
4465,5827564903.027267,19116624.09612025,47158979.89198085,4113976986.27781,716084662.2431934,4011568253.9613247,568691818.6468403
4466,5827496713.65774,19102144.66088587,47128296.09779128,4113976611.3162136,657364769.5293813,4011559456.0514536,642875786.418866
4467,5827456976.982474,19087764.15721592,47097621.78902377,4113973374.1132708,722238322.2274426,4011561607.306347,600658605.9190805
4468,5827482992.481803,19073777.241711047,47066465.51228444,4113973016.6508927,653760518.6518688,4011562132.1338453,584592222.3717884
4469,5827391613.731909,19059363.285068937,47035581.427216224,4113969738.7248235,711920175.7656723,4011562543.458696,574242951.066119
4470,5827312665.457933,19044863.575921368,47005161.09719035,4113969443.143128,650831731.4274539,4011563039.475673,568170814.9199868
4471,5827220573.475852,19030736.91768761,46974605.24585645,4113966129.8453665,706818196.6499519,4011561974.2253695,638936866.6830745
4472,5827234190.099176,19016438.24743262,46944198.99149997,4113965863.2278585,647634466.40365,4011564889.2176356,605559254.6726207
4473,5827123060.085503,19002481.309868485,46913291.95317238,4113962629.0456305,706516982.6960182,4011565717.451489,592239404.3677653
4474,5827041585.553469,18986715.674839083,46882560.01814941,4113962314.401151,650492802.4431641,4011566896.395089,585029357.5684639
4475,5826956037.877152,18972365.94953601,46852237.68905551,4113959240.491782,715723897.7234923,4011567248.8425155,578246682.555013
4476,5826747637.38429,18958007.662208375,46821921.15334684,4113958956.1310887,654974889.4190696,4011558366.8540688,654633302.6315107
4477,5826723994.977004,18944090.942348734,46791565.54946816,4113955780.349703,717202255.0450814,4011560647.4709907,608693312.573064
4478,5826520158.784591,18929032.964066092,46761441.44141218,4113955523.6113563,655348703.015266,4011561232.5164065,594263379.5579761
4479,5826366221.796465,18914963.384598352,46731917.43460242,4113952413.7926154,716153998.5786026,4011561673.677109,584226278.4607409
4480,5826179393.128992,18900789.63665713,46699846.72906085,4113952189.1206894,661684774.7270601,4011562204.5632973,576422322.14375
4481,5826011175.517107,18886438.27837631,46670095.15129209,4113949204.5078506,731781200.8674854,4011560846.0418634,637747912.3305993
4482,5825986706.835952,18872353.70699218,46639749.99001235,4113948977.128734,674615840.4268022,4011563727.714869,595293710.1077302
4483,5825835314.523964,18858267.048465323,46609932.82984458,4113945910.816556,739924641.9919413,4011564570.2021894,581627372.669335
4484,5825698340.500263,18844125.849710144,46576577.63352015,4113945675.7508554,671608563.8806608,4011565777.918165,569759675.5486267
4485,5825544217.078838,18830181.42648682,46545425.009584196,4113942743.2974734,739795823.7559348,4011566146.811886,560333889.6879468
4486,5825503824.738632,18815873.986582447,46514102.5556269,4113942410.6789684,678895701.3941718,4011557169.1835365,620401624.5761595
4487,5825380773.093533,18802398.373460855,46483755.183295965,4113939419.110208,732178486.4689746,4011559513.5172315,590672377.7137165
4488,5825290079.227207,18788465.376943946,46453833.67288803,4113939214.402853,673069360.6810808,4011560073.20004,579750116.3770301
4489,5825192230.514726,18774598.314281765,46424068.17381084,4113936263.4075494,731995230.1463617,4011560503.918639,569385902.9469476
4490,5825055943.202241,18760851.616151933,46393786.0888317,4113936024.737728,675211400.493155,4011561013.6903048,564480248.8716527
4491,5824897704.0865555,18746755.45484568,46363490.50743198,4113932940.9596224,729709899.0133162,4011559692.806646,626324065.0178732
4492,5824817416.659727,18732808.90661019,46333165.0143685,4113932644.8151336,668742016.2232296,4011562792.543374,582307512.6884431
4493,5824780950.66866,18718996.175335757,46303435.79518492,4113929594.288014,722637171.8469068,4011563666.4746084,563506097.8557184
4494,5824630438.72822,18705163.43703762,46270111.37603411,4113929380.183174,668076379.5467465,4011564924.156651,553224713.6393207
4495,5824567235.39918,18691124.058566075,46239117.72801084,4113926436.483433,723158252.6690607,4011565328.124973,545146190.4998517
4496,5824408465.621117,18677277.521287367,46208844.461464636,4113926147.1677246,661207273.0075792,4011555700.380284,608965906.8487217
4497,5824236428.087639,18663026.580560375,46178808.21306567,4113923150.9301076,714349845.2532263,4011557957.079762,571524189.2757916
4498,5824244892.376753,18648324.80785691,46148955.66653015,4113922804.4689097,660740166.0336841,4011558520.7074304,556386829.1822778
4499,5824166352.310889,18634792.167575177,46119092.37405062,4113919774.606253,709542357.6074115,4011558970.02389,545988553.7032458
4500,5824025583.304623,18620961.314007975,46089034.560786106,4113919538.1729703,657885003.3304259,4011559519.3415823,539048633.1083446
4501,5823980001.871541,18607107.431558613,46059085.81630819,4113916515.831181,716530872.0388616,4011558150.303054,595493648.2262157
4502,5823844934.882911,18593077.284475055,46028965.35431594,4113916100.264777,660093597.9735804,4011561198.0009904,560135367.6624745
4503,5823821103.42328,18578784.950355053,45998858.28340722,4113913094.519508,713721095.7948005,4011562070.2236695,546896917.2436793
4504,5823750683.933121,18565329.37204046,45969149.70139388,4113912796.6267304,656780594.6339858,4011563392.246246,536771943.3389381
4505,5823644896.489161,18551388.38067654,45940719.90274923,4113909897.0109987,716921225.3986111,4011563794.4599557,530374032.7253873
4506,5823509325.880994,18537441.1613947,45911392.88349076,4113909461.5076704,665246601.4507041,4011553756.905636,581607302.5432203
4507,5823356567.632084,18523581.86343807,45882291.09759344,4113906595.2887034,719199348.1920172,4011556162.436082,552189922.0303615
4508,5823222439.122429,18509199.134364255,45852218.1487055,4113906226.3846517,666893779.6538601,4011556784.2592344,540621913.8877943
4509,5823085681.974688,18495019.395804048,45822819.482337356,4113903337.738703,722869836.0492848,4011557275.7190633,534048592.2142497
4510,5823251258.736421,18481636.274810143,45792784.32550035,4113903191.130603,663321728.5710294,4011557874.308176,527563669.01979846
4511,5823157953.769995,18467802.61110178,45762806.46806535,4113900345.6954527,715182414.6663231,4011556131.3161287,591302262.7450155
4512,5823029474.630502,18455111.490409687,45734070.8706462,4113900230.7772293,660919754.1344398,4011559336.75409,555541568.726839
4513,5822890803.51868,18442745.721512705,45704063.005883254,4113897530.865918,710438147.8313663,4011560162.31254,545615980.2598689
4514,5822846058.417436,18429556.94681984,45674092.6081732,4113897350.314669,654448474.9667673,4011561457.729127,537453552.6972096
4515,5822833376.591216,18415780.807557907,45643994.445212275,4113893699.370473,713201803.1567426,4011561904.1708765,529812037.96840626
4516,5822675816.865897,18401811.897011194,45614471.970135696,4113893321.3050056,652033006.4014095,4011551645.7262173,594422292.527756
4517,5822621476.622554,18388666.5904615,45584398.024477504,4113890282.953464,716694336.484615,4011554273.0681543,554207967.4968303
4518,5822595793.767319,18374834.49284582,45555700.08921729,4113889890.4197946,657882796.1593183,4011555025.201971,543888682.8782753
4519,5822563942.851922,18361419.26898502,45525403.885951705,4113886836.3609457,716741891.53066,4011555511.4944496,535853813.174797
4520,5822382446.303859,18347474.979861524,45495334.97293497,4113886550.639869,652300984.4482582,4011556147.1884155,529669977.87353325
4521,5822323852.978996,18334100.151217334,45466002.03282911,4113883663.2633915,705785055.2679828,4011554182.0638404,594594653.3349421
4522,5822282278.929915,18320499.687923834,45437511.30515983,4113883433.3278255,644682165.7974559,4011557487.333543,554366526.0639255
4523,5822319701.373513,18306794.65404902,45407533.621258914,4113880583.6671557,696555260.7669531,4011558287.387668,538132025.0840517
4524,5822166446.053205,18293598.33670999,45377721.58042151,4113880438.5604386,642374004.7054813,4011559624.058975,530159290.587592
4525,5822106973.806781,18280254.883381963,45348096.356569216,4113877730.349214,702826939.0094578,4011560029.944442,522516247.40460235
4526,5821976267.665985,18266747.749909203,45318769.75122823,4113877617.234419,648157699.2130105,4011549257.840218,576738735.5539788
4527,5821812246.971522,18252483.204696544,45289353.82971729,4113874800.3171926,716211036.734144,4011551948.5809803,544335666.5876217
4528,5821744223.690555,18238707.45550168,45259919.826486364,4113874570.1430597,649396891.9274108,4011552775.0900555,530317154.2380255
4529,5821604902.4967985,18225581.637174927,45231226.52297565,4113871855.909848,707632191.2298449,4011553291.803257,522090471.92972153
4530,5821451448.007807,18211952.538265053,45202444.160188146,4113871703.084293,646818003.477523,4011553976.949227,515487007.6786645
4531,5821422870.14543,18197938.119382285,45172803.95617678,4113868825.105623,704543903.3639333,4011551983.460491,564711088.9907646
4532,5821424830.639977,18184267.129807476,45143373.62398802,4113868759.9647374,646904344.0548767,4011555582.148237,538811281.881454
4533,5821301124.160431,18170289.252036616,45113888.181686856,4113865998.3288336,703545858.435966,4011556424.521119,531389936.2895605
4534,5821263004.521336,18156584.71872075,45084325.29219346,4113865875.8049088,644062014.6611142,4011557901.197522,525177761.1155995
4535,5821101190.371335,18142986.002126686,45055045.04603368,4113863092.3069825,704778690.5910087,4011558361.6325173,518313674.01696
4536,5820937053.118102,18128461.565381534,45024978.25645493,4113863031.010324,643120944.8978348,4011547150.83246,575747483.211835
4537,5820830243.7403755,18114591.15827731,44996232.651663594,4113860166.30041,702458895.0825176,4011550135.474831,548628070.4175211
4538,5820706962.216914,18100947.377721567,44967056.00701476,4113860023.3483295,646199845.0430015,4011550977.6303854,536656451.2881572
4539,5820622574.355148,18087389.040623963,44938513.81822835,4113857349.2578535,703444194.0716221,4011551560.8875256,531868222.4105957
4540,5820459716.850117,18073930.110086188,44908834.5195886,4113857035.428967,644250473.5125432,4011552320.9711127,527838778.5977453
4541,5820410521.691159,18060127.54765026,44880604.997861676,4113854552.639824,705914746.2947954,4011550239.7396173,591199883.2099293
4542,5820334549.776323,18047022.443785347,44851092.663563214,4113854425.8031187,645236321.0429575,4011554079.107648,557814770.2591888
4543,5820272073.299341,18032427.878861297,44821398.470231056,4113851684.4158473,699997608.6945394,4011555035.42527,545818158.5920036
4544,5820322874.759406,18019084.14483516,44792435.473681025,4113851580.75598,645141801.8365964,4011556703.2576895,539849683.9538065
4545,5820210030.665659,18004685.29865413,44763407.54275128,4113848965.7167296,698482033.5572345,4011557185.3409104,534153527.3695977
4546,5820054387.994236,17991443.103182808,44733638.00649097,4113848683.5970883,637616676.9460956,4011544906.8642635,612331640.870775
4547,5819908703.802111,17978461.489343703,44703853.31230953,4113845856.1352715,691924793.1572402,4011547798.7331195,574362265.0079354
4548,5819806902.578282,17965466.428384505,44674578.90660439,4113845659.5094366,636357229.8390867,4011548635.6779394,563583586.7597601
4549,5819679113.211559,17951703.125077713,44645740.25717043,4113843045.2279644,686919998.3185743,4011549125.525351,553531010.4516804
4550,5819599359.20485,17938189.220625695,44616721.52098076,4113842685.399127,635345685.4500521,4011549875.7998724,544360477.1456664
4551,5819488959.301308,17924548.090454713,44587287.16200934,4113839852.685901,686844619.3742416,4011547459.3726797,613730858.8844619
4552,5819357097.020362,17911064.455833204,44557935.218311496,4113839609.441554,633543712.4919817,4011551513.5914235,576710984.3982719
4553,5819327065.828223,17897708.994732928,44528670.30850068,4113836867.1218176,687045708.1321312,4011552602.7160587,558272490.6374688
4554,5819247067.271863,17884472.029583484,44500052.62800956,4113836614.504509,630722843.8036909,4011554321.6710124,551674617.9104806
4555,5819151820.277312,17871144.755000852,44470846.729240574,4113833920.088163,678696798.2500839,4011554827.2007313,540493190.1019775
4556,5819067166.69842,17857912.629431043,44442028.095065966,4113833668.2803426,628506810.2046309,4011542025.7125015,600494649.3795071
4557,5818933062.516898,17844733.85536681,44413063.49649994,4113830936.4339275,685400414.3874079,4011545151.913494,566101318.0109049
4558,5818789691.987909,17831573.03384505,44384170.97382846,4113830518.51109,635832135.1115899,4011546105.1419716,550601605.7450577
4559,5818633516.9578285,17818736.023990627,44355597.940616265,4113827732.0272884,695739624.8387243,4011546669.8163505,539623381.8101721
4560,5818582579.166332,17804882.97841037,44326911.50879866,4113827416.1640296,637257235.1101401,4011547503.32964,532811664.7731822
4561,5818447284.189206,17791663.469667803,44297010.2809903,4113824899.340974,700087223.3249779,4011545197.4153337,594147068.2755284
4562,5818377321.4078455,17778436.708964117,44269076.20289222,4113824804.4279494,647859811.513503,4011549559.962418,560503919.8186915
4563,5818280055.245193,17765058.22916345,44239787.722980835,4113822025.143804,714034943.6386144,4011550618.2883167,547610226.6178687
4564,5818233172.651171,17752248.6890003,44210758.433062874,4113821836.328746,651440129.1833956,4011552438.6836724,537544912.4008173
4565,5818113652.099025,17738414.085159767,44182118.13064979,4113819143.898338,712671277.989755,4011552944.01121,530158246.5953747
4566,5818093930.717392,17725079.259116292,44153666.0700482,4113818788.109744,650521097.3131886,4011539215.5955267,592357697.1694959
4567,5818011020.732293,17711984.07067234,44130655.28467402,4113816134.1949797,703817925.5593926,4011542427.6356792,557536923.6115847
4568,5817852079.724469,17698787.276050143,44098210.60853871,4113815770.608304,647907831.386356,4011543522.684066,543631880.1486746
4569,5817753405.712312,17685582.239227433,44069457.051076286,4113812899.1537724,701476746.8552316,4011544110.2360063,536607085.4962425
4570,5817704260.155426,17672148.560576007,44040340.190293536,4113812721.132682,641769440.8452652,4011544984.991614,528778223.82923764
4571,5817608715.246114,17659437.44463693,44010533.91169621,4113810167.7928348,697845626.2089758,4011542278.5484977,592850683.2694926
4572,5817512562.46129,17646276.133089524,43981024.64053992,4113809926.8430247,646495505.3173118,4011546709.8365264,557338007.2265011
4573,5817398548.136683,17633166.346330073,43952882.09217897,4113807192.68464,702416811.5316558,4011547795.2093616,545212488.7530524
4574,5817320581.627949,17620322.003025312,43924295.14326806,4113806814.719905,643271903.0432029,4011549743.1143866,539915134.9500031
4575,5817344511.892488,17607021.00545149,43896346.762743235,4113804157.2015,701689549.9204515,4011550260.78069,532829480.9568713
4576,5817348557.417736,17593963.877889846,43868888.804313734,4113804022.5128818,649976728.7465743,4011535902.59916,597402769.563844
4577,5817219933.352782,17580788.180698246,43841129.945977695,4113801381.339419,714145306.5705352,4011539008.1721244,560484021.2857364
4578,5817105610.413888,17567108.325470008,43811602.84135523,4113801381.921591,654977339.0249952,4011540078.428502,549993659.7879583
4579,5816955076.050615,17553770.865650877,43782738.25606973,4113798821.4527087,713260645.1202801,4011540629.447196,541592584.992708
4580,5816822610.736351,17540647.12346306,43754021.10004642,4113798804.232897,654452191.6681886,4011541540.248737,535702189.90901047
4581,5816711878.897749,17527800.899925176,43725369.608178966,4113796168.8885736,714011010.4568946,4011538583.1923447,600852718.0659788
4582,5816600350.901964,17512191.07583002,43698785.37445432,4113796045.784733,656796978.0571167,4011543417.2187943,567125582.8292178
4583,5816763320.415197,17498413.808528714,43670872.57438854,4113792527.8298435,712031365.5121667,4011544654.784072,553350395.691231
4584,5816604933.018066,17484912.57593029,43641167.21660319,4113792429.1122947,655766526.2158566,4011546705.5311437,543029250.6803764
4585,5816534316.340473,17471749.992021583,43612304.033077575,4113789757.015527,710491092.6972227,4011547261.3108916,537087635.6471486
4586,5816415268.583246,17458219.5871416,43584057.80652116,4113789591.15405,653512533.2275585,4011532293.753579,600498742.6774268
4587,5816336027.125577,17445125.260131035,43555420.31415594,4113787018.9599485,710557816.184193,4011535715.3240147,567371455.5293698
4588,5816183978.973121,17431837.015727915,43527381.39159434,4113786839.174456,656192018.6417177,4011536807.650342,556458139.2751508
4589,5816175017.344441,17418980.9231174,43500680.14099919,4113784319.5771112,710067922.4130666,4011537371.0108533,547492970.2422752
4590,5815954156.0383215,17405892.1271447,43471825.57606808,4113784084.992692,654382438.8352892,4011538334.8816843,543559199.7807069
4591,5816041094.830003,17392391.903072145,43448990.0388695,4113781515.929614,708852241.2755343,4011535687.3485684,604988633.6407305
4592,5815917368.832351,17379575.539009355,43421041.263084576,4113781394.934376,650807542.9239384,4011540763.8913107,574658502.6169374
4593,5815724651.229254,17365867.448075883,43392775.63499164,4113778697.4339027,705124097.0763317,4011541981.330281,560939643.3169729
4594,5815658264.36154,17352397.907052442,43363578.31114014,4113778464.677106,646446310.1351155,4011544185.633323,550188767.7484607
4595,5815573460.13303,17339233.88285182,43336528.4897649,4113775896.7828074,696314923.5778602,4011544771.532076,545020304.6416864
4596,5815478493.994008,17326124.643439356,43310756.77002532,4113775890.7531605,644451510.1520791,4011529529.144887,606554585.2039105
4597,5815360253.458473,17313209.122208085,43282235.35071894,4113773560.9603834,698160019.8307627,4011532923.4848843,576381034.489579
4598,5815307182.199985,17300337.24250513,43253066.56859835,4113773482.687235,641968134.4104857,4011534031.3432746,563638526.7610371
4599,5815498562.229703,17288082.371942922,43224655.10667013,4113771064.533636,694422598.7225033,4011534610.9076495,557629903.246923
4600,5815229782.476167,17275006.660173804,43196292.02406732,4113770773.260711,637139053.3263936,4011535608.4617825,551795936.387741
4601,5815026730.688312,17262290.009662323,43168016.579282686,4113768385.5538836,693653756.8898584,4011532809.8297563,620166262.5269201
4602,5815137429.102825,17249190.24962131,43139569.08113638,4113768207.4588075,639192591.994479,4011538110.992645,588259311.1119131
4603,5815007925.731992,17236141.886524018,43111601.383270614,4113765799.0956783,696752448.0449585,4011539269.1258693,578276753.8243438
4604,5814952488.609122,17223261.826416522,43083128.96800301,4113765698.974107,639857019.4071759,4011541593.3717375,569605384.6246971
4605,5814846580.835743,17210751.292928446,43055444.36581848,4113763301.773881,696434695.625065,4011542227.470769,563335974.643815
4606,5814694484.268046,17200724.209449545,43026580.84934469,4113763213.2789803,640771644.070777,4011526447.4247084,636029819.9335892
4607,5814580163.130715,17188118.464152608,42998745.11411193,4113760767.8800793,695997027.5640785,4011530034.165001,594894999.1439736
4608,5814559341.439238,17174670.013111956,42971819.74904278,4113760660.0039005,642358968.2669502,4011531274.652881,584456306.3811489
4609,5814537047.755063,17161462.2517277,42943334.61118644,4113758335.696191,697234966.1464081,4011531877.541963,573324276.8544986
4610,5814426397.708781,17148257.10566139,42915136.76675511,4113758270.8947816,638476289.5193899,4011532923.6375318,566871471.6054754
4611,5814415068.751349,17135457.475546684,42887410.563425936,4113755957.6823883,689478520.8749596,4011529714.4222264,639529261.0730693
4612,5814270272.972304,17122742.19794002,42859731.17052316,4113755883.148881,634872980.6747364,4011535390.0707636,606925939.4249876
4613,5814204964.490205,17109786.95792445,42832134.27916901,4113753446.0857716,680941496.4894083,4011536511.562884,597028533.0787458
4614,5814149722.977604,17096543.84251948,42804695.54432561,4113753458.871521,632292082.4013549,4011538889.5776925,592822785.0222181
4615,5814068627.468883,17083450.049985103,42777656.9308647,4113751259.4020433,681310378.4261788,4011539471.5169706,590899438.0202127
4616,5813947727.42757,17070651.88241008,42750755.99144882,4113751245.670071,626406918.6716672,4011522695.160438,659728315.5818334
4617,5813907322.958607,17058228.602632966,42723072.27709538,4113748923.057999,676010325.3113422,4011526465.6982746,628532410.5126199
4618,5813989296.208868,17045316.28863154,42695410.01389921,4113748815.6939235,625790079.9420457,4011527820.047136,612895807.0738196
4619,5813906034.259738,17032961.656919204,42667147.09644781,4113746074.685674,680461730.4042975,4011528499.740261,604287371.5802892
4620,5813804546.070618,17020862.959396753,42639144.00696009,4113745942.3263083,629869814.9085664,4011529575.6499166,600488982.073718
4621,5813741828.890659,17008263.652183343,42611563.46450548,4113743255.0702505,675177747.9446702,4011526259.895512,666343087.5819674
4622,5813626314.153217,16995043.460085604,42583317.451910205,4113742895.7681527,628106447.2220088,4011531957.695629,630790718.4309938
4623,5813515443.00726,16982658.60236208,42556532.94584122,4113740359.8493257,681988923.1076443,4011533236.142608,613101651.5576057
4624,5813375207.752347,16970027.877659086,42528558.858996674,4113740146.3517494,631566949.7014208,4011535697.8071933,605009323.7014332
4625,5813256254.582333,16956827.237454493,42501157.607008725,4113737684.931625,685426274.4427212,4011536315.5814176,596195868.2203574
4626,5813122185.490138,16943953.488262605,42473839.515595764,4113737494.632609,632337278.9287055,4011519596.888873,654043274.611634
4627,5813024553.52055,16931162.226195533,42444977.803886585,4113735136.316628,688727962.6277974,4011523895.9130783,618164149.673564
4628,5812923173.74648,16918614.914365407,42417876.14746959,4113735029.167545,633281405.6292822,4011525365.14358,605701395.8592031
4629,5812937209.515039,16906583.709987424,42390731.416580446,4113732679.430331,688688867.3400351,4011525990.393329,600335517.4019996
4630,5812804339.038052,16893912.885493144,42363932.08632759,4113732627.2407584,629210045.360634,4011527197.3242044,590244851.9377328
4631,5812760412.269151,16881378.973399892,42336169.375251316,4113730410.630613,687899898.9531324,4011523137.63649,654875493.617757
4632,5812938683.410808,16868368.37511922,42308713.51183507,4113730384.022184,629311597.4845703,4011528939.671125,617410026.0089573
4633,5812905187.300889,16855806.93833342,42281247.45553884,4113728056.845745,690409873.7984315,4011530197.0796347,601557994.6203587
4634,5812811915.830673,16843294.8755244,42253633.70330252,4113728041.4265556,632005372.015889,4011532745.4885073,591332411.0798807
4635,5812757162.795205,16831006.721241605,42226400.97301321,4113725807.621638,692465713.4544934,4011533392.7443743,584401334.9131105
4636,5812604987.988368,16818449.530860055,42196520.34547524,4113725793.924046,636209718.7172056,4011515490.462894,642823446.6418788
4637,5812450406.526644,16806338.8285235,42170214.59748073,4113723378.1556115,693869564.4026488,4011519477.0094013,606836636.6667339
4638,5812525168.180007,16793872.923795015,42143027.982758544,4113723303.209061,632720037.7069947,4011520937.799718,593129700.0438659
4639,5812470839.381657,16781865.8866358,42115796.30714058,4113721135.767505,692419531.7853304,4011521629.642551,578202482.1878473
4640,5812468032.440579,16769748.375109823,42088778.94313171,4113721168.366413,634950556.6367744,4011522819.5879455,571629988.3444046
4641,5812372313.089751,16756985.405204,42061574.85816241,4113718828.3861165,693863979.5232928,4011518787.2319093,625041718.7261199
4642,5812240195.150509,16744251.524885843,42034703.535725154,4113718841.235389,633484998.408535,4011524832.6604013,591368648.7092941
4643,5812095900.862946,16731520.453857724,42007977.10115414,4113716565.557866,690576637.8861907,4011526162.661053,584652037.4838959
4644,5812021924.858621,16718655.633625567,41981575.70984863,4113716629.9970717,634773568.4010235,4011528778.0985317,572155150.3028252
4645,5811870391.64659,16705984.03456596,41954400.23631771,4113714425.966737,693651027.9216015,4011529435.726827,565268282.3463135
4646,5811900936.986795,16693377.664783992,41926795.24043926,4113714466.232318,632800241.7585244,4011511106.2546663,619117116.632457
4647,5811844393.033356,16680940.465047272,41899187.479482934,4113712302.8601007,685460336.9518499,4011515479.763697,584101283.442203
4648,5811698385.688138,16668155.98948004,41872942.79307313,4113712279.6602554,630280230.0789713,4011517001.604766,570113256.705499
4649,5811635465.987903,16655814.73169656,41846078.89601828,4113710116.5649824,685685084.0216116,4011517696.25847,560760217.2843374
4650,5811532105.729047,16642609.17898307,41819729.91909329,4113710152.1162257,628217192.2310157,4011518906.951695,555654517.3184191
4651,5811507186.227125,16630033.994794553,41792494.49819328,4113707942.3439865,681495001.3618053,4011514973.1208167,608658536.3134602
4652,5811353293.329173,16617439.581649475,41765253.858262025,4113708027.02062,627277968.6941512,4011521384.8772206,574265116.3034128
4653,5811239250.250765,16605078.031744482,41738098.6256467,4113705864.5855923,682692985.5551215,4011522589.1527777,556643844.7844082
4654,5811117586.095064,16592125.108520858,41713277.873803385,4113705860.5765038,622613401.5212656,4011525196.681914,547500949.4930861
4655,5811035792.854675,16579849.370180415,41685974.77072715,4113703666.285704,675766310.1104525,4011525805.3286343,543129774.2393925
4656,5810989788.650354,16567632.894254563,41659126.575685725,4113703564.6523356,624080450.0575198,4011506509.5083604,591534714.8709735
4657,5810788676.507801,16555076.609240644,41631072.51388456,4113701457.776231,681100616.8970249,4011510900.5099187,563143101.8833959
4658,5810879678.629857,16542168.218771586,41603510.613970675,4113701469.351697,627843290.1166298,4011512484.7066917,554770082.8705369
4659,5810669673.899894,16529987.843049124,41576225.171776585,4113699375.2003536,685352716.4299947,4011513100.289064,545568402.6439419
4660,5810697975.2873125,16517857.320012948,41549606.61523342,4113699365.25346,631061716.3931003,4011514422.6374044,538371480.9817413
4661,5810627636.704508,16504957.308266046,41522589.59245117,4113697160.6342893,689780693.6927722,4011509921.9602304,590211773.8571833
4662,5810525354.391039,16492306.006602863,41495963.82691247,4113697202.1281853,632594381.75699,4011516496.083362,562643128.254222
4663,5810450096.680552,16479806.759917263,41469231.930437125,4113695057.7778563,703060341.1821423,4011517726.8089476,549290398.2833158
4664,5810343853.898706,16467361.951851849,41442185.048091285,4113695088.003222,643570939.9111615,4011520620.405477,542383723.4949828
4665,5810342301.956279,16455057.360551642,41415567.87885068,4113693043.233314,710752660.0575733,4011521291.9301734,537418764.833732
4666,5810169751.963418,16443788.874966655,41388779.723109595,4113693110.966305,643759663.0459523,4011500781.513586,593042215.1362101
4667,5810071783.539691,16431218.130711164,41362353.03615421,4113690950.0999937,705768924.7373558,4011505231.6639605,563546813.9272153
4668,5810051001.795722,16418678.5280952,41335559.62320564,4113690986.1609035,647742329.0537808,4011506689.3669252,550542709.875846
4669,5809975389.326497,16406089.797662776,41309000.93120704,4113688719.1678066,708067972.5776514,4011507437.2453322,542245427.5329162
4670,5809824615.513461,16393764.313471517,41282503.26340827,4113688830.990021,640834746.3463726,4011508777.753602,533349615.23062587
4671,5809681246.3259535,16381521.435445374,41256024.54435401,4113686746.5963173,697789877.6168993,4011503992.874303,586537562.9623926
4672,5809590216.876143,16369565.53007485,41229372.74027435,4113686770.090274,637753096.9905335,4011510896.991232,558112212.5381312
4673,5809465618.404901,16356781.452582512,41203209.99565678,4113684627.619087,695515640.197574,4011512258.990577,546016138.4213197
4674,5809419945.48428,16343895.300404802,41177699.72475011,4113684647.747209,643292668.8533952,4011515210.6944966,540782600.4347323
4675,5809394697.096815,16331722.884342916,41150964.3535086,4113682557.9262223,698136497.4368618,4011515888.7999167,534331770.3324726
4676,5809268913.206879,16319453.673077432,41124389.53992122,4113682560.844208,644193088.0710328,4011495243.2067723,596793703.4956892
4677,5809238723.299468,16307366.809840547,41096866.67893128,4113680370.950824,706553216.6558591,4011500169.686909,566668542.6330326
4678,5809052134.531643,16295463.719336273,41068322.32200916,4113680357.262452,642634200.4737962,4011501996.3596983,552414752.8571018
4679,5808871258.449351,16283731.987899259,41042225.13657268,4113678294.5044,698505997.2806221,4011502731.194781,542991726.6268786
4680,5808918349.510453,16271567.84339236,41015212.918741904,4113678286.0637097,640469799.5311314,4011504151.110094,540232244.6155766
4681,5808914030.037323,16259381.093500733,40989506.7133482,4113676067.474879,695913423.7486156,4011499107.4622293,597768108.1686115
4682,5808826948.540385,16247406.608891489,40963726.500338495,4113675890.5075364,639617819.154703,4011506171.1942763,563750439.5779619
4683,5808794712.337234,16235380.060580239,40937511.7142908,4113673723.739013,692764224.073123,4011507683.468473,551717028.2121172
4684,5808739688.489484,16223376.742094701,40909680.43616705,4113673673.414016,639845072.6794817,4011510627.418857,539646461.7238278
4685,5808753577.242784,16211341.931825783,40883190.14080274,4113671438.3085628,697198905.4066796,4011511366.5908446,530512958.08331335
4686,5808640975.344089,16199422.789843002,40853397.53141457,4113671380.9845314,639855271.1039304,4011490582.3402357,587935796.8068246
4687,5808317689.688845,16187194.02647095,40827331.16044634,4113669259.2627234,692945985.7689065,4011495819.2288585,554580241.2880474
4688,5808157153.280826,16175132.691258803,40803065.96160785,4113669207.719088,637507637.579865,4011497315.4363074,544216188.9768991
4689,5808055193.361162,16163386.003350629,40777291.17034968,4113667115.484666,689880097.2983359,4011498127.660287,538797536.0999479
4690,5807995793.716564,16151345.180595659,40750733.93122106,4113666972.668187,638282607.0666556,4011499594.2316875,532416342.76647484
4691,5807956748.200956,16140700.931799185,40724794.87159937,4113664598.2232337,691217570.9238324,4011494117.873181,597332199.9357783
4692,5807887619.358626,16130174.335336734,40700027.12349106,4113664549.6456165,637492311.4942424,4011501563.9875965,566638194.2081734
4693,5808092038.045142,16117099.376219638,40673170.45315403,4113662401.354862,690485068.2859364,4011502991.375206,554832404.5902487
4694,5808177927.765701,16104228.227356598,40648258.755162075,4113662329.939072,634799277.4884548,4011506108.981059,545568393.6232964
4695,5808263491.021071,16091906.428272784,40620811.54136078,4113660067.7742877,688212918.3209975,4011506793.758819,537303349.3592763
4696,5808177299.049129,16078854.019142453,40593878.19126667,4113659916.020039,633832873.6455169,4011484699.674029,595005830.0454072
4697,5808061507.214754,16066566.698913833,40567033.84516582,4113657492.8885536,685529465.7684803,4011489926.3586426,564876926.5723684
4698,5807989201.288978,16054156.50160661,40540684.84087326,4113657452.939707,631293434.3961757,4011491648.378083,550683838.5860087
4699,5807924415.290238,16041984.569663376,40514411.30367048,4113655300.8538485,674775463.3324925,4011492495.730898,542908487.2432053
4700,5807831385.473787,16030148.694163274,40488399.38783915,4113655206.7450852,622884565.7307212,4011494085.0123186,534242057.7604098
4701,5807754611.936649,16018561.279674858,40461906.09119699,4113652987.8731885,673873298.6109232,4011488750.2049136,590890939.1372466
4702,5807606025.5333,16006781.177991655,40435772.68663952,4113652784.612788,621261372.3546543,4011496569.3735595,559054039.2340298
4703,5807476420.284716,15994851.210004346,40409168.76996949,4113650521.6196256,673561702.3461283,4011498145.095105,545578272.8499962
4704,5807386658.537327,15982632.39953515,40383062.23264415,4113650200.6903577,622068818.7876261,4011501481.867799,539942552.7880769
4705,5807269477.156459,15970198.074890144,40356950.08523067,4113647998.2331667,672739117.4823991,4011502110.984085,532436399.654526
4706,5807230849.979391,15958577.823008562,40331273.62826377,4113647753.474907,615798108.1668482,4011478887.8248587,584007201.1374838
4707,5807115184.481275,15946596.008452287,40305143.705703795,4113645423.6752667,667394352.5492233,4011484481.4596186,552784161.2494696
4708,5806987864.570723,15935092.233565155,40274299.75155907,4113645232.4054465,618212585.9682213,4011486519.810585,542729696.3046182
4709,5806916969.398589,15923326.94165625,40246553.15517744,4113642932.068448,666500912.1706395,4011487286.8495917,536087742.5078163
4710,5806812719.364799,15911393.407114726,40220430.5770282,4113642559.50386,615071051.4708358,4011488956.0878778,529773853.3997767
4711,5806655326.757138,15899582.587417835,40195146.514132254,4113640081.1625304,667569330.2353542,4011483246.711622,587406254.1115199
4712,5806493270.697025,15887600.182072125,40167284.97982548,4113640027.3775077,618058234.818108,4011490982.4724107,552811866.8912735
4713,5806545109.728033,15875724.015217908,40141174.894100204,4113637808.825474,665167473.9808115,4011492472.639819,544698113.7834924
4714,5806459680.258745,15863296.032664781,40115670.57063854,4113637833.12989,613729495.513904,4011495856.917806,533797953.13444775
4715,5806328834.105352,15851364.704565672,40090128.079312846,4113635418.4758854,664336638.8163784,4011496595.646791,529135482.18346566
4716,5806284227.704177,15839961.546848057,40064363.26931485,4113635448.5208893,614190140.767038,4011473955.6640015,589124024.290964
4717,5806073356.459097,15828123.745146489,40038490.128507234,4113633132.0743084,662235022.4873742,4011479558.6221786,560058484.3145349
4718,5805971799.127143,15816414.532326676,40012661.08559713,4113633218.765145,611795530.8343806,4011481639.62487,549280735.1649761
4719,5805819809.725619,15805150.53852556,39988454.81927506,4113630942.4862194,656135648.8551797,4011482471.222917,540467147.3632733
4720,5805700390.532082,15793541.915831817,39962463.148351885,4113631063.160595,608651602.6246336,4011484158.6128845,534339617.8468924
4721,5805593235.11687,15781804.429833306,39936374.05380703,4113628872.3023224,656099674.9414066,4011478437.966404,590682340.771542
4722,5805429797.389469,15770539.483247673,39910487.86676397,4113628952.379866,605982284.4654222,4011485912.709884,557018731.5359838
4723,5805396677.110798,15758877.376030289,39884797.319650404,4113626733.0432234,660357797.0952116,4011487426.4596477,544344474.9588487
4724,5805377423.285469,15747008.936349943,39860441.782352954,4113626855.6312447,608422023.5172472,4011490915.334916,534716542.26699597
4725,5805267115.847325,15735171.715438578,39833492.54978624,4113624656.107786,662169088.692848,4011491605.496578,529530224.651723
4726,5805864470.61279,15723497.57889149,39807642.76405188,4113624819.806686,610526210.940775,4011467922.083734,587429330.5870801
4727,5805924102.777507,15712587.392319167,39782501.63152892,4113622548.131207,664743548.3579999,4011473600.1385093,554467244.3222514
4728,5805776796.7329,15701399.981245272,39756676.56049167,4113622572.931133,611541085.1240292,4011475652.2585278,541035967.7648405
4729,5805658513.971267,15689722.281542985,39731063.30158508,4113620484.469922,666249472.2008268,4011476409.406383,530391389.95080286
4730,5805521521.763075,15677603.070180438,39705503.69629956,4113620417.7106304,616402459.607864,4011478061.577564,522265838.62338746
4731,5805432202.206908,15664741.013473868,39680966.22970264,4113618277.9767427,673821611.1005056,4011472027.160328,576515805.4163293
4732,5805370240.98852,15652938.342689248,39654387.69098993,4113618334.179037,616002068.6505562,4011480214.8325496,545195916.4447296
4733,5805272693.270435,15641615.894606186,39629142.21038678,4113616099.586121,673880781.8758225,4011481829.563802,533554974.21080714
4734,5805120945.95037,15630212.505029319,39602776.54688491,4113616179.0858717,617830725.5479622,4011485364.104102,524634930.3538477
4735,5805089203.343206,15618948.358552966,39576692.62264389,4113614017.7177005,677840466.6058382,4011486136.294074,518938536.1073802
4736,5805007913.227048,15607277.501623737,39550788.20790074,4113614144.166901,617182967.710283,4011462215.8379784,577727395.3513136
4737,5804848986.916206,15595174.976211052,39525524.888142385,4113612090.362272,674147981.5194454,4011468122.3338423,542948535.2925898
4738,5804684646.867367,15583549.055048294,39500145.02803548,4113612151.728016,622958425.4224135,4011470214.373677,533850801.2772456
4739,5804543269.9552965,15571940.509863762,39475302.69271951,4113610030.9777613,678500094.7888508,4011470975.53092,524574077.303444
4740,5804416953.79546,15560214.318053074,39449941.342144854,4113610143.133873,620012947.3931365,4011472662.133599,519736032.5620362
4741,5804327813.213082,15548471.478488209,39424069.972985245,4113608035.2562456,680210640.9591117,4011466421.9460354,569947122.1667305
4742,5804302639.387589,15536889.942897068,39399073.89661028,4113608142.9863424,621450727.30579,4011474562.6926384,541570553.6809736
4743,5804138972.6439295,15525336.09883518,39373513.97565625,4113605951.30564,681292620.4323274,4011476212.2452326,536763019.4164221
4744,5804035301.047587,15514347.492687806,39348131.823991895,4113606047.2628455,626723336.0219873,4011479751.385172,530737452.14311355
4745,5803870246.116932,15503074.697954953,39323050.86887286,4113604020.900012,688617295.6109064,4011480341.8731737,523599498.8841492
4746,5804780153.192314,15491730.211909294,39298084.445006646,4113604089.684815,625849575.555526,4011455699.303382,584807801.7255188
4747,5803919700.138606,15479376.819956299,39273213.59082698,4113601950.0240917,684368103.8914988,4011461675.645808,554634400.0235845
4748,5804040209.750692,15467508.3642118,39247706.513866715,4113602084.397948,623116669.8318509,4011463723.5156603,546655597.6369728
4749,5803554670.513577,15455818.37313994,39222130.908184454,4113600113.943023,675099962.9823779,4011464540.217591,538161508.2493588
4750,5803529020.184228,15444246.100002319,39197340.4655696,4113600183.8485446,625897954.3353595,4011466291.9169617,537618177.9567935
4751,5803442553.356165,15432910.237657253,39172244.76663022,4113598041.7655063,686828125.7826377,4011460198.62477,607282840.4454218
4752,5803405621.88014,15421424.904859288,39147366.45550842,4113598183.5540752,627043200.6390753,4011469049.993066,566805459.0187627
4753,5803335883.587172,15409988.49404972,39122080.25178515,4113595951.7704697,691626588.374059,4011470647.755926,552110135.7622977
4754,5803482305.318189,15397999.019779567,39096947.43507244,4113595814.219278,633388309.1790957,4011474180.675196,541531293.5559555
4755,5803159445.594826,15386245.543050727,39072119.699819155,4113593836.023986,696428734.3711923,4011474888.0967116,537851880.5227051
4756,5803186532.122258,15374738.78143201,39045336.39465141,4113593829.0759444,627922363.4584657,4011449821.456438,605170048.620049
4757,5803306414.122039,15362532.396071283,39020179.269937254,4113591671.992442,689083652.7359151,4011455814.551237,564507249.0718409
4758,5803298664.327765,15350896.776145054,38996470.968202636,4113591573.6177335,633019479.2072856,4011458006.688287,549602316.7768416
4759,5803245133.212816,15339492.968289802,38970118.61383076,4113589512.4643517,700396685.876766,4011458849.5257688,539153956.726373
4760,5803199659.473247,15327794.118665967,38946137.25438317,4113589528.5768747,633528336.3483343,4011460647.6878233,531729755.00566995
4761,5802957602.02088,15316371.540740091,38919279.03463072,4113587537.0792623,693534285.1704787,4011454591.6416826,598306785.3619962
4762,5802901176.956283,15304728.501567498,38892889.050542526,4113587545.859051,634743229.3451092,4011463385.9290943,556941931.2975675
4763,5802818206.185946,15293732.95039147,38867250.4499938,4113585515.2556114,701660493.5874211,4011465110.3008256,546492352.8684273
4764,5802779082.193863,15282452.37615245,38841585.5210045,4113585497.9436455,636726684.5358387,4011468881.0324354,538547693.1201994
4765,5802716440.527235,15271099.46855061,38816345.28590972,4113583483.6498966,698506471.5253156,4011469714.311866,534022126.1025178
4766,5802574343.820122,15259604.50193482,38791665.263569616,4113583567.760007,633289629.3900095,4011445652.217749,599165478.1409105
4767,5802407581.258037,15248077.669445166,38767724.10895183,4113581457.3340793,692041216.4871337,4011451862.4657736,558439525.6688608
4768,5802297359.55096,15238090.347071817,38743484.49766831,4113581482.717672,628615876.5176733,4011454206.9134574,544480094.9772713
4769,5802198879.745993,15225725.621040022,38719435.38128341,4113579351.6347594,687904820.7183877,4011454945.1849594,532862837.098077
4770,5802063899.64737,15214134.4192805,38694740.70333208,4113579339.718166,626855492.5370114,4011456790.618543,525403926.0908639
4771,5801975690.42566,15202485.040458303,38670170.82007195,4113577377.0150733,690684994.3326299,4011450909.2641163,590825336.4960711
4772,5802009187.368632,15190974.582763975,38645010.16857452,4113577412.0237875,628316000.0597837,4011459731.601496,556030189.2929611
4773,5801890609.657681,15179558.761083886,38619871.26998272,4113575309.075278,696046161.842329,4011461344.549442,544818704.9935595
4774,5801984107.593258,15168381.782968748,38595644.87727866,4113575182.9672127,627535527.2949222,4011465127.801624,537284345.7685717
4775,5801955806.090878,15157147.221029231,38574870.96788227,4113573077.0275197,693845061.3995754,4011465895.772637,530549351.5656162
4776,5801864487.505578,15146036.076920684,38550687.62455579,4113573061.7521996,631932818.4372348,4011442612.3719306,598340785.2927197
4777,5802135938.048161,15134816.833752057,38529331.76045626,4113571112.1146917,701301872.2792085,4011448381.7933707,558443573.7533519
4778,5802021573.362895,15123652.950947922,38505666.60441599,4113571016.06678,630353615.1094697,4011450687.951246,549079033.0885906
4779,5801891492.031968,15113543.621735934,38480119.388114646,4113568858.4959207,696734944.4294714,4011451511.336419,542413713.0472178
4780,5801835722.990265,15102249.447846165,38453822.25819193,4113568757.7944646,631582801.0291274,4011453461.6889915,536083161.86847043
4781,5801681831.892671,15090432.75889851,38427314.03639167,4113566569.737971,696004117.2808942,4011448472.414498,601875258.6459395
4782,5801629562.779511,15078923.7738065,38400598.61762875,4113566706.9932666,631370965.6309793,4011457134.433565,561615932.7055432
4783,5801588777.206619,15067655.213450002,38375317.33542914,4113564479.159794,697527780.8785903,4011458871.2257266,551509841.5205247
4784,5801507426.157103,15056628.279676916,38349809.2618806,4113564521.2935834,632879416.4986525,4011462753.824277,544708534.1302514
4785,5801531434.648762,15045760.375234772,38324168.21044039,4113562484.1556377,693851940.1872368,4011463408.5192657,538440236.8805676
4786,5801412377.785148,15035250.097489167,38299467.37625905,4113562542.605441,632004602.7607203,4011441529.770016,614615283.0713314
4787,5801401608.522535,15024750.388417626,38277033.747515954,4113560382.8315163,690784826.5216013,4011447037.798085,574981868.1939907
4788,5801304643.596345,15012815.595840603,38251890.54772465,4113560522.3762074,631822955.316259,4011449503.3506827,563777000.823517
4789,5801210097.434673,15001446.184218585,38229276.1059826,4113558408.890076,694009840.1256661,4011450259.0441937,553717380.3240178
4790,5801092366.613975,14990219.29757792,38203893.59137621,4113558444.277622,637176624.7312461,4011452117.363018,545172866.1494074
4791,5801116680.093117,14979124.920545088,38181364.174113035,4113556394.273123,697295490.896416,4011447121.887634,628477065.9887911
4792,5800962245.632797,14968770.759209985,38156745.8216479,4113556374.6844683,634239048.4884673,4011455237.138229,595681156.4852492
4793,5800853963.832108,14958461.189929644,38132263.054835245,4113554375.6888847,694975759.6993452,4011456698.9160056,584451182.023475
4794,5800754259.528845,14946298.216851676,38107773.05000008,4113554450.4759717,633733170.940707,4011460345.332977,575843267.6895684
4795,5800721746.626358,14935424.927565595,38083091.64535224,4113552535.615438,695416228.9899063,4011461019.388843,568510201.9308879
4796,5800790988.075391,14924380.143626068,38058584.938526064,4113552661.5908933,631201305.346444,4011439942.57965,650279425.4761802
4797,5800652865.409101,14913371.668118387,38034674.169672176,4113550633.5529037,695581493.8129077,4011444941.1448097,610486486.8046955
4798,5800770991.899944,14902385.404600635,38009720.20567921,4113550711.680941,631681197.5210156,4011447178.2141547,597042936.5388263
4799,5800890301.389423,14891322.236577015,37985376.19100151,4113548800.662158,693623253.5495296,4011447876.2512226,581513826.606145
4800,5800769615.171824,14879736.277929405,37960971.78187323,4113548863.852303,629318416.9071974,4011449650.819905,570901770.232251
4801,5800694275.004437,14868480.548604641,37935599.615568906,4113546843.5746536,696112950.3527238,4011444991.709826,644261390.5140245
4802,5800565564.423324,14858053.9710812,37910982.5873964,4113546989.324342,631054587.7652539,4011452735.6312,612175534.0407739
4803,5800602650.678574,14846916.517463693,37886524.79545937,4113545087.0507026,691670565.3990834,4011454232.3198347,596792481.6461123
4804,5800479878.644493,14835676.82935881,37862341.61210085,4113545192.292179,628649657.1712241,4011457822.701328,586933936.0403124
4805,5800466982.990305,14824655.690814579,37838452.35989971,4113543143.7814717,685549737.8659455,4011458446.1605654,579639757.311909
4806,5800564071.0659075,14814110.771340119,37814184.82991323,4113543083.623852,628746237.3035676,4011439296.8101444,650497206.4722655
4807,5800513291.134475,14803664.190561073,37790261.88365674,4113541217.1973734,696263901.172509,4011444181.5901837,606910299.4462667
4808,5800418846.399103,14793350.887155069,37765374.838183045,4113541257.2323623,633121978.7612984,4011446423.877753,595402926.9198662
4809,5800343684.939445,14782312.08281445,37740028.756773196,4113539305.1197515,700357680.5325538,4011447175.7084603,579458044.6354743
4810,5800262479.684406,14770254.78033932,37717669.58931647,4113539400.272715,637132006.7588376,4011448896.325009,573476880.8666049
4811,5800146771.116314,14759028.47593406,37698241.80128489,4113537524.588981,696463444.6489,4011445092.567279,638897865.584856
4812,5800035307.221146,14748021.03067125,37672889.58991109,4113537635.985663,631332717.2896012,4011452876.191995,596965799.7604415
4813,5799914749.844291,14737483.393861938,37648124.19137018,4113535826.4508977,696635591.3307803,4011454272.0019026,580299269.7660991
4814,5799758261.858537,14726669.426514547,37622988.52459051,4113535885.9916277,631671687.0166689,4011457804.667274,568073744.9344752
4815,5799629671.23404,14715565.949248333,37598494.82392792,4113534028.671686,688012713.7322456,4011458388.723782,559173856.4981519
4816,5799544235.372716,14704543.087298946,37573943.627008595,4113534112.029603,628678090.9142354,4011439876.6570945,625809661.9822193
4817,5799408094.274883,14693418.375146627,37550391.15105415,4113532266.2291055,688108826.4825426,4011444395.6327977,585110132.4398983
4818,5799281733.242602,14682466.378234291,37526319.762286484,4113532381.5405436,626953049.795136,4011446625.4443145,567479599.3943058
4819,5799136063.136253,14671086.436223922,37502721.4012181,4113530470.4139867,685984631.2857322,4011447411.3159595,555276484.9816326
4820,5799105612.562206,14659557.874197228,37478485.93406153,4113530585.3209724,627270466.0007031,4011449122.185436,545969091.3631144
4821,5799142941.705868,14648485.238532703,37452795.38491043,4113528722.4619226,688750731.6037468,4011446151.9029655,607105361.4030348
4822,5798981531.361535,14637745.67672379,37428545.29568271,4113528678.1473856,630494475.4779433,4011453344.2572927,573059791.670205
4823,5798909408.43237,14627221.57655034,37404225.78437878,4113526792.6889396,686294452.965398,4011454676.653704,557758834.3335032
4824,5798935967.252384,14616318.513442619,37380615.952024765,4113526894.1089892,627812363.2217575,4011458043.6408286,550324968.9939315
4825,5798806074.316435,14605392.48247484,37356605.61172026,4113525012.5054536,685119735.8792335,4011458602.784442,542775619.2081555
4826,5798825126.265173,14594451.295727393,37331526.48314983,4113525091.0511184,632565765.3880179,4011441420.9009542,605007433.3682675
4827,5798644051.0679035,14583482.587989906,37307439.26600157,4113523258.447945,686545276.8955277,4011445501.835654,571393166.044172
4828,5798696026.975433,14572299.841335403,37282078.25814134,4113523387.3752174,627949758.0861105,4011447441.01933,560835483.3730842
4829,5798569892.921503,14561408.552118521,37257865.92410527,4113520814.016199,685513865.667485,4011447927.083757,551287701.7567939
4830,5798473501.247832,14550824.636414548,37233725.56554509,4113520785.6332293,635727144.1847776,4011449460.5842934,541803539.5461917
4831,5798378338.321334,14540137.413203517,37209671.68300799,4113518526.701927,690546085.6427597,4011446001.9804845,601561139.3022844
4832,5798171796.556068,14528712.35252178,37185611.38532495,4113518493.734928,628585090.5366173,4011452498.924443,570160456.5734745
4833,5798072047.14748,14517799.20716688,37161138.95527604,4113516351.918897,686075904.0796554,4011453745.6679296,560248513.2519989
4834,5798017195.270665,14506933.769863946,37137842.83879251,4113516390.806248,628709654.9222695,4011456838.9303455,552669854.2565395
4835,5797863733.201284,14496353.93265235,37112232.88230631,4113514366.916872,682661202.1891286,4011457380.5384436,545670021.794118
4836,5797760650.574992,14485629.479310235,37088605.22013069,4113514463.407075,624825998.2713083,4011441081.9427104,610402205.5444124
4837,5797715991.750098,14474724.777864102,37064583.108523466,4113512403.2422004,679287531.0951532,4011444986.031438,578971967.3571435
4838,5797698705.990831,14463852.031247774,37040670.32206509,4113512358.9353366,623373546.4895505,4011446866.204664,566892095.290036
4839,5797614764.4048395,14453026.847192679,37017031.502256766,4113510259.7472644,689012527.1926444,4011447524.241814,555791929.384506
4840,5797565522.810422,14442275.65708249,36993111.84424058,4113509677.8360124,633154301.452688,4011449075.6291533,553387205.325978
4841,5797502840.37259,14431932.291162534,36969678.91402566,4113507010.963798,687888289.4699297,4011446049.1908717,617425890.1909516
4842,5797419459.826323,14421003.633350654,36946348.2739647,4113506992.1553426,626232715.1799655,4011452334.7781267,589398080.0796205
4843,5797276074.947082,14410090.676435273,36923608.40158016,4113504609.5987887,685677644.8215884,4011453503.8130064,578577318.755855
4844,5797161252.183998,14399315.664081598,36900071.059842326,4113504484.1349244,627885496.5814793,4011456412.416234,568859430.777456
4845,5797040249.433863,14388684.798205791,36877368.3402192,4113502289.8057313,691972005.1496636,4011456925.421561,564426638.994673
4846,5796903625.210514,14377892.535274206,36853722.784678414,4113502279.55551,637295308.3936839,4011441684.056528,631601487.5469451
4847,5796899158.095705,14367070.795466337,36830270.58499357,4113500085.305398,696118117.9757476,4011445324.7910624,592460632.863798
4848,5796791813.398904,14356046.34585652,36807517.824282765,4113500121.797682,641192726.7869127,4011446981.307398,572679768.1396636
4849,5796846194.04735,14345238.55760922,36784586.76916731,4113497978.623272,702780663.9139948,4011447530.977664,559968653.5681472
4850,5796726929.709515,14334585.822795426,36761100.04854813,4113498095.170945,648454855.7393379,4011448987.335256,549749065.8452948
4851,5796499995.546909,14324090.90140892,36737446.1263303,4113496197.5971937,709851780.0454718,4011446448.11324,617494931.8596467
4852,5796551647.907507,14313232.934979277,36714855.414059065,4113496272.526529,646151448.212803,4011452515.0175943,581316508.7809403
4853,5796532222.240505,14302538.07015302,36691368.381814905,4113494244.604003,696423111.7333822,4011453815.396845,570670731.6732216
4854,5796411866.762903,14291747.414917817,36668567.604615524,4113494295.910687,642994492.4845864,4011456655.5606084,561171879.5162463
4855,5796467750.709929,14281165.989252448,36646149.75905705,4113492407.838044,693511506.0494577,4011457126.5219383,554877860.8364505
4856,5796569072.642626,14270566.809271742,36622053.234963834,4113492558.1058636,640630070.4777327,4011442698.981748,623334961.2988003
4857,5796408140.017238,14259887.820129309,36598018.123268485,4113490515.2676554,694310602.9264594,4011446039.6519957,589337846.99335
4858,5796282483.078813,14249392.602328787,36574351.95428399,4113490607.600957,638903940.3587242,4011447767.835822,575669639.0984724
4859,5796181674.270744,14238987.97903529,36550675.28970032,4113488667.2611594,695645627.6874951,4011448280.4999356,566045885.3384953
4860,5796046958.598784,14228260.439913645,36527019.706324324,4113488746.0362353,637562094.6872149,4011449651.7597337,561506434.3920951
4861,5795947739.663272,14217466.640386842,36503169.17602077,4113486740.5521717,694838372.2964435,4011447021.47491,632688578.5815558
4862,5795804841.786108,14207019.8631832,36480040.63931728,4113486794.3955703,635588811.040876,4011452684.560391,586141458.8180532
4863,5795678828.5646105,14196326.49258622,36456873.08948266,4113484984.9736767,688413945.4479756,4011453921.3073115,570297796.1918606
4864,5795718111.45135,14185670.633677421,36433959.717806414,4113485087.2213316,635181634.7989551,4011456599.0867867,554130462.2988999
4865,5795622118.78708,14175129.227254786,36410684.861670725,4113483065.5880737,683457296.8947887,4011457029.731479,543825410.9195919
4866,5795557063.113504,14164350.416767178,36387615.303081624,4113483220.3588934,638169688.7888653,4011443586.789443,610061724.9394354
4867,5795539648.61769,14154086.06376451,36364481.940270945,4113481382.6253004,688187802.3576387,4011446906.453482,570542392.7587183
4868,5795435926.30505,14143663.234034272,36341101.52457105,4113481472.592794,635432164.8981625,4011448396.000155,551729463.4338825
4869,5795371769.137495,14132676.879903352,36317460.60790873,4113479608.0947595,691725887.7825009,4011448922.1211157,541881121.031175
4870,5795288692.789894,14122524.123404147,36294287.07316351,4113479711.4613132,640741983.0084971,4011450214.0348496,536469658.13400286
4871,5795175379.676176,14111987.930133978,36270917.45085355,4113477859.0693555,691402410.3360374,4011448113.3977857,599085359.2775686
4872,5795102078.728122,14101539.446298115,36247503.2479144,4113477971.0003643,632457442.5029047,4011453482.3002872,564296521.4932425
4873,5794979694.844213,14090896.644227117,36224123.86891664,4113476094.0251403,686222081.8756707,4011454529.653742,553907884.9951724
4874,5794877937.474099,14080336.093932873,36201105.28774013,4113476173.132663,634679727.1662483,4011457023.8994946,543524951.8679849
4875,5794744872.051436,14070145.110183798,36178945.503841005,4113474304.6841044,684665750.019698,4011457476.0157638,534298457.0061667
4876,5794664606.368646,14059880.193066789,36156054.661847,4113474446.145088,633876439.0600847,4011445026.2430186,594101823.9071167
4877,5794604085.183485,14049457.46740288,36133171.37777422,4113472505.378673,688224439.4673337,4011448142.6311126,560958679.5399952
4878,5794486105.654206,14038918.555890769,36110424.152223445,4113472621.7962375,639955363.3661193,4011449636.989007,545684586.1014161
4879,5794409114.079095,14028529.463010557,36087960.7167188,4113470890.781877,692635595.629511,4011450163.1941195,536677591.92056227
4880,5794303854.967818,14018301.376806129,36065688.98741898,4113470951.444894,636904683.7094052,4011451336.4846215,529473277.1697614
4881,5794200351.413924,14007650.765078863,36041366.14587047,4113469092.7610035,694938954.4786801,4011449378.530506,589279711.6546425
4882,5794155006.21071,13997227.503408644,36017794.63823969,4113469206.642871,641439429.9035101,4011454457.5250196,556816381.1312395
4883,5794090886.632475,13986598.155516807,35994499.698219866,4113467258.793492,699534982.5899967,4011455456.6438317,543084870.2774482
4884,5794056754.875483,13976059.20666792,35970590.43446364,4113467391.82728,640137524.2234912,4011457814.4495826,536148201.11491686
4885,5793907558.802094,13965622.368778951,35948407.513079725,4113465508.1500998,696396075.2260634,4011458220.854836,529773126.7110336
4886,5793795249.546888,13955378.952818,35924613.21291781,4113465553.579821,639201038.4255307,4011446211.4502645,588772537.9147607
4887,5793677648.752367,13944842.027081778,35901425.93049169,4113463695.2930884,700465530.3113033,4011449002.0750723,554801844.8288904
4888,5793545387.61097,13934479.193438819,35878674.19715772,4113463849.441219,643505454.23651,4011450300.2853813,544004607.7506971
4889,5793515532.605678,13924098.264912954,35855875.99575001,4113461979.772984,713692154.474789,4011450773.7073836,534455931.0897777
4890,5793407769.211671,13913740.956574408,35832971.430883884,4113462115.4037275,652227595.3780059,4011451928.105554,526638914.42314035
4891,5793236479.451613,13903565.144929474,35809776.0343971,4113460327.1671114,717303478.4097145,4011450191.871459,594535609.7847902
4892,5793161487.706566,13893686.005040467,35787076.39776812,4113460463.9260674,655666012.1266377,4011454937.961639,560919096.3551319
4893,5793093674.530368,13883397.21197979,35763526.27504014,4113458121.6534824,718147794.1441288,4011455846.8374267,550729110.000443
4894,5793139878.885474,13873320.078771967,35740615.57569348,4113458271.605186,660188359.4832091,4011458094.3700385,537675999.6859608
4895,5793036516.505855,13862730.90767621,35718098.878238745,4113456253.56274,721226850.5697408,4011458436.3241725,533918387.0208753
4896,5792935801.432185,13852354.41286527,35694883.777133554,4113456402.314643,662480603.1243097,4011447153.449473,606255272.9834176
4897,5792840828.9606085,13842505.476526884,35672037.718631536,4113454434.0883775,716453828.2567325,4011449705.394574,566925060.8009194
4898,5792715345.614716,13832431.621259084,35649195.67194404,4113454648.2911367,659231583.9129828,4011451056.4840302,553728024.0286261
4899,5792686045.827135,13822136.666462835,35626178.18782468,4113452710.6494613,715017133.4520841,4011451500.187991,543800800.7717947
4900,5792749829.16586,13812004.37056246,35603049.05037246,4113452826.570689,660963067.8641144,4011452583.1818786,538900217.6325269
4901,5792647016.819314,13801392.26946621,35580958.82256066,4113450866.467116,716568126.7409878,4011450967.5050154,608702151.4600117
4902,5792779852.84835,13791023.023801384,35557940.03600956,4113451092.6477532,666736662.8474022,4011455557.4730606,576039722.6361552
4903,5792668268.713474,13780779.512357024,35534824.43866939,4113449290.2446756,725238049.9139354,4011456506.675781,567018536.7828715
4904,5792555857.46099,13770428.775573662,35512621.90453706,4113449471.776959,662678749.8378494,4011458661.432354,554734863.1896313
4905,5792772304.793062,13760152.881221842,35489911.72814794,4113447502.0433993,713626718.5957948,4011459038.1717286,547472981.3095964
4906,5792674130.115182,13749977.495490503,35467161.53576254,4113447624.16186,662611984.390437,4011448156.8290963,619001327.8108226
4907,5792537953.863303,13740037.04174293,35444698.98699252,4113445769.0831256,713747608.2054173,4011450635.729797,580540341.9782097
4908,5792394309.206371,13729784.871843835,35422037.700333096,4113445973.3198886,662082429.8079075,4011451748.5681033,562449239.739153
4909,5792247752.95064,13719646.178812945,35399145.78335299,4113443955.266199,720818927.4428605,4011452185.9910254,552933659.8850213
4910,5792111177.860025,13709500.742793761,35377289.88011302,4113444106.4660983,669784383.6691526,4011453186.610043,544853502.9291201
4911,5791942004.254967,13699422.370667573,35354827.43136214,4113442290.8757744,724449373.7407365,4011451537.4775033,606245177.9665359
4912,5791798256.326652,13689427.63722069,35333479.00720314,4113442481.057643,670164738.2124267,4011455686.885516,577967066.5025027
4913,5791701217.319939,13679324.624825148,35311445.23200438,4113440525.3719335,723941679.4168265,4011456421.44981,564702993.8668619
4914,5791580462.328563,13667668.96628827,35288400.452132486,4113440681.9601684,670786260.8329916,4011458440.1124268,556774435.8633617
4915,5791455708.038864,13657551.180507142,35265517.73558805,4113438826.9915123,725696389.743886,4011458771.566871,552075769.3355664
4916,5791345264.655166,13647639.562614376,35242674.304365195,4113439055.0262027,672263234.8193041,4011448826.7174034,623911710.6381932
4917,5791255432.552561,13637500.687860508,35219851.884408,4113436644.4205894,717821910.9665235,4011451215.0196724,586292768.016519
4918,5791129809.30295,13627491.565325515,35198842.75386308,4113436833.76083,660108671.2481554,4011452399.1324096,574747539.9707266
4919,5791076401.21816,13617387.17667046,35175444.770077296,4113434541.097226,718904461.8920385,4011452822.9959145,568337609.1621374
4920,5790969324.261751,13607231.562453425,35152905.19122167,4113434619.9010696,666949463.6752256,4011453814.441917,560712429.9479486
4921,5790837862.286852,13597185.706987016,35130018.94072935,4113432341.9091396,722191402.8313338,4011452580.576349,624491137.9502796
4922,5790751194.79134,13586840.559112068,35107666.9554528,4113432547.7374763,665034181.6597438,4011456661.718254,585449684.0113842
4923,5790737005.575538,13576702.010093132,35085929.48008771,4113430178.7225895,722942035.403613,4011457433.4566946,574082000.1628854
4924,5790734474.603527,13566557.681799337,35063694.494340494,4113430205.443206,663994237.2792785,4011459278.580086,563020266.2588042
4925,5790628021.127111,13556247.32492389,35041075.470703445,4113428106.935011,718488076.0210031,4011459575.0606675,552771684.4982841
4926,5790505592.375373,13546186.726241516,35018646.57283977,4113428171.181121,662164938.7091769,4011450057.4655476,613727770.9784704
4927,5790353165.125944,13536170.262052039,34996161.498054974,4113426119.056314,721932961.998319,4011452280.496468,581956896.6116897
4928,5790268215.24879,13526248.683024758,34973902.749034844,4113426223.7572374,659353669.1802257,4011453486.3452287,571385844.5588825
4929,5790237941.101614,13516322.780530887,34951705.21057577,4113424118.3435545,708037309.9115888,4011453906.8071823,560325614.0533347
4930,5790092616.447614,13506574.687233672,34929671.111146495,4113424262.0240912,650888276.8316079,4011454847.0661263,550334082.2248895
4931,5789984430.185688,13496461.719141861,34907808.46549096,4113422228.000148,704518467.3293663,4011453535.104806,612420960.6417497
4932,5789898522.691713,13486644.296252817,34885100.345125824,4113422407.5009375,647253459.60836,4011457301.1037803,574136820.3920866
4933,5789742012.233163,13476262.585227476,34863370.453102015,4113420299.7508087,698761510.4602982,4011458018.7242155,560174234.7895969
4934,5789603030.253896,13466115.743077025,34840572.9072,4113420456.49796,641529214.6802902,4011459796.1277685,548280316.3250421
4935,5789486966.653473,13456131.741711803,34817948.590094544,4113418504.738093,694000133.6208019,4011460102.7475777,542247671.3562412
4936,5789447044.5770855,13446377.144481853,34795672.9627137,4113418675.4602985,637801578.2781249,4011451261.2720056,600655827.6400918
4937,5789310758.865522,13436530.62213652,34773152.82583028,4113416722.978003,686264939.6608704,4011453413.4153705,567158254.4074416
4938,5789231541.344518,13426683.677744167,34750803.67502231,4113416824.985417,634126424.2690911,4011454527.9160333,550649578.8917466
4939,5789198453.53198,13416700.91131629,34728989.12718449,4113414826.444226,690091106.2599481,4011454925.8978014,540963911.0731102
4940,5789118474.285273,13406720.060317818,34707335.76053873,4113415018.616046,634257525.2997768,4011455800.532255,532717662.68214417
4941,5789028127.559592,13397171.6310669,34685108.7991984,4113413039.7673683,690907216.770916,4011454459.713868,593429231.6750215
4942,5788978654.017665,13387508.961409943,34662730.942164406,4113413153.774491,633569513.2194489,4011457889.162872,560815205.583006
4943,5788866933.22135,13377493.405539794,34640544.22732737,4113411180.0251226,692323148.2544854,4011458561.918346,544293927.0706859
4944,5788704682.66927,13367458.263320424,34618549.033946425,4113411288.33166,632996666.2382977,4011460245.8375716,533208557.3489535
4945,5788570592.27863,13357490.048008792,34595878.24849089,4113409280.618159,692806193.8099666,4011460511.132383,524905611.7341462
4946,5788434013.546908,13347560.912732966,34573589.03346267,4113409432.608556,633308408.457227,4011452142.70952,574049121.8357695
4947,5788291822.7685175,13337756.519245323,34551068.276935294,4113407463.79851,689994424.5413418,4011454032.4812803,543341418.4099079
4948,5788234223.318773,13327816.415509518,34528785.93096378,4113407567.421099,632425039.5562052,4011455054.3522987,532797204.23795533
4949,5788018420.639293,13318059.407119019,34506919.30260273,4113405486.40003,687153378.076506,4011455394.5917215,524221225.47977763
4950,5788131270.054919,13308034.831215873,34485039.3125702,4113405709.4296336,631338015.7639374,4011456218.720235,517108590.213235
4951,5788099782.165039,13298064.15816949,34463253.1519338,4113403859.5089664,686351073.2119479,4011454888.7038016,570716618.107541
4952,5787953751.972559,13288235.88528798,34441715.383398846,4113403998.9811087,627518191.6018989,4011458212.689473,536924042.696719
4953,5787866370.8616085,13278237.331500744,34419647.99381274,4113401959.5806637,683842224.6314245,4011458855.1731534,523238939.6486002
4954,5787770413.637857,13268391.361992275,34396748.83611282,4113402112.3372736,627388218.444582,4011460461.245729,513947827.0195038
4955,5787928482.94465,13258545.984998876,34373331.191146865,4113400132.8848577,685657723.4495435,4011460745.645407,507708887.454526
4956,5787831351.105273,13248797.27878096,34350837.11972526,4113400342.6139793,627644550.263078,4011452634.611995,565506114.0604818
4957,5787816527.341605,13239062.044553345,34330063.893220894,4113398438.9784055,687522757.6479772,4011454308.1188855,538052780.1542202
4958,5787743909.115529,13229444.304939613,34308429.397978395,4113398572.162158,627863301.8718287,4011455214.748807,527061516.5240905
4959,5787621488.799023,13219691.17148654,34285178.40364065,4113396573.756675,683951961.1161355,4011455507.154778,521053638.6099197
4960,5787502529.304582,13209807.310148956,34262090.08949838,4113396767.4161,627585402.81149,4011456289.23718,517039267.5288487
4961,5787420198.051971,13199914.3817212,34239911.25441874,4113394889.4080453,689846472.5959866,4011455203.0550737,575282140.4281504
4962,5787291425.470905,13190075.419428155,34218064.09782446,4113395064.9710317,629713066.498702,4011458443.429981,541545420.257148
4963,5787199072.124974,13180358.35067172,34196350.43704819,4113392984.501071,687614694.0012234,4011459110.0305653,531259992.54526806
4964,5787085057.26745,13170936.40550628,34174039.156363726,4113393193.379347,633837927.5102609,4011460617.6325655,523596337.3913524
4965,5786923335.0971575,13160769.859041236,34152817.59184052,4113391385.8778443,697893300.581958,4011460849.386325,516737793.3079395
4966,5786814596.911289,13150941.192440141,34130582.87705308,4113391542.1385245,637680769.6616808,4011453260.893694,579243333.4339081
4967,5786689491.435851,13142084.557600854,34108794.04141666,4113389539.1483727,695830383.4479972,4011454930.00617,545250576.4431893
4968,5786574384.110692,13132134.306688173,34086628.29494632,4113389741.816322,642200113.8873835,4011455851.606034,533242053.5297863
4969,5786456278.916487,13122337.870959,34064847.14495167,4113387769.6632395,699660307.1852648,4011456191.6285386,528978935.3470236
4970,5786416642.665598,13112640.349576147,34042321.51782485,4113387911.1955404,640863600.6231887,4011456918.8672686,521973046.2093254
4971,5786335867.210538,13103293.603176508,34020553.44086605,4113385998.7123566,697399773.4946668,4011456039.648035,586577835.701291
4972,5786312894.886579,13093695.053852892,33999394.782422766,4113386208.831986,647467880.2583481,4011459137.017246,556636131.7029239
4973,5786280310.984705,13084103.581579333,33978028.093547314,4113384357.3597007,708654749.175446,4011459731.3701663,542447097.2349306
4974,5786179796.278634,13074301.863589536,33956614.87096509,4113384487.062655,649666101.619817,4011461202.6221013,532002769.52691114
4975,5786076488.059862,13064731.376940047,33935117.51632789,4113382614.88715,708918612.9881557,4011461420.591282,523729801.0580361
4976,5786016673.191243,13055667.059775066,33913921.89916291,4113382808.954995,656620123.763263,4011454228.8011928,584855047.9952253
4977,5786083349.471528,13045518.509623952,33892311.62114999,4113380911.862688,720129727.0641168,4011455886.523047,544549106.3116236
4978,5786047210.813554,13035123.355573278,33871722.00999476,4113381096.422985,656423618.8514825,4011456698.3492136,527111260.3788434
4979,5786104380.198685,13025247.047723899,33850531.90066253,4113379086.6187463,711632510.3274989,4011456997.5994177,517422420.4721706
4980,5786012455.406102,13016136.416255046,33828748.031994626,4113379296.9070587,652880028.3120509,4011457695.626611,507105892.9151478
4981,5785809889.63687,13006199.564265788,33807246.97485688,4113377301.3651657,704586130.6515307,4011456608.6464243,563048669.6015537
4982,5785645092.326899,12996480.656033553,33786014.029555865,4113377460.123873,648892791.3520411,4011459369.414135,527694683.4357692
4983,5785568576.444735,12986947.898168929,33764321.02602508,4113375631.835933,701952298.1413721,4011459964.672556,518985350.56310785
4984,5785440481.7949295,12977026.708700623,33743146.27333241,4113375828.576233,650021861.540562,4011461316.7033844,509574010.6420126
4985,5785294574.187059,12967148.425782936,33721251.754007496,4113373959.962669,700160091.3657721,4011461521.085587,503856618.8349925
4986,5785209558.070523,12957317.46043794,33699468.48735144,4113374192.160408,645599324.9108182,4011454683.1750197,557946825.8291206
4987,5785178197.627695,12947691.93485997,33677910.43602937,4113372330.604217,703358808.0875001,4011456154.0377917,526758786.29403687
4988,5785056632.359536,12938119.915621905,33656199.54376664,4113372611.798832,647326742.9036494,4011456999.607402,517883863.02170676
4989,5784909734.1686735,12928975.73649152,33634842.70684146,4113370646.563515,695967521.5691277,4011457271.6966176,507215625.0371072
4990,5784770133.136409,12917207.557148688,33613469.29087312,4113370811.0681458,642911489.4557137,4011457913.3620014,499262841.201369
4991,5784664886.648429,12906528.116155745,33592049.31268929,4113369055.7548976,700981480.8125201,4011457163.852178,552244204.017141
4992,5784732163.617617,12896365.526291054,33570424.082295395,4113369302.970403,647590363.9609339,4011459733.6783757,524171556.221262
4993,5784803871.398377,12886663.416335333,33549305.19878017,4113367428.896527,699386858.2641779,4011460248.659901,513187395.11832243
4994,5784652082.18942,12876835.852394577,33528392.68392306,4113367611.994094,645143550.4383225,4011461536.881556,506176991.4498685
4995,5784518155.002721,12867352.271806538,33506936.99897179,4113365524.6448317,706027027.7505394,4011461768.0064473,499497083.5878402
4996,5784394342.239708,12857671.322332771,33485730.782216657,4113365723.797238,653575681.8336424,4011455505.3587327,551463190.036234
4997,5784276382.1195965,12848204.451860782,33464093.555475667,4113363927.330506,703888579.3443681,4011457070.487807,519902470.740366
4998,5784179938.853829,12838910.654992415,33442836.624962214,4113364193.1647935,651140588.9150683,4011457880.898915,509165597.6427287
4999,5784084043.166146,12829785.621699288,33421232.1836887,4113362383.4105115,698969561.9689038,4011458163.1899476,499878853.1152129
5000,5783986936.962143,12820914.85861959,33399923.541726205,4113362627.8923416,651698150.2609582,4011458795.7191157,493651684.6406518
