Iteration,Global SPAI CG,Global SPAI MR,Global SPAI LOMR,Inner-outer MINRES,Inner-outer MR,Inner-outer LOMR
0,1.0,1.0,1.0,1.0,1.0,1.0
1,0.9845866840510176,1.0928349739690162,1.2314101036916936,1.0680636374595902,1.068497599686729,0.9878564808032589
2,1.074693226856478,1.3592622119302638,1.382288263438222,1.0542900486311495,1.1356493158991199,1.0219650706189332
3,1.181611307421724,1.3532511662071494,1.392389550226447,1.0273627121186604,1.028353473327503,0.995376378870064
4,1.162897886875331,1.534069211775321,1.483453844479192,1.0236539470559316,1.0804559952279267,1.0162080446211077
5,1.1968495093243128,1.5502167245807201,1.4812443941560864,1.0410152855656554,1.033479518351012,0.9853428948121058
6,1.1873346810143777,1.5696552795180412,1.5212009673365534,1.024323525993027,1.0767091599988925,0.9765838371759554
7,1.1774483161462992,1.5995160977038407,1.534127637209958,1.0407843352699788,1.017079300297722,0.9762077099221501
8,1.200368202946235,1.5959189794226274,1.546287522133939,1.0216735640125552,1.0300238439920788,0.9762979571719859
9,1.2046686846159984,1.6145320817375257,1.5523150117466291,1.0272665019261442,1.0288834795479194,0.9762302221321106
10,1.2455388744128917,1.6173379347257817,1.5682921064798432,1.0129389138139613,1.0290875163661843,0.9763636448585302
11,1.2270311034817964,1.6240952377800653,1.5753582629248317,1.0172517397527183,1.0290253052028002,0.9751761325044506
12,1.257568721832391,1.6205851647307947,1.6021870255659527,1.0011431112582827,1.0290538168714214,0.9677371144284495
13,1.2548619934506549,1.6455245735071884,1.6146955392584483,1.0005215061493442,1.029035167006259,0.9765045514066039
14,1.2532977795858389,1.6435802716131975,1.625608513473585,0.9826745355710717,1.0290521279901124,0.9762699884613439
15,1.2720830548335118,1.6464793797695036,1.6431641266541657,0.9827998076777623,1.02903076645273,0.9763233078890768
16,1.2434771966981577,1.6527838487930429,1.6504970407806356,0.9729174088977661,1.0290684463226083,0.9762922526108496
17,1.278439210598393,1.6616889563223278,1.6580646334487894,0.9763194243143923,1.0289717690157496,0.9763304877037211
18,1.262512682899768,1.660582155398221,1.662081047071214,0.9592287055952922,1.0293567287361272,0.9762243970917983
19,1.2810611993661138,1.6645160642293966,1.6760723489770364,0.9621003403483701,1.026561077769752,0.9774084085717781
20,1.281087230172371,1.6675829070227894,1.6785496790578465,0.9383708034483376,1.0265505390109468,0.9835928736554768
21,1.2865849957092612,1.671493962703184,1.684017981926047,0.9402722686605937,1.0275118352017296,0.9838744525608986
22,1.3035550144586523,1.6708838564180393,1.684785656199837,0.9139245036285192,1.02757721192505,0.981038692637614
23,1.289661261158251,1.673530014542303,1.6957149154023983,0.9141496582954187,1.0275826589043453,0.979366728330289
24,1.2984488073205265,1.675182396793981,1.6972357570705792,0.8908029926204761,1.0275831983951174,0.978711828189041
25,1.2915794458580536,1.6781944880353632,1.701252380006459,0.8919904022143107,1.027583260045004,0.9785033095482167
26,1.2853512183025015,1.6778901362044483,1.7004537905177641,0.8715541483408319,1.027583267997904,0.9784496192177538
27,1.2869858850101783,1.679224064823445,1.708250939868529,0.8728876293048832,1.0275832691371294,0.9784393729180988
28,1.280289391859126,1.6798202366223054,1.7109074970830447,0.8531397895780659,1.0275832693160256,0.9784382205429623
29,1.2870166028827195,1.6832643156657705,1.7138657448534205,0.8535096177184738,1.0275832693465068,0.978438200280801
30,1.2799832260942883,1.6832249593277087,1.7129054621039528,0.8332330141378749,1.0275832693520948,0.9784382023065271
31,1.2744762528016425,1.68387969210839,1.7162515531348266,0.8329277389343023,1.0275832693531888,0.9784382018011234
32,1.276787710298419,1.6838350343261848,1.7194849397465535,0.8128617781438139,1.0275832693534166,0.9784382020265591
33,1.2673337020772706,1.686331790642827,1.7237115424832825,0.8118270867265706,1.0275832693534666,0.9784382018651485
34,1.2758157837195723,1.6873207216048869,1.7227622090885226,0.7911145200242777,1.027583269353478,0.9784382020442901
35,1.2562401758991637,1.688077790959546,1.724799831620938,0.7906324701849632,1.027583269353481,0.9784382017328763
36,1.2490044518788292,1.6880238519387558,1.7243381084036487,0.7722713671066677,1.0275832693534817,0.9784382026360492
37,1.2448970250927203,1.6885646669525431,1.731151925498831,0.77171359608563,1.0275832693534819,0.9784381974205225
38,1.2195100482446186,1.6891036980840675,1.7308689305636908,0.7565166421920885,1.027583269353482,0.9784383265482461
39,1.2270251967129642,1.6914018432578453,1.7324841957361947,0.7566554084303443,1.027583269353482,0.9784403013547598
40,1.1937667131752299,1.6916094586842905,1.7317873849400764,0.743930284803542,1.027583269353482,0.9784533253265167
41,1.1943406960992635,1.691900400476458,1.733418581319596,0.7439472189221611,1.027583269353482,0.9785116572711617
42,1.183903529426238,1.691879054735743,1.733352083893243,0.7309640166447741,1.027583269353482,0.9787170012765988
43,1.176087902333713,1.6923187352607398,1.7384436474054887,0.7309942444500619,1.027583269353482,0.9793207670141321
44,1.1762561814809225,1.6930611966119393,1.7378213190682326,0.7217227612619909,1.027583269353482,0.9807690838360925
45,1.1553889245713174,1.6947849639617778,1.7390827578995436,0.7177477760201773,1.027583269353482,0.9830685424769684
46,1.1556323630195995,1.6949295543969631,1.7384916982136003,0.7129014285242109,1.027583269353482,0.9845276294999593
47,1.1411534206989142,1.69510581315041,1.7397486685274204,0.7057318177379293,1.027583269353482,0.9841250784601902
48,1.136566782001111,1.695091437595282,1.739248664176215,0.7057219823660367,1.027583269353482,0.9829370553390568
49,1.1339311249167483,1.6952929664005025,1.743339191525877,0.6967394716291119,1.027583269353482,0.9818622930940397
50,1.1116766829339224,1.6955543760794851,1.7430302379391063,0.697013612202056,1.027583269353482,0.9811167109602809
51,1.1176687259340203,1.697170428671654,1.7441140644081756,0.6884948255653902,1.027583269353482,0.9806493306037001
52,1.0972954184911248,1.6975957234850834,1.743695834541813,0.6870320802710328,1.027583269353482,0.9803697430586558
53,1.101716410088195,1.6977968158692913,1.7442392951276575,0.6823501491472324,1.027583269353482,0.9802068644901418
54,1.0898853639366992,1.6977884868070439,1.7437415400302745,0.676388522659291,1.027583269353482,0.9801137211794154
55,1.0919533230308747,1.6978659981773903,1.745681445441956,0.6755358960619468,1.027583269353482,0.9800612727748396
56,1.0956940496102716,1.6978709564046637,1.7464353726570343,0.6649464370487633,1.027583269353482,0.9800321594587221
57,1.0773985989413293,1.6982512440235553,1.7479682707088857,0.6655443384274962,1.027583269353482,0.9800162252801288
58,1.0811907673130527,1.6991109835859128,1.747584642653281,0.6569002249805652,1.027583269353482,0.9800076280874768
59,1.0730934345493723,1.6999905098141528,1.747908409774934,0.6557056530088792,1.027583269353482,0.9800030574325664
60,1.0775400839732419,1.7000510076903288,1.7476751556073558,0.6495237663066229,1.027583269353482,0.9800006644764023
61,1.0752637277856785,1.7001229771807318,1.7480733940675943,0.6452002992695083,1.027583269353482,0.979999431607057
62,1.0681356254071195,1.7001140318525017,1.7476150833818331,0.6428612689426547,1.027583269353482,0.9799988070438347
63,1.0704638533655142,1.700161777817391,1.7499945940218766,0.6359010984100547,1.027583269353482,0.9799984962116244
64,1.0594735572195795,1.7001661238633572,1.7506188044502897,0.6359879026182946,1.027583269353482,0.9799983443874893
65,1.0566557800030787,1.7004573497011344,1.7513295188351978,0.6299006449958846,1.027583269353482,0.9799982716840435
66,1.0525501722407922,1.7011732764769922,1.751163288693657,0.63010039377952,1.027583269353482,0.9799982375916062
67,1.031903218357933,1.701953973551916,1.7512524140222812,0.622847403416271,1.027583269353482,0.9799982219569059
68,1.0312150901031316,1.7020158825286673,1.751195941793136,0.6205304427903778,1.027583269353482,0.979998214954736
69,1.0149726147045695,1.7020712819747834,1.751253136977424,0.6157985950614534,1.027583269353482,0.9799982118969579
70,1.0114855632047377,1.702064118292746,1.7511809011087045,0.6113943608434486,1.027583269353482,0.9799982105972243
71,1.0032066187898625,1.7020883762667574,1.75133646499725,0.6087779735101492,1.027583269353482,0.9799982100605181
72,0.9865507691307922,1.7020819991487197,1.751021643288675,0.6035655020370295,1.027583269353482,0.9799982098456792
73,0.9860662052804845,1.7021493894426638,1.7532448203227646,0.6034394195594824,1.027583269353482,0.9799982097625173
74,0.9708809027546628,1.702261208698467,1.7542888695292762,0.597405677252679,1.027583269353482,0.9799982097314732
75,0.9697874179017176,1.7031124012907308,1.754508234954904,0.5976501123189665,1.027583269353482,0.9799982097203328
76,0.9671936405712993,1.7035637974295812,1.7544784325203997,0.5921013815050294,1.027583269353482,0.9799982097165032
77,0.9646137192627497,1.703713111597532,1.7544860367038015,0.5920026299572374,1.027583269353482,0.9799982097152476
78,0.9647499598063538,1.7037112831383325,1.7544832790976408,0.5881159414113133,1.027583269353482,0.9799982097148566
79,0.968011623813226,1.703730379431631,1.7544846709240507,0.5833443445079101,1.027583269353482,0.9799982097147416
80,0.9692654512371306,1.703724819817127,1.754483734852865,0.585566096112785,1.027583269353482,0.9799982097147102
81,0.9697179842359902,1.7037385881658862,1.7544845659205042,0.5785657637729537,1.027583269353482,0.9799982097147019
82,0.9697376561736489,1.7037332461714327,1.7544836008146896,0.5789677691339492,1.027583269353482,0.9799982097146999
83,0.9665872117365303,1.7037805536795523,1.7544850823221203,0.576882507697948,1.027583269353482,0.9799982097146995
84,0.9616999980709948,1.703859868321022,1.754482045799935,0.574448861603295,1.027583269353482,0.9799982097146995
85,0.9618785438740294,1.7045450642462172,1.754490768435252,0.5748530805400978,1.027583269353482,0.9799982097146995
86,0.9568349440009958,1.704987586778728,1.7544552050268012,0.5702769680610411,1.027583269353482,0.9799982097146995
87,0.9607300928086121,1.7051293584712373,1.754749799909181,0.5711975387231198,1.027583269353482,0.9799982097146995
88,0.9492448537163398,1.7051283994336792,1.7565763218060926,0.5673622676488161,1.027583269353482,0.9799982097146995
89,0.9446927021902547,1.705142286217301,1.7572750273732527,0.5653083978556763,1.027583269353482,0.9799982097146995
90,0.9428721919855144,1.7051381743765717,1.7571962457194221,0.564671566946472,1.027583269353482,0.9799982097146995
91,0.9376431894430909,1.705144920769676,1.7572156089952908,0.5602491997444888,1.027583269353482,0.9799982097146995
92,0.9399424193052183,1.7051410439519699,1.757209659214932,0.5610255956892954,1.027583269353482,0.9799982097146995
93,0.932884630204777,1.7051523387054792,1.757212124065322,0.5572949135072899,1.027583269353482,0.9799982097146995
94,0.9351497981802688,1.7051495656073483,1.757210829970336,0.5563172938381236,1.027583269353482,0.9799982097146995
95,0.9311110399207748,1.7052368747693003,1.7572116876754746,0.554687534791409,1.027583269353482,0.9799982097146995
96,0.9253489191431686,1.70550697837743,1.75721098252334,0.5507743802618713,1.027583269353482,0.9799982097146995
97,0.9255164730150678,1.7061890148150902,1.757211702117318,0.5515039194604503,1.027583269353482,0.9799982097146995
98,0.919010213675974,1.7063079067993512,1.7572107945604105,0.5475493415859186,1.027583269353482,0.9799982097146995
99,0.9142360851031481,1.7063527262234321,1.7572122249907691,0.5466734309028349,1.027583269353482,0.9799982097146995
100,0.9106492928974352,1.7063489292321992,1.7572093996932217,0.5444953771499252,1.027583269353482,0.9799982097146995
101,0.8994826049647167,1.7063554620152162,1.7572166516365915,0.5414173119650756,1.027583269353482,0.9799982097146995
102,0.8993363432601965,1.7063528147318021,1.7571928559233254,0.5414702532453459,1.027583269353482,0.9799982097146995
103,0.888187681726221,1.7063563141494114,1.7573173220943819,0.5379236350192506,1.027583269353482,0.9799982097146995
104,0.88757996740731,1.7063538738911388,1.7571687617215326,0.5372469731577806,1.027583269353482,0.9799982097146995
105,0.8793219232176932,1.706358997850589,1.75951664616879,0.5358789205787384,1.027583269353482,0.9799982097146995
106,0.8739585588575395,1.706355445694951,1.7592930257693735,0.5331346231330385,1.027583269353482,0.9799982097146995
107,0.8702624865531948,1.7063803240103903,1.7593951303003657,0.5334729701991672,1.027583269353482,0.9799982097146995
108,0.8581121633876971,1.7064215178121136,1.7593745851412568,0.5298751024631134,1.027583269353482,0.9799982097146995
109,0.858634732086702,1.706869796826422,1.759380665426712,0.5293287926116047,1.027583269353482,0.9799982097146995
110,0.8509818971295413,1.7072630853670852,1.7593784746223022,0.5285320488504807,1.027583269353482,0.9799982097146995
111,0.8500170766371863,1.7073902079440153,1.75937945649045,0.5256172626464902,1.027583269353482,0.9799982097146995
112,0.8476004364340616,1.7073903575916478,1.7593789255501011,0.5266088962495721,1.027583269353482,0.9799982097146995
113,0.8482854882567383,1.707398770064758,1.7593792706871556,0.5229002161959025,1.027583269353482,0.9799982097146995
114,0.8484539022592867,1.7073964149860508,1.759379003805973,0.5232883103640337,1.027583269353482,0.9799982097146995
115,0.8429690996467223,1.707398747661915,1.7593792489788813,0.5214469311090901,1.027583269353482,0.9799982097146995
116,0.8437362482831328,1.7073973748360334,1.7593789822995534,0.5193809873435861,1.027583269353482,0.9799982097146995
117,0.8370335166839528,1.7073990146537903,1.7593793269197664,0.5190356973471959,1.027583269353482,0.9799982097146995
118,0.8324059706967991,1.7073975928950669,1.7593787972159085,0.5150934415165046,1.027583269353482,0.9799982097146995
119,0.8315957934251755,1.707400197875619,1.75937977610501,0.5152458119544991,1.027583269353482,0.9799982097146995
120,0.8253533332199087,1.7073976922706249,1.7593775945468377,0.5118343730125319,1.027583269353482,0.9799982097146995
121,0.8261481243660586,1.7074088062858719,1.759383649265992,0.5108834524616931,1.027583269353482,0.9799982097146995
122,0.820624796105895,1.7074158709250111,1.7593632933765448,0.5092119004855113,1.027583269353482,0.9799982097146995
123,0.8187448681419695,1.7076181422092913,1.7594659105609118,0.5066476259303683,1.027583269353482,0.9799982097146995
124,0.8177977009491432,1.7080395008105136,1.7593122682654136,0.5068798323327532,1.027583269353482,0.9799982097146995
125,0.8163202121943453,1.7082793201335258,1.7611849449575383,0.5050307555640514,1.027583269353482,0.9799982097146995
126,0.8166222333159058,1.7082896661237945,1.7610308024612558,0.5049806730430911,1.027583269353482,0.9799982097146995
127,0.8152433375173863,1.7083007260527443,1.7611227470241047,0.503958893428429,1.027583269353482,0.9799982097146995
128,0.8151787245122678,1.708298490017114,1.7611061328870483,0.5034485838474291,1.027583269353482,0.9799982097146995
129,0.8134232479643804,1.7083004693898125,1.7611104293128053,0.5024265446277829,1.027583269353482,0.9799982097146995
130,0.8055678532432049,1.708299482800388,1.761109113697802,0.5007372069170037,1.027583269353482,0.9799982097146995
131,0.8055639559422398,1.7083003780150576,1.7611096007796851,0.5008671421154558,1.027583269353482,0.9799982097146995
132,0.799116625959432,1.7082996953781981,1.7611093882521334,0.4988201594624116,1.027583269353482,0.9799982097146995
133,0.7978171617893091,1.7083005086515188,1.7611094968714125,0.49895854413588625,1.027583269353482,0.9799982097146995
134,0.7923787619050305,1.7082996744175918,1.7611094324562746,0.49760431478905753,1.027583269353482,0.9799982097146995
135,0.783797864379206,1.7083011341559242,1.7611094765808324,0.4969130907190578,1.027583269353482,0.9799982097146995
136,0.7823934210934262,1.7082994372805356,1.7611094418195083,0.4956959585904633,1.027583269353482,0.9799982097146995
137,0.7750348000335452,1.7083054818167835,1.7611094732548744,0.49310551988726575,1.027583269353482,0.9799982097146995
138,0.7758773228901469,1.7083055252561583,1.7611094406647885,0.49306877630759527,1.027583269353482,0.9799982097146995
139,0.7688523109958224,1.7084019392020324,1.7611094794253659,0.488968818027813,1.027583269353482,0.9799982097146995
140,0.7690071148303264,1.7087005567754059,1.761109426473242,0.48958642158634313,1.027583269353482,0.9799982097146995
141,0.7632825712472362,1.7090349432018672,1.7611095098623157,0.4868842779207495,1.027583269353482,0.9799982097146995
142,0.752828455472537,1.7090644456842834,1.7611093578962043,0.48612025924705465,1.027583269353482,0.9799982097146995
143,0.7526840896228819,1.7090793930804649,1.761109680935931,0.485403279356058,1.027583269353482,0.9799982097146995
144,0.7447234391288797,1.7090772426881433,1.7611088752078643,0.48363427523232383,1.027583269353482,0.9799982097146995
145,0.7425756936899459,1.7090791427956964,1.7611112809120735,0.4838697539107181,1.027583269353482,0.9799982097146995
146,0.7371714541833617,1.7090783256177933,1.7611027565322068,0.48164682915525653,1.027583269353482,0.9799982097146995
147,0.7312219813910215,1.7090789491317007,1.7611431193446234,0.4819393483874826,1.027583269353482,0.9799982097146995
148,0.7302261722581664,1.7090785347268456,1.7609996195691615,0.48002962872243143,1.027583269353482,0.9799982097146995
149,0.7212476775803579,1.7090789207934247,1.7624590264413238,0.4795977659325731,1.027583269353482,0.9799982097146995
150,0.7211574589093664,1.7090785740405032,1.762596181276071,0.47910858899056985,1.027583269353482,0.9799982097146995
151,0.7158990759701441,1.7090789956057388,1.7626413157975966,0.4776199035022372,1.027583269353482,0.9799982097146995
152,0.7142579592681636,1.7090785107465074,1.7626376884735064,0.47851990208043016,1.027583269353482,0.9799982097146995
153,0.7112584157172855,1.7090793321063122,1.7626381208382385,0.4768475420815543,1.027583269353482,0.9799982097146995
154,0.7084366485624085,1.7090782442770271,1.7626380545057878,0.4776858875815231,1.027583269353482,0.9799982097146995
155,0.708484825987644,1.7090814713107296,1.7626380671653832,0.4767836154273673,1.027583269353482,0.9799982097146995
156,0.7044172317649536,1.7090796071142553,1.7626380642458788,0.4764496021229968,1.027583269353482,0.9799982097146995
157,0.7034490865839497,1.7091203183109762,1.7626380650433904,0.47667122369747505,1.027583269353482,0.9799982097146995
158,0.7022571082190299,1.7092620254482507,1.762638064789179,0.4752312868334962,1.027583269353482,0.9799982097146995
159,0.7021214433288031,1.7096496109864376,1.7626380648826607,0.476047812306274,1.027583269353482,0.9799982097146995
160,0.7018650116619748,1.7097279271366526,1.7626380648433528,0.4744385170189263,1.027583269353482,0.9799982097146995
161,0.6998452089407182,1.7097524180184034,1.762638064862122,0.4752196921250948,1.027583269353482,0.9799982097146995
162,0.6998591388505977,1.709750403480371,1.7626380648520006,0.4733705066830954,1.027583269353482,0.9799982097146995
163,0.697687949181553,1.7097525196721433,1.7626380648581377,0.47342386208528875,1.027583269353482,0.9799982097146995
164,0.696149796741907,1.7097517554548645,1.762638064853967,0.47121531870599703,1.027583269353482,0.9799982097146995
165,0.6957634538083685,1.7097522642501828,1.762638064857137,0.47113904838404286,1.027583269353482,0.9799982097146995
166,0.6917692869514753,1.7097519717032261,1.7626380648544473,0.46922147263953856,1.027583269353482,0.9799982097146995
167,0.6918052735263452,1.7097521958473534,1.762638064856992,0.4690937732344845,1.027583269353482,0.9799982097146995
168,0.6855850364296834,1.7097520239056891,1.7626380648543085,0.4671014555746632,1.027583269353482,0.9799982097146995
169,0.6836244875879954,1.7097521869146026,1.7626380648574635,0.4667081616702179,1.027583269353482,0.9799982097146995
170,0.6814470311625603,1.7097520274968876,1.762638064853322,0.4651628448689399,1.027583269353482,0.9799982097146995
171,0.6800930313803829,1.7097522189116265,1.7626380648594016,0.4647619172633528,1.027583269353482,0.9799982097146995
172,0.6794127779318508,1.7097519856079753,1.7626380648494,0.4639180679986325,1.027583269353482,0.9799982097146995
173,0.6732103116605758,1.7097523526377378,1.762638064867903,0.4632235878133037,1.027583269353482,0.9799982097146995
174,0.6743656117628816,1.7097518211956653,1.762638064829248,0.4627260528300201,1.027583269353482,0.9799982097146995
175,0.6671858204869496,1.7097530523754052,1.7626380649209368,0.4615731234332737,1.027583269353482,0.9799982097146995
176,0.666404677172333,1.7097514837779382,1.7626380646722912,0.4612150844081587,1.027583269353482,0.9799982097146995
177,0.6638037560140831,1.7097612213378346,1.762638065450029,0.4595193765706335,1.027583269353482,0.9799982097146995
178,0.659119391607525,1.7097778329943947,1.762638062612095,0.4596702798484108,1.027583269353482,0.9799982097146995
179,0.6597276963843591,1.710001604729786,1.762638074874117,0.4579448722326484,1.027583269353482,0.9799982097146995
180,0.6542704970236692,1.7102495157597626,1.7626380108853312,0.4581440703419671,1.027583269353482,0.9799982097146995
181,0.6563192889632651,1.7103342298184572,1.762638426063745,0.4560585583187718,1.027583269353482,0.9799982097146995
182,0.6516670660346658,1.7103347302231864,1.7626349666427796,0.45643206478258763,1.027583269353482,0.9799982097146995
183,0.647613248894784,1.7103385895716607,1.7626781717635698,0.4537724903794779,1.027583269353482,0.9799982097146995
184,0.6474504054438533,1.7103376281100693,1.7629009954225416,0.4542788028241203,1.027583269353482,0.9799982097146995
185,0.641237132911431,1.7103382127695737,1.76391868304891,0.45185356000653826,1.027583269353482,0.9799982097146995
186,0.6409277576248976,1.7103379393930092,1.763821911764772,0.45252035569809274,1.027583269353482,0.9799982097146995
187,0.6371105690353951,1.7103381112258087,1.7638454826017922,0.45038471809124214,1.027583269353482,0.9799982097146995
188,0.6324858778023975,1.7103380032740645,1.763840996648797,0.45111685336407487,1.027583269353482,0.9799982097146995
189,0.6319411299717682,1.710338083980913,1.7638420487530928,0.449552135558426,1.027583269353482,0.9799982097146995
190,0.6265929257140832,1.7103380203251188,1.7638417694605562,0.4501236689797302,1.027583269353482,0.9799982097146995
191,0.6263093143275446,1.7103380781901822,1.7638418538966272,0.4492895927081962,1.027583269353482,0.9799982097146995
192,0.623572143639125,1.710338022002969,1.7638418251773735,0.4495575142811424,1.027583269353482,0.9799982097146995
193,0.6221454108582156,1.710338084560418,1.7638418361084913,0.4491932799135419,1.027583269353482,0.9799982097146995
194,0.6189449762641792,1.7103380103939554,1.7638418314794362,0.44915437015548937,1.027583269353482,0.9799982097146995
195,0.6147459612684186,1.7103381126593835,1.7638418336511203,0.44954049366339544,1.027583269353482,0.9799982097146995
196,0.6145174126487979,1.7103379661357432,1.763841832526611,0.44833428593402946,1.027583269353482,0.9799982097146995
197,0.6119165083365893,1.7103382245079322,1.7638418331673782,0.44966996588920854,1.027583269353482,0.9799982097146995
198,0.6134919854704318,1.710337797878471,1.7638418327665688,0.4478898117758075,1.027583269353482,0.9799982097146995
199,0.6100160537745123,1.710338894113867,1.7638418330412489,0.44851224885885543,1.027583269353482,0.9799982097146995
200,0.6128095754808696,1.7103374618696032,1.7638418328353278,0.4474831845850117,1.027583269353482,0.9799982097146995
201,0.6108371578809669,1.7103486322714612,1.763841833004009,0.4464767664977234,1.027583269353482,0.9799982097146995
202,0.6093930690311715,1.710376327204611,1.7638418328531453,0.44645395055629333,1.027583269353482,0.9799982097146995
203,0.6098729975086915,1.7106275488243416,1.7638418330004002,0.4445138949909763,1.027583269353482,0.9799982097146995
204,0.6087494126601705,1.7108026696080414,1.7638418328435501,0.4450223441806027,1.027583269353482,0.9799982097146995
205,0.608697624087936,1.7108509320662981,1.7638418330259116,0.4435178745051364,1.027583269353482,0.9799982097146995
206,0.6081194058799744,1.7108500074986668,1.7638418327943508,0.44282081808715584,1.027583269353482,0.9799982097146995
207,0.6059310052710384,1.710852319416952,1.7638418331157832,0.44264137642681156,1.027583269353482,0.9799982097146995
208,0.6061662826272378,1.7108516837119867,1.7638418326273855,0.44090984357721424,1.027583269353482,0.9799982097146995
209,0.5983733690888624,1.7108520267058835,1.7638418334410864,0.4414135787706819,1.027583269353482,0.9799982097146995
210,0.597001608782522,1.7108518692992416,1.7638418319513773,0.43957403974201753,1.027583269353482,0.9799982097146995
211,0.5932133326832493,1.7108519594211447,1.7638418349564835,0.43950015139215126,1.027583269353482,0.9799982097146995
212,0.5915482590351673,1.710851906347248,1.763841828255403,0.4386715086656585,1.027583269353482,0.9799982097146995
213,0.5900532947909903,1.7108519420214392,1.7638418448409758,0.43735809276466403,1.027583269353482,0.9799982097146995
214,0.5861957809349447,1.710851916423658,1.7638417990686879,0.4375889211791796,1.027583269353482,0.9799982097146995
215,0.5874207899289222,1.7108519368919497,1.7638419408538055,0.43602123096936246,1.027583269353482,0.9799982097146995
216,0.584567387743611,1.7108519192632952,1.7638414455033753,0.4355290915894278,1.027583269353482,0.9799982097146995
217,0.585674299264234,1.7108519360592405,1.7638434319712337,0.43557144037326506,1.027583269353482,0.9799982097146995
218,0.5844925775692343,1.7108519187914315,1.7638345247097145,0.43392800895439243,1.027583269353482,0.9799982097146995
219,0.5827109628744485,1.7108519384261713,1.7638883792122613,0.4342382358603399,1.027583269353482,0.9799982097146995
220,0.5827086475208207,1.710851914375164,1.7638251120198434,0.43249729620707367,1.027583269353482,0.9799982097146995
221,0.5793828827108697,1.7108519471779988,1.7647805667941903,0.4316499916598114,1.027583269353482,0.9799982097146995
222,0.5794627270783378,1.7108518993823822,1.7646998616061709,0.43126324331896876,1.027583269353482,0.9799982097146995
223,0.5780122618931393,1.710851978666778,1.7647473945352767,0.42924856094419683,1.027583269353482,0.9799982097146995
224,0.5775930291963948,1.7108518428775485,1.764739353124079,0.4293520665772571,1.027583269353482,0.9799982097146995
225,0.5766428156027759,1.7108521301304904,1.7647411191565492,0.42742082706917917,1.027583269353482,0.9799982097146995
226,0.5756918055694601,1.7108516012181598,1.7647406945949977,0.42591336802860036,1.027583269353482,0.9799982097146995
227,0.5760709359417124,1.710853406939208,1.7647408093557104,0.42596470631547234,1.027583269353482,0.9799982097146995
228,0.5724323543234366,1.7108523070080581,1.7647407749827604,0.423615248730866,1.027583269353482,0.9799982097146995
229,0.5732624363846864,1.710886124179832,1.7647407863512343,0.423415579570982,1.027583269353482,0.9799982097146995
230,0.570626008896129,1.7110143700108096,1.7647407822211545,0.42205415647794536,1.027583269353482,0.9799982097146995
231,0.5701563215595717,1.7112557292723927,1.7647407838630738,0.4205627232799514,1.027583269353482,0.9799982097146995
232,0.5694661887601359,1.7112893100867868,1.764740783151223,0.4206958066370992,1.027583269353482,0.9799982097146995
233,0.5663793864795128,1.7113003935485418,1.7647407834868323,0.41948331505833353,1.027583269353482,0.9799982097146995
234,0.5665731883882951,1.7112991802558846,1.7647407833151927,0.41943310605008227,1.027583269353482,0.9799982097146995
235,0.5622484746156426,1.7113000246052443,1.7647407834102171,0.41901003106453094,1.027583269353482,0.9799982097146995
236,0.5623197148781963,1.7112997311361686,1.7647407833533688,0.4179721379658936,1.027583269353482,0.9799982097146995
237,0.5582034474674303,1.711299879529795,1.764740783390065,0.41821555486093276,1.027583269353482,0.9799982097146995
238,0.5557169358770762,1.7112998077680457,1.7647407833645372,0.4166607864802075,1.027583269353482,0.9799982097146995
239,0.5544772270708992,1.711299848040025,1.7647407833836561,0.4169344535948715,1.027583269353482,0.9799982097146995
240,0.5517914282443747,1.7112998243251383,1.7647407833682516,0.4158134888809436,1.027583269353482,0.9799982097146995
241,0.551814192027897,1.7112998397789034,1.7647407833815958,0.4152069444410478,1.027583269353482,0.9799982097146995
242,0.5473542482609975,1.7112998290135661,1.7647407833691724,0.41486081909869665,1.027583269353482,0.9799982097146995
243,0.5480969752681845,1.7112998371988761,1.7647407833816013,0.41321146787960866,1.027583269353482,0.9799982097146995
244,0.545258458796113,1.7112998305175382,1.7647407833682398,0.4136638128842101,1.027583269353482,0.9799982097146995
245,0.5450391215897041,1.711299836441033,1.7647407833836777,0.4121918381840369,1.027583269353482,0.9799982097146995
246,0.5445071041994527,1.7112998307980043,1.7647407833645008,0.412185290282664,1.027583269353482,0.9799982097146995
247,0.5448682889291172,1.7112998366290924,1.764740783390128,0.4110034801385237,1.027583269353482,0.9799982097146995
248,0.5447401351920451,1.711299830154675,1.7647407833532558,0.411058402936156,1.027583269353482,0.9799982097146995
249,0.5423701891934665,1.7112998379613371,1.7647407834104298,0.4103119901673958,1.027583269353482,0.9799982097146995
250,0.5420283139273885,1.7112998278560536,1.7647407833147717,0.4093018399703714,1.027583269353482,0.9799982097146995
251,0.5408139809621834,1.7112998421271088,1.7647407834877205,0.4093772592006853,1.027583269353482,0.9799982097146995
252,0.5388386518807861,1.7112998205780683,1.7647407831492214,0.4086941482505913,1.027583269353482,0.9799982097146995
253,0.5380506965485542,1.7112998565444535,1.7647407838679279,0.4076469501046996,1.027583269353482,0.9799982097146995
254,0.5338866792439365,1.7112997934706666,1.7647407822084937,0.407636809961296,1.027583269353482,0.9799982097146995
255,0.5338951826133251,1.7112999213095863,1.7647407863872466,0.40684954015115243,1.027583269353482,0.9799982097146995
256,0.5292336654158358,1.711299671478113,1.764740774872813,0.40604587900930866,1.027583269353482,0.9799982097146995
257,0.5287807852812259,1.7113003668570932,1.7647408097360784,0.4060374644091381,1.027583269353482,0.9799982097146995
258,0.5268705677837231,1.7112993259493936,1.764740693283412,0.40532510657332577,1.027583269353482,0.9799982097146995
259,0.5272838510589255,1.711307765122423,1.7647411258616952,0.4047947218391673,1.027583269353482,0.9799982097146995
260,0.5250779083056668,1.7113307026191376,1.7647393440266155,0.4047884206654779,1.027583269353482,0.9799982097146995
261,0.5252977692095535,1.71152787186055,1.7647478937503989,0.4043461840707618,1.027583269353482,0.9799982097146995
262,0.5249023991808732,1.7116562711377663,1.7647093242453784,0.40402791868139826,1.027583269353482,0.9799982097146995
263,0.522672563884851,1.711690226540903,1.765073717284797,0.4040605499617607,1.027583269353482,0.9799982097146995
264,0.5231723545952501,1.7116893881182258,1.7654459395944262,0.403654028664562,1.027583269353482,0.9799982097146995
265,0.5215090547102135,1.711690887199,1.765526622582498,0.4031386917302494,1.027583269353482,0.9799982097146995
266,0.5222611165516907,1.7116904845532286,1.7655195548212022,0.40316179110522365,1.027583269353482,0.9799982097146995
267,0.5216965124463809,1.7116906743040046,1.7655204449067927,0.40286507000625127,1.027583269353482,0.9799982097146995
268,0.5220644176892028,1.711690595160796,1.7655203189784825,0.40209180317644055,1.027583269353482,0.9799982097146995
269,0.5220648658974912,1.71169063397104,1.7655203393119006,0.40198887658667587,1.027583269353482,0.9799982097146995
270,0.5227852921054102,1.7116906142522115,1.7655203356197602,0.4018256789980975,1.027583269353482,0.9799982097146995
271,0.5227225632852671,1.7116906252526058,1.7655203363674241,0.40070671835067756,1.027583269353482,0.9799982097146995
272,0.5228213717677315,1.7116906187295406,1.7655203361998293,0.4000350722229612,1.027583269353482,0.9799982097146995
273,0.5223707086638097,1.7116906229074773,1.76552033624116,0.4000753341424066,1.027583269353482,0.9799982097146995
274,0.521775106351607,1.7116906200502937,1.765520336230005,0.3992433972700687,1.027583269353482,0.9799982097146995
275,0.5198494754400876,1.7116906221489252,1.7655203362332854,0.39819306485954703,1.027583269353482,0.9799982097146995
276,0.5198446491464087,1.7116906205023308,1.7655203362322385,0.39817498643470395,1.027583269353482,0.9799982097146995
277,0.5173823432688003,1.7116906218865209,1.7655203362326,0.39761550109392246,1.027583269353482,0.9799982097146995
278,0.5171360898712347,1.7116906206438791,1.7655203362324652,0.3963487948805186,1.027583269353482,0.9799982097146995
279,0.5153436691454285,1.7116906218379022,1.7655203362325194,0.3960020728887123,1.027583269353482,0.9799982097146995
280,0.5144805911891488,1.7116906206128524,1.7655203362324958,0.39588771278853035,1.027583269353482,0.9799982097146995
281,0.5114765416210391,1.7116906219580759,1.765520336232507,0.39513202815397463,1.027583269353482,0.9799982097146995
282,0.5107768334294676,1.7116906203806255,1.7655203362325014,0.39467548412815867,1.027583269353482,0.9799982097146995
283,0.5086354980206594,1.7116906223622457,1.7655203362325043,0.39467663425253974,1.027583269353482,0.9799982097146995
284,0.507120972198869,1.7116906197033401,1.7655203362325027,0.3941283288774884,1.027583269353482,0.9799982097146995
285,0.5064010381828489,1.7116906235341935,1.7655203362325036,0.39385417693960845,1.027583269353482,0.9799982097146995
286,0.5051023949308385,1.7116906176412352,1.7655203362325027,0.39383514538463266,1.027583269353482,0.9799982097146995
287,0.50497112778254,1.711690627427161,1.7655203362325036,0.39325494659075544,1.027583269353482,0.9799982097146995
288,0.5051314941617598,1.7116906101484455,1.7655203362325032,0.39302869782355265,1.027583269353482,0.9799982097146995
289,0.5059505656436207,1.7116906435939439,1.7655203362325032,0.39300405904727626,1.027583269353482,0.9799982097146995
290,0.5058354829544562,1.7116905763619488,1.7655203362325032,0.3923710593944674,1.027583269353482,0.9799982097146995
291,0.5071113232225388,1.7116907341696668,1.7655203362325032,0.392106455360401,1.027583269353482,0.9799982097146995
292,0.5050656367882527,1.7116904007286946,1.7655203362325032,0.39205029878828745,1.027583269353482,0.9799982097146995
293,0.5056842068486262,1.711691583742387,1.7655203362325032,0.3916225619808686,1.027583269353482,0.9799982097146995
294,0.5040148088446966,1.711690699696666,1.7655203362325032,0.3915922387128373,1.027583269353482,0.9799982097146995
295,0.5028127208193124,1.7117152824838928,1.7655203362325027,0.3914658146384326,1.027583269353482,0.9799982097146995
296,0.5027319178038043,1.7118115221375292,1.7655203362325032,0.3909333827031443,1.027583269353482,0.9799982097146995
297,0.5005139087711238,1.7119974339489097,1.7655203362325027,0.39086351273679787,1.027583269353482,0.9799982097146995
298,0.5005114030933111,1.7120238827990442,1.7655203362325027,0.39072508791709026,1.027583269353482,0.9799982097146995
299,0.49917195413870324,1.7120322007151834,1.7655203362325032,0.3902027288776963,1.027583269353482,0.9799982097146995
300,0.49921807672136664,1.7120313025677365,1.7655203362325043,0.3901426464411174,1.027583269353482,0.9799982097146995
301,0.4970606877454427,1.7120318655815425,1.7655203362325087,0.3899877779945555,1.027583269353482,0.9799982097146995
302,0.49675399807674964,1.7120316811460778,1.7655203362325271,0.3895923772540817,1.027583269353482,0.9799982097146995
303,0.4953402313476718,1.7120317637065379,1.765520336232597,0.3896125477234623,1.027583269353482,0.9799982097146995
304,0.49450951392765763,1.7120317279149442,1.7655203362328582,0.38931011204590227,1.027583269353482,0.9799982097146995
305,0.49430973515988197,1.7120317452489202,1.7655203362338103,0.3887952566027434,1.027583269353482,0.9799982097146995
306,0.493218526489357,1.7120317364660265,1.7655203362371803,0.3887863494615274,1.027583269353482,0.9799982097146995
307,0.4930444079933021,1.712031741260528,1.765520336248799,0.38848117427654943,1.027583269353482,0.9799982097146995
308,0.49237379170034623,1.7120317384880663,1.7655203362878755,0.3881985201959538,1.027583269353482,0.9799982097146995
309,0.4924679285303447,1.712031740199247,1.7655203364161878,0.38820571493434625,1.027583269353482,0.9799982097146995
310,0.4916315095729483,1.712031739078645,1.7655203368279992,0.3877882869927299,1.027583269353482,0.9799982097146995
311,0.4918497843628375,1.7120317398591356,1.7655203381210363,0.3873955064827642,1.027583269353482,0.9799982097146995
312,0.4913218149544298,1.712031739282565,1.7655203420965693,0.38740682681000477,1.027583269353482,0.9799982097146995
313,0.4914096057569869,1.712031739734755,1.7655203540754727,0.3870306875903486,1.027583269353482,0.9799982097146995
314,0.4911284751721901,1.7120317393588282,1.7655203894772598,0.3864720096898934,1.027583269353482,0.9799982097146995
315,0.49037718376433265,1.712031739690305,1.7655204921762824,0.38637493243654075,1.027583269353482,0.9799982097146995
316,0.49019354119631425,1.712031739380604,1.7655207848730692,0.38625896039965746,1.027583269353482,0.9799982097146995
317,0.4887650979962932,1.7120317396873832,1.7655216053657385,0.3857887070955451,1.027583269353482,0.9799982097146995
318,0.4887373985677399,1.7120317393654214,1.7655238719239872,0.38556662791424895,1.027583269353482,0.9799982097146995
319,0.4877889200690896,1.7120317397236928,1.765530066114275,0.3855582527836786,1.027583269353482,0.9799982097146995
320,0.4875271023573745,1.712031739301217,1.7655469524855147,0.3853030400438365,1.027583269353482,0.9799982097146995
321,0.486561498703368,1.7120317398297504,1.765593562442102,0.3851405959357501,1.027583269353482,0.9799982097146995
322,0.48700611847124436,1.7120317391287325,1.7657245259213439,0.3851463927833498,1.027583269353482,0.9799982097146995
323,0.48619197793315416,1.7120317401163576,1.7660568256759543,0.384964733038147,1.027583269353482,0.9799982097146995
324,0.48620987608483973,1.712031738640372,1.7665130471779624,0.3846966993003872,1.027583269353482,0.9799982097146995
325,0.48547300328671594,1.7120317409887236,1.766653527670283,0.3846432180893739,1.027583269353482,0.9799982097146995
326,0.4845999671024253,1.7120317370256133,1.7665881392810625,0.3845959320054508,1.027583269353482,0.9799982097146995
327,0.48455697787255936,1.7120317441813024,1.766520910525107,0.3843581267975255,1.027583269353482,0.9799982097146995
328,0.48307598070786156,1.7120317305311354,1.7664829439153302,0.3842513530034941,1.027583269353482,0.9799982097146995
329,0.4834201941756038,1.7120317588141942,1.7664643353757732,0.3842331540344535,1.027583269353482,0.9799982097146995
330,0.4828417677113177,1.712031698441964,1.7664556756739902,0.38397512848250986,1.027583269353482,0.9799982097146995
331,0.4833127672229567,1.7120318482931869,1.7664517433876572,0.38377047519542967,1.027583269353482,0.9799982097146995
332,0.48271046596923634,1.7120315233110155,1.7664499834020475,0.3837710939951428,1.027583269353482,0.9799982097146995
333,0.483008244919211,1.7120327732267209,1.7664492038165263,0.38362332612483463,1.027583269353482,0.9799982097146995
334,0.48278396688979014,1.712032240152537,1.7664488614871368,0.3832538381479484,1.027583269353482,0.9799982097146995
335,0.4826774321111064,1.7120613371688882,1.7664487123646986,0.3830153400257594,1.027583269353482,0.9799982097146995
336,0.4827478306435243,1.7121654762030907,1.7664486479097379,0.38301388557965926,1.027583269353482,0.9799982097146995
337,0.482205050903587,1.7123069198568193,1.766448620266336,0.38289601349079855,1.027583269353482,0.9799982097146995
338,0.482176383002549,1.7123218118796704,1.7664486085034266,0.3825262074246737,1.027583269353482,0.9799982097146995
339,0.48185819233064564,1.712327421528029,1.7664486035378117,0.3821651513243188,1.027583269353482,0.9799982097146995
340,0.48174697128956195,1.7123267033080463,1.7664486014585774,0.3820701898871151,1.027583269353482,0.9799982097146995
341,0.4812336341425437,1.712327112499153,1.766448600595127,0.3820677990845423,1.027583269353482,0.9799982097146995
342,0.4811708891895315,1.7123269761450484,1.7664486002395758,0.3818563970052817,1.027583269353482,0.9799982097146995
343,0.48023924398002693,1.7123270354494187,1.7664486000944237,0.38149214497988054,1.027583269353482,0.9799982097146995
344,0.479339596777745,1.712327010246594,1.7664486000356854,0.3812609083403212,1.027583269353482,0.9799982097146995
345,0.4788451563565356,1.712327022021432,1.7664486000121284,0.3812462959661324,1.027583269353482,0.9799982097146995
346,0.47732537166072075,1.7123270162845137,1.7664486000027673,0.38119485408263876,1.027583269353482,0.9799982097146995
347,0.4773256596245317,1.7123270192664055,1.7664485999990822,0.38088251904055914,1.027583269353482,0.9799982097146995
348,0.4771901161786653,1.7123270176338334,1.7664485999976454,0.3804403246634586,1.027583269353482,0.9799982097146995
349,0.4772387000792101,1.7123270185802426,1.7664485999970907,0.38021577762764225,1.027583269353482,0.9799982097146995
350,0.4763049816970925,1.7123270180017414,1.7664485999968784,0.38024429587917036,1.027583269353482,0.9799982097146995
351,0.4761163365216786,1.7123270183750767,1.7664485999967983,0.3801728528377446,1.027583269353482,0.9799982097146995
352,0.47582531130982636,1.7123270181211727,1.7664485999967683,0.3798123266280129,1.027583269353482,0.9799982097146995
353,0.4757477444112067,1.712327018303198,1.766448599996757,0.3794400721919311,1.027583269353482,0.9799982097146995
354,0.4752442717233998,1.7123270181657773,1.766448599996753,0.37935336437300143,1.027583269353482,0.9799982097146995
355,0.47512728694267636,1.7123270182750328,1.7664485999967514,0.3794162586300792,1.027583269353482,0.9799982097146995
356,0.4745672110881136,1.7123270181836132,1.7664485999967507,0.3792915438769787,1.027583269353482,0.9799982097146995
357,0.4737884365081763,1.7123270182641224,1.7664485999967507,0.3789607178032909,1.027583269353482,0.9799982097146995
358,0.47358673143621965,1.7123270181895287,1.7664485999967507,0.3787332854577384,1.027583269353482,0.9799982097146995
359,0.4723802349720743,1.7123270182622474,1.7664485999967507,0.37875734475269246,1.027583269353482,0.9799982097146995
360,0.47238584457612914,1.712327018187674,1.7664485999967503,0.37878968948396313,1.027583269353482,0.9799982097146995
361,0.471517920408819,1.7123270182681405,1.7664485999967503,0.3786296006491223,1.027583269353482,0.9799982097146995
362,0.4714566741658542,1.7123270181767942,1.7664485999967503,0.3783985948607782,1.027583269353482,0.9799982097146995
363,0.47070127422859287,1.7123270182859325,1.7664485999967503,0.37831604440159716,1.027583269353482,0.9799982097146995
364,0.47028104933251824,1.7123270181486965,1.7664485999967503,0.37834434890708274,1.027583269353482,0.9799982097146995
365,0.47048647959836276,1.7123270183304287,1.7664485999967503,0.37828982411102413,1.027583269353482,0.9799982097146995
366,0.47003922648595403,1.7123270180770047,1.7664485999967503,0.37810775034927147,1.027583269353482,0.9799982097146995
367,0.47045949567367146,1.7123270184495336,1.7664485999967503,0.37795036306206375,1.027583269353482,0.9799982097146995
368,0.4698251648749543,1.7123270178724523,1.7664485999967503,0.3779226461281096,1.027583269353482,0.9799982097146995
369,0.4706112059389089,1.7123270188162956,1.7664485999967503,0.37794632080437507,1.027583269353482,0.9799982097146995
370,0.47053482728181356,1.7123270171886984,1.7664485999967503,0.3778889657208685,1.027583269353482,0.9799982097146995
371,0.47112631965831336,1.7123270201609202,1.7664485999967503,0.3777582879892712,1.027583269353482,0.9799982097146995
372,0.47156867121911633,1.7123270144454312,1.7664485999967503,0.3776694528157425,1.027583269353482,0.9799982097146995
373,0.4715885403578425,1.7123270261777275,1.7664485999967503,0.37766890306296663,1.027583269353482,0.9799982097146995
374,0.47218000710438096,1.7123270010982152,1.7664485999967503,0.3776749725638017,1.027583269353482,0.9799982097146995
375,0.4718052202547452,1.7123270602305836,1.7664485999967503,0.37762019160241594,1.027583269353482,0.9799982097146995
376,0.47268774321999735,1.712326925148192,1.7664485999967503,0.37748591450356456,1.027583269353482,0.9799982097146995
377,0.47247549359936575,1.7123273365507368,1.7664485999967503,0.3773393719571608,1.027583269353482,0.9799982097146995
378,0.4728539859006941,1.7123266576190865,1.7664485999967503,0.37727104990453897,1.027583269353482,0.9799982097146995
379,0.4725831446238656,1.7123325355481789,1.7664485999967503,0.3772931901422808,1.027583269353482,0.9799982097146995
380,0.4727366236500042,1.7123498326942836,1.7664485999967503,0.37732558301039487,1.027583269353482,0.9799982097146995
381,0.4721595268810917,1.7124839358042423,1.7664485999967503,0.37727598619261843,1.027583269353482,0.9799982097146995
382,0.47241224682728883,1.7125641884646805,1.7664485999967503,0.37713192200302914,1.027583269353482,0.9799982097146995
383,0.4723537255344697,1.7125851850099578,1.7664485999967503,0.37698120434191984,1.027583269353482,0.9799982097146995
384,0.472328342294187,1.712584571226074,1.76644859999675,0.3769285666409929,1.027583269353482,0.9799982097146995
385,0.47135371332607773,1.7125854524932538,1.7664485999967496,0.3769831905494042,1.027583269353482,0.9799982097146995
386,0.4713036726336401,1.7125852230372791,1.7664485999967485,0.3770385320388686,1.027583269353482,0.9799982097146995
387,0.4703675506034356,1.7125853190042757,1.7664485999967467,0.37698099495377796,1.027583269353482,0.9799982097146995
388,0.46994888105098176,1.7125852828862902,1.7664485999967436,0.37681005096195785,1.027583269353482,0.9799982097146995
389,0.4694010846951034,1.7125852981284306,1.7664485999967379,0.3766486755500032,1.027583269353482,0.9799982097146995
390,0.4687559593845401,1.7125852915124455,1.7664485999967268,0.37662447271293864,1.027583269353482,0.9799982097146995
391,0.46863121840904093,1.712585294569151,1.766448599996706,0.37673172510853736,1.027583269353482,0.9799982097146995
392,0.4680395630963648,1.712585293090341,1.766448599996668,0.3768209063543348,1.027583269353482,0.9799982097146995
393,0.4680620698492438,1.712585293844164,1.7664485999965973,0.37677259868506563,1.027583269353482,0.9799982097146995
394,0.46758270187719014,1.7125852934409997,1.7664485999964674,0.3766238514779306,1.027583269353482,0.9799982097146995
395,0.4676555249209284,1.7125852936674646,1.7664485999962307,0.3765279780187831,1.027583269353482,0.9799982097146995
396,0.46745609262158544,1.7125852935340715,1.7664485999957988,0.3765710010821221,1.027583269353482,0.9799982097146995
397,0.46744042354560056,1.7125852936164585,1.766448599995014,0.3766732065827652,1.027583269353482,0.9799982097146995
398,0.466620869999639,1.7125852935631483,1.7664485999935942,0.3766829409921054,1.027583269353482,0.9799982097146995
399,0.46657339441111917,1.7125852935992787,1.7664485999910349,0.3765524201221976,1.027583269353482,0.9799982097146995
400,0.46564742949573706,1.7125852935736443,1.7664485999864383,0.3763937066814859,1.027583269353482,0.9799982097146995
401,0.46541677199362885,1.7125852935926784,1.7664485999782122,0.37635126667628765,1.027583269353482,0.9799982097146995
402,0.4645591409421084,1.7125852935778927,1.766448599963541,0.3764335909899165,1.027583269353482,0.9799982097146995
403,0.4641207247232032,1.7125852935899064,1.7664485999374666,0.37650827556521316,1.027583269353482,0.9799982097146995
404,0.46367834981016837,1.7125852935796992,1.7664485998912849,0.37644631102507864,1.027583269353482,0.9799982097146995
405,0.4634491107562957,1.7125852935887664,1.7664485998097659,0.376274765706273,1.027583269353482,0.9799982097146995
406,0.46290118685421433,1.7125852935803458,1.7664485996663517,0.37614729563442345,1.027583269353482,0.9799982097146995
407,0.46208087524721636,1.7125852935885209,1.7664485994148806,0.376158678753527,1.027583269353482,0.9799982097146995
408,0.4620066830081279,1.7125852935802244,1.766448598975374,0.37623659469105,1.027583269353482,0.9799982097146995
409,0.4613773294074326,1.7125852935890258,1.766448598209706,0.37619917724170543,1.027583269353482,0.9799982097146995
410,0.4613815816956288,1.712585293579265,1.7664485968800807,0.37599786659573586,1.027583269353482,0.9799982097146995
411,0.46044845389366523,1.712585293590582,1.766448594578381,0.3757779861038661,1.027583269353482,0.9799982097146995
412,0.4602195560360873,1.7125852935768613,1.76644859060634,0.37570475923659513,1.027583269353482,0.9799982097146995
413,0.46029336310197205,1.7125852935942596,1.7664485837728847,0.3757737882272901,1.027583269353482,0.9799982097146995
414,0.45984644980749884,1.7125852935711823,1.766448572052455,0.3758175794364441,1.027583269353482,0.9799982097146995
415,0.46010858589265763,1.7125852936032147,1.766448552010612,0.37569790609632225,1.027583269353482,0.9799982097146995
416,0.4593530726755839,1.7125852935566748,1.766448517841274,0.37547312236248354,1.027583269353482,0.9799982097146995
417,0.4597899696299759,1.7125852936274863,1.7664484597577423,0.37532530922583274,1.027583269353482,0.9799982097146995
418,0.4589958852293395,1.7125852935146249,1.7664483613116957,0.37533499280464266,1.027583269353482,0.9799982097146995
419,0.4594598842966623,1.7125852937032027,1.7664481949393183,0.3753752657354811,1.027583269353482,0.9799982097146995
420,0.45886817512888584,1.7125852933728498,1.7664479145852738,0.37521900754628934,1.027583269353482,0.9799982097146995
421,0.4590130884796346,1.7125852939804829,1.7664474435280675,0.37486436249233435,1.027583269353482,0.9799982097146995
422,0.4582329765027053,1.7125852928079672,1.766446654360146,0.3745665890265533,1.027583269353482,0.9799982097146995
423,0.45823617788587906,1.7125852951904477,1.7664453362150918,0.3745518088191563,1.027583269353482,0.9799982097146995
424,0.4568741451811984,1.71258529011902,1.7664431414346407,0.3747502241363112,1.027583269353482,0.9799982097146995
425,0.45679067407985524,1.71258530158563,1.7664394995288184,0.37462316217042557,1.027583269353482,0.9799982097146995
426,0.4561347684451884,1.7125852748126054,1.7664334803751152,0.37428189632983977,1.027583269353482,0.9799982097146995
427,0.4562407134397389,1.712585344097134,1.7664235827148425,0.3742351343781913,1.027583269353482,0.9799982097146995
428,0.455324610997459,1.7125851775346257,1.766407427318871,0.3745524326011682,1.027583269353482,0.9799982097146995
429,0.4550984489926478,1.7125857685067878,1.7663813873550562,0.3746474856081826,1.027583269353482,0.9799982097146995
430,0.4546544410249039,1.7125851109459,1.7663404608726245,0.3745550983288326,1.027583269353482,0.9799982097146995
431,0.4544459934204431,1.7125972532176608,1.7662798550719985,0.374615467786496,1.027583269353482,0.9799982097146995
432,0.4541055652792372,1.7126455961780274,1.7662039874992677,0.3747666503567148,1.027583269353482,0.9799982097146995
433,0.4533719591007909,1.7127778493909136,1.766156387706225,0.37477952084251426,1.027583269353482,0.9799982097146995
434,0.4533450563748673,1.7128047613079866,1.7662413757405973,0.374746691558533,1.027583269353482,0.9799982097146995
435,0.4523078007798024,1.712812100284605,1.7664502728512181,0.3747790528017266,1.027583269353482,0.9799982097146995
436,0.45230883225180846,1.7128114679391901,1.766603094298429,0.37470830847926884,1.027583269353482,0.9799982097146995
437,0.4509618038284169,1.7128118761564024,1.7666698337544648,0.37454700838595917,1.027583269353482,0.9799982097146995
438,0.45070199758582585,1.7128117548961614,1.7666954706487654,0.37452387026014067,1.027583269353482,0.9799982097146995
439,0.44977424423820633,1.7128118033005628,1.7667051826388949,0.37450575249260565,1.027583269353482,0.9799982097146995
440,0.4490109165025333,1.7128117848253392,1.7667088596128835,0.3742567409884559,1.027583269353482,0.9799982097146995
441,0.44849113309912775,1.712811792485235,1.7667102468199665,0.37403459004744893,1.027583269353482,0.9799982097146995
442,0.44695834144622965,1.7128117892055639,1.7667107669129916,0.3740682067642183,1.027583269353482,0.9799982097146995
443,0.4469165268128442,1.7128117906842768,1.766710960423752,0.37405056339158765,1.027583269353482,0.9799982097146995
444,0.4457535974903652,1.7128117899888398,1.7667110318274195,0.37381161752084946,1.027583269353482,0.9799982097146995
445,0.4456852164693588,1.7128117903310924,1.766711057947074,0.37367192990236076,1.027583269353482,0.9799982097146995
446,0.44407563230898806,1.712811790155274,1.7667110674168138,0.3737824340974624,1.027583269353482,0.9799982097146995
447,0.4440251813721702,1.7128117902495814,1.7667110708188851,0.3737635346884496,1.027583269353482,0.9799982097146995
448,0.44318917658201445,1.7128117901968165,1.7667110720297619,0.37356888309614344,1.027583269353482,0.9799982097146995
449,0.44320472791723364,1.712811790227603,1.7667110724566604,0.3735518519517407,1.027583269353482,0.9799982097146995
450,0.44239925804549735,1.7128117902088822,1.766711072605711,0.3736559054504752,1.027583269353482,0.9799982097146995
451,0.44188582624480577,1.7128117902207427,1.7667110726572381,0.3736017827318928,1.027583269353482,0.9799982097146995
452,0.4417186775367986,1.7128117902129172,1.7667110726748725,0.37353009005385074,1.027583269353482,0.9799982097146995
453,0.4412228222184261,1.7128117902182927,1.7667110726808453,0.3735621888616421,1.027583269353482,0.9799982097146995
454,0.4412526286740554,1.7128117902144493,1.766711072682847,0.37352788991288344,1.027583269353482,0.9799982097146995
455,0.44119726207407084,1.7128117902173083,1.7667110726835105,0.3734132388506285,1.027583269353482,0.9799982097146995
456,0.4412073746971263,1.7128117902150959,1.7667110726837283,0.37339419666566837,1.027583269353482,0.9799982097146995
457,0.4410271604807106,1.7128117902168767,1.7667110726837991,0.373424473762211,1.027583269353482,0.9799982097146995
458,0.44109085557949257,1.7128117902153863,1.7667110726838215,0.37335358467162627,1.027583269353482,0.9799982097146995
459,0.44069960853245876,1.712811790216683,1.7667110726838284,0.3732985317215334,1.027583269353482,0.9799982097146995
460,0.4406760283178352,1.71281179021551,1.7667110726838307,0.37333436354385974,1.027583269353482,0.9799982097146995
461,0.4403665027430935,1.7128117902166136,1.7667110726838313,0.3733786362969384,1.027583269353482,0.9799982097146995
462,0.4404754967967227,1.7128117902155346,1.7667110726838318,0.3733980450527404,1.027583269353482,0.9799982097146995
463,0.44021307711681845,1.7128117902166304,1.7667110726838318,0.37339913094283034,1.027583269353482,0.9799982097146995
464,0.4394331247343294,1.7128117902154727,1.7667110726838322,0.3734000439247546,1.027583269353482,0.9799982097146995
465,0.439453560160473,1.7128117902167446,1.7667110726838318,0.37341616973418085,1.027583269353482,0.9799982097146995
466,0.4389110893574401,1.7128117902152924,1.7667110726838318,0.3734357156084319,1.027583269353482,0.9799982097146995
467,0.4389308246764812,1.7128117902170161,1.7667110726838322,0.3734195734971422,1.027583269353482,0.9799982097146995
468,0.4381267855594586,1.7128117902148887,1.7667110726838318,0.3733596658718189,1.027583269353482,0.9799982097146995
469,0.43726626584441797,1.7128117902176192,1.7667110726838322,0.3733552981426855,1.027583269353482,0.9799982097146995
470,0.43737312063099737,1.7128117902139728,1.7667110726838322,0.3733886792276474,1.027583269353482,0.9799982097146995
471,0.43658845090552145,1.7128117902190396,1.7667110726838322,0.37327778184716776,1.027583269353482,0.9799982097146995
472,0.43668017658998776,1.712811790211713,1.7667110726838318,0.3730832457346743,1.027583269353482,0.9799982097146995
473,0.43552984155656405,1.7128117902227415,1.7667110726838318,0.3730598484809045,1.027583269353482,0.9799982097146995
474,0.43545632805665063,1.7128117902054536,1.7667110726838318,0.3730549950787632,1.027583269353482,0.9799982097146995
475,0.43485916057826624,1.712811790233687,1.7667110726838318,0.37268078526898196,1.027583269353482,0.9799982097146995
476,0.4340710514095593,1.7128117901856361,1.7667110726838318,0.3727533070718607,1.027583269353482,0.9799982097146995
477,0.43415929132662356,1.7128117902709101,1.7667110726838318,0.3724068709396156,1.027583269353482,0.9799982097146995
478,0.43272154177820693,1.7128117901130684,1.7667110726838318,0.3725019903755935,1.027583269353482,0.9799982097146995
479,0.43313528014571095,1.7128117904180988,1.7667110726838318,0.3721290428732511,1.027583269353482,0.9799982097146995
480,0.4317176534816818,1.712811789802842,1.7667110726838318,0.37216760391210446,1.027583269353482,0.9799982097146995
481,0.43191234068473927,1.7128117911012584,1.7667110726838318,0.3719034303029946,1.027583269353482,0.9799982097146995
482,0.4304744221721077,1.7128117882430964,1.7667110726838318,0.3718832317648907,1.027583269353482,0.9799982097146995
483,0.43047398445449686,1.712811794865697,1.7667110726838318,0.37173887106740894,1.027583269353482,0.9799982097146995
484,0.4290293688230007,1.7128117790101807,1.7667110726838318,0.3716605135046388,1.027583269353482,0.9799982097146995
485,0.42889769842687525,1.7128118201634723,1.7667110726838318,0.3715781639115739,1.027583269353482,0.9799982097146995
486,0.4272977499216015,1.7128117175192772,1.7667110726838318,0.37147772476373503,1.027583269353482,0.9799982097146995
487,0.42657491576363865,1.7128120567072946,1.7667110726838318,0.3714325307935034,1.027583269353482,0.9799982097146995
488,0.4261820367607311,1.7128115090876834,1.7667110726838318,0.37134940566749797,1.027583269353482,0.9799982097146995
489,0.4257840434417268,1.7128173339712678,1.7667110726838318,0.37130983366779835,1.027583269353482,0.9799982097146995
490,0.4255489642413707,1.7128378124373633,1.7667110726838318,0.3712068446389022,1.027583269353482,0.9799982097146995
491,0.42459911389736404,1.712951550742018,1.7667110726838318,0.3711556358000191,1.027583269353482,0.9799982097146995
492,0.42462402817303163,1.7129987629976358,1.7667110726838318,0.3709902898938773,1.027583269353482,0.9799982097146995
493,0.4238760933750918,1.7130103725891475,1.7667110726838318,0.3709083417454393,1.027583269353482,0.9799982097146995
494,0.4237518609995722,1.71300981193467,1.7667110726838318,0.3706517904518958,1.027583269353482,0.9799982097146995
495,0.4226256023330083,1.7130103193600446,1.7667110726838318,0.37049808073813884,1.027583269353482,0.9799982097146995
496,0.4219619068506506,1.7130101835358986,1.7667110726838318,0.37015398847869413,1.027583269353482,0.9799982097146995
497,0.42119117368118375,1.7130102360509154,1.7667110726838318,0.3698665979819588,1.027583269353482,0.9799982097146995
498,0.420112269701814,1.7130102172102524,1.7667110726838318,0.3695331621033329,1.027583269353482,0.9799982097146995
499,0.41969173709561913,1.7130102245669772,1.7667110726838318,0.36905794315513174,1.027583269353482,0.9799982097146995
500,0.41808473731797013,1.7130102216197456,1.7667110726838318,0.36885057295650975,1.027583269353482,0.9799982097146995
501,0.41805846018303006,1.713010222857743,1.7667110726838318,0.3681834198498844,1.027583269353482,0.9799982097146995
502,0.4167055844707639,1.7130102223177317,1.7667110726838318,0.3681446876259681,1.027583269353482,0.9799982097146995
503,0.4166775043591734,1.7130102225631034,1.7667110726838318,0.3674992766296333,1.027583269353482,0.9799982097146995
504,0.41569124301271276,1.713010222447221,1.7667110726838318,0.36747386012019334,1.027583269353482,0.9799982097146995
505,0.41531671162662687,1.7130102225041157,1.7667110726838318,0.367101758267667,1.027583269353482,0.9799982097146995
506,0.4150955025454415,1.7130102224751012,1.7667110726838318,0.367026981575178,1.027583269353482,0.9799982097146995
507,0.4147144273656046,1.713010222490466,1.7667110726838318,0.3668258877997102,1.027583269353482,0.9799982097146995
508,0.41448943722552534,1.7130102224820214,1.7667110726838318,0.36670100210622425,1.027583269353482,0.9799982097146995
509,0.4134895671682929,1.7130102224868364,1.7667110726838318,0.36659115251142893,1.027583269353482,0.9799982097146995
510,0.4135803024246151,1.713010222483989,1.7667110726838318,0.3664030258699277,1.027583269353482,0.9799982097146995
511,0.4137024871420398,1.713010222485735,1.7667110726838313,0.366348439386681,1.027583269353482,0.9799982097146995
512,0.41375025065839577,1.7130102224846258,1.76671107268383,0.3661187235351608,1.027583269353482,0.9799982097146995
513,0.4136885522094034,1.7130102224853558,1.7667110726838204,0.3660907129258549,1.027583269353482,0.9799982097146995
514,0.4136682344935359,1.7130102224848578,1.7667110726837751,0.3658138776190739,1.027583269353482,0.9799982097146995
515,0.4141199919264982,1.7130102224852097,1.7667110726835524,0.36579733194146163,1.027583269353482,0.9799982097146995
516,0.41444778844249996,1.7130102224849524,1.7667110726825044,0.3654609232623313,1.027583269353482,0.9799982097146995
517,0.4146409802879651,1.7130102224851471,1.766711072677667,0.36548387626180706,1.027583269353482,0.9799982097146995
518,0.414824638029336,1.7130102224849943,1.766711072655843,0.36517270862784557,1.027583269353482,0.9799982097146995
519,0.4149029936988093,1.713010222485118,1.7667110725595037,0.36526021282013527,1.027583269353482,0.9799982097146995
520,0.4150466070336823,1.7130102224850146,1.7667110721430501,0.364990029614583,1.027583269353482,0.9799982097146995
521,0.4150535031638137,1.7130102224851047,1.766711070379007,0.36509569815311876,1.027583269353482,0.9799982097146995
522,0.414763926272825,1.7130102224850239,1.7667110630521463,0.3647860018132001,1.027583269353482,0.9799982097146995
523,0.41473631282503626,1.713010222485099,1.7667110331928497,0.3648370821264676,1.027583269353482,0.9799982097146995
524,0.41456852734831984,1.7130102224850263,1.766710913704257,0.36444047767531407,1.027583269353482,0.9799982097146995
525,0.4146263572650195,1.7130102224850985,1.7667104435894279,0.36442102468311793,1.027583269353482,0.9799982097146995
526,0.41443157529485997,1.7130102224850245,1.7667086194288757,0.36396063749464624,1.027583269353482,0.9799982097146995
527,0.4139966083474498,1.7130102224851034,1.7667015753561879,0.3639148456510864,1.027583269353482,0.9799982097146995
528,0.41415120442720105,1.7130102224850166,1.7666740718069311,0.36339047970793203,1.027583269353482,0.9799982097146995
529,0.4143062063433081,1.7130102224851154,1.766582982264949,0.3633719886648323,1.027583269353482,0.9799982097146995
530,0.41426720467970335,1.7130102224849988,1.766578501227766,0.3627476639722091,1.027583269353482,0.9799982097146995
531,0.4139647349855508,1.713010222485141,1.7666046665603943,0.36277822684674826,1.027583269353482,0.9799982097146995
532,0.4134435870789443,1.7130102224849617,1.7666061727635598,0.36211099029989946,1.027583269353482,0.9799982097146995
533,0.41391109626729133,1.7130102224851964,1.7666062393123332,0.36216004471834307,1.027583269353482,0.9799982097146995
534,0.413286435965781,1.7130102224848784,1.7666062418020567,0.36153745295535755,1.027583269353482,0.9799982097146995
535,0.4136932934266097,1.7130102224853234,1.7666062418786268,0.361559149938956,1.027583269353482,0.9799982097146995
536,0.41306615800233,1.713010222484678,1.7666062418804653,0.36097590537616664,1.027583269353482,0.9799982097146995
537,0.4133698184483466,1.7130102224856487,1.766606241880497,0.36094671517030813,1.027583269353482,0.9799982097146995
538,0.41353646142659445,1.7130102224841373,1.7666062418804973,0.3603936891760708,1.027583269353482,0.9799982097146995
539,0.41349787338866784,1.713010222486576,1.7666062418804973,0.3603686189288003,1.027583269353482,0.9799982097146995
540,0.41394552656069666,1.7130102224824972,1.7666062418804973,0.3598379047368364,1.027583269353482,0.9799982097146995
541,0.4137485372026419,1.713010222489572,1.7666062418804973,0.3598615452855773,1.027583269353482,0.9799982097146995
542,0.4143589272309228,1.7130102224768413,1.7666062418804973,0.3593169764241714,1.027583269353482,0.9799982097146995
543,0.4145003983929261,1.7130102225006147,1.7666062418804973,0.35937969090406485,1.027583269353482,0.9799982097146995
544,0.41439539476174236,1.7130102224545265,1.7666062418804978,0.3588220867198595,1.027583269353482,0.9799982097146995
545,0.41424725931439355,1.713010222547339,1.7666062418804978,0.35891217607108045,1.027583269353482,0.9799982097146995
546,0.4140773487751218,1.7130102223531498,1.7666062418804978,0.35837169786405815,1.027583269353482,0.9799982097146995
547,0.4137089381685742,1.7130102227757766,1.7666062418804982,0.3584205319060701,1.027583269353482,0.9799982097146995
548,0.4136924872439195,1.7130102218198227,1.7666062418804982,0.3579731724318263,1.027583269353482,0.9799982097146995
549,0.41273671298857867,1.7130102240757197,1.7666062418804989,0.3579601925296417,1.027583269353482,0.9799982097146995
550,0.41275687298277786,1.7130102185600138,1.7666062418804995,0.3577280628642871,1.027583269353482,0.9799982097146995
551,0.41249881481363126,1.7130102328069325,1.766606241880501,0.35762988969979986,1.027583269353482,0.9799982097146995
552,0.4125462475269136,1.7130101957416402,1.7666062418805029,0.35759076196087547,1.027583269353482,0.9799982097146995
553,0.412351061326488,1.7130103063843396,1.7666062418805062,0.357329405706032,1.027583269353482,0.9799982097146995
554,0.41173543733982354,1.7130100461356534,1.7666062418805117,0.3574012744219691,1.027583269353482,0.9799982097146995
555,0.41210070413074373,1.7130114033441226,1.7666062418805197,0.3570098283393619,1.027583269353482,0.9799982097146995
556,0.4118047875104499,1.7130127354658489,1.7666062418805337,0.3571299414657915,1.027583269353482,0.9799982097146995
557,0.4119351531616168,1.7130562347790659,1.766606241880555,0.35677325285036776,1.027583269353482,0.9799982097146995
558,0.4116121501949589,1.713141636997288,1.7666062418805901,0.356809373458606,1.027583269353482,0.9799982097146995
559,0.4114069560159258,1.7131822891323827,1.766606241880645,0.3566779583302498,1.027583269353482,0.9799982097146995
560,0.4114928001013878,1.7131833449975076,1.7666062418807322,0.356456696438086,1.027583269353482,0.9799982097146995
561,0.4112340895635228,1.7131845847078193,1.7666062418808708,0.35654754713053544,1.027583269353482,0.9799982097146995
562,0.4114442222106553,1.7131843437770666,1.7666062418810897,0.3564203012390109,1.027583269353482,0.9799982097146995
563,0.41143235152540375,1.7131844421885642,1.7666062418814368,0.35638688672648183,1.027583269353482,0.9799982097146995
564,0.41145054527968217,1.713184409921222,1.7666062418819848,0.3564988225702097,1.027583269353482,0.9799982097146995
565,0.4115291275079831,1.7131844218868302,1.766606241882848,0.35646086725026366,1.027583269353482,0.9799982097146995
566,0.41143990290562654,1.713184417418971,1.7666062418842075,0.3565307550017889,1.027583269353482,0.9799982097146995
567,0.4105225519920982,1.713184419169714,1.766606241886344,0.3567015927472104,1.027583269353482,0.9799982097146995
568,0.4105162470202512,1.7131844184613838,1.766606241889697,0.35665345789523595,1.027583269353482,0.9799982097146995
569,0.40967699042650185,1.7131844187589294,1.7666062418949526,0.35692841983055285,1.027583269353482,0.9799982097146995
570,0.40974024025517414,1.7131844186295453,1.7666062419031767,0.35689106731437914,1.027583269353482,0.9799982097146995
571,0.40830930826304734,1.7131844186878171,1.7666062419160282,0.3570151115935475,1.027583269353482,0.9799982097146995
572,0.4074808029942656,1.7131844186606593,1.7666062419360813,0.35707134242358035,1.027583269353482,0.9799982097146995
573,0.40703453715178733,1.7131844186737537,1.7666062419673276,0.35698182407484963,1.027583269353482,0.9799982097146995
574,0.40656955323748045,1.713184418667225,1.7666062420159456,0.3571736844443977,1.027583269353482,0.9799982097146995
575,0.4062579404818028,1.7131844186705898,1.7666062420914874,0.35689276253320595,1.027583269353482,0.9799982097146995
576,0.4054938655212665,1.7131844186687981,1.766606242208696,0.3571336646644114,1.027583269353482,0.9799982097146995
577,0.40549341066629196,1.713184418669784,1.7666062423903035,0.3567840492300405,1.027583269353482,0.9799982097146995
578,0.40557515202086764,1.7131844186692236,1.766606242671302,0.35680801610827484,1.027583269353482,0.9799982097146995
579,0.40559053986479915,1.713184418669552,1.766606243105489,0.356311200744799,1.027583269353482,0.9799982097146995
580,0.40566727396226027,1.7131844186693534,1.7666062437754615,0.3564472644845295,1.027583269353482,0.9799982097146995
581,0.405616990096832,1.7131844186694773,1.7666062448078577,0.3559283382369999,1.027583269353482,0.9799982097146995
582,0.40574355940692164,1.7131844186693974,1.7666062463965868,0.3557904922341855,1.027583269353482,0.9799982097146995
583,0.4058832541412335,1.713184418669451,1.766606248838166,0.3556169827833189,1.027583269353482,0.9799982097146995
584,0.4058509403097823,1.7131844186694145,1.7666062525854116,0.35512726816953627,1.027583269353482,0.9799982097146995
585,0.40534756218365886,1.7131844186694403,1.7666062583289217,0.35518194518127916,1.027583269353482,0.9799982097146995
586,0.40518517316439245,1.7131844186694214,1.766606267120555,0.3545915445040136,1.027583269353482,0.9799982097146995
587,0.40538104051111457,1.7131844186694354,1.7666062805603067,0.35456236127600843,1.027583269353482,0.9799982097146995
588,0.40529008635202285,1.7131844186694243,1.7666063010787578,0.3542297731876138,1.027583269353482,0.9799982097146995
589,0.4053486322581318,1.7131844186694332,1.7666063323633865,0.3539470928440282,1.027583269353482,0.9799982097146995
590,0.4048153790905052,1.7131844186694263,1.7666063800010892,0.3539009620577434,1.027583269353482,0.9799982097146995
591,0.40501720181755213,1.713184418669432,1.766606452445134,0.3534580795429096,1.027583269353482,0.9799982097146995
592,0.4048255183777426,1.713184418669427,1.7666065624679896,0.3534879724223381,1.027583269353482,0.9799982097146995
593,0.40464493493878906,1.7131844186694318,1.7666067293402306,0.3531151886844704,1.027583269353482,0.9799982097146995
594,0.40439966863681776,1.7131844186694274,1.7666069820915429,0.3530570097297956,1.027583269353482,0.9799982097146995
595,0.40347101028627275,1.7131844186694318,1.7666073643788203,0.3528789952740407,1.027583269353482,0.9799982097146995
596,0.4039397738736017,1.7131844186694274,1.7666079417298308,0.35277090849115184,1.027583269353482,0.9799982097146995
597,0.40298694451391975,1.7131844186694318,1.766608812275094,0.3527299861034701,1.027583269353482,0.9799982097146995
598,0.40321752323280136,1.713184418669427,1.766610122551187,0.352585400576466,1.027583269353482,0.9799982097146995
599,0.40228669203357637,1.713184418669432,1.7666120905639198,0.3526515522086215,1.027583269353482,0.9799982097146995
600,0.4022188646504091,1.7131844186694263,1.7666150389799609,0.35241155521456435,1.027583269353482,0.9799982097146995
601,0.4020305028664502,1.7131844186694332,1.7666194418078753,0.3524496544761765,1.027583269353482,0.9799982097146995
602,0.4017203521398855,1.7131844186694247,1.7666259874149295,0.352279926115664,1.027583269353482,0.9799982097146995
603,0.40171038929010955,1.7131844186694354,1.7666356569300814,0.3520707140982858,1.027583269353482,0.9799982097146995
604,0.4010153566024335,1.7131844186694218,1.7666498041121168,0.3520674108898188,1.027583269353482,0.9799982097146995
605,0.4013105731269515,1.7131844186694403,1.7666701865452579,0.3521040837594705,1.027583269353482,0.9799982097146995
606,0.4012992356528288,1.7131844186694147,1.7666988101722545,0.3519440807869436,1.027583269353482,0.9799982097146995
607,0.40129724150962665,1.7131844186694505,1.7667372760552726,0.35162653585472814,1.027583269353482,0.9799982097146995
608,0.4004900649482739,1.713184418669399,1.7667851240276746,0.35150509165207355,1.027583269353482,0.9799982097146995
609,0.4002263356861913,1.7131844186694758,1.7668369652456217,0.3516650566847739,1.027583269353482,0.9799982097146995
610,0.4000157173058821,1.7131844186693563,1.7668801508711827,0.35176388293455374,1.027583269353482,0.9799982097146995
611,0.39977877148505725,1.7131844186695477,1.7668976853391611,0.35152484483294155,1.027583269353482,0.9799982097146995
612,0.39950453153542204,1.7131844186692327,1.7668781946817254,0.3512311319042203,1.027583269353482,0.9799982097146995
613,0.3985752108864623,1.7131844186697684,1.766824001587656,0.3512792979268152,1.027583269353482,0.9799982097146995
614,0.3985840289151858,1.7131844186688279,1.7667481346523268,0.35149985490138574,1.027583269353482,0.9799982097146995
615,0.39818663313949115,1.7131844186705323,1.7666652484704506,0.35155958449665686,1.027583269353482,0.9799982097146995
616,0.39807362771941496,1.713184418667342,1.7665857541311336,0.35137528681031793,1.027583269353482,0.9799982097146995
617,0.3978953698973632,1.713184418673513,1.7665149772762274,0.35120345447739826,1.027583269353482,0.9799982097146995
618,0.39738700982632547,1.7131844186611738,1.7664546330093343,0.3512517622023382,1.027583269353482,0.9799982097146995
619,0.39761230635308353,1.7131844186866878,1.7664044651202233,0.3514306093395802,1.027583269353482,0.9799982097146995
620,0.39732542296514595,1.713184418632118,1.766363359460854,0.3515099071029228,1.027583269353482,0.9799982097146995
621,0.3973471479710177,1.7131844187529233,1.7663299542609758,0.3514072847779567,1.027583269353482,0.9799982097146995
622,0.39698373356479094,1.7131844184761154,1.7663029278085778,0.35126313977906426,1.027583269353482,0.9799982097146995
623,0.3965500357725306,1.7131844191336132,1.766281111602236,0.35124941766271145,1.027583269353482,0.9799982097146995
624,0.3967765560519181,1.7131844175179096,1.7662635188550508,0.3513592803046181,1.027583269353482,0.9799982097146995
625,0.39646519762640686,1.713184421653418,1.7662493361343876,0.35143821136531567,1.027583269353482,0.9799982097146995
626,0.3964592638029912,1.713184410797252,1.7662379015572323,0.35135664372560843,1.027583269353482,0.9799982097146995
627,0.3958286346585985,1.713184441321085,1.7662286802223361,0.3511688889712946,1.027583269353482,0.9799982097146995
628,0.3958628677619113,1.7131843597152583,1.7662212412970644,0.35107790739556305,1.027583269353482,0.9799982097146995
629,0.39593392638471797,1.7131846503987067,1.7662152382504592,0.35118375139097247,1.027583269353482,0.9799982097146995
630,0.3959037536874911,1.7131842123330283,1.7662103924386319,0.351320957000496,1.027583269353482,0.9799982097146995
631,0.395682011925933,1.7131901599338493,1.7662064797406263,0.35125152253573466,1.027583269353482,0.9799982097146995
632,0.3952664872046072,1.7132138130940924,1.7662033197880946,0.3509998351930151,1.027583269353482,0.9799982097146995
633,0.395421751498656,1.7133052764570804,1.7662007673277123,0.35085716938932615,1.027583269353482,0.9799982097146995
634,0.39553562818816407,1.7133310953180578,1.7661987053071908,0.3510280615570838,1.027583269353482,0.9799982097146995
635,0.3955180630167414,1.7133374383338997,1.7661970393422912,0.3513470302953518,1.027583269353482,0.9799982097146995
636,0.3951888199573233,1.7133370017996112,1.7661956932861242,0.3515009008156612,1.027583269353482,0.9799982097146995
637,0.39520073606478867,1.7133372951126737,1.766194605677344,0.35138227495860075,1.027583269353482,0.9799982097146995
638,0.39486649843919647,1.7133372148761532,1.7661937268894157,0.3512290282517926,1.027583269353482,0.9799982097146995
639,0.3947749346220304,1.713337244048601,1.7661930168397866,0.35134104409992406,1.027583269353482,0.9799982097146995
640,0.39446023682798603,1.7133372339950106,1.766192443146924,0.35168792168696555,1.027583269353482,0.9799982097146995
641,0.39364884957825236,1.7133372376858462,1.766191979646174,0.35191691684008636,1.027583269353482,0.9799982097146995
642,0.3936959815724672,1.7133372363007175,1.7661916051935458,0.3518555036752116,1.027583269353482,0.9799982097146995
643,0.39329209103693985,1.7133372368397715,1.7661913027008869,0.35173090115688754,1.027583269353482,0.9799982097146995
644,0.3930927169565519,1.7133372366235249,1.7661910583572085,0.35180903522016804,1.027583269353482,0.9799982097146995
645,0.3928842410168872,1.7133372367130997,1.7661908609999626,0.35202059717994927,1.027583269353482,0.9799982097146995
646,0.39213661728071614,1.713337236674835,1.7661907016071905,0.35204198780665125,1.027583269353482,0.9799982097146995
647,0.392348537258221,1.7133372366916917,1.766190572887193,0.35182983759717645,1.027583269353482,0.9799982097146995
648,0.3914925161735833,1.713337236684038,1.766190468946915,0.35170564854015396,1.027583269353482,0.9799982097146995
649,0.39159586174272437,1.7133372366876187,1.7661903850239091,0.3518596172529092,1.027583269353482,0.9799982097146995
650,0.3906026830641506,1.713337236685893,1.7661903172696536,0.3520453703533715,1.027583269353482,0.9799982097146995
651,0.3901760559351778,1.7133372366867492,1.766190262574388,0.35190774232572153,1.027583269353482,0.9799982097146995
652,0.39046348485120125,1.7133372366863118,1.7661902184254856,0.35157970533277727,1.027583269353482,0.9799982097146995
653,0.38995241709253853,1.713337236686542,1.766190182792963,0.3514956592585828,1.027583269353482,0.9799982097146995
654,0.39007175841298447,1.7133372366864177,1.7661901540369063,0.35167526229655877,1.027583269353482,0.9799982097146995
655,0.38902043561404065,1.713337236686487,1.7661901308326415,0.35170160765835823,1.027583269353482,0.9799982097146995
656,0.38928240938690867,1.7133372366864472,1.7661901121102317,0.3513512372325826,1.027583269353482,0.9799982097146995
657,0.3891265187679784,1.7133372366864708,1.766190097005573,0.35097276570410213,1.027583269353482,0.9799982097146995
658,0.3889615295604182,1.7133372366864568,1.7661900848208665,0.3509280084021356,1.027583269353482,0.9799982097146995
659,0.38858830396724897,1.7133372366864652,1.7661900749926644,0.3510461077468327,1.027583269353482,0.9799982097146995
660,0.38783450001110203,1.7133372366864597,1.7661900670660486,0.3509822290047794,1.027583269353482,0.9799982097146995
661,0.38788019427062215,1.713337236686463,1.7661900606737642,0.350638292125455,1.027583269353482,0.9799982097146995
662,0.38707089534357125,1.7133372366864608,1.7661900555193555,0.3502915206101177,1.027583269353482,0.9799982097146995
663,0.38709166061283345,1.7133372366864623,1.7661900513635427,0.3502250308261743,1.027583269353482,0.9799982097146995
664,0.3858948990388439,1.7133372366864612,1.7661900480132149,0.3503514194258206,1.027583269353482,0.9799982097146995
665,0.3857045241732034,1.7133372366864619,1.7661900453125359,0.35033467497401094,1.027583269353482,0.9799982097146995
666,0.3852115711386117,1.7133372366864614,1.766190043135765,0.3500654670286916,1.027583269353482,0.9799982097146995
667,0.384722750590197,1.7133372366864619,1.7661900413814546,0.3497821300033369,1.027583269353482,0.9799982097146995
668,0.38448839329484225,1.7133372366864614,1.7661900399677646,0.3497145926926358,1.027583269353482,0.9799982097146995
669,0.3834457897774938,1.7133372366864619,1.7661900388286795,0.3497907736603498,1.027583269353482,0.9799982097146995
670,0.3835059337323837,1.7133372366864614,1.7661900379109572,0.34980776800687585,1.027583269353482,0.9799982097146995
671,0.382739073430804,1.7133372366864619,1.7661900371716561,0.34968560791599995,1.027583269353482,0.9799982097146995
672,0.3826770407860389,1.7133372366864614,1.7661900365761527,0.34952574447159185,1.027583269353482,0.9799982097146995
673,0.38194678025931017,1.7133372366864619,1.7661900360965284,0.3494452536716156,1.027583269353482,0.9799982097146995
674,0.3815205508563389,1.7133372366864608,1.7661900357102758,0.34945483553252854,1.027583269353482,0.9799982097146995
675,0.3815482312194064,1.7133372366864623,1.76619003539925,0.34946622559965984,1.027583269353482,0.9799982097146995
676,0.3815159831774431,1.7133372366864603,1.766190035148827,0.3493806289888918,1.027583269353482,0.9799982097146995
677,0.3814880863392402,1.7133372366864636,1.7661900349472204,0.3491750054313142,1.027583269353482,0.9799982097146995
678,0.38141444165016036,1.7133372366864585,1.7661900347849309,0.34894515868139875,1.027583269353482,0.9799982097146995
679,0.38135938945845854,1.7133372366864665,1.7661900346543054,0.3488345196357517,1.027583269353482,0.9799982097146995
680,0.3821159596373995,1.7133372366864525,1.7661900345491768,0.3488914346457386,1.027583269353482,0.9799982097146995
681,0.3823666463648927,1.7133372366864774,1.766190034464578,0.3490151122644803,1.027583269353482,0.9799982097146995
682,0.38261816385022457,1.7133372366864323,1.7661900343965071,0.3490628888915899,1.027583269353482,0.9799982097146995
683,0.38292787212707935,1.7133372366865167,1.7661900343417405,0.3489659278193873,1.027583269353482,0.9799982097146995
684,0.3829917999896009,1.713337236686355,1.7661900342976828,0.34880500003686304,1.027583269353482,0.9799982097146995
685,0.38329955669573657,1.7133372366866737,1.7661900342622443,0.3487348652013035,1.027583269353482,0.9799982097146995
686,0.38332493897396275,1.7133372366860253,1.7661900342337413,0.3488179446542772,1.027583269353482,0.9799982097146995
687,0.3828716340950502,1.7133372366873822,1.7661900342108194,0.34894523937350286,1.027583269353482,0.9799982097146995
688,0.38250925583915435,1.7133372366844593,1.7661900341923877,0.3489342891112398,1.027583269353482,0.9799982097146995
689,0.38277209320905375,1.7133372366909505,1.7661900341775678,0.3487089262669397,1.027583269353482,0.9799982097146995
690,0.3826805368615455,1.7133372366760902,1.766190034165654,0.3484127118095702,1.027583269353482,0.9799982097146995
691,0.38270813169335394,1.7133372367111748,1.7661900341560768,0.3483011010919279,1.027583269353482,0.9799982097146995
692,0.38217260696528843,1.713337236625731,1.7661900341483785,0.34845844985309604,1.027583269353482,0.9799982097146995
693,0.38203529366993805,1.7133372368405468,1.766190034142192,0.34866786114603115,1.027583269353482,0.9799982097146995
694,0.38259918714190094,1.713337236283283,1.7661900341372208,0.34862104407957417,1.027583269353482,0.9799982097146995
695,0.3822291722705727,1.713337237779204,1.7661900341332262,0.34830664196052086,1.027583269353482,0.9799982097146995
696,0.3829414539340999,1.713337233648761,1.7661900341300167,0.3480458377051167,1.027583269353482,0.9799982097146995
697,0.38263594772610854,1.7133372456006024,1.7661900341274386,0.34810405060658867,1.027583269353482,0.9799982097146995
698,0.3830988257264866,1.7133372112005256,1.766190034125368,0.34833736407872945,1.027583269353482,0.9799982097146995
699,0.3834773331410731,1.7133373263584348,1.7661900341237047,0.348345883048462,1.027583269353482,0.9799982097146995
700,0.3834180642711737,1.713337056839861,1.7661900341223693,0.34799499152088376,1.027583269353482,0.9799982097146995
701,0.38367480218649985,1.7133389707600735,1.7661900341212966,0.34759364120213726,1.027583269353482,0.9799982097146995
702,0.38340605858425025,1.7133439862999882,1.7661900341204355,0.3475111019293759,1.027583269353482,0.9799982097146995
703,0.38352257761979147,1.7134077157121494,1.7661900341197443,0.3476983793460443,1.027583269353482,0.9799982097146995
704,0.3831346865069349,1.7134632046190843,1.766190034119189,0.34777931741362406,1.027583269353482,0.9799982097146995
705,0.38313309157624365,1.7134772442412252,1.7661900341187442,0.3475399381134662,1.027583269353482,0.9799982097146995
706,0.3823258037833888,1.7134769487546797,1.766190034118387,0.34716141929793526,1.027583269353482,0.9799982097146995
707,0.3822795217517126,1.7134773751018049,1.7661900341180994,0.34696209312223414,1.027583269353482,0.9799982097146995
708,0.3820122504764692,1.7134772765218909,1.7661900341178696,0.3470507683028791,1.027583269353482,0.9799982097146995
709,0.38190917261092006,1.7134773101256413,1.7661900341176848,0.3472204182736797,1.027583269353482,0.9799982097146995
710,0.38134144459178654,1.7134772996159857,1.7661900341175367,0.3472154442569251,1.027583269353482,0.9799982097146995
711,0.38042131791494843,1.7134773031288866,1.766190034117418,0.3469966548229454,1.027583269353482,0.9799982097146995
712,0.3805525145900638,1.7134773019334715,1.7661900341173227,0.3467411758002844,1.027583269353482,0.9799982097146995
713,0.37990320833885916,1.7134773023540737,1.7661900341172465,0.3466503532056753,1.027583269353482,0.9799982097146995
714,0.3798982613342637,1.7134773022019478,1.766190034117185,0.34675279893274974,1.027583269353482,0.9799982097146995
715,0.3790416445902808,1.7134773022585934,1.7661900341171362,0.34687481566523437,1.027583269353482,0.9799982097146995
716,0.3785554172321169,1.713477302236901,1.7661900341170966,0.3468332090535734,1.027583269353482,0.9799982097146995
717,0.37851989293192717,1.713477302245443,1.7661900341170653,0.3466161411463748,1.027583269353482,0.9799982097146995
718,0.3780084883475648,1.7134773022419856,1.7661900341170396,0.3463904328857338,1.027583269353482,0.9799982097146995
719,0.37791706555915705,1.7134773022434235,1.7661900341170194,0.3463306234422825,1.027583269353482,0.9799982097146995
720,0.3768358555679124,1.7134773022428094,1.7661900341170031,0.34643550555770136,1.027583269353482,0.9799982097146995
721,0.3768270523680083,1.7134773022430787,1.7661900341169903,0.3465327242585905,1.027583269353482,0.9799982097146995
722,0.37665288385954127,1.7134773022429575,1.76619003411698,0.3464546711086988,1.027583269353482,0.9799982097146995
723,0.3765063801874157,1.7134773022430136,1.7661900341169716,0.3462271937162329,1.027583269353482,0.9799982097146995
724,0.37618993933221334,1.7134773022429868,1.766190034116965,0.3460539190251273,1.027583269353482,0.9799982097146995
725,0.37561862858656975,1.713477302243,1.7661900341169594,0.34609019183728945,1.027583269353482,0.9799982097146995
726,0.37574385463257726,1.7134773022429934,1.7661900341169554,0.34626070684060556,1.027583269353482,0.9799982097146995
727,0.37554229801621253,1.7134773022429963,1.766190034116952,0.34632755744209726,1.027583269353482,0.9799982097146995
728,0.3755471196647091,1.713477302242995,1.7661900341169492,0.3461778522310509,1.027583269353482,0.9799982097146995
729,0.3751944397743355,1.7134773022429957,1.766190034116947,0.3459568704295204,1.027583269353482,0.9799982097146995
730,0.3749165399706299,1.7134773022429952,1.766190034116945,0.345909047552106,1.027583269353482,0.9799982097146995
731,0.37521498841423323,1.7134773022429957,1.7661900341169436,0.3461363803128372,1.027583269353482,0.9799982097146995
732,0.375083836336044,1.7134773022429952,1.7661900341169425,0.34642619617714665,1.027583269353482,0.9799982097146995
733,0.37516507527604254,1.7134773022429952,1.7661900341169414,0.3465144873439442,1.027583269353482,0.9799982097146995
734,0.3749298057074569,1.7134773022429952,1.766190034116941,0.3463626896534294,1.027583269353482,0.9799982097146995
735,0.3749413322116592,1.7134773022429957,1.7661900341169403,0.3461934697914431,1.027583269353482,0.9799982097146995
736,0.3747640040506079,1.7134773022429957,1.7661900341169399,0.346239431489667,1.027583269353482,0.9799982097146995
737,0.374692993474202,1.7134773022429957,1.7661900341169396,0.34646780483284084,1.027583269353482,0.9799982097146995
738,0.37430601902615684,1.7134773022429957,1.7661900341169392,0.34654053704736276,1.027583269353482,0.9799982097146995
739,0.3737119226989536,1.7134773022429952,1.7661900341169392,0.3462921815661125,1.027583269353482,0.9799982097146995
740,0.373850290604381,1.713477302242995,1.7661900341169388,0.34600686725562246,1.027583269353482,0.9799982097146995
741,0.3735541534074584,1.713477302242993,1.7661900341169385,0.3460257442856297,1.027583269353482,0.9799982097146995
742,0.37358977784599,1.7134773022429868,1.7661900341169385,0.34620194395215464,1.027583269353482,0.9799982097146995
743,0.3734811583163007,1.7134773022429681,1.7661900341169385,0.3459141036870762,1.027583269353482,0.9799982097146995
744,0.37321780780188263,1.7134773022429102,1.7661900341169385,0.3455222177362337,1.027583269353482,0.9799982097146995
745,0.37383186561470605,1.7134773022427348,1.7661900341169385,0.3455618467816579,1.027583269353482,0.9799982097146995
746,0.3737835098704294,1.713477302242204,1.7661900341169385,0.3456339945135607,1.027583269353482,0.9799982097146995
747,0.3739217699429432,1.7134773022406162,1.7661900341169385,0.34526887911049187,1.027583269353482,0.9799982097146995
748,0.37351479740806737,1.713477302235897,1.766190034116938,0.3449518783654212,1.027583269353482,0.9799982097146995
749,0.3736578243757996,1.7134773022219716,1.766190034116938,0.3449868952862493,1.027583269353482,0.9799982097146995
750,0.3740350494043915,1.713477302181179,1.766190034116938,0.3449268669821498,1.027583269353482,0.9799982097146995
751,0.37407252648198736,1.7134773020625265,1.766190034116938,0.3445433040535524,1.027583269353482,0.9799982097146995
752,0.37386112010978256,1.7134773017198413,1.766190034116938,0.34430276138052046,1.027583269353482,0.9799982097146995
753,0.3738481231090222,1.713477300737164,1.766190034116938,0.3443291098590609,1.027583269353482,0.9799982097146995
754,0.3739387072054518,1.71347729794043,1.766190034116938,0.34422404249471156,1.027583269353482,0.9799982097146995
755,0.3746232553817659,1.7134772900506885,1.766190034116938,0.3438887266394375,1.027583269353482,0.9799982097146995
756,0.37448699562895715,1.7134772680717605,1.766190034116938,0.3436346432808711,1.027583269353482,0.9799982097146995
757,0.3749269039209478,1.713477208269396,1.766190034116938,0.34363006453070133,1.027583269353482,0.9799982097146995
758,0.3750114821025329,1.7134770545548137,1.766190034116938,0.3433975221651914,1.027583269353482,0.9799982097146995
759,0.3752146797071639,1.7134767239195465,1.766190034116938,0.3434383074556781,1.027583269353482,0.9799982097146995
760,0.3753712972853,1.7134765187616607,1.766190034116938,0.3433497928072954,1.027583269353482,0.9799982097146995
761,0.3752452438943427,1.7134810826680693,1.766190034116938,0.3430733485504661,1.027583269353482,0.9799982097146995
762,0.3748902357778161,1.7135250695917066,1.766190034116938,0.34312085147480864,1.027583269353482,0.9799982097146995
763,0.3749445826386089,1.7137025501158294,1.766190034116938,0.3430937945635993,1.027583269353482,0.9799982097146995
764,0.3743082790585574,1.713874389272602,1.766190034116938,0.3428139750108207,1.027583269353482,0.9799982097146995
765,0.3742421587163323,1.7139199874433773,1.766190034116938,0.34283102838033075,1.027583269353482,0.9799982097146995
766,0.3739815382078359,1.7139281620591165,1.766190034116938,0.34282775592327436,1.027583269353482,0.9799982097146995
767,0.3735009750970632,1.7139298395645817,1.766190034116938,0.34278220678006993,1.027583269353482,0.9799982097146995
768,0.37385885444670824,1.7139302746601037,1.766190034116938,0.34264322973052613,1.027583269353482,0.9799982097146995
769,0.3734592607651006,1.7139304075755974,1.766190034116938,0.3427493882781071,1.027583269353482,0.9799982097146995
770,0.3736781561546551,1.713930451430226,1.766190034116938,0.3426570694297436,1.027583269353482,0.9799982097146995
771,0.37313567628151695,1.7139304663187545,1.766190034116938,0.3426652931218614,1.027583269353482,0.9799982097146995
772,0.37309368670987114,1.713930471415299,1.766190034116938,0.3426816167946289,1.027583269353482,0.9799982097146995
773,0.3733031156645872,1.7139304731611267,1.766190034116938,0.3426484637558579,1.027583269353482,0.9799982097146995
774,0.37276295215848393,1.7139304737579584,1.766190034116938,0.3426956618231781,1.027583269353482,0.9799982097146995
775,0.37303780068963005,1.7139304739613854,1.766190034116938,0.3426019033383236,1.027583269353482,0.9799982097146995
776,0.37204872028933966,1.7139304740304921,1.766190034116938,0.3426795943832468,1.027583269353482,0.9799982097146995
777,0.37234525021195963,1.7139304740538872,1.766190034116938,0.3425708762244497,1.027583269353482,0.9799982097146995
778,0.3715786343501624,1.7139304740617793,1.766190034116938,0.3426580690549519,1.027583269353482,0.9799982097146995
779,0.3715584574159364,1.7139304740644326,1.766190034116938,0.34259607120896285,1.027583269353482,0.9799982097146995
780,0.37098265824621823,1.7139304740653212,1.766190034116938,0.3426451827931165,1.027583269353482,0.9799982097146995
781,0.3707362760493632,1.7139304740656172,1.766190034116938,0.3426787858846335,1.027583269353482,0.9799982097146995
782,0.37043345750254564,1.7139304740657162,1.766190034116938,0.3426246476822251,1.027583269353482,0.9799982097146995
783,0.36996071220337384,1.7139304740657488,1.766190034116938,0.3427537018904635,1.027583269353482,0.9799982097146995
784,0.3698628656347744,1.7139304740657595,1.766190034116938,0.34259886550493845,1.027583269353482,0.9799982097146995
785,0.36895087891576034,1.7139304740657633,1.766190034116938,0.34277886700958826,1.027583269353482,0.9799982097146995
786,0.36897669141843303,1.7139304740657644,1.766190034116938,0.3425613950004889,1.027583269353482,0.9799982097146995
787,0.3686706850867944,1.7139304740657646,1.766190034116938,0.3427522233211477,1.027583269353482,0.9799982097146995
788,0.3685796424308711,1.7139304740657646,1.766190034116938,0.3425041235277571,1.027583269353482,0.9799982097146995
789,0.36828170096805796,1.7139304740657646,1.766190034116938,0.3426711681044972,1.027583269353482,0.9799982097146995
790,0.3680861667350839,1.7139304740657646,1.766190034116938,0.34238318906931403,1.027583269353482,0.9799982097146995
791,0.3679730545191014,1.7139304740657646,1.766190034116938,0.3425100540649384,1.027583269353482,0.9799982097146995
792,0.3679639622367365,1.713930474065765,1.766190034116938,0.3421366835375086,1.027583269353482,0.9799982097146995
793,0.36791064481746427,1.7139304740657646,1.766190034116938,0.3422505965936561,1.027583269353482,0.9799982097146995
794,0.36746756244533674,1.7139304740657655,1.766190034116938,0.3417828276663705,1.027583269353482,0.9799982097146995
795,0.3675231151017169,1.7139304740657626,1.766190034116938,0.3419048735508326,1.027583269353482,0.9799982097146995
796,0.3672729100730946,1.7139304740657766,1.766190034116938,0.3414320587523435,1.027583269353482,0.9799982097146995
797,0.36718186603310565,1.713930474065711,1.766190034116938,0.3415429762388182,1.027583269353482,0.9799982097146995
798,0.36708899851134486,1.7139304740660197,1.766190034116938,0.3411386746601494,1.027583269353482,0.9799982097146995
799,0.36656072699745545,1.7139304740645342,1.766190034116938,0.3412309874261845,1.027583269353482,0.9799982097146995
800,0.36658997479347494,1.7139304740718255,1.766190034116938,0.340889259422488,1.027583269353482,0.9799982097146995
801,0.3656723108795909,1.7139304740353307,1.766190034116938,0.3409631677011822,1.027583269353482,0.9799982097146995
802,0.3654799208258377,1.713930474221694,1.766190034116938,0.340660568831271,1.027583269353482,0.9799982097146995
803,0.36504449176952397,1.7139304732515444,1.766190034116938,0.3407173288767267,1.027583269353482,0.9799982097146995
804,0.36442204845064996,1.7139304784304776,1.766190034116938,0.34043739771587583,1.027583269353482,0.9799982097146995
805,0.3643790565997174,1.7139304509270608,1.766190034116938,0.3404762572423474,1.027583269353482,0.9799982097146995
806,0.36352538510266685,1.7139306220147832,1.766190034116938,0.3402068993003987,1.027583269353482,0.9799982097146995
807,0.36362272321662653,1.7139302520072197,1.766190034116938,0.3402140952098909,1.027583269353482,0.9799982097146995
808,0.36288284956815714,1.7139496901751503,1.766190034116938,0.33995793522499357,1.027583269353482,0.9799982097146995
809,0.3626517762155932,1.7140390244947306,1.766190034116938,0.3399079673247485,1.027583269353482,0.9799982097146995
810,0.36307782107750614,1.7140662301674747,1.766190034116938,0.33968132346153157,1.027583269353482,0.9799982097146995
811,0.3625632525459329,1.7140659328857968,1.766190034116938,0.3395582356627564,1.027583269353482,0.9799982097146995
812,0.3630252052332781,1.71406615123899,1.766190034116938,0.3393553490375499,1.027583269353482,0.9799982097146995
813,0.36215458960016583,1.7140661175150202,1.766190034116938,0.3391671885547914,1.027583269353482,0.9799982097146995
814,0.36254307892231824,1.7140661237817363,1.766190034116938,0.33894277396142575,1.027583269353482,0.9799982097146995
815,0.36225681848667907,1.714066122638071,1.766190034116938,0.33872567515711843,1.027583269353482,0.9799982097146995
816,0.36213696781400884,1.7140661228509535,1.766190034116938,0.3384347024105516,1.027583269353482,0.9799982097146995
817,0.3621993189472648,1.7140661228108187,1.766190034116938,0.33825846385801206,1.027583269353482,0.9799982097146995
818,0.3619665179883143,1.7140661228184908,1.766190034116938,0.33790474641374135,1.027583269353482,0.9799982097146995
819,0.36187071300527784,1.7140661228170042,1.766190034116938,0.337832442624548,1.027583269353482,0.9799982097146995
820,0.3615208665106881,1.7140661228172964,1.766190034116938,0.337462605803332,1.027583269353482,0.9799982097146995
821,0.3615526681482687,1.7140661228172382,1.766190034116938,0.33748781839529485,1.027583269353482,0.9799982097146995
822,0.361371090190409,1.71406612281725,1.766190034116938,0.33714489558313865,1.027583269353482,0.9799982097146995
823,0.3613628204630911,1.7140661228172476,1.766190034116938,0.33720064079829626,1.027583269353482,0.9799982097146995
824,0.3612355470775594,1.7140661228172482,1.766190034116938,0.3369465891842969,1.027583269353482,0.9799982097146995
825,0.36107146814232327,1.7140661228172482,1.766190034116938,0.3369098207253847,1.027583269353482,0.9799982097146995
826,0.3610713827158731,1.7140661228172482,1.766190034116938,0.3367843304541898,1.027583269353482,0.9799982097146995
827,0.3606810731103336,1.7140661228172482,1.766190034116938,0.3366677948944208,1.027583269353482,0.9799982097146995
828,0.3607294609378763,1.7140661228172482,1.766190034116938,0.3366258713486889,1.027583269353482,0.9799982097146995
829,0.35989794877966885,1.7140661228172482,1.766190034116938,0.3364490878154256,1.027583269353482,0.9799982097146995
830,0.35990621654682836,1.7140661228172482,1.766190034116938,0.3364597509653091,1.027583269353482,0.9799982097146995
831,0.35958672479265225,1.7140661228172482,1.766190034116938,0.3362436104107517,1.027583269353482,0.9799982097146995
832,0.35909536587291513,1.7140661228172482,1.766190034116938,0.33628290484270185,1.027583269353482,0.9799982097146995
833,0.3594659661372986,1.7140661228172482,1.766190034116938,0.3360540254243647,1.027583269353482,0.9799982097146995
834,0.3591276007078551,1.7140661228172482,1.766190034116938,0.33611527288089776,1.027583269353482,0.9799982097146995
835,0.3594559372566904,1.7140661228172482,1.766190034116938,0.3359060652723528,1.027583269353482,0.9799982097146995
836,0.35933116958101247,1.7140661228172482,1.766190034116938,0.33598605614090493,1.027583269353482,0.9799982097146995
837,0.3593373216725238,1.7140661228172482,1.766190034116938,0.33582578112198486,1.027583269353482,0.9799982097146995
838,0.3598033636695304,1.7140661228172482,1.766190034116938,0.3358925626499376,1.027583269353482,0.9799982097146995
839,0.3596662133145149,1.7140661228172482,1.766190034116938,0.3357915971033803,1.027583269353482,0.9799982097146995
840,0.35976502289445883,1.7140661228172482,1.766190034116938,0.3357990314063612,1.027583269353482,0.9799982097146995
841,0.35947633683425917,1.7140661228172482,1.766190034116938,0.33571722895627143,1.027583269353482,0.9799982097146995
842,0.35951056574764745,1.7140661228172482,1.766190034116938,0.33571189285736025,1.027583269353482,0.9799982097146995
843,0.3591514148959363,1.7140661228172482,1.766190034116938,0.3357025034042418,1.027583269353482,0.9799982097146995
844,0.35911602091988587,1.7140661228172482,1.766190034116938,0.3355404261549702,1.027583269353482,0.9799982097146995
845,0.3590117573269677,1.7140661228172482,1.766190034116938,0.335611019012204,1.027583269353482,0.9799982097146995
846,0.3589596920878182,1.7140661228172482,1.766190034116938,0.33547358007085587,1.027583269353482,0.9799982097146995
847,0.35891422872949075,1.7140661228172482,1.766190034116938,0.3353951379505685,1.027583269353482,0.9799982097146995
848,0.3587827439460616,1.7140661228172482,1.766190034116938,0.33544509802067163,1.027583269353482,0.9799982097146995
849,0.3588036626169672,1.7140661228172482,1.766190034116938,0.3352329000213165,1.027583269353482,0.9799982097146995
850,0.3586169553658219,1.7140661228172482,1.766190034116938,0.33523369711145246,1.027583269353482,0.9799982097146995
851,0.3584236787471068,1.7140661228172482,1.766190034116938,0.3352946717848491,1.027583269353482,0.9799982097146995
852,0.35844188480531186,1.7140661228172482,1.7661900341169376,0.3353678621083318,1.027583269353482,0.9799982097146995
853,0.3577854317481175,1.7140661228172482,1.7661900341169376,0.33539729483774366,1.027583269353482,0.9799982097146995
854,0.3579504569201574,1.7140661228172482,1.7661900341169376,0.33534537182427243,1.027583269353482,0.9799982097146995
855,0.35706593396026765,1.7140661228172482,1.7661900341169376,0.3352409141986076,1.027583269353482,0.9799982097146995
856,0.3570214914149802,1.7140661228172482,1.7661900341169376,0.33516687336218065,1.027583269353482,0.9799982097146995
857,0.3567473854869835,1.7140661228172482,1.7661900341169376,0.33518550510281353,1.027583269353482,0.9799982097146995
858,0.3564230419600059,1.7140661228172482,1.7661900341169376,0.33529131987093524,1.027583269353482,0.9799982097146995
859,0.3564483042849401,1.7140661228172482,1.7661900341169376,0.33543654394838707,1.027583269353482,0.9799982097146995
860,0.3563275623261395,1.7140661228172482,1.766190034116938,0.33554682868756885,1.027583269353482,0.9799982097146995
861,0.3563014391417509,1.7140661228172482,1.766190034116938,0.3355712450544348,1.027583269353482,0.9799982097146995
862,0.3562445342169981,1.7140661228172482,1.766190034116938,0.3355266445037303,1.027583269353482,0.9799982097146995
863,0.3562746998177907,1.7140661228172482,1.766190034116938,0.3354796086918894,1.027583269353482,0.9799982097146995
864,0.3562733534303629,1.7140661228172482,1.766190034116938,0.3354920499262734,1.027583269353482,0.9799982097146995
865,0.3563238084633057,1.7140661228172482,1.766190034116938,0.3355784809483381,1.027583269353482,0.9799982097146995
866,0.35635488404434235,1.7140661228172482,1.766190034116938,0.3357018878622652,1.027583269353482,0.9799982097146995
867,0.3564474929948217,1.7140661228172482,1.766190034116938,0.3357988305853293,1.027583269353482,0.9799982097146995
868,0.3564453602847486,1.7140661228172482,1.766190034116938,0.3358196527067205,1.027583269353482,0.9799982097146995
869,0.3563736635464675,1.7140661228172482,1.766190034116938,0.3357591566048112,1.027583269353482,0.9799982097146995
870,0.3563625763664955,1.7140661228172482,1.766190034116938,0.3356646565128001,1.027583269353482,0.9799982097146995
871,0.35637913674748495,1.7140661228172482,1.766190034116938,0.3356146440951789,1.027583269353482,0.9799982097146995
872,0.3566348508929304,1.7140661228172482,1.766190034116938,0.33567425752963065,1.027583269353482,0.9799982097146995
873,0.3564621348991758,1.7140661228172482,1.766190034116938,0.3358485639993605,1.027583269353482,0.9799982097146995
874,0.3562810737855752,1.7140661228172482,1.766190034116938,0.33608921861464514,1.027583269353482,0.9799982097146995
875,0.3563084668967106,1.7140661228172482,1.766190034116938,0.3363193311332289,1.027583269353482,0.9799982097146995
876,0.3563196997397392,1.7140661228172482,1.766190034116938,0.33646677334979574,1.027583269353482,0.9799982097146995
877,0.356495566190064,1.7140661228172482,1.766190034116938,0.3365015754486552,1.027583269353482,0.9799982097146995
878,0.3563384117358345,1.7140661228172482,1.766190034116938,0.3364588362369877,1.027583269353482,0.9799982097146995
879,0.3562108374880822,1.7140661228172482,1.766190034116938,0.33642269125337293,1.027583269353482,0.9799982097146995
880,0.3562049813270758,1.7140661228172482,1.766190034116938,0.33647908620711126,1.027583269353482,0.9799982097146995
881,0.3557465502503685,1.7140661228172482,1.766190034116938,0.33666810865596913,1.027583269353482,0.9799982097146995
882,0.35557645337994004,1.7140661228172482,1.766190034116938,0.3369609733075121,1.027583269353482,0.9799982097146995
883,0.355416373635718,1.7140661228172482,1.766190034116938,0.3372706094810199,1.027583269353482,0.9799982097146995
884,0.35502029642910593,1.7140661228172482,1.766190034116938,0.33749712926556474,1.027583269353482,0.9799982097146995
885,0.35490892149166925,1.7140661228172482,1.766190034116938,0.3375886537633676,1.027583269353482,0.9799982097146995
886,0.3538483534140921,1.7140661228172482,1.766190034116938,0.33757737000334337,1.027583269353482,0.9799982097146995
887,0.3537979302669199,1.7140661228172482,1.766190034116938,0.3375604170004912,1.027583269353482,0.9799982097146995
888,0.35308919393607363,1.7140661228172482,1.766190034116938,0.33763761173279205,1.027583269353482,0.9799982097146995
889,0.35245724027534686,1.7140661228172482,1.766190034116938,0.3378451884527117,1.027583269353482,0.9799982097146995
890,0.3526487889226702,1.7140661228172482,1.766190034116938,0.3381308873760218,1.027583269353482,0.9799982097146995
891,0.35191578330158246,1.7140661228172482,1.766190034116938,0.33838816747833667,1.027583269353482,0.9799982097146995
892,0.35209488093232305,1.7140661228172482,1.766190034116938,0.3385300564804796,1.027583269353482,0.9799982097146995
893,0.35139015649876454,1.7140661228172482,1.766190034116938,0.3385482799752336,1.027583269353482,0.9799982097146995
894,0.3510186572236395,1.7140661228172482,1.766190034116938,0.3385175910215939,1.027583269353482,0.9799982097146995
895,0.3509322016697667,1.7140661228172482,1.766190034116938,0.3385493197844145,1.027583269353482,0.9799982097146995
896,0.3499214906245193,1.7140661228172482,1.766190034116938,0.3387167339046185,1.027583269353482,0.9799982097146995
897,0.3502167414603874,1.7140661228172482,1.766190034116938,0.33900848611656226,1.027583269353482,0.9799982097146995
898,0.34924394386500385,1.7140661228172482,1.766190034116938,0.33933191115584826,1.027583269353482,0.9799982097146995
899,0.3493670890794121,1.7140661228172482,1.766190034116938,0.33956978420311185,1.027583269353482,0.9799982097146995
900,0.3492114654902841,1.7140661228172482,1.766190034116938,0.33965868885782396,1.027583269353482,0.9799982097146995
901,0.34891612447480336,1.7140661228172482,1.766190034116938,0.33963489053874224,1.027583269353482,0.9799982097146995
902,0.349074092974942,1.7140661228172482,1.766190034116938,0.3396095273883297,1.027583269353482,0.9799982097146995
903,0.34886239614158443,1.7140661228172482,1.766190034116938,0.3396894410757319,1.027583269353482,0.9799982097146995
904,0.34888401603969627,1.7140661228172482,1.766190034116938,0.33991493462798783,1.027583269353482,0.9799982097146995
905,0.34858940783738834,1.7140661228172482,1.766190034116938,0.340230928278167,1.027583269353482,0.9799982097146995
906,0.34855784678638385,1.7140661228172482,1.766190034116938,0.3405170424461187,1.027583269353482,0.9799982097146995
907,0.34838530348639657,1.7140661228172482,1.766190034116938,0.34066708867981726,1.027583269353482,0.9799982097146995
908,0.34810595161522484,1.7140661228172482,1.766190034116938,0.34066397590079167,1.027583269353482,0.9799982097146995
909,0.3482063184522519,1.7140661228172482,1.766190034116938,0.3405893351688917,1.027583269353482,0.9799982097146995
910,0.3480153699934655,1.7140661228172482,1.766190034116938,0.3405644969225267,1.027583269353482,0.9799982097146995
911,0.3479911579836156,1.7140661228172482,1.766190034116938,0.3406650287371996,1.027583269353482,0.9799982097146995
912,0.34733406506713776,1.7140661228172482,1.766190034116938,0.34089072346993476,1.027583269353482,0.9799982097146995
913,0.34725289867668285,1.7140661228172482,1.766190034116938,0.3411596567202648,1.027583269353482,0.9799982097146995
914,0.34696097139156373,1.7140661228172482,1.766190034116938,0.34135842065368965,1.027583269353482,0.9799982097146995
915,0.3468669652669319,1.7140661228172482,1.766190034116938,0.3414141224353805,1.027583269353482,0.9799982097146995
916,0.34669879996556024,1.7140661228172482,1.766190034116938,0.34134066985073425,1.027583269353482,0.9799982097146995
917,0.3463090946659265,1.7140661228172482,1.766190034116938,0.3412307835886217,1.027583269353482,0.9799982097146995
918,0.3463047621432062,1.7140661228172482,1.766190034116938,0.34119696632225344,1.027583269353482,0.9799982097146995
919,0.34607852998203004,1.7140661228172482,1.766190034116938,0.34129805391388707,1.027583269353482,0.9799982097146995
920,0.3457645570017761,1.7140661228172482,1.766190034116938,0.3415160038327269,1.027583269353482,0.9799982097146995
921,0.34595952832808613,1.7140661228172482,1.766190034116938,0.341766802098958,1.027583269353482,0.9799982097146995
922,0.3454491897925643,1.7140661228172482,1.766190034116938,0.3419476729941964,1.027583269353482,0.9799982097146995
923,0.3456213872337277,1.7140661228172482,1.766190034116938,0.3419918585607858,1.027583269353482,0.9799982097146995
924,0.3453289536451693,1.7140661228172482,1.766190034116938,0.34191023531448594,1.027583269353482,0.9799982097146995
925,0.34508362765389655,1.7140661228172482,1.766190034116938,0.3417955026310707,1.027583269353482,0.9799982097146995
926,0.3453638610135801,1.7140661228172482,1.766190034116938,0.3417728595666204,1.027583269353482,0.9799982097146995
927,0.3451607595938557,1.7140661228172482,1.766190034116938,0.3419245940684547,1.027583269353482,0.9799982097146995
928,0.3452470234045802,1.7140661228172482,1.766190034116938,0.3422258719715014,1.027583269353482,0.9799982097146995
929,0.3450882896069763,1.7140661228172482,1.766190034116938,0.3425531972757473,1.027583269353482,0.9799982097146995
930,0.3450906764682173,1.7140661228172482,1.766190034116938,0.3427560679729275,1.027583269353482,0.9799982097146995
931,0.34514057006760523,1.7140661228172482,1.766190034116938,0.3427624612213274,1.027583269353482,0.9799982097146995
932,0.34514847626345097,1.7140661228172482,1.766190034116938,0.3426447656123626,1.027583269353482,0.9799982097146995
933,0.3450988895678117,1.7140661228172482,1.766190034116938,0.3425783885962362,1.027583269353482,0.9799982097146995
934,0.345041514120929,1.7140661228172482,1.766190034116938,0.34271306490296927,1.027583269353482,0.9799982097146995
935,0.34497803757140477,1.7140661228172482,1.766190034116938,0.3430568758671694,1.027583269353482,0.9799982097146995
936,0.344353592967583,1.7140661228172482,1.766190034116938,0.34347549865683935,1.027583269353482,0.9799982097146995
937,0.3442534406642798,1.7140661228172482,1.766190034116938,0.3437875987704494,1.027583269353482,0.9799982097146995
938,0.34399793762239483,1.7140661228172482,1.766190034116938,0.34387968676014097,1.027583269353482,0.9799982097146995
939,0.34387028286343024,1.7140661228172482,1.766190034116938,0.34377664427800814,1.027583269353482,0.9799982097146995
940,0.3436239174091382,1.7140661228172482,1.766190034116938,0.34362909498494654,1.027583269353482,0.9799982097146995
941,0.3430104310383367,1.7140661228172482,1.766190034116938,0.3436153735589169,1.027583269353482,0.9799982097146995
942,0.343044378360523,1.7140661228172482,1.766190034116938,0.34380808220494813,1.027583269353482,0.9799982097146995
943,0.34236627478463755,1.7140661228172482,1.766190034116938,0.3441679027885437,1.027583269353482,0.9799982097146995
944,0.3422587049762902,1.7140661228172482,1.766190034116938,0.3445551472292536,1.027583269353482,0.9799982097146995
945,0.3419722609151667,1.7140661228172482,1.766190034116938,0.3448111602837656,1.027583269353482,0.9799982097146995
946,0.34153375489557686,1.7140661228172482,1.766190034116938,0.3448603253999024,1.027583269353482,0.9799982097146995
947,0.3415433484357964,1.7140661228172482,1.766190034116938,0.34475499835381096,1.027583269353482,0.9799982097146995
948,0.34127113897086003,1.7140661228172482,1.766190034116938,0.34463103924550487,1.027583269353482,0.9799982097146995
949,0.3411287816607723,1.7140661228172482,1.766190034116938,0.3446173875227167,1.027583269353482,0.9799982097146995
950,0.34115375856932817,1.7140661228172482,1.766190034116938,0.3447331186957618,1.027583269353482,0.9799982097146995
951,0.3408896225955917,1.7140661228172482,1.766190034116938,0.34494334481942274,1.027583269353482,0.9799982097146995
952,0.3409052206809799,1.7140661228172482,1.766190034116938,0.3451490205458966,1.027583269353482,0.9799982097146995
953,0.34028410476712206,1.7140661228172482,1.766190034116938,0.3452410326123329,1.027583269353482,0.9799982097146995
954,0.34011045644210225,1.7140661228172482,1.766190034116938,0.34516955630251267,1.027583269353482,0.9799982097146995
955,0.3402925974609453,1.7140661228172482,1.766190034116938,0.3449777747361693,1.027583269353482,0.9799982097146995
956,0.3400541699529779,1.7140661228172482,1.766190034116938,0.34477834424927245,1.027583269353482,0.9799982097146995
957,0.34025102715264616,1.7140661228172482,1.766190034116938,0.3446893903420571,1.027583269353482,0.9799982097146995
958,0.3401736178522992,1.7140661228172482,1.766190034116938,0.3447667776140506,1.027583269353482,0.9799982097146995
959,0.3401691639380765,1.7140661228172482,1.766190034116938,0.3449720883565358,1.027583269353482,0.9799982097146995
960,0.3403876980647678,1.7140661228172482,1.766190034116938,0.34519744040910594,1.027583269353482,0.9799982097146995
961,0.34005281738428056,1.7140661228172482,1.766190034116938,0.3453248914217142,1.027583269353482,0.9799982097146995
962,0.3406181640401027,1.7140661228172482,1.766190034116938,0.3452879346230752,1.027583269353482,0.9799982097146995
963,0.3404908796963962,1.7140661228172482,1.766190034116938,0.3451060524016377,1.027583269353482,0.9799982097146995
964,0.3406677286475656,1.7140661228172482,1.766190034116938,0.3448736561062992,1.027583269353482,0.9799982097146995
965,0.3407844184732055,1.7140661228172482,1.766190034116938,0.3447078776198869,1.027583269353482,0.9799982097146995
966,0.3405637429742014,1.7140661228172482,1.766190034116938,0.34468688248696827,1.027583269353482,0.9799982097146995
967,0.3408742697621533,1.7140661228172482,1.766190034116938,0.34481108971287755,1.027583269353482,0.9799982097146995
968,0.34063399397081373,1.7140661228172482,1.766190034116938,0.3450113847920497,1.027583269353482,0.9799982097146995
969,0.34082708476506146,1.7140661228172482,1.766190034116938,0.3451790501826356,1.027583269353482,0.9799982097146995
970,0.34103775573334066,1.7140661228172482,1.766190034116938,0.34521873334909176,1.027583269353482,0.9799982097146995
971,0.34103823743359385,1.7140661228172482,1.766190034116938,0.34509597665251635,1.027583269353482,0.9799982097146995
972,0.34105852067507075,1.7140661228172482,1.766190034116938,0.3448539628219813,1.027583269353482,0.9799982097146995
973,0.34098374490440125,1.7140661228172482,1.766190034116938,0.34459147494308834,1.027583269353482,0.9799982097146995
974,0.34106793857648965,1.7140661228172482,1.766190034116938,0.3444140561036604,1.027583269353482,0.9799982097146995
975,0.34081637583088736,1.7140661228172482,1.766190034116938,0.3443821011263031,1.027583269353482,0.9799982097146995
976,0.3408566535059039,1.7140661228172482,1.766190034116938,0.34447907653797066,1.027583269353482,0.9799982097146995
977,0.34089144743824623,1.7140661228172482,1.766190034116938,0.344637914538233,1.027583269353482,0.9799982097146995
978,0.3406080902021221,1.7140661228172482,1.766190034116938,0.34475959441506204,1.027583269353482,0.9799982097146995
979,0.340813071329248,1.7140661228172482,1.766190034116938,0.3447583112612644,1.027583269353482,0.9799982097146995
980,0.340518326129274,1.7140661228172482,1.766190034116938,0.3446004825000991,1.027583269353482,0.9799982097146995
981,0.34055055873802714,1.7140661228172482,1.766190034116938,0.3443195114223582,1.027583269353482,0.9799982097146995
982,0.3400739828390321,1.7140661228172482,1.766190034116938,0.34399907102369964,1.027583269353482,0.9799982097146995
983,0.3399882990413819,1.7140661228172482,1.766190034116938,0.3437351040865829,1.027583269353482,0.9799982097146995
984,0.33992354723425555,1.7140661228172482,1.766190034116938,0.3435958769466791,1.027583269353482,0.9799982097146995
985,0.33980026151664683,1.7140661228172482,1.766190034116938,0.34359475839891085,1.027583269353482,0.9799982097146995
986,0.3398694771054323,1.7140661228172482,1.766190034116938,0.3436355592012042,1.027583269353482,0.9799982097146995
987,0.339991497401772,1.7140661228172482,1.766190034116938,0.3437077024907504,1.027583269353482,0.9799982097146995
988,0.3399817834153906,1.7140661228172482,1.766190034116938,0.34379525296308505,1.027583269353482,0.9799982097146995
989,0.34031315163954307,1.7140661228172482,1.766190034116938,0.3438783172708168,1.027583269353482,0.9799982097146995
990,0.340234937295988,1.7140661228172482,1.766190034116938,0.343935624879577,1.027583269353482,0.9799982097146995
991,0.34040843640995144,1.7140661228172482,1.766190034116938,0.3439485529889079,1.027583269353482,0.9799982097146995
992,0.3399529478915838,1.7140661228172482,1.766190034116938,0.34390569962651796,1.027583269353482,0.9799982097146995
993,0.34005137096591626,1.7140661228172482,1.766190034116938,0.3438062672869412,1.027583269353482,0.9799982097146995
994,0.3397090675635362,1.7140661228172482,1.766190034116938,0.3436607225289681,1.027583269353482,0.9799982097146995
995,0.33933126335497,1.7140661228172482,1.766190034116938,0.34348845884492657,1.027583269353482,0.9799982097146995
996,0.3391676168718466,1.7140661228172482,1.766190034116938,0.3433135144135676,1.027583269353482,0.9799982097146995
997,0.3382301209266551,1.7140661228172482,1.766190034116938,0.3431598322915606,1.027583269353482,0.9799982097146995
998,0.3384057785422111,1.7140661228172482,1.766190034116938,0.34304713023744643,1.027583269353482,0.9799982097146995
999,0.3380362073041139,1.7140661228172482,1.766190034116938,0.342987851930322,1.027583269353482,0.9799982097146995
1000,0.33802204653091206,1.7140661228172482,1.766190034116938,0.3429853579394358,1.027583269353482,0.9799982097146995
1001,0.33749202521685706,1.7140661228172482,1.766190034116938,0.34303061973261917,1.027583269353482,0.9799982097146995
1002,0.3372176965295781,1.7140661228172482,1.766190034116938,0.3431117518471568,1.027583269353482,0.9799982097146995
1003,0.33707342760943904,1.7140661228172482,1.766190034116938,0.34321147094217275,1.027583269353482,0.9799982097146995
1004,0.33678261205601046,1.7140661228172482,1.766190034116938,0.3433097744588379,1.027583269353482,0.9799982097146995
1005,0.3367829465462042,1.7140661228172482,1.766190034116938,0.3433870087854106,1.027583269353482,0.9799982097146995
1006,0.3364282025272497,1.7140661228172482,1.766190034116938,0.3434269118058998,1.027583269353482,0.9799982097146995
1007,0.3365995222160572,1.7140661228172482,1.766190034116938,0.3434191898324161,1.027583269353482,0.9799982097146995
1008,0.33602210255604714,1.7140661228172482,1.766190034116938,0.34336123713527,1.027583269353482,0.9799982097146995
1009,0.33587926417447816,1.7140661228172482,1.766190034116938,0.3432586692766274,1.027583269353482,0.9799982097146995
1010,0.33561608466908044,1.7140661228172482,1.766190034116938,0.3431244497298658,1.027583269353482,0.9799982097146995
1011,0.3351022657289768,1.7140661228172482,1.766190034116938,0.3429766177210802,1.027583269353482,0.9799982097146995
1012,0.3351809654785202,1.7140661228172482,1.766190034116938,0.34283498359191505,1.027583269353482,0.9799982097146995
1013,0.33426922909774726,1.7140661228172482,1.766190034116938,0.3427175071681617,1.027583269353482,0.9799982097146995
1014,0.3342636605892377,1.7140661228172482,1.766190034116938,0.3426371949596605,1.027583269353482,0.9799982097146995
1015,0.3335954106620296,1.7140661228172482,1.766190034116938,0.3426001361152309,1.027583269353482,0.9799982097146995
1016,0.33259738038309794,1.7140661228172482,1.766190034116938,0.3426048403164903,1.027583269353482,0.9799982097146995
1017,0.33258969072161026,1.7140661228172482,1.766190034116938,0.3426452396664148,1.027583269353482,0.9799982097146995
1018,0.3314260078559177,1.7140661228172482,1.766190034116938,0.3427063369275165,1.027583269353482,0.9799982097146995
1019,0.33124354943624396,1.7140661228172482,1.766190034116938,0.34276917026296877,1.027583269353482,0.9799982097146995
1020,0.33047206787444466,1.7140661228172482,1.766190034116938,0.3428141637647132,1.027583269353482,0.9799982097146995
1021,0.3295416476755708,1.7140661228172482,1.766190034116938,0.34282470567180084,1.027583269353482,0.9799982097146995
1022,0.32955725016302806,1.7140661228172482,1.766190034116938,0.3427904004375174,1.027583269353482,0.9799982097146995
1023,0.32868757308617513,1.7140661228172482,1.766190034116938,0.3427092429495109,1.027583269353482,0.9799982097146995
1024,0.3287042862811431,1.7140661228172482,1.766190034116938,0.3425880832720183,1.027583269353482,0.9799982097146995
1025,0.32785246756279035,1.7140661228172482,1.766190034116938,0.34244120471088124,1.027583269353482,0.9799982097146995
1026,0.32755946246011564,1.7140661228172482,1.766190034116938,0.342287413488552,1.027583269353482,0.9799982097146995
1027,0.32770825259041436,1.7140661228172482,1.766190034116938,0.34214642527370864,1.027583269353482,0.9799982097146995
1028,0.32732652159988546,1.7140661228172482,1.766190034116938,0.3420353751031063,1.027583269353482,0.9799982097146995
1029,0.3276130116900796,1.7140661228172482,1.766190034116938,0.3419660596213361,1.027583269353482,0.9799982097146995
1030,0.32757634339892655,1.7140661228172482,1.766190034116938,0.3419432484580618,1.027583269353482,0.9799982097146995
1031,0.3275539386110583,1.7140661228172482,1.766190034116938,0.34196428155022623,1.027583269353482,0.9799982097146995
1032,0.32793285044757636,1.7140661228172482,1.766190034116938,0.34201897325305197,1.027583269353482,0.9799982097146995
1033,0.32757126902296374,1.7140661228172482,1.766190034116938,0.3420923746739018,1.027583269353482,0.9799982097146995
1034,0.32805703383834445,1.7140661228172482,1.766190034116938,0.3421671682930153,1.027583269353482,0.9799982097146995
1035,0.3278016755648963,1.7140661228172482,1.766190034116938,0.34222651533271126,1.027583269353482,0.9799982097146995
1036,0.32792172535977565,1.7140661228172482,1.766190034116938,0.3422567335313284,1.027583269353482,0.9799982097146995
1037,0.3277459956654596,1.7140661228172482,1.766190034116938,0.3422493595016428,1.027583269353482,0.9799982097146995
1038,0.3277071747284215,1.7140661228172482,1.766190034116938,0.34220229562283283,1.027583269353482,0.9799982097146995
1039,0.327498585157667,1.7140661228172482,1.766190034116938,0.3421199101252445,1.027583269353482,0.9799982097146995
1040,0.32727825695923013,1.7140661228172482,1.766190034116938,0.34201211956919814,1.027583269353482,0.9799982097146995
1041,0.32737950021280693,1.7140661228172482,1.766190034116938,0.34189262625548655,1.027583269353482,0.9799982097146995
1042,0.3272716728111676,1.7140661228172482,1.766190034116938,0.34177660511164065,1.027583269353482,0.9799982097146995
1043,0.3273067922996502,1.7140661228172482,1.766190034116938,0.3416782164064497,1.027583269353482,0.9799982097146995
1044,0.3271783017059275,1.7140661228172482,1.766190034116938,0.3416083358279254,1.027583269353482,0.9799982097146995
1045,0.3269765848257938,1.7140661228172482,1.766190034116938,0.34157283120406606,1.027583269353482,0.9799982097146995
1046,0.3271701191795473,1.7140661228172482,1.766190034116938,0.3415715687223436,1.027583269353482,0.9799982097146995
1047,0.32675696088147016,1.7140661228172482,1.766190034116938,0.34159259934582525,1.027583269353482,0.9799982097146995
1048,0.326936015934794,1.7140661228172482,1.766190034116938,0.34163033655022035,1.027583269353482,0.9799982097146995
1049,0.32633548375517485,1.7140661228172482,1.766190034116938,0.34167656465491203,1.027583269353482,0.9799982097146995
1050,0.326308521643388,1.7140661228172482,1.766190034116938,0.3417212989126789,1.027583269353482,0.9799982097146995
1051,0.3263126810988162,1.7140661228172482,1.766190034116938,0.3417538596127195,1.027583269353482,0.9799982097146995
1052,0.32605001099657355,1.7140661228172482,1.766190034116938,0.3417641821700903,1.027583269353482,0.9799982097146995
1053,0.3261375915467886,1.7140661228172482,1.766190034116938,0.34174422012667866,1.027583269353482,0.9799982097146995
1054,0.3256391358849237,1.7140661228172482,1.766190034116938,0.3416892036008176,1.027583269353482,0.9799982097146995
1055,0.3258583851476435,1.7140661228172482,1.766190034116938,0.3415984980070186,1.027583269353482,0.9799982097146995
1056,0.32577109098045187,1.7140661228172482,1.766190034116938,0.34147588417973757,1.027583269353482,0.9799982097146995
1057,0.325661294059682,1.7140661228172482,1.766190034116938,0.34132921946174294,1.027583269353482,0.9799982097146995
1058,0.32572863966953525,1.7140661228172482,1.766190034116938,0.3411695725430597,1.027583269353482,0.9799982097146995
1059,0.3252342544531907,1.7140661228172482,1.766190034116938,0.3410099957096266,1.027583269353482,0.9799982097146995
1060,0.3254391691241098,1.7140661228172482,1.766190034116938,0.34086409661590755,1.027583269353482,0.9799982097146995
1061,0.3247014809520276,1.7140661228172482,1.766190034116938,0.3407445345485976,1.027583269353482,0.9799982097146995
1062,0.324827251445599,1.7140661228172482,1.766190034116938,0.34066154563969003,1.027583269353482,0.9799982097146995
1063,0.32432527211956946,1.7140661228172482,1.766190034116938,0.34062163204784063,1.027583269353482,0.9799982097146995
1064,0.32402977983177217,1.7140661228172482,1.766190034116938,0.34062668140249813,1.027583269353482,0.9799982097146995
1065,0.3240879489583361,1.7140661228172482,1.766190034116938,0.3406695685481429,1.027583269353482,0.9799982097146995
1066,0.32368946640473045,1.7140661228172482,1.766190034116938,0.34074237970020604,1.027583269353482,0.9799982097146995
1067,0.3238513432791407,1.7140661228172482,1.766190034116938,0.34083414370978704,1.027583269353482,0.9799982097146995
1068,0.32355899746332234,1.7140661228172482,1.766190034116938,0.34093195841422186,1.027583269353482,0.9799982097146995
1069,0.32356967009602566,1.7140661228172482,1.766190034116938,0.34102244239958274,1.027583269353482,0.9799982097146995
1070,0.32371955824018744,1.7140661228172482,1.766190034116938,0.34109325677707025,1.027583269353482,0.9799982097146995
1071,0.3233706186843118,1.7140661228172482,1.766190034116938,0.3411345060186464,1.027583269353482,0.9799982097146995
1072,0.3237824148009777,1.7140661228172482,1.766190034116938,0.34113987248043565,1.027583269353482,0.9799982097146995
1073,0.3233860533033169,1.7140661228172482,1.766190034116938,0.3411073769320195,1.027583269353482,0.9799982097146995
1074,0.32364351617729026,1.7140661228172482,1.766190034116938,0.34103967920653316,1.027583269353482,0.9799982097146995
1075,0.3235493819277931,1.7140661228172482,1.766190034116938,0.3409438503244604,1.027583269353482,0.9799982097146995
1076,0.3234817662041519,1.7140661228172482,1.766190034116938,0.3408305851887308,1.027583269353482,0.9799982097146995
1077,0.3234420695984605,1.7140661228172482,1.766190034116938,0.3407129013536225,1.027583269353482,0.9799982097146995
1078,0.3230477802411205,1.7140661228172482,1.766190034116938,0.3406044755699612,1.027583269353482,0.9799982097146995
1079,0.3233694292106299,1.7140661228172482,1.766190034116938,0.3405178669311259,1.027583269353482,0.9799982097146995
1080,0.3232964047410077,1.7140661228172482,1.766190034116938,0.34046291624150604,1.027583269353482,0.9799982097146995
1081,0.3234163272750514,1.7140661228172482,1.766190034116938,0.3404455778796645,1.027583269353482,0.9799982097146995
1082,0.3236206061103817,1.7140661228172482,1.766190034116938,0.3404674848246524,1.027583269353482,0.9799982097146995
1083,0.3233582948381035,1.7140661228172482,1.766190034116938,0.34052486823279077,1.027583269353482,0.9799982097146995
1084,0.32411951180315485,1.7140661228172482,1.766190034116938,0.34061003720550576,1.027583269353482,0.9799982097146995
1085,0.3239370411074077,1.7140661228172482,1.766190034116938,0.340712165403984,1.027583269353482,0.9799982097146995
1086,0.32426807301578636,1.7140661228172482,1.766190034116938,0.3408185035565122,1.027583269353482,0.9799982097146995
1087,0.32401373165438596,1.7140661228172482,1.766190034116938,0.3409158213699094,1.027583269353482,0.9799982097146995
1088,0.324037368263063,1.7140661228172482,1.766190034116938,0.3409919615096011,1.027583269353482,0.9799982097146995
1089,0.3242137408749808,1.7140661228172482,1.766190034116938,0.34103734547934295,1.027583269353482,0.9799982097146995
1090,0.3239801805675956,1.7140661228172482,1.766190034116938,0.341046221633891,1.027583269353482,0.9799982097146995
1091,0.32421483026089154,1.7140661228172482,1.766190034116938,0.34101743841514864,1.027583269353482,0.9799982097146995
1092,0.3242308350725314,1.7140661228172482,1.766190034116938,0.34095458985567173,1.027583269353482,0.9799982097146995
1093,0.324229910046132,1.7140661228172482,1.766190034116938,0.3408655041747952,1.027583269353482,0.9799982097146995
1094,0.32431872880185625,1.7140661228172482,1.766190034116938,0.34076118199489097,1.027583269353482,0.9799982097146995
1095,0.3243173721045201,1.7140661228172482,1.766190034116938,0.3406543836008093,1.027583269353482,0.9799982097146995
1096,0.3246719409525427,1.7140661228172482,1.766190034116938,0.34055808753851874,1.027583269353482,0.9799982097146995
1097,0.3248428992782813,1.7140661228172482,1.766190034116938,0.3404840086586342,1.027583269353482,0.9799982097146995
1098,0.32492562995398927,1.7140661228172482,1.766190034116938,0.34044131067449157,1.027583269353482,0.9799982097146995
1099,0.32504502063197077,1.7140661228172482,1.766190034116938,0.34043561853031473,1.027583269353482,0.9799982097146995
1100,0.32504565656502815,1.7140661228172482,1.766190034116938,0.34046891773282784,1.027583269353482,0.9799982097146995
1101,0.3246228150179417,1.7140661228172482,1.766190034116938,0.34053777400209545,1.027583269353482,0.9799982097146995
1102,0.3244546367057758,1.7140661228172482,1.766190034116938,0.3406345368867434,1.027583269353482,0.9799982097146995
1103,0.32442909656896074,1.7140661228172482,1.766190034116938,0.34074816711467387,1.027583269353482,0.9799982097146995
1104,0.32401903716656283,1.7140661228172482,1.766190034116938,0.34086553372366457,1.027583269353482,0.9799982097146995
1105,0.3240608037560819,1.7140661228172482,1.766190034116938,0.3409729912386104,1.027583269353482,0.9799982097146995
1106,0.32346623086417453,1.7140661228172482,1.766190034116938,0.34105802264380697,1.027583269353482,0.9799982097146995
1107,0.3234990576585651,1.7140661228172482,1.766190034116938,0.3411107364692088,1.027583269353482,0.9799982097146995
1108,0.3232745711892174,1.7140661228172482,1.766190034116938,0.3411250446616945,1.027583269353482,0.9799982097146995
1109,0.3231444286316367,1.7140661228172482,1.766190034116938,0.34109940017011453,1.027583269353482,0.9799982097146995
1110,0.3231622744007672,1.7140661228172482,1.766190034116938,0.34103702014564485,1.027583269353482,0.9799982097146995
1111,0.32298518579742597,1.7140661228172482,1.766190034116938,0.34094556003711557,1.027583269353482,0.9799982097146995
1112,0.3230047761335887,1.7140661228172482,1.766190034116938,0.34083624851993155,1.027583269353482,0.9799982097146995
1113,0.3226634151524491,1.7140661228172482,1.766190034116938,0.34072255626829384,1.027583269353482,0.9799982097146995
1114,0.3226283820911894,1.7140661228172482,1.766190034116938,0.34061854985380946,1.027583269353482,0.9799982097146995
1115,0.3225385891832611,1.7140661228172482,1.766190034116938,0.34053715111238847,1.027583269353482,0.9799982097146995
1116,0.32239736486964926,1.7140661228172482,1.766190034116938,0.34048854857004573,1.027583269353482,0.9799982097146995
1117,0.3223670789240587,1.7140661228172482,1.766190034116938,0.3404789626560748,1.027583269353482,0.9799982097146995
1118,0.32234228101460743,1.7140661228172482,1.766190034116938,0.34050949331117647,1.027583269353482,0.9799982097146995
1119,0.3222697220236872,1.7140661228172482,1.766190034116938,0.340577535137277,1.027583269353482,0.9799982097146995
1120,0.3218842012655219,1.7140661228172482,1.766190034116938,0.34067610248021624,1.027583269353482,0.9799982097146995
1121,0.32186667323143736,1.7140661228172482,1.766190034116938,0.3407946722147426,1.027583269353482,0.9799982097146995
1122,0.3218282087656322,1.7140661228172482,1.766190034116938,0.34092035182516767,1.027583269353482,0.9799982097146995
1123,0.32175238290728997,1.7140661228172482,1.766190034116938,0.3410393337728071,1.027583269353482,0.9799982097146995
1124,0.3218229564339641,1.7140661228172482,1.766190034116938,0.341138511643818,1.027583269353482,0.9799982097146995
1125,0.3215573847192454,1.7140661228172482,1.766190034116938,0.34120707419517415,1.027583269353482,0.9799982097146995
1126,0.32157539685689884,1.7140661228172482,1.766190034116938,0.34123785207509627,1.027583269353482,0.9799982097146995
1127,0.32156827277389816,1.7140661228172482,1.766190034116938,0.3412282005657715,1.027583269353482,0.9799982097146995
1128,0.32124450197436044,1.7140661228172482,1.766190034116938,0.34118027567391734,1.027583269353482,0.9799982097146995
1129,0.3215138114602244,1.7140661228172482,1.766190034116938,0.34110068098358415,1.027583269353482,0.9799982097146995
1130,0.3211170026496721,1.7140661228172482,1.766190034116938,0.3409995823509008,1.027583269353482,0.9799982097146995
1131,0.3212682710859416,1.7140661228172482,1.766190034116938,0.34088946125417435,1.027583269353482,0.9799982097146995
1132,0.3208065481731242,1.7140661228172482,1.766190034116938,0.34078368840812845,1.027583269353482,0.9799982097146995
1133,0.3207205346036463,1.7140661228172482,1.766190034116938,0.3406950652725448,1.027583269353482,0.9799982097146995
1134,0.3208207597898891,1.7140661228172482,1.766190034116938,0.34063443950496614,1.027583269353482,0.9799982097146995
1135,0.3207264418291013,1.7140661228172482,1.766190034116938,0.3406094816803525,1.027583269353482,0.9799982097146995
1136,0.3207804683283606,1.7140661228172482,1.766190034116938,0.34062370618125243,1.027583269353482,0.9799982097146995
1137,0.3206720138202596,1.7140661228172482,1.766190034116938,0.34067616782216315,1.027583269353482,0.9799982097146995
1138,0.32074250019043854,1.7140661228172482,1.766190034116938,0.3407611226660356,1.027583269353482,0.9799982097146995
1139,0.32075062008607735,1.7140661228172482,1.766190034116938,0.34086868450878166,1.027583269353482,0.9799982097146995
1140,0.320635642209217,1.7140661228172482,1.766190034116938,0.34098602142974344,1.027583269353482,0.9799982097146995
1141,0.32077381612896183,1.7140661228172482,1.766190034116938,0.34109900172928653,1.027583269353482,0.9799982097146995
1142,0.3205650761967247,1.7140661228172482,1.766190034116938,0.34119404368682116,1.027583269353482,0.9799982097146995
1143,0.32055924964045585,1.7140661228172482,1.766190034116938,0.3412598896853689,1.027583269353482,0.9799982097146995
1144,0.3200262260470316,1.7140661228172482,1.766190034116938,0.3412890617991356,1.027583269353482,0.9799982097146995
1145,0.32004643867078436,1.7140661228172482,1.766190034116938,0.34127882706513035,1.027583269353482,0.9799982097146995
1146,0.31966820362329296,1.7140661228172482,1.766190034116938,0.34123156825143736,1.027583269353482,0.9799982097146995
1147,0.31954534439060195,1.7140661228172482,1.766190034116938,0.34115450631875804,1.027583269353482,0.9799982097146995
1148,0.31926871983540017,1.7140661228172482,1.766190034116938,0.3410587701332337,1.027583269353482,0.9799982097146995
1149,0.3187537404884249,1.7140661228172482,1.766190034116938,0.34095788353767104,1.027583269353482,0.9799982097146995
1150,0.31877304010119695,1.7140661228172482,1.766190034116938,0.34086584602598835,1.027583269353482,0.9799982097146995
1151,0.3182932008277313,1.7140661228172482,1.766190034116938,0.3407950906970926,1.027583269353482,0.9799982097146995
1152,0.31826720664535973,1.7140661228172482,1.766190034116938,0.34075465570973473,1.027583269353482,0.9799982097146995
1153,0.31777559557155394,1.7140661228172482,1.766190034116938,0.34074883804032957,1.027583269353482,0.9799982097146995
1154,0.3175243279913428,1.7140661228172482,1.766190034116938,0.34077517463513274,1.027583269353482,0.9799982097146995
1155,0.31720948870936105,1.7140661228172482,1.766190034116938,0.34082934881155563,1.027583269353482,0.9799982097146995
1156,0.31646431696421345,1.7140661228172482,1.766190034116938,0.3409029033077364,1.027583269353482,0.9799982097146995
1157,0.31645749746831325,1.7140661228172482,1.766190034116938,0.34098441638384785,1.027583269353482,0.9799982097146995
1158,0.3158937525512102,1.7140661228172482,1.766190034116938,0.34106094349026556,1.027583269353482,0.9799982097146995
1159,0.315924746377777,1.7140661228172482,1.766190034116938,0.3411196990722853,1.027583269353482,0.9799982097146995
1160,0.3154825850160447,1.7140661228172482,1.766190034116938,0.34114981644597797,1.027583269353482,0.9799982097146995
1161,0.31551701070474136,1.7140661228172482,1.766190034116938,0.341143949113857,1.027583269353482,0.9799982097146995
1162,0.31533870367893135,1.7140661228172482,1.766190034116938,0.3410994356697435,1.027583269353482,0.9799982097146995
1163,0.31549747170555126,1.7140661228172482,1.766190034116938,0.34101878496076393,1.027583269353482,0.9799982097146995
1164,0.31552263990712814,1.7140661228172482,1.766190034116938,0.3409093656729816,1.027583269353482,0.9799982097146995
1165,0.31526417042254745,1.7140661228172482,1.766190034116938,0.34078236778649007,1.027583269353482,0.9799982097146995
1166,0.31535893010496757,1.7140661228172482,1.766190034116938,0.3406512652114721,1.027583269353482,0.9799982097146995
1167,0.31501877903649517,1.7140661228172482,1.766190034116938,0.3405300812172739,1.027583269353482,0.9799982097146995
1168,0.3147233429697575,1.7140661228172482,1.766190034116938,0.34043172607412403,1.027583269353482,0.9799982097146995
1169,0.3146515856771115,1.7140661228172482,1.766190034116938,0.34036658250225865,1.027583269353482,0.9799982097146995
1170,0.31405212785490216,1.7140661228172482,1.766190034116938,0.3403414300600824,1.027583269353482,0.9799982097146995
1171,0.31404385529288753,1.7140661228172482,1.766190034116938,0.34035886695807005,1.027583269353482,0.9799982097146995
1172,0.31337142313111027,1.7140661228172482,1.766190034116938,0.34041575477059266,1.027583269353482,0.9799982097146995
1173,0.3130474978517659,1.7140661228172482,1.766190034116938,0.34050484772895373,1.027583269353482,0.9799982097146995
1174,0.31290896395280093,1.7140661228172482,1.766190034116938,0.34061521756859925,1.027583269353482,0.9799982097146995
1175,0.3124874411217009,1.7140661228172482,1.766190034116938,0.34073346512665137,1.027583269353482,0.9799982097146995
1176,0.3125335225948562,1.7140661228172482,1.766190034116938,0.3408453530327874,1.027583269353482,0.9799982097146995
1177,0.3126573846484833,1.7140661228172482,1.766190034116938,0.3409376071502839,1.027583269353482,0.9799982097146995
1178,0.3125520733244342,1.7140661228172482,1.766190034116938,0.3409995829081153,1.027583269353482,0.9799982097146995
1179,0.3129145266014098,1.7140661228172482,1.766190034116938,0.3410245220041833,1.027583269353482,0.9799982097146995
1180,0.3127159089429285,1.7140661228172482,1.766190034116938,0.34101023264563884,1.027583269353482,0.9799982097146995
1181,0.3130443870297127,1.7140661228172482,1.766190034116938,0.3409591604329026,1.027583269353482,0.9799982097146995
1182,0.313004248787599,1.7140661228172482,1.766190034116938,0.34087792021265795,1.027583269353482,0.9799982097146995
1183,0.312983396460165,1.7140661228172482,1.766190034116938,0.3407764056123278,1.027583269353482,0.9799982097146995
1184,0.3130422121038374,1.7140661228172482,1.766190034116938,0.3406665952483701,1.027583269353482,0.9799982097146995
1185,0.3128827973830431,1.7140661228172482,1.766190034116938,0.34056116582876705,1.027583269353482,0.9799982097146995
1186,0.3127873548886458,1.7140661228172482,1.766190034116938,0.3404720291034659,1.027583269353482,0.9799982097146995
1187,0.3124802392607423,1.7140661228172482,1.766190034116938,0.3404089343114849,1.027583269353482,0.9799982097146995
1188,0.31243991533289656,1.7140661228172482,1.766190034116938,0.34037829699747113,1.027583269353482,0.9799982097146995
1189,0.31194089921021323,1.7140661228172482,1.766190034116938,0.34038236904162295,1.027583269353482,0.9799982097146995
1190,0.31189332679755705,1.7140661228172482,1.766190034116938,0.3404210851573799,1.027583269353482,0.9799982097146995
1191,0.3116699745084208,1.7140661228172482,1.766190034116938,0.3404881321141419,1.027583269353482,0.9799982097146995
1192,0.3114101491406341,1.7140661228172482,1.766190034116938,0.34057330853607,1.027583269353482,0.9799982097146995
1193,0.3114304744208494,1.7140661228172482,1.766190034116938,0.34066383332357625,1.027583269353482,0.9799982097146995
1194,0.3108832711361605,1.7140661228172482,1.766190034116938,0.34074587032800185,1.027583269353482,0.9799982097146995
1195,0.3109527358474939,1.7140661228172482,1.766190034116938,0.3408061296483081,1.027583269353482,0.9799982097146995
1196,0.31041619207070253,1.7140661228172482,1.766190034116938,0.34083341537460976,1.027583269353482,0.9799982097146995
1197,0.3100234686014027,1.7140661228172482,1.766190034116938,0.34082000047164673,1.027583269353482,0.9799982097146995
1198,0.309844201526714,1.7140661228172482,1.766190034116938,0.34076269157997585,1.027583269353482,0.9799982097146995
1199,0.30888227955457304,1.7140661228172482,1.766190034116938,0.3406634218249681,1.027583269353482,0.9799982097146995
1200,0.30905732180509293,1.7140661228172482,1.766190034116938,0.34052922209982456,1.027583269353482,0.9799982097146995
1201,0.3082274271500021,1.7140661228172482,1.766190034116938,0.3403715027125603,1.027583269353482,0.9799982097146995
1202,0.30820203294536574,1.7140661228172482,1.766190034116938,0.34020471777783773,1.027583269353482,0.9799982097146995
1203,0.30765475173668744,1.7140661228172482,1.766190034116938,0.3400446291887352,1.027583269353482,0.9799982097146995
1204,0.3071813913686846,1.7140661228172482,1.766190034116938,0.33990646764685745,1.027583269353482,0.9799982097146995
1205,0.30714568705884104,1.7140661228172482,1.766190034116938,0.3398032710058438,1.027583269353482,0.9799982097146995
1206,0.3063184227858578,1.7140661228172482,1.766190034116938,0.33974458950414205,1.027583269353482,0.9799982097146995
1207,0.3064563319183696,1.7140661228172482,1.766190034116938,0.33973566929615767,1.027583269353482,0.9799982097146995
1208,0.3058248933178102,1.7140661228172482,1.766190034116938,0.3397785702123449,1.027583269353482,0.9799982097146995
1209,0.30568266316590104,1.7140661228172482,1.766190034116938,0.33986729147252176,1.027583269353482,0.9799982097146995
1210,0.3054431489672423,1.7140661228172482,1.766190034116938,0.33999122556846606,1.027583269353482,0.9799982097146995
1211,0.3048881771473999,1.7140661228172482,1.766190034116938,0.3401360555007372,1.027583269353482,0.9799982097146995
1212,0.3049894170684448,1.7140661228172482,1.766190034116938,0.3402852760606495,1.027583269353482,0.9799982097146995
1213,0.30435780451454275,1.7140661228172482,1.766190034116938,0.3404221264449714,1.027583269353482,0.9799982097146995
1214,0.30444276916099183,1.7140661228172482,1.766190034116938,0.3405316889940976,1.027583269353482,0.9799982097146995
1215,0.30435639085246846,1.7140661228172482,1.766190034116938,0.3406028229316833,1.027583269353482,0.9799982097146995
1216,0.3042720669615655,1.7140661228172482,1.766190034116938,0.3406295968400921,1.027583269353482,0.9799982097146995
1217,0.304272173196992,1.7140661228172482,1.766190034116938,0.340611980675279,1.027583269353482,0.9799982097146995
1218,0.30403240455448144,1.7140661228172482,1.766190034116938,0.34055571715212524,1.027583269353482,0.9799982097146995
1219,0.30417933328450214,1.7140661228172482,1.766190034116938,0.34047144414039626,1.027583269353482,0.9799982097146995
1220,0.3040713027908458,1.7140661228172482,1.766190034116938,0.34037323269793324,1.027583269353482,0.9799982097146995
1221,0.30407004347114464,1.7140661228172482,1.766190034116938,0.3402767337386434,1.027583269353482,0.9799982097146995
1222,0.30388085388390784,1.7140661228172482,1.766190034116938,0.3401971229362801,1.027583269353482,0.9799982097146995
1223,0.3036674555544324,1.7140661228172482,1.766190034116938,0.3401470366715138,1.027583269353482,0.9799982097146995
1224,0.3036761415240137,1.7140661228172482,1.766190034116938,0.34013469868272694,1.027583269353482,0.9799982097146995
1225,0.3032871217730151,1.7140661228172482,1.766190034116938,0.340161889973454,1.027583269353482,0.9799982097146995
1226,0.30336727635280214,1.7140661228172482,1.766190034116938,0.34022625182738575,1.027583269353482,0.9799982097146995
1227,0.3031649349481633,1.7140661228172482,1.766190034116938,0.34031944510466955,1.027583269353482,0.9799982097146995
1228,0.30314693692862604,1.7140661228172482,1.766190034116938,0.34042842664095674,1.027583269353482,0.9799982097146995
1229,0.30308638871062327,1.7140661228172482,1.766190034116938,0.3405373811711862,1.027583269353482,0.9799982097146995
1230,0.30308500635875796,1.7140661228172482,1.766190034116938,0.3406301349668611,1.027583269353482,0.9799982097146995
1231,0.30292140669713785,1.7140661228172482,1.766190034116938,0.34069264352133666,1.027583269353482,0.9799982097146995
1232,0.30256534280628994,1.7140661228172482,1.766190034116938,0.3407151334144826,1.027583269353482,0.9799982097146995
1233,0.3026229070945938,1.7140661228172482,1.766190034116938,0.34069356880638657,1.027583269353482,0.9799982097146995
1234,0.30254957946531236,1.7140661228172482,1.766190034116938,0.34063025095908106,1.027583269353482,0.9799982097146995
1235,0.3025431167715399,1.7140661228172482,1.766190034116938,0.3405334995432108,1.027583269353482,0.9799982097146995
1236,0.302127209224205,1.7140661228172482,1.766190034116938,0.3404164862483175,1.027583269353482,0.9799982097146995
1237,0.3017012941951031,1.7140661228172482,1.766190034116938,0.34029539349066595,1.027583269353482,0.9799982097146995
1238,0.30174722537723797,1.7140661228172482,1.766190034116938,0.34018715626405144,1.027583269353482,0.9799982097146995
1239,0.3013850940352372,1.7140661228172482,1.766190034116938,0.3401071065081613,1.027583269353482,0.9799982097146995
1240,0.30141295057727546,1.7140661228172482,1.766190034116938,0.340066862872127,1.027583269353482,0.9799982097146995
1241,0.30137929636591515,1.7140661228172482,1.766190034116938,0.34007280686506225,1.027583269353482,0.9799982097146995
1242,0.3012898389253779,1.7140661228172482,1.766190034116938,0.34012379330086373,1.027583269353482,0.9799982097146995
1243,0.30148307743609437,1.7140661228172482,1.766190034116938,0.3402139190449324,1.027583269353482,0.9799982097146995
1244,0.30137508875087926,1.7140661228172482,1.766190034116938,0.3403324218773159,1.027583269353482,0.9799982097146995
1245,0.301584021719199,1.7140661228172482,1.766190034116938,0.3404650695325014,1.027583269353482,0.9799982097146995
1246,0.3017820568363843,1.7140661228172482,1.766190034116938,0.3405959844254121,1.027583269353482,0.9799982097146995
1247,0.3017550156128352,1.7140661228172482,1.766190034116938,0.34070966315069223,1.027583269353482,0.9799982097146995
1248,0.3020779152108544,1.7140661228172482,1.766190034116938,0.3407929450359328,1.027583269353482,0.9799982097146995
1249,0.30191979061576524,1.7140661228172482,1.766190034116938,0.340836684301179,1.027583269353482,0.9799982097146995
1250,0.30205416991882705,1.7140661228172482,1.766190034116938,0.34083690526403476,1.027583269353482,0.9799982097146995
1251,0.30173763402367115,1.7140661228172482,1.766190034116938,0.3407952777600162,1.027583269353482,0.9799982097146995
1252,0.30179938066095857,1.7140661228172482,1.766190034116938,0.34071883980564616,1.027583269353482,0.9799982097146995
1253,0.3016181801510365,1.7140661228172482,1.766190034116938,0.34061900400160705,1.027583269353482,0.9799982097146995
1254,0.3016291435093547,1.7140661228172482,1.766190034116938,0.3405099913661896,1.027583269353482,0.9799982097146995
1255,0.3012810668572398,1.7140661228172482,1.766190034116938,0.340406917475284,1.027583269353482,0.9799982097146995
1256,0.3012367950498573,1.7140661228172482,1.766190034116938,0.3403237940386857,1.027583269353482,0.9799982097146995
1257,0.3010958520905248,1.7140661228172482,1.766190034116938,0.34027169803084206,1.027583269353482,0.9799982097146995
1258,0.3010314890594193,1.7140661228172482,1.766190034116938,0.34025728740553457,1.027583269353482,0.9799982097146995
1259,0.30098993653098566,1.7140661228172482,1.766190034116938,0.3402812033058761,1.027583269353482,0.9799982097146995
1260,0.30045355258616546,1.7140661228172482,1.766190034116938,0.3403411815675647,1.027583269353482,0.9799982097146995
1261,0.30023339186202097,1.7140661228172482,1.766190034116938,0.3404295552088909,1.027583269353482,0.9799982097146995
1262,0.30039246984303575,1.7140661228172482,1.766190034116938,0.34053441767308323,1.027583269353482,0.9799982097146995
1263,0.2999716573570773,1.7140661228172482,1.766190034116938,0.34064112741473934,1.027583269353482,0.9799982097146995
1264,0.3001389758888524,1.7140661228172482,1.766190034116938,0.34073425648924965,1.027583269353482,0.9799982097146995
1265,0.29941930592954924,1.7140661228172482,1.766190034116938,0.3407997645881473,1.027583269353482,0.9799982097146995
1266,0.29953127206774255,1.7140661228172482,1.766190034116938,0.34082707203715157,1.027583269353482,0.9799982097146995
1267,0.29939296198223364,1.7140661228172482,1.766190034116938,0.3408106712342579,1.027583269353482,0.9799982097146995
1268,0.2992819699762687,1.7140661228172482,1.766190034116938,0.3407509736163703,1.027583269353482,0.9799982097146995
1269,0.29919250009685205,1.7140661228172482,1.766190034116938,0.34065423489440644,1.027583269353482,0.9799982097146995
1270,0.2991172356798251,1.7140661228172482,1.766190034116938,0.34053159379934117,1.027583269353482,0.9799982097146995
1271,0.2989721537392205,1.7140661228172482,1.766190034116938,0.3403974346206923,1.027583269353482,0.9799982097146995
1272,0.2986041721621414,1.7140661228172482,1.766190034116938,0.34026738521679917,1.027583269353482,0.9799982097146995
1273,0.2986068476967518,1.7140661228172482,1.766190034116938,0.3401562693824337,1.027583269353482,0.9799982097146995
1274,0.2980995059963228,1.7140661228172482,1.766190034116938,0.3400762665255482,1.027583269353482,0.9799982097146995
1275,0.297954171906756,1.7140661228172482,1.766190034116938,0.3400354360533342,1.027583269353482,0.9799982097146995
1276,0.29766184937411433,1.7140661228172482,1.766190034116938,0.3400366496127914,1.027583269353482,0.9799982097146995
1277,0.29725140376142195,1.7140661228172482,1.766190034116938,0.3400899426117105,1.027583269353482,0.9799982097146995
1278,0.2971531704151172,1.7140661228172482,1.766190034116938,0.3401813223934221,1.027583269353482,0.9799982097146995
1279,0.2963640738987247,1.7140661228172482,1.766190034116938,0.3402884336575662,1.027583269353482,0.9799982097146995
1280,0.2963481135240987,1.7140661228172482,1.766190034116938,0.34038499553936974,1.027583269353482,0.9799982097146995
1281,0.2960017637593219,1.7140661228172482,1.766190034116938,0.3404461546105961,1.027583269353482,0.9799982097146995
1282,0.2958404437700427,1.7140661228172482,1.766190034116938,0.34045356688267675,1.027583269353482,0.9799982097146995
1283,0.29568872515345723,1.7140661228172482,1.766190034116938,0.34039906782055557,1.027583269353482,0.9799982097146995
1284,0.29508236786419884,1.7140661228172482,1.766190034116938,0.3402861992225567,1.027583269353482,0.9799982097146995
1285,0.29531639135516974,1.7140661228172482,1.766190034116938,0.34012939494530703,1.027583269353482,0.9799982097146995
1286,0.2954134501090139,1.7140661228172482,1.766190034116938,0.33995111677853046,1.027583269353482,0.9799982097146995
1287,0.2953056889815351,1.7140661228172482,1.766190034116938,0.33977759227725235,1.027583269353482,0.9799982097146995
1288,0.29571243848747375,1.7140661228172482,1.766190034116938,0.33963400275363065,1.027583269353482,0.9799982097146995
1289,0.29529885369792835,1.7140661228172482,1.766190034116938,0.33953999250790284,1.027583269353482,0.9799982097146995
1290,0.29588882926913507,1.7140661228172482,1.766190034116938,0.33950624889985537,1.027583269353482,0.9799982097146995
1291,0.2958228851324871,1.7140661228172482,1.766190034116938,0.3395327971294854,1.027583269353482,0.9799982097146995
1292,0.29597609033249644,1.7140661228172482,1.766190034116938,0.3396077838107385,1.027583269353482,0.9799982097146995
1293,0.2962357231339291,1.7140661228172482,1.766190034116938,0.3397110069024267,1.027583269353482,0.9799982097146995
1294,0.2961977857697235,1.7140661228172482,1.766190034116938,0.33981720361349305,1.027583269353482,0.9799982097146995
1295,0.29648990947591125,1.7140661228172482,1.766190034116938,0.33990058777394605,1.027583269353482,0.9799982097146995
1296,0.2966898448233958,1.7140661228172482,1.766190034116938,0.33993959783435523,1.027583269353482,0.9799982097146995
1297,0.2965070962683586,1.7140661228172482,1.766190034116938,0.3399209048626793,1.027583269353482,0.9799982097146995
1298,0.2962983394582898,1.7140661228172482,1.766190034116938,0.3398418412606957,1.027583269353482,0.9799982097146995
1299,0.29632630032024354,1.7140661228172482,1.766190034116938,0.3397107626411193,1.027583269353482,0.9799982097146995
1300,0.2960504285926083,1.7140661228172482,1.766190034116938,0.339545350212749,1.027583269353482,0.9799982097146995
1301,0.2959001326439929,1.7140661228172482,1.766190034116938,0.3393693130238076,1.027583269353482,0.9799982097146995
1302,0.2958875958673176,1.7140661228172482,1.766190034116938,0.33920821095051484,1.027583269353482,0.9799982097146995
1303,0.2953182162134299,1.7140661228172482,1.766190034116938,0.33908516752867135,1.027583269353482,0.9799982097146995
1304,0.29566013347380404,1.7140661228172482,1.766190034116938,0.3390171632984221,1.027583269353482,0.9799982097146995
1305,0.29529389992067206,1.7140661228172482,1.766190034116938,0.3390125502058401,1.027583269353482,0.9799982097146995
1306,0.2953644403140634,1.7140661228172482,1.766190034116938,0.33907963234681554,1.027583269353482,0.9799982097146995
1307,0.2950940575766659,1.7140661228172482,1.766190034116938,0.3391994605052173,1.027583269353482,0.9799982097146995
1308,0.2949455167949061,1.7140661228172482,1.766190034116938,0.33934462516411307,1.027583269353482,0.9799982097146995
1309,0.29491022816715157,1.7140661228172482,1.766190034116938,0.33948544392445545,1.027583269353482,0.9799982097146995
1310,0.29484033960712164,1.7140661228172482,1.766190034116938,0.33959595844300533,1.027583269353482,0.9799982097146995
1311,0.294806220112367,1.7140661228172482,1.766190034116938,0.3396583161644201,1.027583269353482,0.9799982097146995
1312,0.29483099464361373,1.7140661228172482,1.766190034116938,0.33966508669659756,1.027583269353482,0.9799982097146995
1313,0.2948254076119914,1.7140661228172482,1.766190034116938,0.3396195948194535,1.027583269353482,0.9799982097146995
1314,0.29488706805717146,1.7140661228172482,1.766190034116938,0.3395345122598301,1.027583269353482,0.9799982097146995
1315,0.2949303824605441,1.7140661228172482,1.766190034116938,0.33942898891107603,1.027583269353482,0.9799982097146995
1316,0.2949131758863386,1.7140661228172482,1.766190034116938,0.33932473640528593,1.027583269353482,0.9799982097146995
1317,0.29491916410553526,1.7140661228172482,1.766190034116938,0.33924170924963654,1.027583269353482,0.9799982097146995
1318,0.2949484665319901,1.7140661228172482,1.766190034116938,0.3391941964235464,1.027583269353482,0.9799982097146995
1319,0.29525701640010715,1.7140661228172482,1.766190034116938,0.339188046122573,1.027583269353482,0.9799982097146995
1320,0.2952477028690112,1.7140661228172482,1.766190034116938,0.3392172546109929,1.027583269353482,0.9799982097146995
1321,0.2949641393441201,1.7140661228172482,1.766190034116938,0.33927361174127296,1.027583269353482,0.9799982097146995
1322,0.295112303932601,1.7140661228172482,1.766190034116938,0.3393428664032544,1.027583269353482,0.9799982097146995
1323,0.2949121397628567,1.7140661228172482,1.766190034116938,0.3394075250261196,1.027583269353482,0.9799982097146995
1324,0.29532988227577,1.7140661228172482,1.766190034116938,0.33945025299984644,1.027583269353482,0.9799982097146995
1325,0.2950198946921228,1.7140661228172482,1.766190034116938,0.33945736456522013,1.027583269353482,0.9799982097146995
1326,0.2948125541520186,1.7140661228172482,1.766190034116938,0.33942155866355567,1.027583269353482,0.9799982097146995
1327,0.2948213820438625,1.7140661228172482,1.766190034116938,0.3393432130818621,1.027583269353482,0.9799982097146995
1328,0.29494109997626095,1.7140661228172482,1.766190034116938,0.3392300485778111,1.027583269353482,0.9799982097146995
1329,0.2949980868345254,1.7140661228172482,1.766190034116938,0.33909550797449267,1.027583269353482,0.9799982097146995
1330,0.2950807522918598,1.7140661228172482,1.766190034116938,0.3389564438608894,1.027583269353482,0.9799982097146995
1331,0.29499770505928835,1.7140661228172482,1.766190034116938,0.33883060755756117,1.027583269353482,0.9799982097146995
1332,0.2951091284858581,1.7140661228172482,1.766190034116938,0.33873417757296376,1.027583269353482,0.9799982097146995
1333,0.29511749019187394,1.7140661228172482,1.766190034116938,0.3386794180089354,1.027583269353482,0.9799982097146995
1334,0.295032282464471,1.7140661228172482,1.766190034116938,0.3386726770662708,1.027583269353482,0.9799982097146995
1335,0.2953436593300339,1.7140661228172482,1.766190034116938,0.3387156629080234,1.027583269353482,0.9799982097146995
1336,0.29522306555494743,1.7140661228172482,1.766190034116938,0.3387965042102282,1.027583269353482,0.9799982097146995
1337,0.29540737031908426,1.7140661228172482,1.766190034116938,0.3388968083225382,1.027583269353482,0.9799982097146995
1338,0.2952726787522747,1.7140661228172482,1.766190034116938,0.338995161605341,1.027583269353482,0.9799982097146995
1339,0.29534090631150905,1.7140661228172482,1.766190034116938,0.33907122972816356,1.027583269353482,0.9799982097146995
1340,0.2951354983793369,1.7140661228172482,1.766190034116938,0.33910927367012333,1.027583269353482,0.9799982097146995
1341,0.2949759791586798,1.7140661228172482,1.766190034116938,0.3391005142161757,1.027583269353482,0.9799982097146995
1342,0.29497877827795677,1.7140661228172482,1.766190034116938,0.33904427741674137,1.027583269353482,0.9799982097146995
1343,0.2947463251130092,1.7140661228172482,1.766190034116938,0.33894801381369943,1.027583269353482,0.9799982097146995
1344,0.29458581143295,1.7140661228172482,1.766190034116938,0.3388261832324865,1.027583269353482,0.9799982097146995
1345,0.29378842508387987,1.7140661228172482,1.766190034116938,0.33869793828526523,1.027583269353482,0.9799982097146995
1346,0.29379338798942245,1.7140661228172482,1.766190034116938,0.3385837582753773,1.027583269353482,0.9799982097146995
1347,0.29320004962404095,1.7140661228172482,1.766190034116938,0.33850162545242857,1.027583269353482,0.9799982097146995
1348,0.29319780615487456,1.7140661228172482,1.766190034116938,0.33846367453090875,1.027583269353482,0.9799982097146995
1349,0.29254075812240854,1.7140661228172482,1.766190034116938,0.33847425222832433,1.027583269353482,0.9799982097146995
1350,0.2923173028295296,1.7140661228172482,1.766190034116938,0.33852711670113617,1.027583269353482,0.9799982097146995
1351,0.2920395467579338,1.7140661228172482,1.766190034116938,0.338610723792242,1.027583269353482,0.9799982097146995
1352,0.29180863052007905,1.7140661228172482,1.766190034116938,0.33870897204586065,1.027583269353482,0.9799982097146995
1353,0.2917928668076037,1.7140661228172482,1.766190034116938,0.33880360731636844,1.027583269353482,0.9799982097146995
1354,0.2912933639371033,1.7140661228172482,1.766190034116938,0.3388770147616374,1.027583269353482,0.9799982097146995
1355,0.2912990914003276,1.7140661228172482,1.766190034116938,0.3389151608502326,1.027583269353482,0.9799982097146995
1356,0.2912252178868686,1.7140661228172482,1.766190034116938,0.33891027055067746,1.027583269353482,0.9799982097146995
1357,0.2914331407231766,1.7140661228172482,1.766190034116938,0.3388626156490995,1.027583269353482,0.9799982097146995
1358,0.2912665902628813,1.7140661228172482,1.766190034116938,0.33878080888961465,1.027583269353482,0.9799982097146995
1359,0.2909874267583191,1.7140661228172482,1.766190034116938,0.3386803424011909,1.027583269353482,0.9799982097146995
1360,0.2909983470949302,1.7140661228172482,1.766190034116938,0.3385806207897372,1.027583269353482,0.9799982097146995
1361,0.29080055303354896,1.7140661228172482,1.766190034116938,0.33850113438584184,1.027583269353482,0.9799982097146995
1362,0.2909382582028973,1.7140661228172482,1.766190034116938,0.33845754943748574,1.027583269353482,0.9799982097146995
1363,0.2905249197458675,1.7140661228172478,1.766190034116938,0.33845847463524503,1.027583269353482,0.9799982097146995
1364,0.2902463958928958,1.7140661228172478,1.766190034116938,0.3384944412548429,1.027583269353482,0.9799982097146995
1365,0.29016970182595675,1.7140661228172478,1.766190034116938,0.33855920397745926,1.027583269353482,0.9799982097146995
1366,0.2896174016341388,1.7140661228172478,1.766190034116938,0.33864188296146297,1.027583269353482,0.9799982097146995
1367,0.2895782391750976,1.7140661228172478,1.766190034116938,0.33872837861636024,1.027583269353482,0.9799982097146995
1368,0.28899811641418344,1.7140661228172478,1.766190034116938,0.33880346804650485,1.027583269353482,0.9799982097146995
1369,0.28826553639608776,1.7140661228172478,1.766190034116938,0.33885325380523845,1.027583269353482,0.9799982097146995
1370,0.2883496917027813,1.7140661228172478,1.766190034116938,0.3388675170146378,1.027583269353482,0.9799982097146995
1371,0.287392347155357,1.7140661228172478,1.766190034116938,0.33884151590104195,1.027583269353482,0.9799982097146995
1372,0.2874777393075525,1.7140661228172478,1.766190034116938,0.33877689545817274,1.027583269353482,0.9799982097146995
1373,0.28662924683739666,1.7140661228172478,1.766190034116938,0.3386815676454944,1.027583269353482,0.9799982097146995
1374,0.2863925993049075,1.7140661228172478,1.766190034116938,0.3385686021840885,1.027583269353482,0.9799982097146995
1375,0.2860074390071855,1.7140661228172478,1.766190034116938,0.33845430261941023,1.027583269353482,0.9799982097146995
1376,0.2854026785572548,1.7140661228172478,1.766190034116938,0.33835575000242984,1.027583269353482,0.9799982097146995
1377,0.2853035938475205,1.7140661228172478,1.766190034116938,0.3382881991768712,1.027583269353482,0.9799982097146995
1378,0.28440205619619086,1.7140661228172478,1.766190034116938,0.33826280881046333,1.027583269353482,0.9799982097146995
1379,0.28442757898013066,1.7140661228172478,1.766190034116938,0.33828564463989164,1.027583269353482,0.9799982097146995
1380,0.2842245739602751,1.7140661228172478,1.766190034116938,0.33835266690609883,1.027583269353482,0.9799982097146995
1381,0.28419723601109076,1.7140661228172478,1.766190034116938,0.3384547781815095,1.027583269353482,0.9799982097146995
1382,0.28389748225186734,1.7140661228172478,1.766190034116938,0.33857841240632786,1.027583269353482,0.9799982097146995
1383,0.2835558932834206,1.7140661228172478,1.766190034116938,0.33870725691050785,1.027583269353482,0.9799982097146995
1384,0.28361552845626226,1.7140661228172478,1.766190034116938,0.33882428982097795,1.027583269353482,0.9799982097146995
1385,0.2837054517323203,1.7140661228172478,1.766190034116938,0.33891395407582725,1.027583269353482,0.9799982097146995
1386,0.28371851029590656,1.7140661228172478,1.766190034116938,0.33896430330154287,1.027583269353482,0.9799982097146995
1387,0.28335686751446143,1.7140661228172478,1.766190034116938,0.33896885803906546,1.027583269353482,0.9799982097146995
1388,0.2834467950887837,1.7140661228172478,1.766190034116938,0.3389278095038315,1.027583269353482,0.9799982097146995
1389,0.28307513192071443,1.7140661228172478,1.766190034116938,0.33884821817882443,1.027583269353482,0.9799982097146995
1390,0.28311663972681783,1.7140661228172478,1.766190034116938,0.33874303775373893,1.027583269353482,0.9799982097146995
1391,0.28289255236314587,1.7140661228172478,1.766190034116938,0.3386290966969867,1.027583269353482,0.9799982097146995
1392,0.2826913028443188,1.7140661228172478,1.766190034116938,0.3385244420577896,1.027583269353482,0.9799982097146995
1393,0.28274561222097105,1.7140661228172478,1.766190034116938,0.33844555911823787,1.027583269353482,0.9799982097146995
1394,0.28233032186237744,1.7140661228172478,1.766190034116938,0.33840490507552456,1.027583269353482,0.9799982097146995
1395,0.28245602188301555,1.7140661228172478,1.766190034116938,0.33840900593920265,1.027583269353482,0.9799982097146995
1396,0.2821639831666051,1.7140661228172478,1.766190034116938,0.3384596211028883,1.027583269353482,0.9799982097146995
1397,0.2820326490903244,1.7140661228172478,1.766190034116938,0.33854891127851766,1.027583269353482,0.9799982097146995
1398,0.2820168927318079,1.7140661228172478,1.766190034116938,0.3386619454118052,1.027583269353482,0.9799982097146995
1399,0.2820501289194736,1.7140661228172478,1.766190034116938,0.33877888163583897,1.027583269353482,0.9799982097146995
1400,0.2820870510037096,1.7140661228172478,1.766190034116938,0.33887817478888993,1.027583269353482,0.9799982097146995
1401,0.2818883426255838,1.7140661228172478,1.766190034116938,0.3389403237837167,1.027583269353482,0.9799982097146995
1402,0.2817749505778709,1.7140661228172478,1.766190034116938,0.33895144300671,1.027583269353482,0.9799982097146995
1403,0.2818281522047974,1.7140661228172478,1.766190034116938,0.3389059456615547,1.027583269353482,0.9799982097146995
1404,0.2819118387151981,1.7140661228172478,1.766190034116938,0.33880783033880413,1.027583269353482,0.9799982097146995
1405,0.2818762286617459,1.7140661228172478,1.766190034116938,0.3386703393201939,1.027583269353482,0.9799982097146995
1406,0.28149653886736864,1.7140661228172478,1.766190034116938,0.33851400285804095,1.027583269353482,0.9799982097146995
1407,0.28146111361691944,1.7140661228172478,1.766190034116938,0.33836329681307564,1.027583269353482,0.9799982097146995
1408,0.2811800132400241,1.7140661228172478,1.766190034116938,0.3382423811205636,1.027583269353482,0.9799982097146995
1409,0.281004432249186,1.7140661228172478,1.766190034116938,0.33817065487105274,1.027583269353482,0.9799982097146995
1410,0.28080268239332373,1.7140661228172478,1.766190034116938,0.3381590555063233,1.027583269353482,0.9799982097146995
1411,0.28031549963588587,1.7140661228172478,1.766190034116938,0.33820872599445595,1.027583269353482,0.9799982097146995
1412,0.2802956347955527,1.7140661228172478,1.766190034116938,0.3383078555216594,1.027583269353482,0.9799982097146995
1413,0.2797021132352514,1.7140661228172478,1.766190034116938,0.33843560460430244,1.027583269353482,0.9799982097146995
1414,0.27986954089943666,1.7140661228172478,1.766190034116938,0.3385658137415506,1.027583269353482,0.9799982097146995
1415,0.27907035109972333,1.7140661228172478,1.766190034116938,0.33867178111682,1.027583269353482,0.9799982097146995
1416,0.2789422098724318,1.7140661228172478,1.766190034116938,0.3387313118892302,1.027583269353482,0.9799982097146995
1417,0.27866813484488007,1.7140661228172478,1.766190034116938,0.33873117984141465,1.027583269353482,0.9799982097146995
1418,0.2782574551900021,1.7140661228172478,1.766190034116938,0.33867000015495774,1.027583269353482,0.9799982097146995
1419,0.278344624270711,1.7140661228172478,1.766190034116938,0.3385586100725818,1.027583269353482,0.9799982097146995
1420,0.2776348563476359,1.7140661228172478,1.766190034116938,0.33841763741259534,1.027583269353482,0.9799982097146995
1421,0.277537051149836,1.7140661228172478,1.766190034116938,0.3382728622429313,1.027583269353482,0.9799982097146995
1422,0.2773622650882761,1.7140661228172478,1.766190034116938,0.33814971451729475,1.027583269353482,0.9799982097146995
1423,0.2773008920109368,1.7140661228172478,1.766190034116938,0.3380683414111128,1.027583269353482,0.9799982097146995
1424,0.2772226016846134,1.7140661228172478,1.766190034116938,0.3380401587476574,1.027583269353482,0.9799982097146995
1425,0.2767693637166896,1.7140661228172478,1.766190034116938,0.33806593041837607,1.027583269353482,0.9799982097146995
1426,0.2767302438573542,1.7140661228172478,1.766190034116938,0.33813802858627096,1.027583269353482,0.9799982097146995
1427,0.27662425511287164,1.7140661228172478,1.766190034116938,0.3382394367364738,1.027583269353482,0.9799982097146995
1428,0.2766077745875722,1.7140661228172478,1.766190034116938,0.33834712936994754,1.027583269353482,0.9799982097146995
1429,0.2765383457741537,1.7140661228172478,1.766190034116938,0.33843635974715286,1.027583269353482,0.9799982097146995
1430,0.27639633496316957,1.7140661228172478,1.766190034116938,0.3384854418944243,1.027583269353482,0.9799982097146995
1431,0.2764210242851507,1.7140661228172478,1.766190034116938,0.33847993738881954,1.027583269353482,0.9799982097146995
1432,0.276806340960775,1.7140661228172478,1.766190034116938,0.3384152092663945,1.027583269353482,0.9799982097146995
1433,0.27678252699912076,1.7140661228172478,1.766190034116938,0.3382968625710725,1.027583269353482,0.9799982097146995
1434,0.2771993491589962,1.7140661228172478,1.766190034116938,0.3381392867339279,1.027583269353482,0.9799982097146995
1435,0.27730451118331906,1.7140661228172478,1.766190034116938,0.3379629269612584,1.027583269353482,0.9799982097146995
1436,0.27750883573901036,1.7140661228172478,1.766190034116938,0.3377909171083814,1.027583269353482,0.9799982097146995
1437,0.27782147882350494,1.7140661228172478,1.766190034116938,0.3376455113412884,1.027583269353482,0.9799982097146995
1438,0.2778188702777152,1.7140661228172478,1.766190034116938,0.3375446377442224,1.027583269353482,0.9799982097146995
1439,0.2778653926907928,1.7140661228172478,1.766190034116938,0.33749896907781485,1.027583269353482,0.9799982097146995
1440,0.2778411990214981,1.7140661228172478,1.766190034116938,0.3375100023798604,1.027583269353482,0.9799982097146995
1441,0.27774222110223734,1.7140661228172478,1.766190034116938,0.33757096002880904,1.027583269353482,0.9799982097146995
1442,0.2777599207625332,1.7140661228172478,1.766190034116938,0.3376658681377784,1.027583269353482,0.9799982097146995
1443,0.27758113824254743,1.7140661228172478,1.766190034116938,0.33777326103975663,1.027583269353482,0.9799982097146995
1444,0.27703267654468394,1.7140661228172478,1.766190034116938,0.3378700444566929,1.027583269353482,0.9799982097146995
1445,0.27703419973282284,1.7140661228172478,1.766190034116938,0.33793538417783364,1.027583269353482,0.9799982097146995
1446,0.27691889152172183,1.7140661228172478,1.766190034116938,0.337954013626736,1.027583269353482,0.9799982097146995
1447,0.27717450543512073,1.7140661228172478,1.766190034116938,0.337918562972106,1.027583269353482,0.9799982097146995
1448,0.2767069493802549,1.7140661228172478,1.766190034116938,0.33783063707039085,1.027583269353482,0.9799982097146995
1449,0.27625851892004405,1.7140661228172478,1.766190034116938,0.33770044544924555,1.027583269353482,0.9799982097146995
1450,0.27624816470053604,1.7140661228172478,1.766190034116938,0.3375449639364121,1.027583269353482,0.9799982097146995
1451,0.27588537384737644,1.7140661228172478,1.766190034116938,0.33738493127499153,1.027583269353482,0.9799982097146995
1452,0.2758415184830774,1.7140661228172478,1.766190034116938,0.3372413062068562,1.027583269353482,0.9799982097146995
1453,0.2755588273152486,1.7140661228172478,1.766190034116938,0.3371319138770889,1.027583269353482,0.9799982097146995
1454,0.2753108585195406,1.7140661228172478,1.766190034116938,0.3370688291523507,1.027583269353482,0.9799982097146995
1455,0.2752752882037945,1.7140661228172478,1.766190034116938,0.33705674144583986,1.027583269353482,0.9799982097146995
1456,0.2750603919705204,1.7140661228172478,1.766190034116938,0.3370926282427058,1.027583269353482,0.9799982097146995
1457,0.27505497070824453,1.7140661228172478,1.766190034116938,0.3371647703648757,1.027583269353482,0.9799982097146995
1458,0.2747007835353712,1.7140661228172478,1.766190034116938,0.3372553809384272,1.027583269353482,0.9799982097146995
1459,0.274717917677463,1.7140661228172478,1.766190034116938,0.33734341249289684,1.027583269353482,0.9799982097146995
1460,0.27433468674748557,1.7140661228172478,1.766190034116938,0.33740833582075136,1.027583269353482,0.9799982097146995
1461,0.2741156486665141,1.7140661228172478,1.766190034116938,0.33743401425394276,1.027583269353482,0.9799982097146995
1462,0.2739466031783678,1.7140661228172478,1.766190034116938,0.33741161135295983,1.027583269353482,0.9799982097146995
1463,0.2732340012909302,1.7140661228172478,1.766190034116938,0.337340800429314,1.027583269353482,0.9799982097146995
1464,0.2732002376209296,1.7140661228172478,1.766190034116938,0.3372292448032242,1.027583269353482,0.9799982097146995
1465,0.2731034749749663,1.7140661228172478,1.766190034116938,0.33709088585072294,1.027583269353482,0.9799982097146995
1466,0.2731287660828807,1.7140661228172478,1.766190034116938,0.33694367311106477,1.027583269353482,0.9799982097146995
1467,0.27286100263816915,1.7140661228172478,1.766190034116938,0.33680708835449613,1.027583269353482,0.9799982097146995
1468,0.27249231692520764,1.7140661228172478,1.766190034116938,0.33669950912046726,1.027583269353482,0.9799982097146995
1469,0.272521755877312,1.7140661228172478,1.766190034116938,0.3366354327439812,1.027583269353482,0.9799982097146995
1470,0.2725515173649706,1.7140661228172478,1.766190034116938,0.3366229144491822,1.027583269353482,0.9799982097146995
1471,0.27252218416053325,1.7140661228172478,1.766190034116938,0.3366631096869654,1.027583269353482,0.9799982097146995
1472,0.2726641091720536,1.7140661228172478,1.766190034116938,0.33674502988319505,1.027583269353482,0.9799982097146995
1473,0.272529617694711,1.7140661228172478,1.766190034116938,0.3368511928042421,1.027583269353482,0.9799982097146995
1474,0.2728307609737257,1.7140661228172478,1.766190034116938,0.33696099458531736,1.027583269353482,0.9799982097146995
1475,0.2732069403039842,1.7140661228172478,1.766190034116938,0.3370545028294514,1.027583269353482,0.9799982097146995
1476,0.27320288355898265,1.7140661228172478,1.766190034116938,0.3371156382455489,1.027583269353482,0.9799982097146995
1477,0.2736091564210468,1.7140661228172478,1.766190034116938,0.3371344058626964,1.027583269353482,0.9799982097146995
1478,0.27352982333940484,1.7140661228172478,1.766190034116938,0.3371081848664766,1.027583269353482,0.9799982097146995
1479,0.2738342085795855,1.7140661228172478,1.766190034116938,0.33704206365509,1.027583269353482,0.9799982097146995
1480,0.27402051902444585,1.7140661228172478,1.766190034116938,0.3369480414670594,1.027583269353482,0.9799982097146995
1481,0.2740025817788743,1.7140661228172478,1.766190034116938,0.3368429379112575,1.027583269353482,0.9799982097146995
1482,0.2738141744858286,1.7140661228172478,1.766190034116938,0.3367451957913257,1.027583269353482,0.9799982097146995
1483,0.2737957573111862,1.7140661228172478,1.766190034116938,0.3366712388748039,1.027583269353482,0.9799982097146995
1484,0.2736795198932635,1.7140661228172478,1.766190034116938,0.3366322804098179,1.027583269353482,0.9799982097146995
1485,0.2737368947328137,1.7140661228172478,1.766190034116938,0.33663223005649534,1.027583269353482,0.9799982097146995
1486,0.2735015453047892,1.7140661228172478,1.766190034116938,0.3366357278262952,1.027583269353482,0.9799982097146995
1487,0.27299444237988774,1.7140661228172478,1.766190034116938,0.33664275218153944,1.027583269353482,0.9799982097146995
1488,0.272985365825003,1.7140661228172478,1.766190034116938,0.336653214825938,1.027583269353482,0.9799982097146995
1489,0.27281892880754705,1.7140661228172478,1.766190034116938,0.3366669752458172,1.027583269353482,0.9799982097146995
1490,0.2728524000931709,1.7140661228172478,1.766190034116938,0.3366838433714122,1.027583269353482,0.9799982097146995
1491,0.27253161275822285,1.7140661228172478,1.766190034116938,0.33670357983201205,1.027583269353482,0.9799982097146995
1492,0.27197009867989896,1.7140661228172478,1.766190034116938,0.3367258955864102,1.027583269353482,0.9799982097146995
1493,0.2720021111786026,1.7140661228172478,1.766190034116938,0.3367504516641844,1.027583269353482,0.9799982097146995
1494,0.2718216172906678,1.7140661228172478,1.766190034116938,0.3367768595231512,1.027583269353482,0.9799982097146995
1495,0.27173184023136043,1.7140661228172478,1.766190034116938,0.33680468246267353,1.027583269353482,0.9799982097146995
1496,0.2716092182294036,1.7140661228172478,1.766190034116938,0.33683343849577013,1.027583269353482,0.9799982097146995
1497,0.27130447111003747,1.7140661228172478,1.766190034116938,0.33686260503331267,1.027583269353482,0.9799982097146995
1498,0.2713533401600702,1.7140661228172478,1.766190034116938,0.33689162565394754,1.027583269353482,0.9799982097146995
1499,0.27120717527700566,1.7140661228172478,1.766190034116938,0.3369199191166284,1.027583269353482,0.9799982097146995
1500,0.27115664543289414,1.7140661228172478,1.766190034116938,0.33694689061916255,1.027583269353482,0.9799982097146995
1501,0.2713219539052371,1.7140661228172478,1.766190034116938,0.33697194512304873,1.027583269353482,0.9799982097146995
1502,0.27131313530608975,1.7140661228172478,1.766190034116938,0.33699450236631,1.027583269353482,0.9799982097146995
1503,0.2714825306681761,1.7140661228172478,1.766190034116938,0.33701401299208644,1.027583269353482,0.9799982097146995
1504,0.27184719614942976,1.7140661228172478,1.766190034116938,0.3370299750551804,1.027583269353482,0.9799982097146995
1505,0.27184766147823863,1.7140661228172478,1.766190034116938,0.33704195005553245,1.027583269353482,0.9799982097146995
1506,0.272206683184535,1.7140661228172478,1.766190034116938,0.3370495776065724,1.027583269353482,0.9799982097146995
1507,0.2722290518210979,1.7140661228172478,1.766190034116938,0.33705258788913134,1.027583269353482,0.9799982097146995
1508,0.2725605958749278,1.7140661228172478,1.766190034116938,0.3370508111684331,1.027583269353482,0.9799982097146995
1509,0.272954967361216,1.7140661228172478,1.766190034116938,0.33704418385063095,1.027583269353482,0.9799982097146995
1510,0.2729471432444387,1.7140661228172478,1.766190034116938,0.33703275080362105,1.027583269353482,0.9799982097146995
1511,0.2728953358043269,1.7140661228172478,1.766190034116938,0.33701666393450225,1.027583269353482,0.9799982097146995
1512,0.2727265263358685,1.7140661228172478,1.766190034116938,0.3369961772709927,1.027583269353482,0.9799982097146995
1513,0.2731365179091648,1.7140661228172478,1.766190034116938,0.3369716390077971,1.027583269353482,0.9799982097146995
1514,0.273106137069827,1.7140661228172478,1.766190034116938,0.3369434811303475,1.027583269353482,0.9799982097146995
1515,0.27317327953277254,1.7140661228172478,1.766190034116938,0.33691220730705806,1.027583269353482,0.9799982097146995
1516,0.27274746842708614,1.7140661228172478,1.766190034116938,0.336878379747449,1.027583269353482,0.9799982097146995
1517,0.27266474078768055,1.7140661228172478,1.766190034116938,0.33684260566670754,1.027583269353482,0.9799982097146995
1518,0.27278765997064786,1.7140661228172478,1.766190034116938,0.33680552389335705,1.027583269353482,0.9799982097146995
1519,0.2725413264504195,1.7140661228172478,1.766190034116938,0.3367677920246357,1.027583269353482,0.9799982097146995
1520,0.272556866947609,1.7140661228172478,1.766190034116938,0.33673007439274044,1.027583269353482,0.9799982097146995
1521,0.2720047123794007,1.7140661228172478,1.766190034116938,0.336693030970715,1.027583269353482,0.9799982097146995
1522,0.2720468942924157,1.7140661228172478,1.766190034116938,0.33665730723193393,1.027583269353482,0.9799982097146995
1523,0.2719730329980544,1.7140661228172478,1.766190034116938,0.3366235248900669,1.027583269353482,0.9799982097146995
1524,0.27198353536441633,1.7140661228172478,1.766190034116938,0.3365922733912579,1.027583269353482,0.9799982097146995
1525,0.27156760213524317,1.7140661228172478,1.766190034116938,0.33656410200770565,1.027583269353482,0.9799982097146995
1526,0.27118540600946883,1.7140661228172478,1.766190034116938,0.3365395123904452,1.027583269353482,0.9799982097146995
1527,0.27108164942939933,1.7140661228172478,1.766190034116938,0.3365189514762907,1.027583269353482,0.9799982097146995
1528,0.2702926886398498,1.7140661228172478,1.766190034116938,0.33650280470908966,1.027583269353482,0.9799982097146995
1529,0.2702729120435258,1.7140661228172478,1.766190034116938,0.33649138963895664,1.027583269353482,0.9799982097146995
1530,0.26938473021278897,1.7140661228172478,1.766190034116938,0.3364849501753869,1.027583269353482,0.9799982097146995
1531,0.2687520671847205,1.7140661228172478,1.766190034116938,0.33648365265984226,1.027583269353482,0.9799982097146995
1532,0.26852324318100207,1.7140661228172478,1.766190034116938,0.3364876057961538,1.027583269353482,0.9799982097146995
1533,0.2675315112617785,1.7140661228172478,1.766190034116938,0.33649678069874694,1.027583269353482,0.9799982097146995
1534,0.2675327050074987,1.7140661228172478,1.766190034116938,0.33651106121720226,1.027583269353482,0.9799982097146995
1535,0.26649936999304213,1.7140661228172478,1.766190034116938,0.33653023833387513,1.027583269353482,0.9799982097146995
1536,0.26618918433967587,1.7140661228172478,1.766190034116938,0.3365540101792841,1.027583269353482,0.9799982097146995
1537,0.2658761449096374,1.7140661228172478,1.766190034116938,0.3365819847259548,1.027583269353482,0.9799982097146995
1538,0.2655326835396841,1.7140661228172478,1.766190034116938,0.3366136848854923,1.027583269353482,0.9799982097146995
1539,0.2654124501298556,1.7140661228172478,1.766190034116938,0.33664855592823695,1.027583269353482,0.9799982097146995
1540,0.26471957502422,1.7140661228172478,1.766190034116938,0.33668597509413567,1.027583269353482,0.9799982097146995
1541,0.2646457637267508,1.7140661228172478,1.766190034116938,0.33672526316634027,1.027583269353482,0.9799982097146995
1542,0.26469313274890405,1.7140661228172478,1.766190034116938,0.336765697680209,1.027583269353482,0.9799982097146995
1543,0.2647822414758792,1.7140661228172478,1.766190034116938,0.336806527358736,1.027583269353482,0.9799982097146995
1544,0.26471049369018,1.7140661228172478,1.766190034116938,0.33684698731156026,1.027583269353482,0.9799982097146995
1545,0.2644083412855823,1.7140661228172478,1.766190034116938,0.33688631451405304,1.027583269353482,0.9799982097146995
1546,0.26437393783375757,1.7140661228172478,1.766190034116938,0.3369237630962942,1.027583269353482,0.9799982097146995
1547,0.2644156578102154,1.7140661228172478,1.766190034116938,0.33695861901556484,1.027583269353482,0.9799982097146995
1548,0.2643055177815145,1.7140661228172478,1.766190034116938,0.33699021375334953,1.027583269353482,0.9799982097146995
1549,0.2641353643546006,1.7140661228172478,1.766190034116938,0.3370179367596215,1.027583269353482,0.9799982097146995
1550,0.2636330704713491,1.7140661228172478,1.766190034116938,0.3370412464533353,1.027583269353482,0.9799982097146995
1551,0.2636391632401072,1.7140661228172478,1.766190034116938,0.3370596796691035,1.027583269353482,0.9799982097146995
1552,0.26325498695903266,1.7140661228172478,1.766190034116938,0.3370728595081416,1.027583269353482,0.9799982097146995
1553,0.26330756606477973,1.7140661228172478,1.766190034116938,0.3370805016014327,1.027583269353482,0.9799982097146995
1554,0.26271932033796336,1.7140661228172478,1.766190034116938,0.33708241882214646,1.027583269353482,0.9799982097146995
1555,0.26251125962795663,1.7140661228172478,1.766190034116938,0.3370785244930712,1.027583269353482,0.9799982097146995
1556,0.26235464742243414,1.7140661228172478,1.766190034116938,0.337068834126087,1.027583269353482,0.9799982097146995
1557,0.2620156969582707,1.7140661228172478,1.766190034116938,0.33705346570942496,1.027583269353482,0.9799982097146995
1558,0.262043957058201,1.7140661228172478,1.766190034116938,0.3370326385309485,1.027583269353482,0.9799982097146995
1559,0.2615529196319022,1.7140661228172478,1.766190034116938,0.33700667049877614,1.027583269353482,0.9799982097146995
1560,0.2613812272531491,1.7140661228172478,1.766190034116938,0.33697597390106043,1.027583269353482,0.9799982097146995
1561,0.2612077120543657,1.7140661228172478,1.766190034116938,0.336941049540488,1.027583269353482,0.9799982097146995
1562,0.2607314036115583,1.7140661228172478,1.766190034116938,0.33690247919058364,1.027583269353482,0.9799982097146995
1563,0.26073603939890555,1.7140661228172478,1.766190034116938,0.3368609163524729,1.027583269353482,0.9799982097146995
1564,0.2602191283150228,1.7140661228172478,1.766190034116938,0.3368170753423452,1.027583269353482,0.9799982097146995
1565,0.26005372254327186,1.7140661228172478,1.766190034116938,0.33677171880882256,1.027583269353482,0.9799982097146995
1566,0.25994264480415596,1.7140661228172478,1.766190034116938,0.336725643860477,1.027583269353482,0.9799982097146995
1567,0.2596909751231331,1.7140661228172478,1.766190034116938,0.33667966706969044,1.027583269353482,0.9799982097146995
1568,0.25968324990849484,1.7140661228172478,1.766190034116938,0.3366346087012911,1.027583269353482,0.9799982097146995
1569,0.25929215726695404,1.7140661228172478,1.766190034116938,0.336591276584134,1.027583269353482,0.9799982097146995
1570,0.2591844545174975,1.7140661228172478,1.766190034116938,0.33655045009326673,1.027583269353482,0.9799982097146995
1571,0.259372508893338,1.7140661228172478,1.766190034116938,0.33651286473404446,1.027583269353482,0.9799982097146995
1572,0.2593200536744728,1.7140661228172478,1.766190034116938,0.3364791978159943,1.027583269353482,0.9799982097146995
1573,0.25932793312481084,1.7140661228172478,1.766190034116938,0.33645005567760045,1.027583269353482,0.9799982097146995
1574,0.25901379876008906,1.7140661228172478,1.766190034116938,0.33642596288819254,1.027583269353482,0.9799982097146995
1575,0.25902855664649727,1.7140661228172478,1.766190034116938,0.33640735384999043,1.027583269353482,0.9799982097146995
1576,0.25913435697960274,1.7140661228172478,1.766190034116938,0.33639456738429796,1.027583269353482,0.9799982097146995
1577,0.2591826149636413,1.7140661228172478,1.766190034116938,0.3363878458281438,1.027583269353482,0.9799982097146995
1578,0.258939169345877,1.7140661228172478,1.766190034116938,0.33638734710025453,1.027583269353482,0.9799982097146995
1579,0.25872220319261435,1.7140661228172478,1.766190034116938,0.3363937863920834,1.027583269353482,0.9799982097146995
1580,0.25867730343449485,1.7140661228172478,1.766190034116938,0.3364069676860516,1.027583269353482,0.9799982097146995
1581,0.2584178233806215,1.7140661228172478,1.766190034116938,0.3364266000691854,1.027583269353482,0.9799982097146995
1582,0.2584574468258815,1.7140661228172478,1.766190034116938,0.3364522856004789,1.027583269353482,0.9799982097146995
1583,0.258063762954501,1.7140661228172478,1.766190034116938,0.336483525154449,1.027583269353482,0.9799982097146995
1584,0.2578301913843532,1.7140661228172478,1.766190034116938,0.33651972845141814,1.027583269353482,0.9799982097146995
1585,0.25782577049486716,1.7140661228172478,1.766190034116938,0.3365602258988752,1.027583269353482,0.9799982097146995
1586,0.25754083706177433,1.7140661228172478,1.766190034116938,0.33660428142969306,1.027583269353482,0.9799982097146995
1587,0.25754016495797416,1.7140661228172478,1.766190034116938,0.336651105953307,1.027583269353482,0.9799982097146995
1588,0.25709945426645725,1.7140661228172478,1.766190034116938,0.3366998712164153,1.027583269353482,0.9799982097146995
1589,0.2568059710689081,1.7140661228172478,1.766190034116938,0.3367497239628457,1.027583269353482,0.9799982097146995
1590,0.2568875479359658,1.7140661228172478,1.766190034116938,0.3367998003276918,1.027583269353482,0.9799982097146995
1591,0.25661871585159673,1.7140661228172478,1.766190034116938,0.33684924041116227,1.027583269353482,0.9799982097146995
1592,0.2566918091779986,1.7140661228172478,1.766190034116938,0.33689720295907033,1.027583269353482,0.9799982097146995
1593,0.25660780197797517,1.7140661228172478,1.766190034116938,0.33694288003548584,1.027583269353482,0.9799982097146995
1594,0.25653367942009014,1.7140661228172478,1.766190034116938,0.3369855115159672,1.027583269353482,0.9799982097146995
1595,0.2568623551564928,1.7140661228172478,1.766190034116938,0.33702439916538235,1.027583269353482,0.9799982097146995
1596,0.2569865179572716,1.7140661228172478,1.766190034116938,0.3370589200020319,1.027583269353482,0.9799982097146995
1597,0.2571139212432248,1.7140661228172478,1.766190034116938,0.33708853859899146,1.027583269353482,0.9799982097146995
1598,0.25738102343491864,1.7140661228172478,1.766190034116938,0.33711281794282166,1.027583269353482,0.9799982097146995
1599,0.25738736441977084,1.7140661228172478,1.766190034116938,0.3371314284656111,1.027583269353482,0.9799982097146995
1600,0.25782847268101855,1.7140661228172478,1.766190034116938,0.3371441548925339,1.027583269353482,0.9799982097146995
1601,0.2579810843640618,1.7140661228172478,1.766190034116938,0.33715090060397673,1.027583269353482,0.9799982097146995
1602,0.25791672267384513,1.7140661228172478,1.766190034116938,0.3371516892955315,1.027583269353482,0.9799982097146995
1603,0.25788697766097907,1.7140661228172478,1.766190034116938,0.337146663824102,1.027583269353482,0.9799982097146995
1604,0.2578622723969053,1.7140661228172478,1.766190034116938,0.33713608224480324,1.027583269353482,0.9799982097146995
1605,0.2576884791796616,1.7140661228172478,1.766190034116938,0.33712031116071833,1.027583269353482,0.9799982097146995
1606,0.25768585326547255,1.7140661228172478,1.766190034116938,0.3370998166153837,1.027583269353482,0.9799982097146995
1607,0.257476441505953,1.7140661228172478,1.766190034116938,0.33707515284699263,1.027583269353482,0.9799982097146995
1608,0.25736015972696896,1.7140661228172478,1.766190034116938,0.33704694928716866,1.027583269353482,0.9799982097146995
1609,0.2573313108398072,1.7140661228172478,1.766190034116938,0.33701589622241584,1.027583269353482,0.9799982097146995
1610,0.2571662196993094,1.7140661228172478,1.766190034116938,0.3369827295431272,1.027583269353482,0.9799982097146995
1611,0.25717559683933594,1.7140661228172478,1.766190034116938,0.33694821498654703,1.027583269353482,0.9799982097146995
1612,0.2568713950871488,1.7140661228172478,1.766190034116938,0.3369131322419751,1.027583269353482,0.9799982097146995
1613,0.2566330358047681,1.7140661228172478,1.766190034116938,0.33687825923587406,1.027583269353482,0.9799982097146995
1614,0.25695608767096656,1.7140661228172478,1.766190034116938,0.3368443568586631,1.027583269353482,0.9799982097146995
1615,0.2567124389615987,1.7140661228172478,1.766190034116938,0.336812154340379,1.027583269353482,0.9799982097146995
1616,0.2568583185895736,1.7140661228172478,1.766190034116938,0.33678233543333,1.027583269353482,0.9799982097146995
1617,0.25647140961345316,1.7140661228172478,1.766190034116938,0.3367555255172637,1.027583269353482,0.9799982097146995
1618,0.25640071236654605,1.7140661228172478,1.766190034116938,0.3367322797008489,1.027583269353482,0.9799982097146995
1619,0.2566073325374988,1.7140661228172478,1.766190034116938,0.33671307193326383,1.027583269353482,0.9799982097146995
1620,0.25647051660727216,1.7140661228172478,1.766190034116938,0.3366982850032428,1.027583269353482,0.9799982097146995
1621,0.2565124472093977,1.7140661228172478,1.766190034116938,0.33668820088367335,1.027583269353482,0.9799982097146995
1622,0.25637793553211374,1.7140661228172478,1.766190034116938,0.3366829891833546,1.027583269353482,0.9799982097146995
1623,0.2563909031741098,1.7140661228172478,1.766190034116938,0.3366826801061241,1.027583269353482,0.9799982097146995
1624,0.25638265990880543,1.7140661228172478,1.766190034116938,0.336686244874196,1.027583269353482,0.9799982097146995
1625,0.25641031513771884,1.7140661228172478,1.766190034116938,0.33669370252714,1.027583269353482,0.9799982097146995
1626,0.2563234437418291,1.7140661228172478,1.766190034116938,0.33670497288466655,1.027583269353482,0.9799982097146995
1627,0.2563795754842329,1.7140661228172478,1.766190034116938,0.3367199014856638,1.027583269353482,0.9799982097146995
1628,0.2563015812347206,1.7140661228172478,1.766190034116938,0.33673826680464597,1.027583269353482,0.9799982097146995
1629,0.2562621925513038,1.7140661228172478,1.766190034116938,0.33675978504837695,1.027583269353482,0.9799982097146995
1630,0.2562676835031197,1.7140661228172478,1.766190034116938,0.33678411492816174,1.027583269353482,0.9799982097146995
1631,0.25611053276030205,1.7140661228172478,1.766190034116938,0.33681086305406077,1.027583269353482,0.9799982097146995
1632,0.2562010070009989,1.7140661228172478,1.766190034116938,0.3368395901498617,1.027583269353482,0.9799982097146995
1633,0.25591413873183394,1.7140661228172478,1.766190034116938,0.33686981811774147,1.027583269353482,0.9799982097146995
1634,0.25589936878661984,1.7140661228172478,1.766190034116938,0.3369010378930884,1.027583269353482,0.9799982097146995
1635,0.25576729139974125,1.7140661228172478,1.766190034116938,0.3369327179728504,1.027583269353482,0.9799982097146995
1636,0.2551510216933279,1.7140661228172478,1.766190034116938,0.33696431346024985,1.027583269353482,0.9799982097146995
1637,0.2551712829561955,1.7140661228172478,1.766190034116938,0.3369952754406043,1.027583269353482,0.9799982097146995
1638,0.2546934201455611,1.7140661228172478,1.766190034116938,0.3370250604860632,1.027583269353482,0.9799982097146995
1639,0.2545866209662081,1.7140661228172478,1.766190034116938,0.3370531400811019,1.027583269353482,0.9799982097146995
1640,0.2543624453216751,1.7140661228172478,1.766190034116938,0.3370790097648732,1.027583269353482,0.9799982097146995
1641,0.25386517269740727,1.7140661228172478,1.766190034116938,0.33710219780008865,1.027583269353482,0.9799982097146995
1642,0.25386481265127614,1.7140661228172478,1.766190034116938,0.3371222731991298,1.027583269353482,0.9799982097146995
1643,0.25345001160298886,1.7140661228172478,1.766190034116938,0.33713885296462126,1.027583269353482,0.9799982097146995
1644,0.25330490213162815,1.7140661228172478,1.766190034116938,0.33715160843117165,1.027583269353482,0.9799982097146995
1645,0.2531599420121825,1.7140661228172478,1.766190034116938,0.3371602706250981,1.027583269353482,0.9799982097146995
1646,0.25282199917520104,1.7140661228172478,1.766190034116938,0.33716463458745255,1.027583269353482,0.9799982097146995
1647,0.2528768225136964,1.7140661228172478,1.766190034116938,0.33716456263074046,1.027583269353482,0.9799982097146995
1648,0.2529006998993707,1.7140661228172478,1.766190034116938,0.3371599865202346,1.027583269353482,0.9799982097146995
1649,0.25289141104604024,1.7140661228172478,1.766190034116938,0.33715090858606866,1.027583269353482,0.9799982097146995
1650,0.25286196586064785,1.7140661228172478,1.766190034116938,0.3371374017825208,1.027583269353482,0.9799982097146995
1651,0.25276633320536596,1.7140661228172478,1.766190034116938,0.33711960871668556,1.027583269353482,0.9799982097146995
1652,0.2528233356668295,1.7140661228172478,1.766190034116938,0.33709773967130474,1.027583269353482,0.9799982097146995
1653,0.2527783916943606,1.7140661228172478,1.766190034116938,0.33707206964734315,1.027583269353482,0.9799982097146995
1654,0.252773286498262,1.7140661228172478,1.766190034116938,0.3370429344526585,1.027583269353482,0.9799982097146995
1655,0.2527707976935701,1.7140661228172478,1.766190034116938,0.33701072586541586,1.027583269353482,0.9799982097146995
1656,0.25264870075623974,1.7140661228172478,1.766190034116938,0.33697588590621413,1.027583269353482,0.9799982097146995
1657,0.2526993982559451,1.7140661228172478,1.766190034116938,0.33693890026218665,1.027583269353482,0.9799982097146995
1658,0.25243104893947643,1.7140661228172478,1.766190034116938,0.33690029092024854,1.027583269353482,0.9799982097146995
1659,0.25246928468645546,1.7140661228172478,1.766190034116938,0.3368606080850506,1.027583269353482,0.9799982097146995
1660,0.2521391151041192,1.7140661228172478,1.766190034116938,0.33682042147942093,1.027583269353482,0.9799982097146995
1661,0.2520391138059868,1.7140661228172478,1.766190034116938,0.3367803111498279,1.027583269353482,0.9799982097146995
1662,0.2519229018028411,1.7140661228172478,1.766190034116938,0.3367408579248629,1.027583269353482,0.9799982097146995
1663,0.2516729486897693,1.7140661228172478,1.766190034116938,0.33670263369879244,1.027583269353482,0.9799982097146995
1664,0.2515929183338311,1.7140661228172478,1.766190034116938,0.3366661917325268,1.027583269353482,0.9799982097146995
1665,0.25094467469165965,1.7140661228172478,1.766190034116938,0.3366320571787215,1.027583269353482,0.9799982097146995
1666,0.2509435313307287,1.7140661228172478,1.766190034116938,0.3366007180443299,1.027583269353482,0.9799982097146995
1667,0.2504268634088026,1.7140661228172478,1.766190034116938,0.33657261680153877,1.027583269353482,0.9799982097146995
1668,0.250175639357521,1.7140661228172478,1.766190034116938,0.3365481428463621,1.027583269353482,0.9799982097146995
1669,0.2499097000803334,1.7140661228172478,1.766190034116938,0.33652762598408414,1.027583269353482,0.9799982097146995
1670,0.2492574635709281,1.7140661228172478,1.766190034116938,0.33651133109512876,1.027583269353482,0.9799982097146995
1671,0.24933242145392875,1.7140661228172478,1.766190034116938,0.3364994541113485,1.027583269353482,0.9799982097146995
1672,0.24891562401341372,1.7140661228172478,1.766190034116938,0.33649211943710794,1.027583269353482,0.9799982097146995
1673,0.24889997510646417,1.7140661228172478,1.766190034116938,0.3364893791282432,1.027583269353482,0.9799982097146995
1674,0.24866401949691655,1.7140661228172478,1.766190034116938,0.3364912165914714,1.027583269353482,0.9799982097146995
1675,0.24860533425550543,1.7140661228172478,1.766190034116938,0.3364975224770824,1.027583269353482,0.9799982097146995
1676,0.24855522586064435,1.7140661228172478,1.766190034116938,0.3365081265697041,1.027583269353482,0.9799982097146995
1677,0.2486741285886648,1.7140661228172478,1.766190034116938,0.33652279416660297,1.027583269353482,0.9799982097146995
1678,0.24860602116843866,1.7140661228172478,1.766190034116938,0.33654122979849116,1.027583269353482,0.9799982097146995
1679,0.24854989171007622,1.7140661228172478,1.766190034116938,0.336563082354039,1.027583269353482,0.9799982097146995
1680,0.24853793818751715,1.7140661228172478,1.766190034116938,0.33658795104934547,1.027583269353482,0.9799982097146995
1681,0.24875086519075668,1.7140661228172478,1.766190034116938,0.33661539202654717,1.027583269353482,0.9799982097146995
1682,0.24880221587874513,1.7140661228172478,1.766190034116938,0.33664492543956126,1.027583269353482,0.9799982097146995
1683,0.24894585199206695,1.7140661228172478,1.766190034116938,0.33667604291547054,1.027583269353482,0.9799982097146995
1684,0.24914724823791276,1.7140661228172478,1.766190034116938,0.33670821529911993,1.027583269353482,0.9799982097146995
1685,0.24915716804561636,1.7140661228172478,1.766190034116938,0.3367409006019885,1.027583269353482,0.9799982097146995
1686,0.2494142079971759,1.7140661228172478,1.766190034116938,0.33677355208520304,1.027583269353482,0.9799982097146995
1687,0.249495670140542,1.7140661228172478,1.766190034116938,0.33680562641036244,1.027583269353482,0.9799982097146995
1688,0.24931991335400114,1.7140661228172478,1.766190034116938,0.33683659179048464,1.027583269353482,0.9799982097146995
1689,0.24935026961759307,1.7140661228172478,1.766190034116938,0.3368659360670039,1.027583269353482,0.9799982097146995
1690,0.24922969095557415,1.7140661228172478,1.766190034116938,0.33689317462808005,1.027583269353482,0.9799982097146995
1691,0.2491428935729442,1.7140661228172478,1.766190034116938,0.33691785806960034,1.027583269353482,0.9799982097146995
1692,0.24913462165024197,1.7140661228172478,1.766190034116938,0.3369395794849301,1.027583269353482,0.9799982097146995
1693,0.24887177052862947,1.7140661228172478,1.766190034116938,0.33695798125449017,1.027583269353482,0.9799982097146995
1694,0.24881868628645093,1.7140661228172478,1.766190034116938,0.3369727611939215,1.027583269353482,0.9799982097146995
1695,0.24877895900659122,1.7140661228172478,1.766190034116938,0.336983677911877,1.027583269353482,0.9799982097146995
1696,0.24866947499087294,1.7140661228172478,1.766190034116938,0.3369905552274745,1.027583269353482,0.9799982097146995
1697,0.24869876489846948,1.7140661228172478,1.766190034116938,0.33699328550441987,1.027583269353482,0.9799982097146995
1698,0.24874072717467308,1.7140661228172478,1.766190034116938,0.33699183177483993,1.027583269353482,0.9799982097146995
1699,0.2487468734945964,1.7140661228172478,1.766190034116938,0.33698622855084526,1.027583269353482,0.9799982097146995
1700,0.24853736818654582,1.7140661228172478,1.766190034116938,0.33697658125522634,1.027583269353482,0.9799982097146995
1701,0.24854101774092616,1.7140661228172478,1.766190034116938,0.33696306424272987,1.027583269353482,0.9799982097146995
1702,0.24845452376047647,1.7140661228172478,1.766190034116938,0.3369459174279314,1.027583269353482,0.9799982097146995
1703,0.24842223211279835,1.7140661228172478,1.766190034116938,0.33692544158190535,1.027583269353482,0.9799982097146995
1704,0.24846245574297368,1.7140661228172478,1.766190034116938,0.336901992404706,1.027583269353482,0.9799982097146995
1705,0.2487004075872077,1.7140661228172478,1.766190034116938,0.3368759735210582,1.027583269353482,0.9799982097146995
1706,0.248707689582771,1.7140661228172478,1.766190034116938,0.33684782858001033,1.027583269353482,0.9799982097146995
1707,0.24878784384936645,1.7140661228172478,1.766190034116938,0.3368180326635503,1.027583269353482,0.9799982097146995
1708,0.24871309331860839,1.7140661228172478,1.766190034116938,0.3367870832231461,1.027583269353482,0.9799982097146995
1709,0.2489134452411836,1.7140661228172478,1.766190034116938,0.3367554907664986,1.027583269353482,0.9799982097146995
1710,0.248930517286641,1.7140661228172478,1.766190034116938,0.33672376951008354,1.027583269353482,0.9799982097146995
1711,0.24896242268259233,1.7140661228172478,1.766190034116938,0.33669242819763096,1.027583269353482,0.9799982097146995
1712,0.24883411456291932,1.7140661228172478,1.766190034116938,0.3366619612625022,1.027583269353482,0.9799982097146995
1713,0.24877007337275947,1.7140661228172478,1.766190034116938,0.3366328404851921,1.027583269353482,0.9799982097146995
1714,0.2489816584476495,1.7140661228172478,1.766190034116938,0.3366055072682541,1.027583269353482,0.9799982097146995
1715,0.24899430344743054,1.7140661228172478,1.766190034116938,0.33658036562187815,1.027583269353482,0.9799982097146995
1716,0.2491395140135215,1.7140661228172478,1.766190034116938,0.3365577759256304,1.027583269353482,0.9799982097146995
1717,0.24944243817848338,1.7140661228172478,1.766190034116938,0.33653804950608024,1.027583269353482,0.9799982097146995
1718,0.24941328484733186,1.7140661228172478,1.766190034116938,0.33652144404474155,1.027583269353482,0.9799982097146995
1719,0.24955990952895518,1.7140661228172478,1.766190034116938,0.33650815980015,1.027583269353482,0.9799982097146995
1720,0.24958487452755448,1.7140661228172478,1.766190034116938,0.3364983365721753,1.027583269353482,0.9799982097146995
1721,0.2496526028848062,1.7140661228172478,1.766190034116938,0.336492051178191,1.027583269353482,0.9799982097146995
1722,0.24966485102019326,1.7140661228172478,1.766190034116938,0.3364893145202353,1.027583269353482,0.9799982097146995
1723,0.2496653133759218,1.7140661228172478,1.766190034116938,0.3364900612549215,1.027583269353482,0.9799982097146995
1724,0.24956104846413185,1.7140661228172478,1.766190034116938,0.336494294547461,1.027583269353482,0.9799982097146995
1725,0.24954658988673237,1.7140661228172478,1.766190034116938,0.33650186775578866,1.027583269353482,0.9799982097146995
1726,0.24912020810780544,1.7140661228172478,1.766190034116938,0.336512564553884,1.027583269353482,0.9799982097146995
1727,0.2490821970613206,1.7140661228172478,1.766190034116938,0.33652610755003054,1.027583269353482,0.9799982097146995
1728,0.24879731477180336,1.7140661228172478,1.766190034116938,0.33654216419387667,1.027583269353482,0.9799982097146995
1729,0.24871824837246187,1.7140661228172478,1.766190034116938,0.3365603527967214,1.027583269353482,0.9799982097146995
1730,0.24856571112361445,1.7140661228172478,1.766190034116938,0.33658024916290574,1.027583269353482,0.9799982097146995
1731,0.24847243985298684,1.7140661228172478,1.766190034116938,0.33660139391785693,1.027583269353482,0.9799982097146995
1732,0.24845280305173706,1.7140661228172478,1.766190034116938,0.3366233004877202,1.027583269353482,0.9799982097146995
1733,0.24840994070549927,1.7140661228172478,1.766190034116938,0.3366454636230956,1.027583269353482,0.9799982097146995
1734,0.2485107454985404,1.7140661228172478,1.766190034116938,0.3366673683206373,1.027583269353482,0.9799982097146995
1735,0.24834088442462923,1.7140661228172478,1.766190034116938,0.33668849896992314,1.027583269353482,0.9799982097146995
1736,0.2482933004804229,1.7140661228172478,1.766190034116938,0.3367083485362599,1.027583269353482,0.9799982097146995
1737,0.24832261992406246,1.7140661228172478,1.766190034116938,0.3367264275824705,1.027583269353482,0.9799982097146995
1738,0.24827392651900895,1.7140661228172478,1.766190034116938,0.3367422729342228,1.027583269353482,0.9799982097146995
1739,0.2482765285661673,1.7140661228172478,1.766190034116938,0.33675545580372196,1.027583269353482,0.9799982097146995
1740,0.24808858758935376,1.7140661228172478,1.766190034116938,0.3367655892048273,1.027583269353482,0.9799982097146995
1741,0.2479519593079594,1.7140661228172478,1.766190034116938,0.33677233451745436,1.027583269353482,0.9799982097146995
1742,0.24799222631111442,1.7140661228172478,1.766190034116938,0.3367754070886661,1.027583269353482,0.9799982097146995
1743,0.24782013226054755,1.7140661228172478,1.766190034116938,0.33677458079005973,1.027583269353482,0.9799982097146995
1744,0.24783028571546442,1.7140661228172478,1.766190034116938,0.33676969148367225,1.027583269353482,0.9799982097146995
1745,0.24744383321912541,1.7140661228172478,1.766190034116938,0.33676063937963274,1.027583269353482,0.9799982097146995
1746,0.24745798069970965,1.7140661228172478,1.766190034116938,0.33674739029643136,1.027583269353482,0.9799982097146995
1747,0.24727932713239825,1.7140661228172478,1.766190034116938,0.33672997585759473,1.027583269353482,0.9799982097146995
1748,0.24703354576139896,1.7140661228172478,1.766190034116938,0.33670849267609254,1.027583269353482,0.9799982097146995
1749,0.2472540744183939,1.7140661228172478,1.766190034116938,0.3366831005896561,1.027583269353482,0.9799982097146995
1750,0.24698364875145554,1.7140661228172478,1.766190034116938,0.33665402001678174,1.027583269353482,0.9799982097146995
1751,0.24716318755163022,1.7140661228172478,1.766190034116938,0.3366215285053091,1.027583269353482,0.9799982097146995
1752,0.24706145945762756,1.7140661228172478,1.766190034116938,0.33658595654419526,1.027583269353482,0.9799982097146995
1753,0.24706315278326776,1.7140661228172478,1.766190034116938,0.3365476827058793,1.027583269353482,0.9799982097146995
1754,0.24690349792089294,1.7140661228172478,1.766190034116938,0.3365071281827875,1.027583269353482,0.9799982097146995
1755,0.2469066465403319,1.7140661228172478,1.766190034116938,0.3364647507784506,1.027583269353482,0.9799982097146995
1756,0.246643275078415,1.7140661228172478,1.766190034116938,0.3364210384124937,1.027583269353482,0.9799982097146995
1757,0.24661182951563904,1.7140661228172478,1.766190034116938,0.33637650220028553,1.027583269353482,0.9799982097146995
1758,0.2463966249806966,1.7140661228172478,1.766190034116938,0.3363316691727475,1.027583269353482,0.9799982097146995
1759,0.24616886732168852,1.7140661228172478,1.766190034116938,0.3362870747097708,1.027583269353482,0.9799982097146995
1760,0.24613963883907886,1.7140661228172478,1.766190034116938,0.3362432547715199,1.027583269353482,0.9799982097146995
1761,0.2457379635156273,1.7140661228172478,1.766190034116938,0.3362007380248721,1.027583269353482,0.9799982097146995
1762,0.24581491464571936,1.7140661228172478,1.766190034116938,0.33616003797630745,1.027583269353482,0.9799982097146995
1763,0.2452348208607482,1.7140661228172478,1.766190034116938,0.3361216452365081,1.027583269353482,0.9799982097146995
1764,0.24512995680885422,1.7140661228172478,1.766190034116938,0.3360860200546322,1.027583269353482,0.9799982097146995
1765,0.2448852856337882,1.7140661228172478,1.766190034116938,0.3360535852708454,1.027583269353482,0.9799982097146995
1766,0.2447928582753141,1.7140661228172478,1.766190034116938,0.3360247198443891,1.027583269353482,0.9799982097146995
1767,0.244726075452991,1.7140661228172478,1.766190034116938,0.3359997531234461,1.027583269353482,0.9799982097146995
1768,0.24435229088268873,1.7140661228172478,1.766190034116938,0.33597896003987343,1.027583269353482,0.9799982097146995
1769,0.24441609046401813,1.7140661228172478,1.766190034116938,0.33596255745907644,1.027583269353482,0.9799982097146995
1770,0.244376084879118,1.7140661228172478,1.766190034116938,0.33595070206887934,1.027583269353482,0.9799982097146995
1771,0.2446594196510188,1.7140661228172478,1.766190034116938,0.335943490772001,1.027583269353482,0.9799982097146995
1772,0.2445500933724215,1.7140661228172478,1.766190034116938,0.3359409675869659,1.027583269353482,0.9799982097146995
1773,0.24485316939674193,1.7140661228172478,1.766190034116938,0.33594318012370405,1.027583269353482,0.9799982097146995
1774,0.2447960386668706,1.7140661228172478,1.766190034116938,0.3359498667290583,1.027583269353482,0.9799982097146995
1775,0.24488043094517326,1.7140661228172478,1.766190034116938,0.3359607942746704,1.027583269353482,0.9799982097146995
1776,0.2449223526066195,1.7140661228172478,1.766190034116938,0.33597569016557755,1.027583269353482,0.9799982097146995
1777,0.24477791052052106,1.7140661228172478,1.766190034116938,0.3359942377178235,1.027583269353482,0.9799982097146995
1778,0.24471801267222124,1.7140661228172478,1.766190034116938,0.33601607857361016,1.027583269353482,0.9799982097146995
1779,0.24460650033740977,1.7140661228172478,1.766190034116938,0.33604081728836493,1.027583269353482,0.9799982097146995
1780,0.24438494566450786,1.7140661228172478,1.766190034116938,0.3360680269053767,1.027583269353482,0.9799982097146995
1781,0.24431699171582677,1.7140661228172478,1.766190034116938,0.33609725505878885,1.027583269353482,0.9799982097146995
1782,0.2437248951324715,1.7140661228172478,1.766190034116938,0.33612803036435746,1.027583269353482,0.9799982097146995
1783,0.24369541171887593,1.7140661228172478,1.766190034116938,0.3361598689456435,1.027583269353482,0.9799982097146995
1784,0.2433223831117238,1.7140661228172478,1.766190034116938,0.3361922809884239,1.027583269353482,0.9799982097146995
1785,0.2430591226553869,1.7140661228172478,1.766190034116938,0.3362247772431978,1.027583269353482,0.9799982097146995
1786,0.24301084885487662,1.7140661228172478,1.766190034116938,0.33625687541331234,1.027583269353482,0.9799982097146995
1787,0.24247584591538374,1.7140661228172478,1.766190034116938,0.33628810637741374,1.027583269353482,0.9799982097146995
1788,0.24263339333804748,1.7140661228172478,1.766190034116938,0.33631802020096896,1.027583269353482,0.9799982097146995
1789,0.24241372090246227,1.7140661228172478,1.766190034116938,0.3363461918933216,1.027583269353482,0.9799982097146995
1790,0.24237636174104832,1.7140661228172478,1.766190034116938,0.3363722268648776,1.027583269353482,0.9799982097146995
1791,0.24222732832403707,1.7140661228172478,1.766190034116938,0.33639576603441107,1.027583269353482,0.9799982097146995
1792,0.24201333671040662,1.7140661228172478,1.766190034116938,0.33641649053024353,1.027583269353482,0.9799982097146995
1793,0.24204014068752763,1.7140661228172478,1.766190034116938,0.33643412592228467,1.027583269353482,0.9799982097146995
1794,0.24182423507708828,1.7140661228172478,1.766190034116938,0.33644844591599743,1.027583269353482,0.9799982097146995
1795,0.24184388875557764,1.7140661228172478,1.766190034116938,0.3364592754353717,1.027583269353482,0.9799982097146995
1796,0.2416166272623709,1.7140661228172478,1.766190034116938,0.33646649302120135,1.027583269353482,0.9799982097146995
1797,0.24161725186341568,1.7140661228172478,1.766190034116938,0.33647003247421076,1.027583269353482,0.9799982097146995
1798,0.24159623965902532,1.7140661228172478,1.766190034116938,0.33646988368044667,1.027583269353482,0.9799982097146995
1799,0.24157132219092803,1.7140661228172478,1.766190034116938,0.33646609256909693,1.027583269353482,0.9799982097146995
1800,0.2414724612088828,1.7140661228172478,1.766190034116938,0.3364587601702224,1.027583269353482,0.9799982097146995
1801,0.24130946215164428,1.7140661228172478,1.766190034116938,0.3364480407611972,1.027583269353482,0.9799982097146995
1802,0.24129155273813657,1.7140661228172478,1.766190034116938,0.33643413911481573,1.027583269353482,0.9799982097146995
1803,0.24106981258696614,1.7140661228172478,1.766190034116938,0.336417306887699,1.027583269353482,0.9799982097146995
1804,0.24106853830930844,1.7140661228172478,1.766190034116938,0.3363978382132271,1.027583269353482,0.9799982097146995
1805,0.24082307069354897,1.7140661228172478,1.766190034116938,0.3363760645870692,1.027583269353482,0.9799982097146995
1806,0.24069818388432884,1.7140661228172478,1.766190034116938,0.33635234915397927,1.027583269353482,0.9799982097146995
1807,0.24058051022448598,1.7140661228172478,1.766190034116938,0.3363270805205303,1.027583269353482,0.9799982097146995
1808,0.24027942874317681,1.7140661228172478,1.766190034116938,0.3363006662289805,1.027583269353482,0.9799982097146995
1809,0.24028683237572163,1.7140661228172478,1.766190034116938,0.3362735260319767,1.027583269353482,0.9799982097146995
1810,0.2399024512013143,1.7140661228172478,1.766190034116938,0.33624608510634657,1.027583269353482,0.9799982097146995
1811,0.23981884126033778,1.7140661228172478,1.766190034116938,0.3362187673372446,1.027583269353482,0.9799982097146995
1812,0.23973024154957237,1.7140661228172478,1.766190034116938,0.33619198879228723,1.027583269353482,0.9799982097146995
1813,0.23956480790866697,1.7140661228172478,1.766190034116938,0.33616615149020235,1.027583269353482,0.9799982097146995
1814,0.23955505983344969,1.7140661228172478,1.766190034116938,0.33614163755129783,1.027583269353482,0.9799982097146995
1815,0.23908930465296518,1.7140661228172478,1.766190034116938,0.33611880379913195,1.027583269353482,0.9799982097146995
1816,0.23891189067697904,1.7140661228172478,1.766190034116938,0.3360979768654629,1.027583269353482,0.9799982097146995
1817,0.23877084646623822,1.7140661228172478,1.766190034116938,0.3360794488350942,1.027583269353482,0.9799982097146995
1818,0.2382975282615045,1.7140661228172478,1.766190034116938,0.336063473454565,1.027583269353482,0.9799982097146995
1819,0.23836325660183513,1.7140661228172478,1.766190034116938,0.33605026291963025,1.027583269353482,0.9799982097146995
1820,0.23781281677459642,1.7140661228172478,1.766190034116938,0.33603998525227025,1.027583269353482,0.9799982097146995
1821,0.2377258351907364,1.7140661228172478,1.766190034116938,0.3360327622815681,1.027583269353482,0.9799982097146995
1822,0.23757134600981084,1.7140661228172478,1.766190034116938,0.3360286682682796,1.027583269353482,0.9799982097146995
1823,0.23724812018422897,1.7140661228172478,1.766190034116938,0.3360277293643857,1.027583269353482,0.9799982097146995
1824,0.23730880225275752,1.7140661228172478,1.766190034116938,0.3360299273295597,1.027583269353482,0.9799982097146995
1825,0.2370100179862127,1.7140661228172478,1.766190034116938,0.33603518626259943,1.027583269353482,0.9799982097146995
1826,0.237015092132802,1.7140661228172478,1.766190034116938,0.33604338398565736,1.027583269353482,0.9799982097146995
1827,0.2369032921587321,1.7140661228172478,1.766190034116938,0.336054352513049,1.027583269353482,0.9799982097146995
1828,0.2367919006303464,1.7140661228172478,1.766190034116938,0.33606788007830507,1.027583269353482,0.9799982097146995
1829,0.2367372883523337,1.7140661228172478,1.766190034116938,0.33608371393735453,1.027583269353482,0.9799982097146995
1830,0.236414151265399,1.7140661228172478,1.766190034116938,0.3361015638471768,1.027583269353482,0.9799982097146995
1831,0.23647722906960877,1.7140661228172478,1.766190034116938,0.33612110617910984,1.027583269353482,0.9799982097146995
1832,0.23647123370498466,1.7140661228172478,1.766190034116938,0.3361419886268701,1.027583269353482,0.9799982097146995
1833,0.23648527475029502,1.7140661228172478,1.766190034116938,0.3361638354570714,1.027583269353482,0.9799982097146995
1834,0.23631345614932325,1.7140661228172478,1.766190034116938,0.33618625323342244,1.027583269353482,0.9799982097146995
1835,0.23622786309380425,1.7140661228172478,1.766190034116938,0.3362088369281094,1.027583269353482,0.9799982097146995
1836,0.23621020283145203,1.7140661228172478,1.766190034116938,0.33623117631701116,1.027583269353482,0.9799982097146995
1837,0.2362059716433946,1.7140661228172478,1.766190034116938,0.336252862540937,1.027583269353482,0.9799982097146995
1838,0.23620920139871474,1.7140661228172478,1.766190034116938,0.33627349470435086,1.027583269353482,0.9799982097146995
1839,0.2362685784097201,1.7140661228172478,1.766190034116938,0.3362926863770271,1.027583269353482,0.9799982097146995
1840,0.2362706246085334,1.7140661228172478,1.766190034116938,0.33631007186348,1.027583269353482,0.9799982097146995
1841,0.23637497049392636,1.7140661228172478,1.766190034116938,0.3363253121100013,1.027583269353482,0.9799982097146995
1842,0.2364530304962956,1.7140661228172478,1.766190034116938,0.3363381001295374,1.027583269353482,0.9799982097146995
1843,0.23646968126505397,1.7140661228172478,1.766190034116938,0.3363481658398316,1.027583269353482,0.9799982097146995
1844,0.23656549574512903,1.7140661228172478,1.766190034116938,0.3363552802291767,1.027583269353482,0.9799982097146995
1845,0.23647977370885195,1.7140661228172478,1.766190034116938,0.3363592587855861,1.027583269353482,0.9799982097146995
1846,0.2366622921293782,1.7140661228172478,1.766190034116938,0.33635996414776076,1.027583269353482,0.9799982097146995
1847,0.23656933682977038,1.7140661228172478,1.766190034116938,0.3363573079585114,1.027583269353482,0.9799982097146995
1848,0.23664903711333946,1.7140661228172478,1.766190034116938,0.33635125192200344,1.027583269353482,0.9799982097146995
1849,0.23656461647348365,1.7140661228172478,1.766190034116938,0.33634180808431186,1.027583269353482,0.9799982097146995
1850,0.23650380388583417,1.7140661228172478,1.766190034116938,0.3363290383714995,1.027583269353482,0.9799982097146995
1851,0.23656373714023163,1.7140661228172478,1.766190034116938,0.3363130534304272,1.027583269353482,0.9799982097146995
1852,0.23632980970245043,1.7140661228172478,1.766190034116938,0.336294010824652,1.027583269353482,0.9799982097146995
1853,0.23650509270854672,1.7140661228172478,1.766190034116938,0.3362721126414241,1.027583269353482,0.9799982097146995
1854,0.23630438522170147,1.7140661228172478,1.766190034116938,0.33624760256639147,1.027583269353482,0.9799982097146995
1855,0.23634386446152697,1.7140661228172478,1.766190034116938,0.33622076248101945,1.027583269353482,0.9799982097146995
1856,0.23646761892786478,1.7140661228172478,1.766190034116938,0.3361919086346689,1.027583269353482,0.9799982097146995
1857,0.23635251997728549,1.7140661228172478,1.766190034116938,0.3361613874397277,1.027583269353482,0.9799982097146995
1858,0.23638796033980367,1.7140661228172478,1.766190034116938,0.33612957093493184,1.027583269353482,0.9799982097146995
1859,0.2361507602820607,1.7140661228172478,1.766190034116938,0.33609685195979744,1.027583269353482,0.9799982097146995
1860,0.23618664833129235,1.7140661228172478,1.766190034116938,0.33606363908245596,1.027583269353482,0.9799982097146995
1861,0.2359644826581994,1.7140661228172478,1.766190034116938,0.3360303513245133,1.027583269353482,0.9799982097146995
1862,0.23591970346979182,1.7140661228172478,1.766190034116938,0.3359974127299331,1.027583269353482,0.9799982097146995
1863,0.23581486624095382,1.7140661228172478,1.766190034116938,0.3359652468303441,1.027583269353482,0.9799982097146995
1864,0.23571960720000673,1.7140661228172478,1.766190034116938,0.33593427106633583,1.027583269353482,0.9799982097146995
1865,0.23569539460791614,1.7140661228172478,1.766190034116938,0.33590489123283307,1.027583269353482,0.9799982097146995
1866,0.2356553178158128,1.7140661228172478,1.766190034116938,0.3358774960263456,1.027583269353482,0.9799982097146995
1867,0.2356539586325887,1.7140661228172478,1.766190034116938,0.3358524517827286,1.027583269353482,0.9799982097146995
1868,0.23558074547755048,1.7140661228172478,1.766190034116938,0.335830097507064,1.027583269353482,0.9799982097146995
1869,0.23554183798150813,1.7140661228172478,1.766190034116938,0.33581074031584307,1.027583269353482,0.9799982097146995
1870,0.23561843345098687,1.7140661228172478,1.766190034116938,0.3357946514457005,1.027583269353482,0.9799982097146995
1871,0.2356924302757974,1.7140661228172478,1.766190034116938,0.3357820630630882,1.027583269353482,0.9799982097146995
1872,0.23569261373692293,1.7140661228172478,1.766190034116938,0.3357731663433964,1.027583269353482,0.9799982097146995
1873,0.2356271617687757,1.7140661228172478,1.766190034116938,0.3357681121722385,1.027583269353482,0.9799982097146995
1874,0.23552809054061297,1.7140661228172478,1.766190034116938,0.33576702104355677,1.027583269353482,0.9799982097146995
1875,0.2357027769394991,1.7140661228172478,1.766190034116938,0.33577013823961466,1.027583269353482,0.9799982097146995
1876,0.2356520925706392,1.7140661228172478,1.766190034116938,0.33577734770042733,1.027583269353482,0.9799982097146995
1877,0.23571204414279195,1.7140661228172478,1.766190034116938,0.3357885235848435,1.027583269353482,0.9799982097146995
1878,0.23561442680501515,1.7140661228172478,1.766190034116938,0.3358034990519987,1.027583269353482,0.9799982097146995
1879,0.23554392773063418,1.7140661228172478,1.766190034116938,0.33582206294093236,1.027583269353482,0.9799982097146995
1880,0.23555360992355215,1.7140661228172478,1.766190034116938,0.3358439612016195,1.027583269353482,0.9799982097146995
1881,0.23524400073758686,1.7140661228172478,1.766190034116938,0.3358689000992401,1.027583269353482,0.9799982097146995
1882,0.23542811309286257,1.7140661228172478,1.766190034116938,0.33589655036732846,1.027583269353482,0.9799982097146995
1883,0.23520863922938207,1.7140661228172478,1.766190034116938,0.3359265519609061,1.027583269353482,0.9799982097146995
1884,0.23519890642667257,1.7140661228172478,1.766190034116938,0.33595851921085784,1.027583269353482,0.9799982097146995
1885,0.23530878261508373,1.7140661228172478,1.766190034116938,0.3359920462429655,1.027583269353482,0.9799982097146995
1886,0.23511674467992916,1.7140661228172478,1.766190034116938,0.33602671255800143,1.027583269353482,0.9799982097146995
1887,0.23521558620144672,1.7140661228172478,1.766190034116938,0.3360620886906925,1.027583269353482,0.9799982097146995
1888,0.2350157611205486,1.7140661228172478,1.766190034116938,0.33609774188104125,1.027583269353482,0.9799982097146995
1889,0.2350591238873354,1.7140661228172478,1.766190034116938,0.3361332417031799,1.027583269353482,0.9799982097146995
1890,0.2351663797676801,1.7140661228172478,1.766190034116938,0.3361681656052573,1.027583269353482,0.9799982097146995
1891,0.2351662119346443,1.7140661228172478,1.766190034116938,0.3362021043188106,1.027583269353482,0.9799982097146995
1892,0.2351961351270058,1.7140661228172478,1.766190034116938,0.33623466709780625,1.027583269353482,0.9799982097146995
1893,0.23510342292654487,1.7140661228172478,1.766190034116938,0.3362654867463425,1.027583269353482,0.9799982097146995
1894,0.2352375668262364,1.7140661228172478,1.766190034116938,0.3362942243903031,1.027583269353482,0.9799982097146995
1895,0.23551853962176567,1.7140661228172478,1.766190034116938,0.33632057394282006,1.027583269353482,0.9799982097146995
1896,0.23547539096337605,1.7140661228172478,1.766190034116938,0.33634426620710717,1.027583269353482,0.9799982097146995
1897,0.23569125420801984,1.7140661228172478,1.766190034116938,0.33636507255411774,1.027583269353482,0.9799982097146995
1898,0.23540330042994412,1.7140661228172478,1.766190034116938,0.33638280810764504,1.027583269353482,0.9799982097146995
1899,0.23577383567101448,1.7140661228172478,1.766190034116938,0.3363973343669626,1.027583269353482,0.9799982097146995
1900,0.235781653926239,1.7140661228172478,1.766190034116938,0.33640856119783147,1.027583269353482,0.9799982097146995
1901,0.23577342216973457,1.7140661228172478,1.766190034116938,0.3364164481273465,1.027583269353482,0.9799982097146995
1902,0.23584865614636394,1.7140661228172478,1.766190034116938,0.3364210048870461,1.027583269353482,0.9799982097146995
1903,0.23557769071514933,1.7140661228172478,1.766190034116938,0.33642229116200817,1.027583269353482,0.9799982097146995
1904,0.23587387317870084,1.7140661228172478,1.766190034116938,0.33642041552087976,1.027583269353482,0.9799982097146995
1905,0.23581099620873233,1.7140661228172478,1.766190034116938,0.3364155335222127,1.027583269353482,0.9799982097146995
1906,0.23588736547327546,1.7140661228172478,1.766190034116938,0.3364078450150583,1.027583269353482,0.9799982097146995
1907,0.23614616410246184,1.7140661228172478,1.766190034116938,0.3363975906750617,1.027583269353482,0.9799982097146995
1908,0.23612920479676783,1.7140661228172478,1.766190034116938,0.33638504784002554,1.027583269353482,0.9799982097146995
1909,0.2365576485439114,1.7140661228172478,1.766190034116938,0.33637052572943715,1.027583269353482,0.9799982097146995
1910,0.2368326728550943,1.7140661228172478,1.766190034116938,0.33635436014966863,1.027583269353482,0.9799982097146995
1911,0.23694182663008576,1.7140661228172478,1.766190034116938,0.33633690779926184,1.027583269353482,0.9799982097146995
1912,0.23731797749441014,1.7140661228172478,1.766190034116938,0.3363185402963883,1.027583269353482,0.9799982097146995
1913,0.23731862960484376,1.7140661228172478,1.766190034116938,0.33629963805281615,1.027583269353482,0.9799982097146995
1914,0.23780424697872748,1.7140661228172478,1.766190034116938,0.3362805841158225,1.027583269353482,0.9799982097146995
1915,0.23797291897463818,1.7140661228172478,1.766190034116938,0.3362617580918703,1.027583269353482,0.9799982097146995
1916,0.23797700847112851,1.7140661228172478,1.766190034116938,0.33624353025446857,1.027583269353482,0.9799982097146995
1917,0.23810979301805038,1.7140661228172478,1.766190034116938,0.3362262559243795,1.027583269353482,0.9799982097146995
1918,0.23808909348780838,1.7140661228172478,1.766190034116938,0.33621027019424227,1.027583269353482,0.9799982097146995
1919,0.23819342380620842,1.7140661228172478,1.766190034116938,0.33619588305254455,1.027583269353482,0.9799982097146995
1920,0.23822287779702203,1.7140661228172478,1.766190034116938,0.3361833749435784,1.027583269353482,0.9799982097146995
1921,0.23821650420782642,1.7140661228172478,1.766190034116938,0.33617299277871704,1.027583269353482,0.9799982097146995
1922,0.23816876684593202,1.7140661228172478,1.766190034116938,0.3361649463820479,1.027583269353482,0.9799982097146995
1923,0.23830789638590877,1.7140661228172478,1.766190034116938,0.3361594052795922,1.027583269353482,0.9799982097146995
1924,0.23841237744654553,1.7140661228172478,1.766190034116938,0.3361564954754897,1.027583269353482,0.9799982097146995
1925,0.23843034985163328,1.7140661228172478,1.766190034116938,0.33615629412834125,1.027583269353482,0.9799982097146995
1926,0.2383650013311771,1.7140661228172478,1.766190034116938,0.3361586854936699,1.027583269353482,0.9799982097146995
1927,0.23815959964699673,1.7140661228172478,1.766190034116938,0.33616368318146034,1.027583269353482,0.9799982097146995
1928,0.23837598103481444,1.7140661228172478,1.766190034116938,0.33617125474938064,1.027583269353482,0.9799982097146995
1929,0.2381739908200369,1.7140661228172478,1.766190034116938,0.33618132612746865,1.027583269353482,0.9799982097146995
1930,0.2382180780576489,1.7140661228172478,1.766190034116938,0.3361937832453205,1.027583269353482,0.9799982097146995
1931,0.23778995455132793,1.7140661228172478,1.766190034116938,0.33620847356753075,1.027583269353482,0.9799982097146995
1932,0.23774000081875077,1.7140661228172478,1.766190034116938,0.3362252079641256,1.027583269353482,0.9799982097146995
1933,0.23768940212794612,1.7140661228172478,1.766190034116938,0.3362437630390302,1.027583269353482,0.9799982097146995
1934,0.23768051835931348,1.7140661228172478,1.766190034116938,0.3362638839610027,1.027583269353482,0.9799982097146995
1935,0.23742522814923853,1.7140661228172478,1.766190034116938,0.3362852878083988,1.027583269353482,0.9799982097146995
1936,0.23708101669274975,1.7140661228172478,1.766190034116938,0.33630766741754414,1.027583269353482,0.9799982097146995
1937,0.23705980687016293,1.7140661228172478,1.766190034116938,0.33633069570579743,1.027583269353482,0.9799982097146995
1938,0.236824622932385,1.7140661228172478,1.766190034116938,0.3363540304224874,1.027583269353482,0.9799982097146995
1939,0.23689529237580365,1.7140661228172478,1.766190034116938,0.3363773192636332,1.027583269353482,0.9799982097146995
1940,0.2365140020912656,1.7140661228172478,1.766190034116938,0.3364002052703038,1.027583269353482,0.9799982097146995
1941,0.23632030168694884,1.7140661228172478,1.766190034116938,0.33642233241658975,1.027583269353482,0.9799982097146995
1942,0.236265852763271,1.7140661228172478,1.766190034116938,0.336443351282292,1.027583269353482,0.9799982097146995
1943,0.23600289071680997,1.7140661228172478,1.766190034116938,0.3364629246984271,1.027583269353482,0.9799982097146995
1944,0.23600499716791365,1.7140661228172478,1.766190034116938,0.3364807332510431,1.027583269353482,0.9799982097146995
1945,0.23564347891020102,1.7140661228172478,1.766190034116938,0.3364964805308706,1.027583269353482,0.9799982097146995
1946,0.2355087964524247,1.7140661228172478,1.766190034116938,0.3365098980229404,1.027583269353482,0.9799982097146995
1947,0.2353665499007687,1.7140661228172478,1.766190034116938,0.3365207495409994,1.027583269353482,0.9799982097146995
1948,0.23498687215457098,1.7140661228172478,1.766190034116938,0.33652883512564535,1.027583269353482,0.9799982097146995
1949,0.2350090623219101,1.7140661228172478,1.766190034116938,0.3365339943415222,1.027583269353482,0.9799982097146995
1950,0.23462706080613485,1.7140661228172478,1.766190034116938,0.3365361089266647,1.027583269353482,0.9799982097146995
1951,0.23449676761450206,1.7140661228172478,1.766190034116938,0.3365351047648408,1.027583269353482,0.9799982097146995
1952,0.23452280437400755,1.7140661228172478,1.766190034116938,0.33653095316855863,1.027583269353482,0.9799982097146995
1953,0.23440209074089857,1.7140661228172478,1.766190034116938,0.3365236714752765,1.027583269353482,0.9799982097146995
1954,0.2343411356647794,1.7140661228172478,1.766190034116938,0.3365133229716298,1.027583269353482,0.9799982097146995
1955,0.23401941390465633,1.7140661228172478,1.766190034116938,0.33650001616978437,1.027583269353482,0.9799982097146995
1956,0.23402124177104944,1.7140661228172478,1.766190034116938,0.33648390346625534,1.027583269353482,0.9799982097146995
1957,0.23378863442694003,1.7140661228172478,1.766190034116938,0.3364651792169255,1.027583269353482,0.9799982097146995
1958,0.23383335314835504,1.7140661228172478,1.766190034116938,0.33644407726301906,1.027583269353482,0.9799982097146995
1959,0.23339519844467302,1.7140661228172478,1.766190034116938,0.336420867942186,1.027583269353482,0.9799982097146995
1960,0.2330777902497872,1.7140661228172478,1.766190034116938,0.3363958546173879,1.027583269353482,0.9799982097146995
1961,0.23298548076468112,1.7140661228172478,1.766190034116938,0.33636936975487225,1.027583269353482,0.9799982097146995
1962,0.2327115438045726,1.7140661228172478,1.766190034116938,0.33634177058205017,1.027583269353482,0.9799982097146995
1963,0.23275729534673262,1.7140661228172478,1.766190034116938,0.33631343435724514,1.027583269353482,0.9799982097146995
1964,0.23227687129070373,1.7140661228172478,1.766190034116938,0.3362847532867119,1.027583269353482,0.9799982097146995
1965,0.23216043941017706,1.7140661228172478,1.766190034116938,0.33625612913028813,1.027583269353482,0.9799982097146995
1966,0.232075478681853,1.7140661228172478,1.766190034116938,0.33622796754568385,1.027583269353482,0.9799982097146995
1967,0.23195209561631336,1.7140661228172478,1.766190034116938,0.33620067223242545,1.027583269353482,0.9799982097146995
1968,0.2319252464772681,1.7140661228172478,1.766190034116938,0.33617463894942995,1.027583269353482,0.9799982097146995
1969,0.23151957397747308,1.7140661228172478,1.766190034116938,0.33615024949434,1.027583269353482,0.9799982097146995
1970,0.23142317816475547,1.7140661228172478,1.766190034116938,0.3361278657473515,1.027583269353482,0.9799982097146995
1971,0.23130644158941713,1.7140661228172478,1.766190034116938,0.3361078238968408,1.027583269353482,0.9799982097146995
1972,0.23106936452173776,1.7140661228172478,1.766190034116938,0.3360904289790551,1.027583269353482,0.9799982097146995
1973,0.23108103153884926,1.7140661228172478,1.766190034116938,0.33607594988263445,1.027583269353482,0.9799982097146995
1974,0.2307698302921881,1.7140661228172478,1.766190034116938,0.33606461500263585,1.027583269353482,0.9799982097146995
1975,0.23074421333955608,1.7140661228172478,1.766190034116938,0.33605660882184585,1.027583269353482,0.9799982097146995
1976,0.23071556051579276,1.7140661228172478,1.766190034116938,0.33605207005315596,1.027583269353482,0.9799982097146995
1977,0.23062948001375322,1.7140661228172478,1.766190034116938,0.3360510941025153,1.027583269353482,0.9799982097146995
1978,0.23063482971226285,1.7140661228172478,1.766190034116938,0.336053794040794,1.027583269353482,0.9799982097146995
1979,0.230458605164293,1.7140661228172478,1.766190034116938,0.3360601034195236,1.027583269353482,0.9799982097146995
1980,0.2305153605182297,1.7140661228172478,1.766190034116938,0.3360699194983662,1.027583269353482,0.9799982097146995
1981,0.23065819022517178,1.7140661228172478,1.766190034116938,0.3360830914836901,1.027583269353482,0.9799982097146995
1982,0.23066472755703224,1.7140661228172478,1.766190034116938,0.33609942074169596,1.027583269353482,0.9799982097146995
1983,0.23057121419221777,1.7140661228172478,1.766190034116938,0.33611866348886604,1.027583269353482,0.9799982097146995
1984,0.2304511058939628,1.7140661228172478,1.766190034116938,0.3361405346737587,1.027583269353482,0.9799982097146995
1985,0.2304919786005484,1.7140661228172478,1.766190034116938,0.3361647126321304,1.027583269353482,0.9799982097146995
1986,0.23050670733310644,1.7140661228172478,1.766190034116938,0.3361908442859965,1.027583269353482,0.9799982097146995
1987,0.23050474171775479,1.7140661228172478,1.766190034116938,0.33621855071822976,1.027583269353482,0.9799982097146995
1988,0.23038126619500973,1.7140661228172478,1.766190034116938,0.3362474329839015,1.027583269353482,0.9799982097146995
1989,0.23034821730625268,1.7140661228172478,1.766190034116938,0.3362770780409641,1.027583269353482,0.9799982097146995
1990,0.23032525645851518,1.7140661228172478,1.766190034116938,0.3363070647022101,1.027583269353482,0.9799982097146995
1991,0.23022465849977783,1.7140661228172478,1.766190034116938,0.3363369695289857,1.027583269353482,0.9799982097146995
1992,0.2302241102271756,1.7140661228172478,1.766190034116938,0.3363663726043884,1.027583269353482,0.9799982097146995
1993,0.22993930983857208,1.7140661228172478,1.766190034116938,0.33639486313885514,1.027583269353482,0.9799982097146995
1994,0.22989641394323485,1.7140661228172478,1.766190034116938,0.336422044873155,1.027583269353482,0.9799982097146995
1995,0.229854120316247,1.7140661228172478,1.766190034116938,0.3364475412522393,1.027583269353482,0.9799982097146995
1996,0.22970313097375988,1.7140661228172478,1.766190034116938,0.3364710003477154,1.027583269353482,0.9799982097146995
1997,0.2296916758003343,1.7140661228172478,1.766190034116938,0.3364920995069134,1.027583269353482,0.9799982097146995
1998,0.22933053893055333,1.7140661228172478,1.766190034116938,0.3365105497029097,1.027583269353482,0.9799982097146995
1999,0.22937985299950706,1.7140661228172478,1.766190034116938,0.33652609955311696,1.027583269353482,0.9799982097146995
2000,0.2294099448098656,1.7140661228172478,1.766190034116938,0.3365385389651254,1.027583269353482,0.9799982097146995
2001,0.22937055317145497,1.7140661228172478,1.766190034116938,0.33654770235851983,1.027583269353482,0.9799982097146995
2002,0.22933417966004077,1.7140661228172478,1.766190034116938,0.3365534714018143,1.027583269353482,0.9799982097146995
2003,0.22911399017283587,1.7140661228172478,1.766190034116938,0.33655577719578955,1.027583269353482,0.9799982097146995
2004,0.22923968626550775,1.7140661228172478,1.766190034116938,0.3365546018297676,1.027583269353482,0.9799982097146995
2005,0.22912317490173528,1.7140661228172478,1.766190034116938,0.33654997923694063,1.027583269353482,0.9799982097146995
2006,0.22912349045936772,1.7140661228172478,1.766190034116938,0.33654199527964285,1.027583269353482,0.9799982097146995
2007,0.22883618417271773,1.7140661228172478,1.766190034116938,0.3365307870060275,1.027583269353482,0.9799982097146995
2008,0.22870654336231688,1.7140661228172478,1.766190034116938,0.33651654103595935,1.027583269353482,0.9799982097146995
2009,0.22843758508879472,1.7140661228172478,1.766190034116938,0.33649949105565974,1.027583269353482,0.9799982097146995
2010,0.22813675642714587,1.7140661228172478,1.766190034116938,0.3364799144266994,1.027583269353482,0.9799982097146995
2011,0.22786768354724155,1.7140661228172478,1.766190034116938,0.33645812794386915,1.027583269353482,0.9799982097146995
2012,0.2273261844535796,1.7140661228172478,1.766190034116938,0.3364344828064429,1.027583269353482,0.9799982097146995
2013,0.22729088369920794,1.7140661228172478,1.766190034116938,0.336409358896294,1.027583269353482,0.9799982097146995
2014,0.226949196663102,1.7140661228172478,1.766190034116938,0.3363831584821961,1.027583269353482,0.9799982097146995
2015,0.22692462924979487,1.7140661228172478,1.766190034116938,0.3363562994905558,1.027583269353482,0.9799982097146995
2016,0.22672709403785166,1.7140661228172478,1.766190034116938,0.33632920849721254,1.027583269353482,0.9799982097146995
2017,0.22672694651428038,1.7140661228172478,1.766190034116938,0.33630231360189505,1.027583269353482,0.9799982097146995
2018,0.2267265387063378,1.7140661228172478,1.766190034116938,0.33627603734601885,1.027583269353482,0.9799982097146995
2019,0.2267352587802065,1.7140661228172478,1.766190034116938,0.3362507898259874,1.027583269353482,0.9799982097146995
2020,0.2266660253031003,1.7140661228172478,1.766190034116938,0.3362269621389204,1.027583269353482,0.9799982097146995
2021,0.22657068614444487,1.7140661228172478,1.766190034116938,0.33620492027684123,1.027583269353482,0.9799982097146995
2022,0.22671677788773054,1.7140661228172478,1.766190034116938,0.33618499956030995,1.027583269353482,0.9799982097146995
2023,0.2265886327717501,1.7140661228172478,1.766190034116938,0.33616749967410336,1.027583269353482,0.9799982097146995
2024,0.22678791209158372,1.7140661228172478,1.766190034116938,0.3361526803355331,1.027583269353482,0.9799982097146995
2025,0.22662799118788401,1.7140661228172478,1.766190034116938,0.3361407575857498,1.027583269353482,0.9799982097146995
2026,0.22689017029013908,1.7140661228172478,1.766190034116938,0.3361319006276824,1.027583269353482,0.9799982097146995
2027,0.2269785310078361,1.7140661228172478,1.766190034116938,0.33612622896442046,1.027583269353482,0.9799982097146995
2028,0.22708859764975825,1.7140661228172478,1.766190034116938,0.33612380888301185,1.027583269353482,0.9799982097146995
2029,0.22715609508439016,1.7140661228172478,1.766190034116938,0.3361246419423657,1.027583269353482,0.9799982097146995
2030,0.22717218492776506,1.7140661228172478,1.766190034116938,0.33612878524032447,1.027583269353482,0.9799982097146995
2031,0.22746157180836676,1.7140661228172478,1.766190034116938,0.3361361818988169,1.027583269353482,0.9799982097146995
2032,0.22738315634894646,1.7140661228172478,1.766190034116938,0.336146716595087,1.027583269353482,0.9799982097146995
2033,0.22739497914083226,1.7140661228172478,1.766190034116938,0.33616022110941746,1.027583269353482,0.9799982097146995
2034,0.22716611959750735,1.7140661228172478,1.766190034116938,0.3361764775072178,1.027583269353482,0.9799982097146995
2035,0.22737755751734476,1.7140661228172478,1.766190034116938,0.33619522126518414,1.027583269353482,0.9799982097146995
2036,0.22730452386081748,1.7140661228172478,1.766190034116938,0.336216144803777,1.027583269353482,0.9799982097146995
2037,0.22749455205651203,1.7140661228172478,1.766190034116938,0.33623890156973557,1.027583269353482,0.9799982097146995
2038,0.22744008316260134,1.7140661228172478,1.766190034116938,0.3362631107207689,1.027583269353482,0.9799982097146995
2039,0.22767933631211656,1.7140661228172478,1.766190034116938,0.3362883624240057,1.027583269353482,0.9799982097146995
2040,0.22777848143915522,1.7140661228172478,1.766190034116938,0.33631422375202313,1.027583269353482,0.9799982097146995
2041,0.2278958119112351,1.7140661228172478,1.766190034116938,0.33634024513490385,1.027583269353482,0.9799982097146995
2042,0.22798309988360702,1.7140661228172478,1.766190034116938,0.33636596730104035,1.027583269353482,0.9799982097146995
2043,0.2279559765022976,1.7140661228172478,1.766190034116938,0.33639092861333486,1.027583269353482,0.9799982097146995
2044,0.22829447632148028,1.7140661228172478,1.766190034116938,0.3364146726821801,1.027583269353482,0.9799982097146995
2045,0.22811269292538183,1.7140661228172478,1.766190034116938,0.3364367561138293,1.027583269353482,0.9799982097146995
2046,0.2285017699426776,1.7140661228172478,1.766190034116938,0.33645675623432486,1.027583269353482,0.9799982097146995
2047,0.2283239659428748,1.7140661228172478,1.766190034116938,0.33647427861680224,1.027583269353482,0.9799982097146995
2048,0.2286140306050058,1.7140661228172478,1.766190034116938,0.3364889642350499,1.027583269353482,0.9799982097146995
2049,0.2287087906944555,1.7140661228172478,1.766190034116938,0.33650049606958937,1.027583269353482,0.9799982097146995
2050,0.2288082266268404,1.7140661228172478,1.766190034116938,0.336508605004385,1.027583269353482,0.9799982097146995
2051,0.22907295771392316,1.7140661228172478,1.766190034116938,0.3365130748720795,1.027583269353482,0.9799982097146995
2052,0.22904237272476993,1.7140661228172478,1.766190034116938,0.33651374653220195,1.027583269353482,0.9799982097146995
2053,0.22927737947612062,1.7140661228172478,1.766190034116938,0.33651052089824096,1.027583269353482,0.9799982097146995
2054,0.22923845749448804,1.7140661228172478,1.766190034116938,0.3365033608637476,1.027583269353482,0.9799982097146995
2055,0.22914082073911757,1.7140661228172478,1.766190034116938,0.33649229211222986,1.027583269353482,0.9799982097146995
2056,0.2291461481523134,1.7140661228172478,1.766190034116938,0.3364774028283456,1.027583269353482,0.9799982097146995
2057,0.2290301021160755,1.7140661228172478,1.766190034116938,0.33645884235668827,1.027583269353482,0.9799982097146995
2058,0.22913846051219244,1.7140661228172478,1.766190034116938,0.33643681887780147,1.027583269353482,0.9799982097146995
2059,0.22860291930045284,1.7140661228172478,1.766190034116938,0.33641159618794714,1.027583269353482,0.9799982097146995
2060,0.2285865159348623,1.7140661228172478,1.766190034116938,0.3363834896793484,1.027583269353482,0.9799982097146995
2061,0.22833755495717015,1.7140661228172478,1.766190034116938,0.3363528616214002,1.027583269353482,0.9799982097146995
2062,0.22846627431926606,1.7140661228172478,1.766190034116938,0.33632011584162264,1.027583269353482,0.9799982097146995
2063,0.22823166943651013,1.7140661228172478,1.766190034116938,0.33628569189920327,1.027583269353482,0.9799982097146995
2064,0.22800288251287235,1.7140661228172478,1.766190034116938,0.33625005883546616,1.027583269353482,0.9799982097146995
2065,0.22812172255430163,1.7140661228172478,1.766190034116938,0.3362137085761871,1.027583269353482,0.9799982097146995
2066,0.22829633379082773,1.7140661228172478,1.766190034116938,0.3361771490520807,1.027583269353482,0.9799982097146995
2067,0.2283393958342776,1.7140661228172478,1.766190034116938,0.33614089709741474,1.027583269353482,0.9799982097146995
2068,0.2285091689022513,1.7140661228172478,1.766190034116938,0.33610547118382444,1.027583269353482,0.9799982097146995
2069,0.22845580416052702,1.7140661228172478,1.766190034116938,0.33607138404776987,1.027583269353482,0.9799982097146995
2070,0.22867406922525935,1.7140661228172478,1.766190034116938,0.3360391352761449,1.027583269353482,0.9799982097146995
2071,0.2286105105862215,1.7140661228172478,1.766190034116938,0.33600920392535416,1.027583269353482,0.9799982097146995
2072,0.2285308901372393,1.7140661228172478,1.766190034116938,0.33598204126469755,1.027583269353482,0.9799982097146995
2073,0.2283190229935572,1.7140661228172478,1.766190034116938,0.33595806375537235,1.027583269353482,0.9799982097146995
2074,0.22841146980090965,1.7140661228172478,1.766190034116938,0.3359376464039473,1.027583269353482,0.9799982097146995
2075,0.22828901120974654,1.7140661228172478,1.766190034116938,0.33592111667172586,1.027583269353482,0.9799982097146995
2076,0.2283815682433226,1.7140661228172478,1.766190034116938,0.33590874920838587,1.027583269353482,0.9799982097146995
2077,0.22846321895311023,1.7140661228172478,1.766190034116938,0.33590076193143753,1.027583269353482,0.9799982097146995
2078,0.22848233589921166,1.7140661228172478,1.766190034116938,0.3358973150903602,1.027583269353482,0.9799982097146995
2079,0.2285124444827548,1.7140661228172478,1.766190034116938,0.335898525296883,1.027583269353482,0.9799982097146995
2080,0.2285179017002354,1.7140661228172478,1.766190034116938,0.33590427968498526,1.027583269353482,0.9799982097146995
2081,0.2286277431764338,1.7140661228172478,1.766190034116938,0.33591448977912725,1.027583269353482,0.9799982097146995
2082,0.22854597992654924,1.7140661228172478,1.766190034116938,0.335929011265838,1.027583269353482,0.9799982097146995
2083,0.22909572127178046,1.7140661228172478,1.766190034116938,0.3359476399337308,1.027583269353482,0.9799982097146995
2084,0.22918648219300697,1.7140661228172478,1.766190034116938,0.33597011317964004,1.027583269353482,0.9799982097146995
2085,0.22939651604053254,1.7140661228172478,1.766190034116938,0.33599611361954274,1.027583269353482,0.9799982097146995
2086,0.22946990296937148,1.7140661228172478,1.766190034116938,0.3360252740380198,1.027583269353482,0.9799982097146995
2087,0.22968056431716663,1.7140661228172478,1.766190034116938,0.33605718334737117,1.027583269353482,0.9799982097146995
2088,0.23003118546226947,1.7140661228172478,1.766190034116938,0.3360913933306762,1.027583269353482,0.9799982097146995
2089,0.22994243176728366,1.7140661228172478,1.766190034116938,0.3361274259716424,1.027583269353482,0.9799982097146995
2090,0.22994449656784052,1.7140661228172478,1.766190034116938,0.33616478118473847,1.027583269353482,0.9799982097146995
2091,0.22997895708943591,1.7140661228172478,1.766190034116938,0.3362029447677868,1.027583269353482,0.9799982097146995
2092,0.23019487373994796,1.7140661228172478,1.766190034116938,0.3362413964106502,1.027583269353482,0.9799982097146995
2093,0.23019567623403892,1.7140661228172478,1.766190034116938,0.3362796176089464,1.027583269353482,0.9799982097146995
2094,0.23020703269001622,1.7140661228172478,1.766190034116938,0.33631709935010246,1.027583269353482,0.9799982097146995
2095,0.23015330047825522,1.7140661228172478,1.766190034116938,0.3363533494594301,1.027583269353482,0.9799982097146995
2096,0.23065186384018058,1.7140661228172478,1.766190034116938,0.33638789951460546,1.027583269353482,0.9799982097146995
2097,0.23065376837538118,1.7140661228172478,1.766190034116938,0.3364203112566421,1.027583269353482,0.9799982097146995
2098,0.23115589571056877,1.7140661228172478,1.766190034116938,0.3364501824428669,1.027583269353482,0.9799982097146995
2099,0.23113925693219436,1.7140661228172478,1.766190034116938,0.33647715210165335,1.027583269353482,0.9799982097146995
2100,0.23168047346421505,1.7140661228172478,1.766190034116938,0.33650090515926384,1.027583269353482,0.9799982097146995
2101,0.2317577637224511,1.7140661228172478,1.766190034116938,0.33652117641593626,1.027583269353482,0.9799982097146995
2102,0.23209072832267877,1.7140661228172478,1.766190034116938,0.33653775385172374,1.027583269353482,0.9799982097146995
2103,0.232114045076488,1.7140661228172478,1.766190034116938,0.3365504812430629,1.027583269353482,0.9799982097146995
2104,0.2323046841037473,1.7140661228172478,1.766190034116938,0.33655926006964215,1.027583269353482,0.9799982097146995
2105,0.23236927621688716,1.7140661228172478,1.766190034116938,0.3365640506888243,1.027583269353482,0.9799982097146995
2106,0.23237461808675758,1.7140661228172478,1.766190034116938,0.33656487275291996,1.027583269353482,0.9799982097146995
2107,0.232240511834364,1.7140661228172478,1.766190034116938,0.33656180484404885,1.027583269353482,0.9799982097146995
2108,0.23224500790034402,1.7140661228172478,1.766190034116938,0.336554983303249,1.027583269353482,0.9799982097146995
2109,0.23219037386220642,1.7140661228172478,1.766190034116938,0.33654460023565774,1.027583269353482,0.9799982097146995
2110,0.23220898280941005,1.7140661228172478,1.766190034116938,0.3365309006824928,1.027583269353482,0.9799982097146995
2111,0.2319311534427846,1.7140661228172478,1.766190034116938,0.3365141789633504,1.027583269353482,0.9799982097146995
2112,0.23190591292974227,1.7140661228172478,1.766190034116938,0.33649477420876156,1.027583269353482,0.9799982097146995
2113,0.2318373622023727,1.7140661228172478,1.766190034116938,0.33647306512235187,1.027583269353482,0.9799982097146995
2114,0.2319174932030415,1.7140661228172478,1.766190034116938,0.3364494640333845,1.027583269353482,0.9799982097146995
2115,0.2316327572731164,1.7140661228172478,1.766190034116938,0.33642441032260856,1.027583269353482,0.9799982097146995
2116,0.23153761470026935,1.7140661228172478,1.766190034116938,0.3363983633257894,1.027583269353482,0.9799982097146995
2117,0.2315377785525051,1.7140661228172478,1.766190034116938,0.33637179483856494,1.027583269353482,0.9799982097146995
2118,0.2315466101323569,1.7140661228172478,1.766190034116938,0.3363451813619058,1.027583269353482,0.9799982097146995
2119,0.23152991991150915,1.7140661228172478,1.766190034116938,0.3363189962383359,1.027583269353482,0.9799982097146995
2120,0.23126313201133758,1.7140661228172478,1.766190034116938,0.33629370183425655,1.027583269353482,0.9799982097146995
2121,0.2313776780350898,1.7140661228172478,1.766190034116938,0.3362697419227857,1.027583269353482,0.9799982097146995
2122,0.23105588108942549,1.7140661228172478,1.766190034116938,0.3362475344143464,1.027583269353482,0.9799982097146995
2123,0.23109738551471337,1.7140661228172478,1.766190034116938,0.33622746456903596,1.027583269353482,0.9799982097146995
2124,0.2306257710528268,1.7140661228172478,1.766190034116938,0.33620987880579306,1.027583269353482,0.9799982097146995
2125,0.2306361510181127,1.7140661228172478,1.766190034116938,0.3361950791980509,1.027583269353482,0.9799982097146995
2126,0.23018961682523614,1.7140661228172478,1.766190034116938,0.33618331871047047,1.027583269353482,0.9799982097146995
2127,0.2301861942745016,1.7140661228172478,1.766190034116938,0.3361747971719271,1.027583269353482,0.9799982097146995
2128,0.22959970817239383,1.7140661228172478,1.766190034116938,0.33616965782901576,1.027583269353482,0.9799982097146995
2129,0.22954270950675862,1.7140661228172478,1.766190034116938,0.33616798364217054,1.027583269353482,0.9799982097146995
2130,0.2290028510884528,1.7140661228172478,1.766190034116938,0.33616978348414095,1.027583269353482,0.9799982097146995
2131,0.22888762400779647,1.7140661228172478,1.766190034116938,0.33617505456542845,1.027583269353482,0.9799982097146995
2132,0.228452165423194,1.7140661228172478,1.766190034116938,0.3361837218083598,1.027583269353482,0.9799982097146995
2133,0.22809942375341036,1.7140661228172478,1.766190034116938,0.336195650393389,1.027583269353482,0.9799982097146995
2134,0.22801977517090494,1.7140661228172478,1.766190034116938,0.3362106494150261,1.027583269353482,0.9799982097146995
2135,0.22771041136111045,1.7140661228172478,1.766190034116938,0.33622847522980737,1.027583269353482,0.9799982097146995
2136,0.22761559752846475,1.7140661228172478,1.766190034116938,0.336248835259447,1.027583269353482,0.9799982097146995
2137,0.227220851375238,1.7140661228172478,1.766190034116938,0.3362713923950807,1.027583269353482,0.9799982097146995
2138,0.22724387916801128,1.7140661228172478,1.766190034116938,0.33629577002319044,1.027583269353482,0.9799982097146995
2139,0.22733119884785744,1.7140661228172478,1.766190034116938,0.33632155765368016,1.027583269353482,0.9799982097146995
2140,0.2272940092462819,1.7140661228172478,1.766190034116938,0.3363483171108435,1.027583269353482,0.9799982097146995
2141,0.2273869230942541,1.7140661228172478,1.766190034116938,0.3363755892331321,1.027583269353482,0.9799982097146995
2142,0.22738733308797404,1.7140661228172478,1.766190034116938,0.3364029010131804,1.027583269353482,0.9799982097146995
2143,0.22763419486643696,1.7140661228172478,1.766190034116938,0.3364297730941916,1.027583269353482,0.9799982097146995
2144,0.22760679754993862,1.7140661228172478,1.766190034116938,0.3364557275226314,1.027583269353482,0.9799982097146995
2145,0.2277772601563104,1.7140661228172478,1.766190034116938,0.3364802956409525,1.027583269353482,0.9799982097146995
2146,0.22765165650233896,1.7140661228172478,1.766190034116938,0.3365030259888816,1.027583269353482,0.9799982097146995
2147,0.22783612523606692,1.7140661228172478,1.766190034116938,0.33652349206895443,1.027583269353482,0.9799982097146995
2148,0.22764966144896517,1.7140661228172478,1.766190034116938,0.33654129982283676,1.027583269353482,0.9799982097146995
2149,0.22788154162875507,1.7140661228172478,1.766190034116938,0.3365560946607069,1.027583269353482,0.9799982097146995
2150,0.2277460938851552,1.7140661228172478,1.766190034116938,0.33656756788759373,1.027583269353482,0.9799982097146995
2151,0.22811258717594396,1.7140661228172478,1.766190034116938,0.33657546237857777,1.027583269353482,0.9799982097146995
2152,0.22830635958923487,1.7140661228172478,1.766190034116938,0.3365795773693796,1.027583269353482,0.9799982097146995
2153,0.2284967074227182,1.7140661228172478,1.766190034116938,0.3365797722495453,1.027583269353482,0.9799982097146995
2154,0.22843706577987785,1.7140661228172478,1.766190034116938,0.3365759692714333,1.027583269353482,0.9799982097146995
2155,0.2287784688113893,1.7140661228172478,1.766190034116938,0.3365681551180781,1.027583269353482,0.9799982097146995
2156,0.2289802103075686,1.7140661228172478,1.766190034116938,0.33655638130513893,1.027583269353482,0.9799982097146995
2157,0.22914092250618795,1.7140661228172478,1.766190034116938,0.33654076342473865,1.027583269353482,0.9799982097146995
2158,0.2290639341214343,1.7140661228172478,1.766190034116938,0.3365214792701456,1.027583269353482,0.9799982097146995
2159,0.22912183270293826,1.7140661228172478,1.766190034116938,0.3364987659083555,1.027583269353482,0.9799982097146995
2160,0.22922011941202525,1.7140661228172478,1.766190034116938,0.3364729157912455,1.027583269353482,0.9799982097146995
2161,0.22911310772662077,1.7140661228172478,1.766190034116938,0.33644427201414673,1.027583269353482,0.9799982097146995
2162,0.22938376895832382,1.7140661228172478,1.766190034116938,0.33641322284293584,1.027583269353482,0.9799982097146995
2163,0.22925386399771774,1.7140661228172478,1.766190034116938,0.3363801956370472,1.027583269353482,0.9799982097146995
2164,0.22990162494303035,1.7140661228172478,1.766190034116938,0.3363456502966132,1.027583269353482,0.9799982097146995
2165,0.22992752771722672,1.7140661228172478,1.766190034116938,0.33631007235811716,1.027583269353482,0.9799982097146995
2166,0.23035055639795637,1.7140661228172478,1.766190034116938,0.3362739658555561,1.027583269353482,0.9799982097146995
2167,0.23034979842643352,1.7140661228172478,1.766190034116938,0.33623784605453616,1.027583269353482,0.9799982097146995
2168,0.230736484916884,1.7140661228172478,1.766190034116938,0.3362022321562907,1.027583269353482,0.9799982097146995
2169,0.23083099201660645,1.7140661228172478,1.766190034116938,0.3361676400586613,1.027583269353482,0.9799982097146995
2170,0.23088894258759501,1.7140661228172478,1.766190034116938,0.3361345752529777,1.027583269353482,0.9799982097146995
2171,0.23050102076237872,1.7140661228172478,1.766190034116938,0.336103525930691,1.027583269353482,0.9799982097146995
2172,0.23067025753706855,1.7140661228172478,1.766190034116938,0.3360749563730752,1.027583269353482,0.9799982097146995
2173,0.2302639311015587,1.7140661228172478,1.766190034116938,0.336049300703441,1.027583269353482,0.9799982097146995
2174,0.23035248674614114,1.7140661228172478,1.766190034116938,0.3360269570986104,1.027583269353482,0.9799982097146995
2175,0.2298103577356005,1.7140661228172478,1.766190034116938,0.3360082825961571,1.027583269353482,0.9799982097146995
2176,0.22988895630664077,1.7140661228172478,1.766190034116938,0.33599358872956614,1.027583269353482,0.9799982097146995
2177,0.22961186195737168,1.7140661228172478,1.766190034116938,0.33598313849261136,1.027583269353482,0.9799982097146995
2178,0.2295256870983969,1.7140661228172478,1.766190034116938,0.3359771461158028,1.027583269353482,0.9799982097146995
2179,0.22954853241448467,1.7140661228172478,1.766190034116938,0.3359757867906767,1.027583269353482,0.9799982097146995
2180,0.2292533468966502,1.7140661228172478,1.766190034116938,0.3359793545286088,1.027583269353482,0.9799982097146995
2181,0.22949165047115397,1.7140661228172478,1.766190034116938,0.335987749849625,1.027583269353482,0.9799982097146995
2182,0.22918139876407878,1.7140661228172478,1.766190034116938,0.336000854289471,1.027583269353482,0.9799982097146995
2183,0.22944669487226246,1.7140661228172478,1.766190034116938,0.33601849412910056,1.027583269353482,0.9799982097146995
2184,0.2292051408829308,1.7140661228172478,1.766190034116938,0.3360404361196512,1.027583269353482,0.9799982097146995
2185,0.2294393821964804,1.7140661228172478,1.766190034116938,0.33606638880576384,1.027583269353482,0.9799982097146995
2186,0.2292941124799353,1.7140661228172478,1.766190034116938,0.33609600617349805,1.027583269353482,0.9799982097146995
2187,0.2293988225674204,1.7140661228172478,1.766190034116938,0.33612889274171404,1.027583269353482,0.9799982097146995
2188,0.2292112019304222,1.7140661228172478,1.766190034116938,0.3361646097184268,1.027583269353482,0.9799982097146995
2189,0.2293055993758104,1.7140661228172478,1.766190034116938,0.336202681983082,1.027583269353482,0.9799982097146995
2190,0.22907514882273752,1.7140661228172478,1.766190034116938,0.3362426056988949,1.027583269353482,0.9799982097146995
2191,0.2290981532021219,1.7140661228172478,1.766190034116938,0.33628385637349534,1.027583269353482,0.9799982097146995
2192,0.22839859234001084,1.7140661228172478,1.766190034116938,0.33632589719237094,1.027583269353482,0.9799982097146995
2193,0.2284076093866275,1.7140661228172478,1.766190034116938,0.33636818745554053,1.027583269353482,0.9799982097146995
2194,0.22796864921366705,1.7140661228172478,1.766190034116938,0.33641019095631497,1.027583269353482,0.9799982097146995
2195,0.22788765037914624,1.7140661228172478,1.766190034116938,0.3364513841525166,1.027583269353482,0.9799982097146995
2196,0.22717833993053815,1.7140661228172478,1.766190034116938,0.33649126399487433,1.027583269353482,0.9799982097146995
2197,0.226841579795161,1.7140661228172478,1.766190034116938,0.33652935529365063,1.027583269353482,0.9799982097146995
2198,0.22671839256958737,1.7140661228172478,1.766190034116938,0.33656521752186547,1.027583269353482,0.9799982097146995
2199,0.22628556146491688,1.7140661228172478,1.766190034116938,0.3365984509707849,1.027583269353482,0.9799982097146995
2200,0.22627789768699633,1.7140661228172478,1.766190034116938,0.3366287021896459,1.027583269353482,0.9799982097146995
2201,0.22564482033170047,1.7140661228172478,1.766190034116938,0.3366556686562657,1.027583269353482,0.9799982097146995
2202,0.22583249885754197,1.7140661228172478,1.766190034116938,0.33667910263771317,1.027583269353482,0.9799982097146995
2203,0.225260201129626,1.7140661228172478,1.766190034116938,0.33669881421056513,1.027583269353482,0.9799982097146995
2204,0.22544290261535027,1.7140661228172478,1.766190034116938,0.3367146734184158,1.027583269353482,0.9799982097146995
2205,0.22508570780506856,1.7140661228172478,1.766190034116938,0.3367266115508401,1.027583269353482,0.9799982097146995
2206,0.22516529579737357,1.7140661228172478,1.766190034116938,0.33673462153334377,1.027583269353482,0.9799982097146995
2207,0.2253104229655,1.7140661228172478,1.766190034116938,0.336738757422831,1.027583269353482,0.9799982097146995
2208,0.2252937718658254,1.7140661228172478,1.766190034116938,0.3367391330084591,1.027583269353482,0.9799982097146995
2209,0.22556339294840747,1.7140661228172478,1.766190034116938,0.33673591952424836,1.027583269353482,0.9799982097146995
2210,0.22555937384883099,1.7140661228172478,1.766190034116938,0.3367293424880227,1.027583269353482,0.9799982097146995
2211,0.22580064936211888,1.7140661228172478,1.766190034116938,0.3367196776916711,1.027583269353482,0.9799982097146995
2212,0.22594656109290318,1.7140661228172478,1.766190034116938,0.3367072463804692,1.027583269353482,0.9799982097146995
2213,0.22578636511754016,1.7140661228172478,1.766190034116938,0.3366924096741891,1.027583269353482,0.9799982097146995
2214,0.22582269444153158,1.7140661228172478,1.766190034116938,0.3366755622995766,1.027583269353482,0.9799982097146995
2215,0.22572191022860688,1.7140661228172478,1.766190034116938,0.33665712572169926,1.027583269353482,0.9799982097146995
2216,0.22580708832700663,1.7140661228172478,1.766190034116938,0.33663754077981206,1.027583269353482,0.9799982097146995
2217,0.22562096377028512,1.7140661228172478,1.766190034116938,0.3366172599504903,1.027583269353482,0.9799982097146995
2218,0.22528594838801813,1.7140661228172478,1.766190034116938,0.3365967393756749,1.027583269353482,0.9799982097146995
2219,0.2253089729033326,1.7140661228172478,1.766190034116938,0.33657643080461735,1.027583269353482,0.9799982097146995
2220,0.22482570978504368,1.7140661228172478,1.766190034116938,0.33655677360524744,1.027583269353482,0.9799982097146995
2221,0.22486652183195016,1.7140661228172478,1.766190034116938,0.3365381870009957,1.027583269353482,0.9799982097146995
2222,0.22411211435026737,1.7140661228172478,1.766190034116938,0.33652106268217913,1.027583269353482,0.9799982097146995
2223,0.2240209254354097,1.7140661228172478,1.766190034116938,0.33650575792460863,1.027583269353482,0.9799982097146995
2224,0.22369734243023343,1.7140661228172478,1.766190034116938,0.3364925893176102,1.027583269353482,0.9799982097146995
2225,0.22333655242464664,1.7140661228172478,1.766190034116938,0.3364818271470806,1.027583269353482,0.9799982097146995
2226,0.22319053966255006,1.7140661228172478,1.766190034116938,0.3364736903578492,1.027583269353482,0.9799982097146995
2227,0.22251074375263905,1.7140661228172478,1.766190034116938,0.33646834168318906,1.027583269353482,0.9799982097146995
2228,0.22275762965039367,1.7140661228172478,1.766190034116938,0.3364658811706355,1.027583269353482,0.9799982097146995
2229,0.22217579797712006,1.7140661228172478,1.766190034116938,0.3364663255923903,1.027583269353482,0.9799982097146995
2230,0.22239820690885895,1.7140661228172478,1.766190034116938,0.3364700148578436,1.027583269353482,0.9799982097146995
2231,0.22172640098703156,1.7140661228172478,1.766190034116938,0.3364769482857725,1.027583269353482,0.9799982097146995
2232,0.22193899000167858,1.7140661228172478,1.766190034116938,0.33648703881159975,1.027583269353482,0.9799982097146995
2233,0.22144570431569502,1.7140661228172478,1.766190034116938,0.33650012715603017,1.027583269353482,0.9799982097146995
2234,0.22150187510196215,1.7140661228172478,1.766190034116938,0.3365159886049772,1.027583269353482,0.9799982097146995
2235,0.22084644141625992,1.7140661228172478,1.766190034116938,0.33653433911103503,1.027583269353482,0.9799982097146995
2236,0.22085200779405173,1.7140661228172478,1.766190034116938,0.33655484182552114,1.027583269353482,0.9799982097146995
2237,0.22023320177531364,1.7140661228172478,1.766190034116938,0.33657711427280795,1.027583269353482,0.9799982097146995
2238,0.22024009594963218,1.7140661228172478,1.766190034116938,0.33660073614230035,1.027583269353482,0.9799982097146995
2239,0.21957392262104297,1.7140661228172478,1.766190034116938,0.336625257593476,1.027583269353482,0.9799982097146995
2240,0.2194967069268845,1.7140661228172478,1.766190034116938,0.3366502079395839,1.027583269353482,0.9799982097146995
2241,0.21924284857282492,1.7140661228172478,1.766190034116938,0.33667510456543903,1.027583269353482,0.9799982097146995
2242,0.21918278129289018,1.7140661228172478,1.766190034116938,0.3366994619333835,1.027583269353482,0.9799982097146995
2243,0.21909169776234386,1.7140661228172478,1.766190034116938,0.3367228005342351,1.027583269353482,0.9799982097146995
2244,0.2189712140326612,1.7140661228172478,1.766190034116938,0.336744655644622,1.027583269353482,0.9799982097146995
2245,0.21907508249199725,1.7140661228172478,1.766190034116938,0.33676458575743434,1.027583269353482,0.9799982097146995
2246,0.21911089147856,1.7140661228172478,1.766190034116938,0.3367821805577265,1.027583269353482,0.9799982097146995
2247,0.21915602906578893,1.7140661228172478,1.766190034116938,0.33679706832226136,1.027583269353482,0.9799982097146995
2248,0.21917223698024388,1.7140661228172478,1.766190034116938,0.33680892262729994,1.027583269353482,0.9799982097146995
2249,0.21919029293245682,1.7140661228172478,1.766190034116938,0.33681746825662906,1.027583269353482,0.9799982097146995
2250,0.21941508098977902,1.7140661228172478,1.766190034116938,0.3368224862107687,1.027583269353482,0.9799982097146995
2251,0.21939413368210475,1.7140661228172478,1.766190034116938,0.3368238177292603,1.027583269353482,0.9799982097146995
2252,0.2196798379892592,1.7140661228172478,1.766190034116938,0.33682136725135076,1.027583269353482,0.9799982097146995
2253,0.21966844754691506,1.7140661228172478,1.766190034116938,0.33681510425645683,1.027583269353482,0.9799982097146995
2254,0.2198142566663629,1.7140661228172478,1.766190034116938,0.33680506394447385,1.027583269353482,0.9799982097146995
2255,0.21978699426623666,1.7140661228172478,1.766190034116938,0.3367913467370805,1.027583269353482,0.9799982097146995
2256,0.2197216634394723,1.7140661228172478,1.766190034116938,0.33677411660408546,1.027583269353482,0.9799982097146995
2257,0.21943049616070473,1.7140661228172478,1.766190034116938,0.33675359824290163,1.027583269353482,0.9799982097146995
2258,0.21945445204313116,1.7140661228172478,1.766190034116938,0.3367300731634739,1.027583269353482,0.9799982097146995
2259,0.21913996791948118,1.7140661228172478,1.766190034116938,0.3367038747544861,1.027583269353482,0.9799982097146995
2260,0.21913011591343312,1.7140661228172478,1.766190034116938,0.3366753824284149,1.027583269353482,0.9799982097146995
2261,0.21867872968179475,1.7140661228172478,1.766190034116938,0.3366450149621125,1.027583269353482,0.9799982097146995
2262,0.21875513985224654,1.7140661228172478,1.766190034116938,0.3366132231653111,1.027583269353482,0.9799982097146995
2263,0.21874737500799835,1.7140661228172478,1.766190034116938,0.3365804820212246,1.027583269353482,0.9799982097146995
2264,0.2187394750154423,1.7140661228172478,1.766190034116938,0.3365472824509961,1.027583269353482,0.9799982097146995
2265,0.2188412020102761,1.7140661228172478,1.766190034116938,0.3365141228570341,1.027583269353482,0.9799982097146995
2266,0.218589899202057,1.7140661228172478,1.766190034116938,0.3364815005995179,1.027583269353482,0.9799982097146995
2267,0.21917920135449273,1.7140661228172478,1.766190034116938,0.33644990355592075,1.027583269353482,0.9799982097146995
2268,0.21887676178931695,1.7140661228172478,1.766190034116938,0.3364198019057981,1.027583269353482,0.9799982097146995
2269,0.21931565105469425,1.7140661228172478,1.766190034116938,0.33639164027288454,1.027583269353482,0.9799982097146995
2270,0.21883121140994397,1.7140661228172478,1.766190034116938,0.33636583034418244,1.027583269353482,0.9799982097146995
2271,0.21925820409959568,1.7140661228172478,1.766190034116938,0.3363427440714334,1.027583269353482,0.9799982097146995
2272,0.21916412206030883,1.7140661228172478,1.766190034116938,0.3363227075435961,1.027583269353482,0.9799982097146995
2273,0.21923773979876063,1.7140661228172478,1.766190034116938,0.3363059955975759,1.027583269353482,0.9799982097146995
2274,0.21909556802878072,1.7140661228172478,1.766190034116938,0.3362928272014286,1.027583269353482,0.9799982097146995
2275,0.21910234902306672,1.7140661228172478,1.766190034116938,0.3362833615751389,1.027583269353482,0.9799982097146995
2276,0.2188455522424244,1.7140661228172478,1.766190034116938,0.33627769480426895,1.027583269353482,0.9799982097146995
2277,0.2188093590248783,1.7140661228172478,1.766190034116938,0.3362758556752254,1.027583269353482,0.9799982097146995
2278,0.21867274599642078,1.7140661228172478,1.766190034116938,0.3362777857438903,1.027583269353482,0.9799982097146995
2279,0.2185258263314092,1.7140661228172478,1.766190034116938,0.3362834377099553,1.027583269353482,0.9799982097146995
2280,0.21842590535256823,1.7140661228172478,1.766190034116938,0.33629267903587284,1.027583269353482,0.9799982097146995
2281,0.21808569131846717,1.7140661228172478,1.766190034116938,0.33630531250502876,1.027583269353482,0.9799982097146995
2282,0.21802028503078041,1.7140661228172478,1.766190034116938,0.3363210819374441,1.027583269353482,0.9799982097146995
2283,0.21724602615586747,1.7140661228172478,1.766190034116938,0.3363396770815848,1.027583269353482,0.9799982097146995
2284,0.21742669170699594,1.7140661228172478,1.766190034116938,0.33636073893232316,1.027583269353482,0.9799982097146995
2285,0.21664073771059927,1.7140661228172478,1.766190034116938,0.33638386570394124,1.027583269353482,0.9799982097146995
2286,0.21680268718212778,1.7140661228172478,1.766190034116938,0.33640861946925077,1.027583269353482,0.9799982097146995
2287,0.2161178756079997,1.7140661228172478,1.766190034116938,0.3364345334008557,1.027583269353482,0.9799982097146995
2288,0.2160995119445412,1.7140661228172478,1.766190034116938,0.33646111951409624,1.027583269353482,0.9799982097146995
2289,0.2157082189229896,1.7140661228172478,1.766190034116938,0.3364878767890953,1.027583269353482,0.9799982097146995
2290,0.21554611477733687,1.7140661228172478,1.766190034116938,0.3365142995346914,1.027583269353482,0.9799982097146995
2291,0.2150893382649018,1.7140661228172478,1.766190034116938,0.3365398858476386,1.027583269353482,0.9799982097146995
2292,0.2147325967522348,1.7140661228172478,1.766190034116938,0.3365641460157336,1.027583269353482,0.9799982097146995
2293,0.21477742678419753,1.7140661228172478,1.766190034116938,0.3365866107130866,1.027583269353482,0.9799982097146995
2294,0.21449537056019355,1.7140661228172478,1.766190034116938,0.33660683883950215,1.027583269353482,0.9799982097146995
2295,0.21434793441617928,1.7140661228172478,1.766190034116938,0.33662442486352845,1.027583269353482,0.9799982097146995
2296,0.21396832767070012,1.7140661228172478,1.766190034116938,0.33663900553978,1.027583269353482,0.9799982097146995
2297,0.2138445846054225,1.7140661228172478,1.766190034116938,0.3366502658851622,1.027583269353482,0.9799982097146995
2298,0.21348906503326714,1.7140661228172478,1.766190034116938,0.3366579443149546,1.027583269353482,0.9799982097146995
2299,0.21342485156465008,1.7140661228172478,1.766190034116938,0.33666183685775375,1.027583269353482,0.9799982097146995
2300,0.2129882067858842,1.7140661228172478,1.766190034116938,0.3366618003873271,1.027583269353482,0.9799982097146995
2301,0.21299553357101458,1.7140661228172478,1.766190034116938,0.3366577548289092,1.027583269353482,0.9799982097146995
2302,0.21270104169884546,1.7140661228172478,1.766190034116938,0.3366496843167836,1.027583269353482,0.9799982097146995
2303,0.2126354186855947,1.7140661228172478,1.766190034116938,0.3366376372987263,1.027583269353482,0.9799982097146995
2304,0.21271835226553573,1.7140661228172478,1.766190034116938,0.3366217256006606,1.027583269353482,0.9799982097146995
2305,0.21254609442773031,1.7140661228172478,1.766190034116938,0.33660212248141863,1.027583269353482,0.9799982097146995
2306,0.21291818949001243,1.7140661228172478,1.766190034116938,0.3365790597227439,1.027583269353482,0.9799982097146995
2307,0.2127393656958616,1.7140661228172478,1.766190034116938,0.3365528238134048,1.027583269353482,0.9799982097146995
2308,0.2132530980641082,1.7140661228172478,1.766190034116938,0.3365237512985943,1.027583269353482,0.9799982097146995
2309,0.21313010126133272,1.7140661228172478,1.766190034116938,0.3364922233766266,1.027583269353482,0.9799982097146995
2310,0.2137244956285824,1.7140661228172478,1.766190034116938,0.3364586598342792,1.027583269353482,0.9799982097146995
2311,0.21404031942538781,1.7140661228172478,1.766190034116938,0.33642351242006197,1.027583269353482,0.9799982097146995
2312,0.21427010734468926,1.7140661228172478,1.766190034116938,0.33638725776111095,1.027583269353482,0.9799982097146995
2313,0.21460424108962112,1.7140661228172478,1.766190034116938,0.3363503899343432,1.027583269353482,0.9799982097146995
2314,0.21465630678665085,1.7140661228172478,1.766190034116938,0.33631341280588206,1.027583269353482,0.9799982097146995
2315,0.21510795758976511,1.7140661228172478,1.766190034116938,0.33627683225456695,1.027583269353482,0.9799982097146995
2316,0.21507938877327729,1.7140661228172478,1.766190034116938,0.33624114839548913,1.027583269353482,0.9799982097146995
2317,0.21515492769974598,1.7140661228172478,1.766190034116938,0.33620684791804173,1.027583269353482,0.9799982097146995
2318,0.21508726423299673,1.7140661228172478,1.766190034116938,0.33617439664986515,1.027583269353482,0.9799982097146995
2319,0.21484481222160862,1.7140661228172478,1.766190034116938,0.3361442324534756,1.027583269353482,0.9799982097146995
2320,0.21450752431891906,1.7140661228172478,1.766190034116938,0.3361167585564252,1.027583269353482,0.9799982097146995
2321,0.21432196583479926,1.7140661228172478,1.766190034116938,0.3360923374088042,1.027583269353482,0.9799982097146995
2322,0.21350567301746204,1.7140661228172478,1.766190034116938,0.3360712851541869,1.027583269353482,0.9799982097146995
2323,0.21371510609585945,1.7140661228172478,1.766190034116938,0.3360538667924427,1.027583269353482,0.9799982097146995
2324,0.21303215324512711,1.7140661228172478,1.766190034116938,0.3360402921068498,1.027583269353482,0.9799982097146995
2325,0.21313958044824136,1.7140661228172478,1.766190034116938,0.33603071242855576,1.027583269353482,0.9799982097146995
2326,0.21227396172663265,1.7140661228172478,1.766190034116938,0.3360252183401613,1.027583269353482,0.9799982097146995
2327,0.2123312555001771,1.7140661228172478,1.766190034116938,0.33602383862722823,1.027583269353482,0.9799982097146995
2328,0.2118793851015062,1.7140661228172478,1.766190034116938,0.3360265449428576,1.027583269353482,0.9799982097146995
2329,0.21174848758319004,1.7140661228172478,1.766190034116938,0.3360332327110816,1.027583269353482,0.9799982097146995
2330,0.21188321075082808,1.7140661228172478,1.766190034116938,0.336043738116914,1.027583269353482,0.9799982097146995
2331,0.2117119710791032,1.7140661228172478,1.766190034116938,0.3360578383818083,1.027583269353482,0.9799982097146995
2332,0.21210939008232615,1.7140661228172478,1.766190034116938,0.3360752545702613,1.027583269353482,0.9799982097146995
2333,0.21217231199781364,1.7140661228172478,1.766190034116938,0.33609565552151177,1.027583269353482,0.9799982097146995
2334,0.2123060037872895,1.7140661228172478,1.766190034116938,0.3361186627107198,1.027583269353482,0.9799982097146995
2335,0.21216344058250222,1.7140661228172478,1.766190034116938,0.33614385595278123,1.027583269353482,0.9799982097146995
2336,0.21233531998769378,1.7140661228172478,1.766190034116938,0.33617077987464405,1.027583269353482,0.9799982097146995
2337,0.21230624236088927,1.7140661228172478,1.766190034116938,0.33619895107536757,1.027583269353482,0.9799982097146995
2338,0.21232083427871834,1.7140661228172478,1.766190034116938,0.3362278658804517,1.027583269353482,0.9799982097146995
2339,0.21198776875131659,1.7140661228172478,1.766190034116938,0.33625700858168145,1.027583269353482,0.9799982097146995
2340,0.2119768613936537,1.7140661228172478,1.766190034116938,0.3362858600374203,1.027583269353482,0.9799982097146995
2341,0.21172066448896082,1.7140661228172478,1.766190034116938,0.3363139064920088,1.027583269353482,0.9799982097146995
2342,0.2117357889606005,1.7140661228172478,1.766190034116938,0.33634064845771394,1.027583269353482,0.9799982097146995
2343,0.21148458126511002,1.7140661228172478,1.766190034116938,0.33636560948968197,1.027583269353482,0.9799982097146995
2344,0.21143554860779643,1.7140661228172478,1.766190034116938,0.33638834467471546,1.027583269353482,0.9799982097146995
2345,0.2114933558092836,1.7140661228172478,1.766190034116938,0.33640844864957586,1.027583269353482,0.9799982097146995
2346,0.211497203969885,1.7140661228172478,1.766190034116938,0.33642556296495935,1.027583269353482,0.9799982097146995
2347,0.21160727252629571,1.7140661228172478,1.766190034116938,0.33643938261809686,1.027583269353482,0.9799982097146995
2348,0.21157829576734002,1.7140661228172478,1.766190034116938,0.33644966159061507,1.027583269353482,0.9799982097146995
2349,0.21170545075972383,1.7140661228172478,1.766190034116938,0.3364562172489148,1.027583269353482,0.9799982097146995
2350,0.21177492842553922,1.7140661228172478,1.766190034116938,0.33645893349152756,1.027583269353482,0.9799982097146995
2351,0.21181584028571307,1.7140661228172478,1.766190034116938,0.3364577625607837,1.027583269353482,0.9799982097146995
2352,0.2119426159384793,1.7140661228172478,1.766190034116938,0.33645272547339283,1.027583269353482,0.9799982097146995
2353,0.21193413670304834,1.7140661228172478,1.766190034116938,0.33644391106441807,1.027583269353482,0.9799982097146995
2354,0.2120001274943115,1.7140661228172478,1.766190034116938,0.3364314736797119,1.027583269353482,0.9799982097146995
2355,0.2119762664853792,1.7140661228172478,1.766190034116938,0.3364156295909902,1.027583269353482,0.9799982097146995
2356,0.21209536540484658,1.7140661228172478,1.766190034116938,0.33639665224345633,1.027583269353482,0.9799982097146995
2357,0.21201035112360847,1.7140661228172478,1.766190034116938,0.3363748664762679,1.027583269353482,0.9799982097146995
2358,0.21222891026299978,1.7140661228172478,1.766190034116938,0.3363506418799128,1.027583269353482,0.9799982097146995
2359,0.2120264293926607,1.7140661228172478,1.766190034116938,0.3363243854706237,1.027583269353482,0.9799982097146995
2360,0.21230596552643854,1.7140661228172478,1.766190034116938,0.33629653387005637,1.027583269353482,0.9799982097146995
2361,0.21229691361082953,1.7140661228172478,1.766190034116938,0.3362675451786478,1.027583269353482,0.9799982097146995
2362,0.21241601357335857,1.7140661228172478,1.766190034116938,0.33623789072410254,1.027583269353482,0.9799982097146995
2363,0.2124814251667221,1.7140661228172478,1.766190034116938,0.3362080468534349,1.027583269353482,0.9799982097146995
2364,0.21252062346764178,1.7140661228172478,1.766190034116938,0.33617848691936586,1.027583269353482,0.9799982097146995
2365,0.21259032508484169,1.7140661228172478,1.766190034116938,0.33614967359118375,1.027583269353482,0.9799982097146995
2366,0.21254854586937277,1.7140661228172478,1.766190034116938,0.33612205159818237,1.027583269353482,0.9799982097146995
2367,0.21290503807633002,1.7140661228172478,1.766190034116938,0.33609604099192575,1.027583269353482,0.9799982097146995
2368,0.21286007695772355,1.7140661228172478,1.766190034116938,0.33607203099327004,1.027583269353482,0.9799982097146995
2369,0.21306185304472727,1.7140661228172478,1.766190034116938,0.33605037447245106,1.027583269353482,0.9799982097146995
2370,0.21291255880776214,1.7140661228172478,1.766190034116938,0.33603138309639125,1.027583269353482,0.9799982097146995
2371,0.2131571548557244,1.7140661228172478,1.766190034116938,0.3360153231675633,1.027583269353482,0.9799982097146995
2372,0.21302329339770593,1.7140661228172478,1.766190034116938,0.33600241217429644,1.027583269353482,0.9799982097146995
2373,0.2130176858316553,1.7140661228172478,1.766190034116938,0.33599281607655634,1.027583269353482,0.9799982097146995
2374,0.21256077707216345,1.7140661228172478,1.766190034116938,0.3359866473772419,1.027583269353482,0.9799982097146995
2375,0.21261989161233452,1.7140661228172478,1.766190034116938,0.3359839641534366,1.027583269353482,0.9799982097146995
2376,0.21245295401431769,1.7140661228172478,1.766190034116938,0.3359847713382366,1.027583269353482,0.9799982097146995
2377,0.21244460431834208,1.7140661228172478,1.766190034116938,0.33598899752779643,1.027583269353482,0.9799982097146995
2378,0.21222530810688164,1.7140661228172478,1.766190034116938,0.3359965301755146,1.027583269353482,0.9799982097146995
2379,0.21221557965545648,1.7140661228172478,1.766190034116938,0.3360072056586362,1.027583269353482,0.9799982097146995
2380,0.2122154128440286,1.7140661228172478,1.766190034116938,0.33602081093574654,1.027583269353482,0.9799982097146995
2381,0.21216056236116465,1.7140661228172478,1.766190034116938,0.3360370865446062,1.027583269353482,0.9799982097146995
2382,0.21228121933884322,1.7140661228172478,1.766190034116938,0.3360557304797444,1.027583269353482,0.9799982097146995
2383,0.21215756314213274,1.7140661228172478,1.766190034116938,0.3360764028386873,1.027583269353482,0.9799982097146995
2384,0.21237165343289077,1.7140661228172478,1.766190034116938,0.336098731171076,1.027583269353482,0.9799982097146995
2385,0.21228978571892018,1.7140661228172478,1.766190034116938,0.33612231646314067,1.027583269353482,0.9799982097146995
2386,0.21245782211439002,1.7140661228172478,1.766190034116938,0.3361467396759223,1.027583269353482,0.9799982097146995
2387,0.21248051722094552,1.7140661228172478,1.766190034116938,0.336171568737658,1.027583269353482,0.9799982097146995
2388,0.21260898828211186,1.7140661228172478,1.766190034116938,0.3361963658722033,1.027583269353482,0.9799982097146995
2389,0.2130721655237256,1.7140661228172478,1.766190034116938,0.33622069512829333,1.027583269353482,0.9799982097146995
2390,0.2130727361246769,1.7140661228172478,1.766190034116938,0.33624412996032743,1.027583269353482,0.9799982097146995
2391,0.21363924388425476,1.7140661228172478,1.766190034116938,0.33626626070156734,1.027583269353482,0.9799982097146995
2392,0.21365192405606437,1.7140661228172478,1.766190034116938,0.3362867017660653,1.027583269353482,0.9799982097146995
2393,0.21440843334178758,1.7140661228172478,1.766190034116938,0.33630509841699235,1.027583269353482,0.9799982097146995
2394,0.2146464662796853,1.7140661228172478,1.766190034116938,0.3363211329466019,1.027583269353482,0.9799982097146995
2395,0.2148805332636954,1.7140661228172478,1.766190034116938,0.3363345301266572,1.027583269353482,0.9799982097146995
2396,0.21531380504210199,1.7140661228172478,1.766190034116938,0.3363450618073271,1.027583269353482,0.9799982097146995
2397,0.21513188100924754,1.7140661228172478,1.766190034116938,0.33635255056634766,1.027583269353482,0.9799982097146995
2398,0.2154645690540531,1.7140661228172478,1.766190034116938,0.33635687233753286,1.027583269353482,0.9799982097146995
2399,0.2152021724798472,1.7140661228172478,1.766190034116938,0.33635795797709894,1.027583269353482,0.9799982097146995
2400,0.21528204731178363,1.7140661228172478,1.766190034116938,0.33635579375627594,1.027583269353482,0.9799982097146995
2401,0.21512739522942026,1.7140661228172478,1.766190034116938,0.336350420797872,1.027583269353482,0.9799982097146995
2402,0.21475958203127074,1.7140661228172478,1.766190034116938,0.33634193350152647,1.027583269353482,0.9799982097146995
2403,0.21475428445461,1.7140661228172478,1.766190034116938,0.3363304770261993,1.027583269353482,0.9799982097146995
2404,0.21415020147989314,1.7140661228172478,1.766190034116938,0.3363162439182073,1.027583269353482,0.9799982097146995
2405,0.21412406683519072,1.7140661228172478,1.766190034116938,0.33629946998829063,1.027583269353482,0.9799982097146995
2406,0.21371750063466194,1.7140661228172478,1.766190034116938,0.33628042955157866,1.027583269353482,0.9799982097146995
2407,0.21360992018441738,1.7140661228172478,1.766190034116938,0.33625943015005766,1.027583269353482,0.9799982097146995
2408,0.21312298756118933,1.7140661228172478,1.766190034116938,0.33623680687855684,1.027583269353482,0.9799982097146995
2409,0.21272227803490484,1.7140661228172478,1.766190034116938,0.3362129164329433,1.027583269353482,0.9799982097146995
2410,0.21286747749943297,1.7140661228172478,1.766190034116938,0.33618813099386985,1.027583269353482,0.9799982097146995
2411,0.2128467999110388,1.7140661228172478,1.766190034116938,0.336162832051817,1.027583269353482,0.9799982097146995
2412,0.21284272313614824,1.7140661228172478,1.766190034116938,0.3361374042700691,1.027583269353482,0.9799982097146995
2413,0.21290320018735698,1.7140661228172478,1.766190034116938,0.33611222947247504,1.027583269353482,0.9799982097146995
2414,0.21289960022989043,1.7140661228172478,1.766190034116938,0.3360876808329084,1.027583269353482,0.9799982097146995
2415,0.21310259768646866,1.7140661228172478,1.766190034116938,0.33606411733386043,1.027583269353482,0.9799982097146995
2416,0.2130666067513385,1.7140661228172478,1.766190034116938,0.33604187855290696,1.027583269353482,0.9799982097146995
2417,0.2130720217245827,1.7140661228172478,1.766190034116938,0.33602127982809843,1.027583269353482,0.9799982097146995
2418,0.21308962247280988,1.7140661228172478,1.766190034116938,0.3360026078467101,1.027583269353482,0.9799982097146995
2419,0.21279993892235213,1.7140661228172478,1.766190034116938,0.33598611669612694,1.027583269353482,0.9799982097146995
2420,0.2128458599978425,1.7140661228172478,1.766190034116938,0.3359720244105918,1.027583269353482,0.9799982097146995
2421,0.2125495725529632,1.7140661228172478,1.766190034116938,0.33596051004244204,1.027583269353482,0.9799982097146995
2422,0.21251886535290043,1.7140661228172478,1.766190034116938,0.33595171127959716,1.027583269353482,0.9799982097146995
2423,0.2123628686197378,1.7140661228172478,1.766190034116938,0.33594572261713807,1.027583269353482,0.9799982097146995
2424,0.21224754746316493,1.7140661228172478,1.766190034116938,0.3359425940450533,1.027583269353482,0.9799982097146995
2425,0.21211070995963452,1.7140661228172478,1.766190034116938,0.33594232993075795,1.027583269353482,0.9799982097146995
2426,0.21152925324873592,1.7140661228172478,1.766190034116938,0.33594486925637207,1.027583269353482,0.9799982097146995
2427,0.21174405047971445,1.7140661228172478,1.766190034116938,0.33595013375127497,1.027583269353482,0.9799982097146995
2428,0.21134955948445042,1.7140661228172478,1.766190034116938,0.33595800198575304,1.027583269353482,0.9799982097146995
2429,0.21142653902194966,1.7140661228172478,1.766190034116938,0.33596831212328626,1.027583269353482,0.9799982097146995
2430,0.21080141665965624,1.7140661228172478,1.766190034116938,0.3359808646104711,1.027583269353482,0.9799982097146995
2431,0.21077713036258042,1.7140661228172478,1.766190034116938,0.33599542531813154,1.027583269353482,0.9799982097146995
2432,0.21071344210327306,1.7140661228172478,1.766190034116938,0.336011729179608,1.027583269353482,0.9799982097146995
2433,0.21055505964645888,1.7140661228172478,1.766190034116938,0.3360294843018733,1.027583269353482,0.9799982097146995
2434,0.21078864504463213,1.7140661228172478,1.766190034116938,0.33604837650021835,1.027583269353482,0.9799982097146995
2435,0.21058164929841985,1.7140661228172478,1.766190034116938,0.3360680741924991,1.027583269353482,0.9799982097146995
2436,0.21099811589789344,1.7140661228172478,1.766190034116938,0.33608823357794654,1.027583269353482,0.9799982097146995
2437,0.21093856178289214,1.7140661228172478,1.766190034116938,0.3361085040169455,1.027583269353482,0.9799982097146995
2438,0.21123855737181832,1.7140661228172478,1.766190034116938,0.3361285335217929,1.027583269353482,0.9799982097146995
2439,0.21118544423403218,1.7140661228172478,1.766190034116938,0.33614797426436716,1.027583269353482,0.9799982097146995
2440,0.2113891699752788,1.7140661228172478,1.766190034116938,0.33616648800501964,1.027583269353482,0.9799982097146995
2441,0.21136532499707422,1.7140661228172478,1.766190034116938,0.3361837513479035,1.027583269353482,0.9799982097146995
2442,0.211431647640664,1.7140661228172478,1.766190034116938,0.33619946073140383,1.027583269353482,0.9799982097146995
2443,0.21143526825552872,1.7140661228172478,1.766190034116938,0.33621333706816814,1.027583269353482,0.9799982097146995
2444,0.21145175794412746,1.7140661228172478,1.766190034116938,0.33622512995728665,1.027583269353482,0.9799982097146995
2445,0.21156922945178194,1.7140661228172478,1.766190034116938,0.33623462140104127,1.027583269353482,0.9799982097146995
2446,0.21156846623019646,1.7140661228172478,1.766190034116938,0.3362416289700047,1.027583269353482,0.9799982097146995
2447,0.21150036333999622,1.7140661228172478,1.766190034116938,0.33624600837266494,1.027583269353482,0.9799982097146995
2448,0.21138710421834217,1.7140661228172478,1.766190034116938,0.3362476553986688,1.027583269353482,0.9799982097146995
2449,0.21153106698205548,1.7140661228172478,1.766190034116938,0.33624650721781857,1.027583269353482,0.9799982097146995
2450,0.21134790616124102,1.7140661228172478,1.766190034116938,0.336242543029638,1.027583269353482,0.9799982097146995
2451,0.21134060079135733,1.7140661228172478,1.766190034116938,0.33623578407029425,1.027583269353482,0.9799982097146995
2452,0.2109122856991371,1.7140661228172478,1.766190034116938,0.3362262929945719,1.027583269353482,0.9799982097146995
2453,0.21105914857620522,1.7140661228172478,1.766190034116938,0.33621417266025094,1.027583269353482,0.9799982097146995
2454,0.21066310736638658,1.7140661228172478,1.766190034116938,0.33619956435045173,1.027583269353482,0.9799982097146995
2455,0.21074942635496244,1.7140661228172478,1.766190034116938,0.33618264547621063,1.027583269353482,0.9799982097146995
2456,0.21030260152673955,1.7140661228172478,1.766190034116938,0.3361636268068059,1.027583269353482,0.9799982097146995
2457,0.21044362188468682,1.7140661228172478,1.766190034116938,0.33614274927913124,1.027583269353482,0.9799982097146995
2458,0.21059074211710876,1.7140661228172478,1.766190034116938,0.3361202804399857,1.027583269353482,0.9799982097146995
2459,0.2105955038733031,1.7140661228172478,1.766190034116938,0.33609651057657475,1.027583269353482,0.9799982097146995
2460,0.2105407371559936,1.7140661228172478,1.766190034116938,0.3360717485910796,1.027583269353482,0.9799982097146995
2461,0.21050997434234736,1.7140661228172478,1.766190034116938,0.3360463176750165,1.027583269353482,0.9799982097146995
2462,0.21055385161610318,1.7140661228172478,1.766190034116938,0.3360205508385083,1.027583269353482,0.9799982097146995
2463,0.21050299064831032,1.7140661228172478,1.766190034116938,0.33599478634872293,1.027583269353482,0.9799982097146995
2464,0.21057319522290643,1.7140661228172478,1.766190034116938,0.3359693631307458,1.027583269353482,0.9799982097146995
2465,0.2106096690969225,1.7140661228172478,1.766190034116938,0.33594461618319604,1.027583269353482,0.9799982097146995
2466,0.2105166874000858,1.7140661228172478,1.766190034116938,0.3359208720600818,1.027583269353482,0.9799982097146995
2467,0.21054861707001607,1.7140661228172478,1.766190034116938,0.33589844446979805,1.027583269353482,0.9799982097146995
2468,0.2104457673715059,1.7140661228172478,1.766190034116938,0.33587763004186844,1.027583269353482,0.9799982097146995
2469,0.21034182951593172,1.7140661228172478,1.766190034116938,0.33585870431223813,1.027583269353482,0.9799982097146995
2470,0.21036648044955006,1.7140661228172478,1.766190034116938,0.33584191797896734,1.027583269353482,0.9799982097146995
2471,0.21029297974988254,1.7140661228172478,1.766190034116938,0.3358274934830628,1.027583269353482,0.9799982097146995
2472,0.2103170238812406,1.7140661228172478,1.766190034116938,0.3358156219766594,1.027583269353482,0.9799982097146995
2473,0.2100650598292067,1.7140661228172478,1.766190034116938,0.33580646076123194,1.027583269353482,0.9799982097146995
2474,0.21003529494849232,1.7140661228172478,1.766190034116938,0.3358001313424325,1.027583269353482,0.9799982097146995
2475,0.21005413047538896,1.7140661228172478,1.766190034116938,0.335796718501828,1.027583269353482,0.9799982097146995
2476,0.21001145261489668,1.7140661228172478,1.766190034116938,0.3357962724088779,1.027583269353482,0.9799982097146995
2477,0.20969062597757263,1.7140661228172478,1.766190034116938,0.3357988856972232,1.027583269353482,0.9799982097146995
2478,0.20951942945346702,1.7140661228172478,1.766190034116938,0.33580449305855836,1.027583269353482,0.9799982097146995
2479,0.20948242854259658,1.7140661228172478,1.766190034116938,0.335812994839364,1.027583269353482,0.9799982097146995
2480,0.20938322969863243,1.7140661228172478,1.766190034116938,0.3358242520147876,1.027583269353482,0.9799982097146995
2481,0.20934182284614347,1.7140661228172478,1.766190034116938,0.33583808671971044,1.027583269353482,0.9799982097146995
2482,0.20903535632160428,1.7140661228172478,1.766190034116938,0.33585428422807495,1.027583269353482,0.9799982097146995
2483,0.20924417782101842,1.7140661228172478,1.766190034116938,0.3358725957622924,1.027583269353482,0.9799982097146995
2484,0.20905469166740873,1.7140661228172478,1.766190034116938,0.33589274193460755,1.027583269353482,0.9799982097146995
2485,0.20929530473228763,1.7140661228172478,1.766190034116938,0.3359144167132463,1.027583269353482,0.9799982097146995
2486,0.20945492360290813,1.7140661228172478,1.766190034116938,0.3359372918299275,1.027583269353482,0.9799982097146995
2487,0.20947766319384456,1.7140661228172478,1.766190034116938,0.33596102155070257,1.027583269353482,0.9799982097146995
2488,0.20931845462612375,1.7140661228172478,1.766190034116938,0.33598524773204325,1.027583269353482,0.9799982097146995
2489,0.2092981593323299,1.7140661228172478,1.766190034116938,0.33600960508258804,1.027583269353482,0.9799982097146995
2490,0.20907717972141962,1.7140661228172478,1.766190034116938,0.3360337265496686,1.027583269353482,0.9799982097146995
2491,0.2089793123016371,1.7140661228172478,1.766190034116938,0.3360572487491355,1.027583269353482,0.9799982097146995
2492,0.20894111835392767,1.7140661228172478,1.766190034116938,0.3360798173574073,1.027583269353482,0.9799982097146995
2493,0.20881633093954058,1.7140661228172478,1.766190034116938,0.3361010923860581,1.027583269353482,0.9799982097146995
2494,0.20862745982012382,1.7140661228172478,1.766190034116938,0.33612075326164625,1.027583269353482,0.9799982097146995
2495,0.2081793685121868,1.7140661228172478,1.766190034116938,0.33613850363681214,1.027583269353482,0.9799982097146995
2496,0.20816431937134747,1.7140661228172478,1.766190034116938,0.3361540758628322,1.027583269353482,0.9799982097146995
2497,0.20778329240329144,1.7140661228172478,1.766190034116938,0.3361672350587522,1.027583269353482,0.9799982097146995
2498,0.20768472140386773,1.7140661228172478,1.766190034116938,0.33617778271788,1.027583269353482,0.9799982097146995
2499,0.20719204252501564,1.7140661228172478,1.766190034116938,0.33618555979868714,1.027583269353482,0.9799982097146995
2500,0.20718034369955624,1.7140661228172478,1.766190034116938,0.3361904492540369,1.027583269353482,0.9799982097146995
2501,0.20694920059514185,1.7140661228172478,1.766190034116938,0.3361923779600249,1.027583269353482,0.9799982097146995
2502,0.20694307587145638,1.7140661228172478,1.766190034116938,0.33619131801354546,1.027583269353482,0.9799982097146995
2503,0.2070008710911336,1.7140661228172478,1.766190034116938,0.33618728737591475,1.027583269353482,0.9799982097146995
2504,0.2069954238960932,1.7140661228172478,1.766190034116938,0.33618034984838074,1.027583269353482,0.9799982097146995
2505,0.20745777848842784,1.7140661228172478,1.766190034116938,0.3361706143741056,1.027583269353482,0.9799982097146995
2506,0.20753785268998204,1.7140661228172478,1.766190034116938,0.3361582336700344,1.027583269353482,0.9799982097146995
2507,0.2078252132598032,1.7140661228172478,1.766190034116938,0.336143402200944,1.027583269353482,0.9799982097146995
2508,0.20787359568039737,1.7140661228172478,1.766190034116938,0.3361263535167266,1.027583269353482,0.9799982097146995
2509,0.20816684593820978,1.7140661228172478,1.766190034116938,0.33610735698252825,1.027583269353482,0.9799982097146995
2510,0.20848524869716625,1.7140661228172478,1.766190034116938,0.3360867139396093,1.027583269353482,0.9799982097146995
2511,0.20834267121540243,1.7140661228172478,1.766190034116938,0.3360647533426469,1.027583269353482,0.9799982097146995
2512,0.2084295570629448,1.7140661228172478,1.766190034116938,0.3360418269265568,1.027583269353482,0.9799982097146995
2513,0.20840183966585324,1.7140661228172478,1.766190034116938,0.3360183039627463,1.027583269353482,0.9799982097146995
2514,0.2086197110786705,1.7140661228172478,1.766190034116938,0.3359945656709343,1.027583269353482,0.9799982097146995
2515,0.20861492554395816,1.7140661228172478,1.766190034116938,0.33597099935829394,1.027583269353482,0.9799982097146995
2516,0.20871051875237856,1.7140661228172478,1.766190034116938,0.33594799236262396,1.027583269353482,0.9799982097146995
2517,0.20872629368784681,1.7140661228172478,1.766190034116938,0.33592592588049,1.027583269353482,0.9799982097146995
2518,0.20896209610574476,1.7140661228172478,1.766190034116938,0.3359051687646614,1.027583269353482,0.9799982097146995
2519,0.20889902557626217,1.7140661228172478,1.766190034116938,0.3358860713773995,1.027583269353482,0.9799982097146995
2520,0.20903902905719213,1.7140661228172478,1.766190034116938,0.3358689595865786,1.027583269353482,0.9799982097146995
2521,0.20885607639607517,1.7140661228172478,1.766190034116938,0.3358541289887085,1.027583269353482,0.9799982097146995
2522,0.20897742805406325,1.7140661228172478,1.766190034116938,0.33584183943276275,1.027583269353482,0.9799982097146995
2523,0.20889299234243983,1.7140661228172478,1.766190034116938,0.3358323098898972,1.027583269353482,0.9799982097146995
2524,0.20877604691293292,1.7140661228172478,1.766190034116938,0.33582571362630026,1.027583269353482,0.9799982097146995
2525,0.20879953013666788,1.7140661228172478,1.766190034116938,0.33582217329754455,1.027583269353482,0.9799982097146995
2526,0.20862887794275523,1.7140661228172478,1.766190034116938,0.3358217534450313,1.027583269353482,0.9799982097146995
2527,0.2087479482714671,1.7140661228172478,1.766190034116938,0.3358243535036107,1.027583269353482,0.9799982097146995
2528,0.2086232688971645,1.7140661228172478,1.766190034116938,0.3358299708006295,1.027583269353482,0.9799982097146995
2529,0.20863964941661578,1.7140661228172478,1.766190034116938,0.33583854203701696,1.027583269353482,0.9799982097146995
2530,0.20863003007906425,1.7140661228172478,1.766190034116938,0.3358499505881155,1.027583269353482,0.9799982097146995
2531,0.20865252962359757,1.7140661228172478,1.766190034116938,0.3358640290910777,1.027583269353482,0.9799982097146995
2532,0.20865233943876682,1.7140661228172478,1.766190034116938,0.33588056198081584,1.027583269353482,0.9799982097146995
2533,0.2085025151580768,1.7140661228172478,1.766190034116938,0.335899288651505,1.027583269353482,0.9799982097146995
2534,0.2084624873592028,1.7140661228172478,1.766190034116938,0.33591990740621674,1.027583269353482,0.9799982097146995
2535,0.20859822280497387,1.7140661228172478,1.766190034116938,0.3359420802187327,1.027583269353482,0.9799982097146995
2536,0.2085455278664396,1.7140661228172478,1.766190034116938,0.3359654382702622,1.027583269353482,0.9799982097146995
2537,0.20879772670891494,1.7140661228172478,1.766190034116938,0.3359895881847159,1.027583269353482,0.9799982097146995
2538,0.20864896581617376,1.7140661228172478,1.766190034116938,0.33601411885597043,1.027583269353482,0.9799982097146995
2539,0.2091444608516656,1.7140661228172478,1.766190034116938,0.3360386087358374,1.027583269353482,0.9799982097146995
2540,0.20902575087748754,1.7140661228172478,1.766190034116938,0.33606263343169956,1.027583269353482,0.9799982097146995
2541,0.20946901827751233,1.7140661228172478,1.766190034116938,0.3360857734484734,1.027583269353482,0.9799982097146995
2542,0.20951431899426362,1.7140661228172478,1.766190034116938,0.336107621901237,1.027583269353482,0.9799982097146995
2543,0.2098723663638218,1.7140661228172478,1.766190034116938,0.3361277920230048,1.027583269353482,0.9799982097146995
2544,0.21031546604546617,1.7140661228172478,1.766190034116938,0.3361459242968175,1.027583269353482,0.9799982097146995
2545,0.21036642151330648,1.7140661228172478,1.766190034116938,0.3361616930523512,1.027583269353482,0.9799982097146995
2546,0.21071829938042105,1.7140661228172478,1.766190034116938,0.33617481238397506,1.027583269353482,0.9799982097146995
2547,0.21072597874288504,1.7140661228172478,1.766190034116938,0.33618504126862137,1.027583269353482,0.9799982097146995
2548,0.21124198701576233,1.7140661228172478,1.766190034116938,0.3361921877867907,1.027583269353482,0.9799982097146995
2549,0.21124896930045375,1.7140661228172478,1.766190034116938,0.3361961123770245,1.027583269353482,0.9799982097146995
2550,0.21141597969881187,1.7140661228172478,1.766190034116938,0.3361967300818299,1.027583269353482,0.9799982097146995
2551,0.2112639062807572,1.7140661228172478,1.766190034116938,0.3361940117699499,1.027583269353482,0.9799982097146995
2552,0.21155268986399384,1.7140661228172478,1.766190034116938,0.3361879843447824,1.027583269353482,0.9799982097146995
2553,0.21127989363971655,1.7140661228172478,1.766190034116938,0.3361787299707774,1.027583269353482,0.9799982097146995
2554,0.21143089393942233,1.7140661228172478,1.766190034116938,0.3361663843680248,1.027583269353482,0.9799982097146995
2555,0.21094398310074428,1.7140661228172478,1.766190034116938,0.33615113423977105,1.027583269353482,0.9799982097146995
2556,0.21116978999765276,1.7140661228172478,1.766190034116938,0.3361332139081791,1.027583269353482,0.9799982097146995
2557,0.210775140254468,1.7140661228172478,1.766190034116938,0.3361129012405914,1.027583269353482,0.9799982097146995
2558,0.21094495069060795,1.7140661228172478,1.766190034116938,0.3360905129523642,1.027583269353482,0.9799982097146995
2559,0.2107309452257698,1.7140661228172478,1.766190034116938,0.3360663993736613,1.027583269353482,0.9799982097146995
2560,0.21085481258963884,1.7140661228172478,1.766190034116938,0.33604093876719243,1.027583269353482,0.9799982097146995
2561,0.21096937464431686,1.7140661228172478,1.766190034116938,0.33601453128245573,1.027583269353482,0.9799982097146995
2562,0.2109936132059841,1.7140661228172478,1.766190034116938,0.3359875926303224,1.027583269353482,0.9799982097146995
2563,0.21132599737237856,1.7140661228172478,1.766190034116938,0.3359605475603045,1.027583269353482,0.9799982097146995
2564,0.21126957997305476,1.7140661228172478,1.766190034116938,0.33593382322199955,1.027583269353482,0.9799982097146995
2565,0.21173641716874547,1.7140661228172478,1.766190034116938,0.3359078424921663,1.027583269353482,0.9799982097146995
2566,0.21165296457485702,1.7140661228172478,1.766190034116938,0.335883017349691,1.027583269353482,0.9799982097146995
2567,0.21204759360227105,1.7140661228172478,1.766190034116938,0.33585974238205984,1.027583269353482,0.9799982097146995
2568,0.21189713316794362,1.7140661228172478,1.766190034116938,0.3358383885084321,1.027583269353482,0.9799982097146995
2569,0.2124817818711204,1.7140661228172478,1.766190034116938,0.33581929700522506,1.027583269353482,0.9799982097146995
2570,0.21259451505461738,1.7140661228172478,1.766190034116938,0.33580277391904984,1.027583269353482,0.9799982097146995
2571,0.21292485270818956,1.7140661228172478,1.766190034116938,0.3357890849465664,1.027583269353482,0.9799982097146995
2572,0.21296146910211475,1.7140661228172478,1.766190034116938,0.3357784508456903,1.027583269353482,0.9799982097146995
2573,0.2131452276323313,1.7140661228172478,1.766190034116938,0.3357710433991118,1.027583269353482,0.9799982097146995
2574,0.2129171249484604,1.7140661228172478,1.766190034116938,0.33576698179449477,1.027583269353482,0.9799982097146995
2575,0.2129941886631591,1.7140661228172478,1.766190034116938,0.3357663283604382,1.027583269353482,0.9799982097146995
2576,0.21249710727929225,1.7140661228172478,1.766190034116938,0.33576905300959103,1.027583269353482,0.9799982097146995
2577,0.21252084499795446,1.7140661228172478,1.766190034116938,0.3357751275581344,1.027583269353482,0.9799982097146995
2578,0.21187577620757594,1.7140661228172478,1.766190034116938,0.33578446422909836,1.027583269353482,0.9799982097146995
2579,0.21183823904460575,1.7140661228172478,1.766190034116938,0.3357969208596276,1.027583269353482,0.9799982097146995
2580,0.2111662366503267,1.7140661228172478,1.766190034116938,0.33581230375815146,1.027583269353482,0.9799982097146995
2581,0.21092105870780664,1.7140661228172478,1.766190034116938,0.33583037089567314,1.027583269353482,0.9799982097146995
2582,0.21077865771208057,1.7140661228172478,1.766190034116938,0.33585083575776076,1.027583269353482,0.9799982097146995
2583,0.21049891994791758,1.7140661228172478,1.766190034116938,0.33587337189224786,1.027583269353482,0.9799982097146995
2584,0.21040894535091229,1.7140661228172478,1.766190034116938,0.3358976181095908,1.027583269353482,0.9799982097146995
2585,0.2099371014508063,1.7140661228172478,1.766190034116938,0.33592318425995926,1.027583269353482,0.9799982097146995
2586,0.21017037564167065,1.7140661228172478,1.766190034116938,0.33594965749302225,1.027583269353482,0.9799982097146995
2587,0.2097544441274656,1.7140661228172478,1.766190034116938,0.3359766088952858,1.027583269353482,0.9799982097146995
2588,0.20999032613057406,1.7140661228172478,1.766190034116938,0.33600360039324806,1.027583269353482,0.9799982097146995
2589,0.20988443132144313,1.7140661228172478,1.766190034116938,0.33603019180749266,1.027583269353482,0.9799982097146995
2590,0.21003633676811448,1.7140661228172478,1.766190034116938,0.33605594794241905,1.027583269353482,0.9799982097146995
2591,0.210424209133435,1.7140661228172478,1.766190034116938,0.33608044559815364,1.027583269353482,0.9799982097146995
2592,0.21039340114532626,1.7140661228172478,1.766190034116938,0.3361032803947159,1.027583269353482,0.9799982097146995
2593,0.21072367826447364,1.7140661228172478,1.766190034116938,0.33612407330329735,1.027583269353482,0.9799982097146995
2594,0.2107336719661096,1.7140661228172478,1.766190034116938,0.336142476785213,1.027583269353482,0.9799982097146995
2595,0.2110660516678794,1.7140661228172478,1.766190034116938,0.33615818044532075,1.027583269353482,0.9799982097146995
2596,0.21111843418424386,1.7140661228172478,1.766190034116938,0.33617091611341665,1.027583269353482,0.9799982097146995
2597,0.21123236594974792,1.7140661228172478,1.766190034116938,0.33618046227416104,1.027583269353482,0.9799982097146995
2598,0.2113048034191355,1.7140661228172478,1.766190034116938,0.33618664777362006,1.027583269353482,0.9799982097146995
2599,0.21117995872423884,1.7140661228172478,1.766190034116938,0.336189354738677,1.027583269353482,0.9799982097146995
2600,0.21114467508457252,1.7140661228172478,1.766190034116938,0.3361885206546071,1.027583269353482,0.9799982097146995
2601,0.21117850764130444,1.7140661228172478,1.766190034116938,0.33618413955632415,1.027583269353482,0.9799982097146995
2602,0.21112032578181616,1.7140661228172478,1.766190034116938,0.3361762623004378,1.027583269353482,0.9799982097146995
2603,0.2112033061790251,1.7140661228172478,1.766190034116938,0.3361649958984731,1.027583269353482,0.9799982097146995
2604,0.21099361964694546,1.7140661228172478,1.766190034116938,0.3361505019065002,1.027583269353482,0.9799982097146995
2605,0.21126237975718895,1.7140661228172478,1.766190034116938,0.3361329938828812,1.027583269353482,0.9799982097146995
2606,0.21112159325547558,1.7140661228172478,1.766190034116938,0.3361127339436431,1.027583269353482,0.9799982097146995
2607,0.21134823380018633,1.7140661228172478,1.766190034116938,0.33609002846362623,1.027583269353482,0.9799982097146995
2608,0.21144167948143644,1.7140661228172478,1.766190034116938,0.3360652229905485,1.027583269353482,0.9799982097146995
2609,0.21148179010198365,1.7140661228172478,1.766190034116938,0.33603869645759565,1.027583269353482,0.9799982097146995
2610,0.211082791555148,1.7140661228172478,1.766190034116938,0.3360108547973726,1.027583269353482,0.9799982097146995
2611,0.2110561182829505,1.7140661228172478,1.766190034116938,0.3359821240751667,1.027583269353482,0.9799982097146995
2612,0.21105116693813206,1.7140661228172478,1.766190034116938,0.33595294327164504,1.027583269353482,0.9799982097146995
2613,0.210948194731021,1.7140661228172478,1.766190034116938,0.3359237568536902,1.027583269353482,0.9799982097146995
2614,0.21093984075442618,1.7140661228172478,1.766190034116938,0.33589500727652,1.027583269353482,0.9799982097146995
2615,0.2107832599911351,1.7140661228172478,1.766190034116938,0.33586712756024967,1.027583269353482,0.9799982097146995
2616,0.2108814038446883,1.7140661228172478,1.766190034116938,0.33584053407945647,1.027583269353482,0.9799982097146995
2617,0.21078401200831987,1.7140661228172478,1.766190034116938,0.33581561969528445,1.027583269353482,0.9799982097146995
2618,0.21083944119258982,1.7140661228172478,1.766190034116938,0.3357927473461994,1.027583269353482,0.9799982097146995
2619,0.21074452700942573,1.7140661228172478,1.766190034116938,0.33577224419571416,1.027583269353482,0.9799982097146995
2620,0.2108409229751778,1.7140661228172478,1.766190034116938,0.33575439641247945,1.027583269353482,0.9799982097146995
2621,0.2107928592643999,1.7140661228172478,1.766190034116938,0.3357394446270141,1.027583269353482,0.9799982097146995
2622,0.21093649466618772,1.7140661228172478,1.766190034116938,0.33572758006006265,1.027583269353482,0.9799982097146995
2623,0.21122850080408104,1.7140661228172478,1.766190034116938,0.3357189412154668,1.027583269353482,0.9799982097146995
2624,0.21124431006224095,1.7140661228172478,1.766190034116938,0.33571361073010886,1.027583269353482,0.9799982097146995
2625,0.21144119228289904,1.7140661228172478,1.766190034116938,0.33571161059603555,1.027583269353482,0.9799982097146995
2626,0.21145206953209622,1.7140661228172478,1.766190034116938,0.33571287909037983,1.027583269353482,0.9799982097146995
2627,0.2117837308125832,1.7140661228172478,1.766190034116938,0.3357174330363087,1.027583269353482,0.9799982097146995
2628,0.21174767844997786,1.7140661228172478,1.766190034116938,0.3357251774454377,1.027583269353482,0.9799982097146995
2629,0.21213680120104914,1.7140661228172478,1.766190034116938,0.3357359551065605,1.027583269353482,0.9799982097146995
2630,0.21209768893096426,1.7140661228172478,1.766190034116938,0.3357495543771726,1.027583269353482,0.9799982097146995
2631,0.21228108468483387,1.7140661228172478,1.766190034116938,0.33576571396608085,1.027583269353482,0.9799982097146995
2632,0.2121161251700585,1.7140661228172478,1.766190034116938,0.3357841274751969,1.027583269353482,0.9799982097146995
2633,0.2124883404353236,1.7140661228172478,1.766190034116938,0.3358044482596639,1.027583269353482,0.9799982097146995
2634,0.2125695367346689,1.7140661228172478,1.766190034116938,0.33582629474818043,1.027583269353482,0.9799982097146995
2635,0.2126608008655304,1.7140661228172478,1.766190034116938,0.33584925624324574,1.027583269353482,0.9799982097146995
2636,0.2126953736198239,1.7140661228172478,1.766190034116938,0.33587289917292207,1.027583269353482,0.9799982097146995
2637,0.21287342345343438,1.7140661228172478,1.766190034116938,0.3358967737408899,1.027583269353482,0.9799982097146995
2638,0.21312409553223272,1.7140661228172478,1.766190034116938,0.3359204209051989,1.027583269353482,0.9799982097146995
2639,0.21316281318106053,1.7140661228172478,1.766190034116938,0.33594337960313897,1.027583269353482,0.9799982097146995
2640,0.21319788044106014,1.7140661228172478,1.766190034116938,0.3359651941283523,1.027583269353482,0.9799982097146995
2641,0.2132426159337379,1.7140661228172478,1.766190034116938,0.3359854215562525,1.027583269353482,0.9799982097146995
2642,0.2131104208689272,1.7140661228172478,1.766190034116938,0.33600363910513065,1.027583269353482,0.9799982097146995
2643,0.2131155933528357,1.7140661228172478,1.766190034116938,0.3360194513134629,1.027583269353482,0.9799982097146995
2644,0.21284698187813128,1.7140661228172478,1.766190034116938,0.3360324969093405,1.027583269353482,0.9799982097146995
2645,0.2127118789158978,1.7140661228172478,1.766190034116938,0.3360424552462015,1.027583269353482,0.9799982097146995
2646,0.2127930898211041,1.7140661228172478,1.766190034116938,0.3360490521804952,1.027583269353482,0.9799982097146995
2647,0.2125847734427716,1.7140661228172478,1.766190034116938,0.3360520652719615,1.027583269353482,0.9799982097146995
2648,0.21272762023519473,1.7140661228172478,1.766190034116938,0.3360513281958825,1.027583269353482,0.9799982097146995
2649,0.2124862604992954,1.7140661228172478,1.766190034116938,0.3360467342689538,1.027583269353482,0.9799982097146995
2650,0.21283894370349213,1.7140661228172478,1.766190034116938,0.33603823900605817,1.027583269353482,0.9799982097146995
2651,0.21286123914040544,1.7140661228172478,1.766190034116938,0.3360258616436664,1.027583269353482,0.9799982097146995
2652,0.21287704641750205,1.7140661228172478,1.766190034116938,0.3360096855863569,1.027583269353482,0.9799982097146995
2653,0.21268973401387692,1.7140661228172478,1.766190034116938,0.33598985775514123,1.027583269353482,0.9799982097146995
2654,0.2128010883666951,1.7140661228172478,1.766190034116938,0.33596658683923375,1.027583269353482,0.9799982097146995
2655,0.21280072555507162,1.7140661228172478,1.766190034116938,0.3359401404757271,1.027583269353482,0.9799982097146995
2656,0.21282957067130853,1.7140661228172478,1.766190034116938,0.33591084140361843,1.027583269353482,0.9799982097146995
2657,0.21276213706110386,1.7140661228172478,1.766190034116938,0.3358790626590381,1.027583269353482,0.9799982097146995
2658,0.21278978483526692,1.7140661228172478,1.766190034116938,0.3358452218969287,1.027583269353482,0.9799982097146995
2659,0.21273164641839454,1.7140661228172478,1.766190034116938,0.3358097749403221,1.027583269353482,0.9799982097146995
2660,0.2127222332173824,1.7140661228172478,1.766190034116938,0.33577320867161026,1.027583269353482,0.9799982097146995
2661,0.21248026304631,1.7140661228172478,1.766190034116938,0.3357360333907316,1.027583269353482,0.9799982097146995
2662,0.21243040135612382,1.7140661228172478,1.766190034116938,0.3356987747730534,1.027583269353482,0.9799982097146995
2663,0.21212367090167006,1.7140661228172478,1.766190034116938,0.33566196556516076,1.027583269353482,0.9799982097146995
2664,0.21202511985619404,1.7140661228172478,1.766190034116938,0.3356261371600704,1.027583269353482,0.9799982097146995
2665,0.21167665798857332,1.7140661228172478,1.766190034116938,0.3355918111950052,1.027583269353482,0.9799982097146995
2666,0.21141352074993291,1.7140661228172478,1.766190034116938,0.33555949131544854,1.027583269353482,0.9799982097146995
2667,0.21111562382615684,1.7140661228172478,1.766190034116938,0.33552965524969863,1.027583269353482,0.9799982097146995
2668,0.2106694063003294,1.7140661228172478,1.766190034116938,0.33550274734041563,1.027583269353482,0.9799982097146995
2669,0.21052870057301193,1.7140661228172478,1.766190034116938,0.3354791716875736,1.027583269353482,0.9799982097146995
2670,0.2099009134637265,1.7140661228172478,1.766190034116938,0.335459286080236,1.027583269353482,0.9799982097146995
2671,0.21002611125636694,1.7140661228172478,1.766190034116938,0.3354433969590849,1.027583269353482,0.9799982097146995
2672,0.20957987935719732,1.7140661228172478,1.766190034116938,0.33543175584467644,1.027583269353482,0.9799982097146995
2673,0.20960523195542818,1.7140661228172478,1.766190034116938,0.335424558353596,1.027583269353482,0.9799982097146995
2674,0.20889600610748457,1.7140661228172478,1.766190034116938,0.3354219503936727,1.027583269353482,0.9799982097146995
2675,0.20895706830303937,1.7140661228172478,1.766190034116938,0.3354240888238989,1.027583269353482,0.9799982097146995
2676,0.20868406943402795,1.7140661228172478,1.766190034116938,0.33543078147022326,1.027583269353482,0.9799982097146995
2677,0.20865524465657562,1.7140661228172478,1.766190034116938,0.3354418730670411,1.027583269353482,0.9799982097146995
2678,0.2084867346762162,1.7140661228172478,1.766190034116938,0.33545716294959327,1.027583269353482,0.9799982097146995
2679,0.2083563556377911,1.7140661228172478,1.766190034116938,0.3354763979927919,1.027583269353482,0.9799982097146995
2680,0.20853428033159707,1.7140661228172478,1.766190034116938,0.3354992736669707,1.027583269353482,0.9799982097146995
2681,0.20828615362354833,1.7140661228172478,1.766190034116938,0.3355254377537879,1.027583269353482,0.9799982097146995
2682,0.20863542052037437,1.7140661228172478,1.766190034116938,0.33555449545178256,1.027583269353482,0.9799982097146995
2683,0.20834880305230918,1.7140661228172478,1.766190034116938,0.3355860153944538,1.027583269353482,0.9799982097146995
2684,0.2087505081870688,1.7140661228172478,1.766190034116938,0.3356195363252567,1.027583269353482,0.9799982097146995
2685,0.20869648626812873,1.7140661228172478,1.766190034116938,0.33565457425077533,1.027583269353482,0.9799982097146995
2686,0.20875957411517473,1.7140661228172478,1.766190034116938,0.33569062992423365,1.027583269353482,0.9799982097146995
2687,0.2085027224596368,1.7140661228172478,1.766190034116938,0.33572719652569444,1.027583269353482,0.9799982097146995
2688,0.20858397715235838,1.7140661228172478,1.766190034116938,0.3357637674129397,1.027583269353482,0.9799982097146995
2689,0.20842793501650242,1.7140661228172478,1.766190034116938,0.33579984382207556,1.027583269353482,0.9799982097146995
2690,0.20846699324862641,1.7140661228172478,1.766190034116938,0.33583494240111766,1.027583269353482,0.9799982097146995
2691,0.20823322855291923,1.7140661228172478,1.766190034116938,0.3358686024638943,1.027583269353482,0.9799982097146995
2692,0.20829322883534376,1.7140661228172478,1.766190034116938,0.3359003928560284,1.027583269353482,0.9799982097146995
2693,0.20847419866279987,1.7140661228172478,1.766190034116938,0.33592991832981867,1.027583269353482,0.9799982097146995
2694,0.20843259698702163,1.7140661228172478,1.766190034116938,0.3359568253307383,1.027583269353482,0.9799982097146995
2695,0.20859371653304412,1.7140661228172478,1.766190034116938,0.33598080710529876,1.027583269353482,0.9799982097146995
2696,0.20848066024230216,1.7140661228172478,1.766190034116938,0.3360016080483667,1.027583269353482,0.9799982097146995
2697,0.20903115774476577,1.7140661228172478,1.766190034116938,0.33601902721793014,1.027583269353482,0.9799982097146995
2698,0.2090165634496159,1.7140661228172478,1.766190034116938,0.3360329209569138,1.027583269353482,0.9799982097146995
2699,0.20949743160370257,1.7140661228172478,1.766190034116938,0.33604320457503717,1.027583269353482,0.9799982097146995
2700,0.20958967875913054,1.7140661228172478,1.766190034116938,0.3360498530588936,1.027583269353482,0.9799982097146995
2701,0.2100270670174418,1.7140661228172478,1.766190034116938,0.3360529007951969,1.027583269353482,0.9799982097146995
2702,0.21027240698224897,1.7140661228172478,1.766190034116938,0.33605244031029147,1.027583269353482,0.9799982097146995
2703,0.21047136241085612,1.7140661228172478,1.766190034116938,0.3360486200480137,1.027583269353482,0.9799982097146995
2704,0.21045694864712067,1.7140661228172478,1.766190034116938,0.33604164122736024,1.027583269353482,0.9799982097146995
2705,0.2106167024002507,1.7140661228172478,1.766190034116938,0.33603175384044215,1.027583269353482,0.9799982097146995
2706,0.21054757560979936,1.7140661228172478,1.766190034116938,0.33601925186918274,1.027583269353482,0.9799982097146995
2707,0.21059133530038548,1.7140661228172478,1.766190034116938,0.3360044678154265,1.027583269353482,0.9799982097146995
2708,0.21033607758806527,1.7140661228172478,1.766190034116938,0.33598776665285335,1.027583269353482,0.9799982097146995
2709,0.2103662267143424,1.7140661228172478,1.766190034116938,0.3359695393197842,1.027583269353482,0.9799982097146995
2710,0.21028823594240323,1.7140661228172478,1.766190034116938,0.33595019587915476,1.027583269353482,0.9799982097146995
2711,0.21026123645170228,1.7140661228172478,1.766190034116938,0.33593015847535296,1.027583269353482,0.9799982097146995
2712,0.21021467554362527,1.7140661228172478,1.766190034116938,0.33590985421723574,1.027583269353482,0.9799982097146995
2713,0.2101155742172106,1.7140661228172478,1.766190034116938,0.3358897081125613,1.027583269353482,0.9799982097146995
2714,0.21030885529131627,1.7140661228172478,1.766190034116938,0.33587013617163797,1.027583269353482,0.9799982097146995
2715,0.21021701293917808,1.7140661228172478,1.766190034116938,0.3358515387876301,1.027583269353482,0.9799982097146995
2716,0.2102414566377046,1.7140661228172478,1.766190034116938,0.33583429448810104,1.027583269353482,0.9799982097146995
2717,0.2100506859818361,1.7140661228172478,1.766190034116938,0.3358187541374009,1.027583269353482,0.9799982097146995
2718,0.21000101976130942,1.7140661228172478,1.766190034116938,0.335805235652058,1.027583269353482,0.9799982097146995
2719,0.20964906579135878,1.7140661228172478,1.766190034116938,0.33579401926958247,1.027583269353482,0.9799982097146995
2720,0.20965507879523276,1.7140661228172478,1.766190034116938,0.33578534337768556,1.027583269353482,0.9799982097146995
2721,0.2090631311506708,1.7140661228172478,1.766190034116938,0.33577940083747143,1.027583269353482,0.9799982097146995
2722,0.20922750733461115,1.7140661228172478,1.766190034116938,0.3357763354776328,1.027583269353482,0.9799982097146995
2723,0.20867026490262275,1.7140661228172478,1.766190034116938,0.3357762367434009,1.027583269353482,0.9799982097146995
2724,0.20875866473369936,1.7140661228172478,1.766190034116938,0.33577885220443754,1.027583269353482,0.9799982097146995
2725,0.20795529598016663,1.7140661228172478,1.766190034116938,0.33578419297223117,1.027583269353482,0.9799982097146995
2726,0.20805972079239987,1.7140661228172478,1.766190034116938,0.335792224804029,1.027583269353482,0.9799982097146995
2727,0.2077168235717444,1.7140661228172478,1.766190034116938,0.3358028717519354,1.027583269353482,0.9799982097146995
2728,0.20772652783221715,1.7140661228172478,1.766190034116938,0.33581601774368064,1.027583269353482,0.9799982097146995
2729,0.20756261908956833,1.7140661228172478,1.766190034116938,0.3358315081526062,1.027583269353482,0.9799982097146995
2730,0.20749160855441123,1.7140661228172478,1.766190034116938,0.33584915168516294,1.027583269353482,0.9799982097146995
2731,0.20785746681323522,1.7140661228172478,1.766190034116938,0.33586872267692414,1.027583269353482,0.9799982097146995
2732,0.20790916921563732,1.7140661228172478,1.766190034116938,0.3358899638279322,1.027583269353482,0.9799982097146995
2733,0.20817292049947167,1.7140661228172478,1.766190034116938,0.33591258938474283,1.027583269353482,0.9799982097146995
2734,0.20817192556635172,1.7140661228172478,1.766190034116938,0.33593628876246745,1.027583269353482,0.9799982097146995
2735,0.20867420708282575,1.7140661228172478,1.766190034116938,0.33596073058823334,1.027583269353482,0.9799982097146995
2736,0.20887030703011328,1.7140661228172478,1.766190034116938,0.33598556713564215,1.027583269353482,0.9799982097146995
2737,0.20908795377428405,1.7140661228172478,1.766190034116938,0.3360104391075542,1.027583269353482,0.9799982097146995
2738,0.20928336958663066,1.7140661228172478,1.766190034116938,0.3360349807119666,1.027583269353482,0.9799982097146995
2739,0.20929560471583503,1.7140661228172478,1.766190034116938,0.3360588249634539,1.027583269353482,0.9799982097146995
2740,0.2094602009670628,1.7140661228172478,1.766190034116938,0.33608160913115187,1.027583269353482,0.9799982097146995
2741,0.20942083888628626,1.7140661228172478,1.766190034116938,0.3361029802444218,1.027583269353482,0.9799982097146995
2742,0.20959531808498705,1.7140661228172478,1.766190034116938,0.3361226005596849,1.027583269353482,0.9799982097146995
2743,0.20957391883235635,1.7140661228172478,1.766190034116938,0.3361401528872414,1.027583269353482,0.9799982097146995
2744,0.20985836427630464,1.7140661228172478,1.766190034116938,0.3361553456755051,1.027583269353482,0.9799982097146995
2745,0.20986023053110844,1.7140661228172478,1.766190034116938,0.3361679177523853,1.027583269353482,0.9799982097146995
2746,0.2095760351735818,1.7140661228172478,1.766190034116938,0.33617764262950456,1.027583269353482,0.9799982097146995
2747,0.20957351289547885,1.7140661228172478,1.766190034116938,0.3361843322844214,1.027583269353482,0.9799982097146995
2748,0.209272200299109,1.7140661228172478,1.766190034116938,0.33618784034854987,1.027583269353482,0.9799982097146995
2749,0.20929433773121975,1.7140661228172478,1.766190034116938,0.33618806464349016,1.027583269353482,0.9799982097146995
2750,0.20881466870922938,1.7140661228172478,1.766190034116938,0.33618494902512497,1.027583269353482,0.9799982097146995
2751,0.20886283743390724,1.7140661228172478,1.766190034116938,0.33617848451232296,1.027583269353482,0.9799982097146995
2752,0.2083521226345504,1.7140661228172478,1.766190034116938,0.3361687096944705,1.027583269353482,0.9799982097146995
2753,0.2085009079230482,1.7140661228172478,1.766190034116938,0.3361557104284849,1.027583269353482,0.9799982097146995
2754,0.20816348264685325,1.7140661228172478,1.766190034116938,0.3361396188507445,1.027583269353482,0.9799982097146995
2755,0.208415556320096,1.7140661228172478,1.766190034116938,0.3361206117418829,1.027583269353482,0.9799982097146995
2756,0.20820397044041758,1.7140661228172478,1.766190034116938,0.33609890829228933,1.027583269353482,0.9799982097146995
2757,0.20827598837576541,1.7140661228172478,1.766190034116938,0.33607476732327357,1.027583269353482,0.9799982097146995
2758,0.20824074380615898,1.7140661228172478,1.766190034116938,0.3360484840232039,1.027583269353482,0.9799982097146995
2759,0.20816362604570088,1.7140661228172478,1.766190034116938,0.33602038625979824,1.027583269353482,0.9799982097146995
2760,0.20814848451241702,1.7140661228172478,1.766190034116938,0.3359908305295107,1.027583269353482,0.9799982097146995
2761,0.20808644808938412,1.7140661228172478,1.766190034116938,0.3359601976031451,1.027583269353482,0.9799982097146995
2762,0.2080053116899152,1.7140661228172478,1.766190034116938,0.3359288879240355,1.027583269353482,0.9799982097146995
2763,0.20778453264946883,1.7140661228172478,1.766190034116938,0.3358973168120256,1.027583269353482,0.9799982097146995
2764,0.20776534952081602,1.7140661228172478,1.766190034116938,0.3358659095236698,1.027583269353482,0.9799982097146995
2765,0.20798812751151202,1.7140661228172478,1.766190034116938,0.3358350962172093,1.027583269353482,0.9799982097146995
2766,0.20798959391428606,1.7140661228172478,1.766190034116938,0.3358053068706304,1.027583269353482,0.9799982097146995
2767,0.2080040960086664,1.7140661228172478,1.766190034116938,0.3357769662031481,1.027583269353482,0.9799982097146995
2768,0.20798634806922942,1.7140661228172478,1.766190034116938,0.3357504886558862,1.027583269353482,0.9799982097146995
2769,0.2080334514365672,1.7140661228172478,1.766190034116938,0.3357262734981166,1.027583269353482,0.9799982097146995
2770,0.2080013023138025,1.7140661228172478,1.766190034116938,0.33570470014511056,1.027583269353482,0.9799982097146995
2771,0.2077407750144364,1.7140661228172478,1.766190034116938,0.33568612381192925,1.027583269353482,0.9799982097146995
2772,0.2077102870654318,1.7140661228172478,1.766190034116938,0.335670871710037,1.027583269353482,0.9799982097146995
2773,0.20737176410386,1.7140661228172478,1.766190034116938,0.3356592402015606,1.027583269353482,0.9799982097146995
2774,0.20734595043696824,1.7140661228172478,1.766190034116938,0.3356514939731114,1.027583269353482,0.9799982097146995
2775,0.207270442191342,1.7140661228172478,1.766190034116938,0.3356478710831035,1.027583269353482,0.9799982097146995
2776,0.20726894089509348,1.7140661228172478,1.766190034116938,0.3356486211835567,1.027583269353482,0.9799982097146995
2777,0.20728789832032896,1.7140661228172478,1.766190034116938,0.3356533695340808,1.027583269353482,0.9799982097146995
2778,0.20722490248495876,1.7140661228172478,1.766190034116938,0.3356620817691402,1.027583269353482,0.9799982097146995
2779,0.20754338045521228,1.7140661228172478,1.766190034116938,0.3356747091602314,1.027583269353482,0.9799982097146995
2780,0.20749731044479713,1.7140661228172478,1.766190034116938,0.33569117115309244,1.027583269353482,0.9799982097146995
2781,0.2075866896972784,1.7140661228172478,1.766190034116938,0.3357113513853206,1.027583269353482,0.9799982097146995
2782,0.20749505920982075,1.7140661228172478,1.766190034116938,0.3357350969964329,1.027583269353482,0.9799982097146995
2783,0.2077690730482957,1.7140661228172478,1.766190034116938,0.33576221934731193,1.027583269353482,0.9799982097146995
2784,0.20766830272153478,1.7140661228172478,1.766190034116938,0.335792495584622,1.027583269353482,0.9799982097146995
2785,0.20821944293227695,1.7140661228172478,1.766190034116938,0.3358256708229989,1.027583269353482,0.9799982097146995
2786,0.20811495597010504,1.7140661228172478,1.766190034116938,0.3358614608273685,1.027583269353482,0.9799982097146995
2787,0.20852228987629468,1.7140661228172478,1.766190034116938,0.3358995551180529,1.027583269353482,0.9799982097146995
2788,0.20840576765756622,1.7140661228172478,1.766190034116938,0.33593962043673586,1.027583269353482,0.9799982097146995
2789,0.208629555155067,1.7140661228172478,1.766190034116938,0.3359813045169246,1.027583269353482,0.9799982097146995
2790,0.20854388310672978,1.7140661228172478,1.766190034116938,0.3360242401041203,1.027583269353482,0.9799982097146995
2791,0.20851842197221634,1.7140661228172478,1.766190034116938,0.336068049170992,1.027583269353482,0.9799982097146995
2792,0.20849201617477806,1.7140661228172478,1.766190034116938,0.3361123472725781,1.027583269353482,0.9799982097146995
2793,0.20831564311634318,1.7140661228172478,1.766190034116938,0.336156747986463,1.027583269353482,0.9799982097146995
2794,0.20835201946776066,1.7140661228172478,1.766190034116938,0.3362008673831711,1.027583269353482,0.9799982097146995
2795,0.20832797976180775,1.7140661228172478,1.766190034116938,0.3362443284727561,1.027583269353482,0.9799982097146995
2796,0.20844671517088018,1.7140661228172478,1.766190034116938,0.33628676557468995,1.027583269353482,0.9799982097146995
2797,0.20810928665234274,1.7140661228172478,1.766190034116938,0.33632782855961885,1.027583269353482,0.9799982097146995
2798,0.20803776389950177,1.7140661228172478,1.766190034116938,0.33636718691322853,1.027583269353482,0.9799982097146995
2799,0.20787398891215922,1.7140661228172478,1.766190034116938,0.3364045335743168,1.027583269353482,0.9799982097146995
2800,0.2076793683102315,1.7140661228172478,1.766190034116938,0.3364395885011338,1.027583269353482,0.9799982097146995
2801,0.20774395301567927,1.7140661228172478,1.766190034116938,0.3364721019221575,1.027583269353482,0.9799982097146995
2802,0.20758430690690075,1.7140661228172478,1.766190034116938,0.33650185722969417,1.027583269353482,0.9799982097146995
2803,0.2076926713635261,1.7140661228172478,1.766190034116938,0.3365286734771942,1.027583269353482,0.9799982097146995
2804,0.20751954163495648,1.7140661228172478,1.766190034116938,0.3365524074440134,1.027583269353482,0.9799982097146995
2805,0.20787048311386383,1.7140661228172478,1.766190034116938,0.3365729552346797,1.027583269353482,0.9799982097146995
2806,0.20779594418779615,1.7140661228172478,1.766190034116938,0.33659025338373866,1.027583269353482,0.9799982097146995
2807,0.20813269072651383,1.7140661228172478,1.766190034116938,0.3366042794420131,1.027583269353482,0.9799982097146995
2808,0.20804671245369794,1.7140661228172478,1.766190034116938,0.3366150520258379,1.027583269353482,0.9799982097146995
2809,0.20851856075243358,1.7140661228172478,1.766190034116938,0.3366226303175065,1.027583269353482,0.9799982097146995
2810,0.20849268560872036,1.7140661228172478,1.766190034116938,0.3366271130128507,1.027583269353482,0.9799982097146995
2811,0.20872490210623326,1.7140661228172478,1.766190034116938,0.3366286367204966,1.027583269353482,0.9799982097146995
2812,0.20865397453981285,1.7140661228172478,1.766190034116938,0.33662737382673236,1.027583269353482,0.9799982097146995
2813,0.20881017944882702,1.7140661228172478,1.766190034116938,0.33662352984987237,1.027583269353482,0.9799982097146995
2814,0.20870955255972018,1.7140661228172478,1.766190034116938,0.3366173403181927,1.027583269353482,0.9799982097146995
2815,0.2088161602480285,1.7140661228172478,1.766190034116938,0.33660906721557987,1.027583269353482,0.9799982097146995
2816,0.20871277289641704,1.7140661228172478,1.766190034116938,0.336598995048543,1.027583269353482,0.9799982097146995
2817,0.2085872300382835,1.7140661228172478,1.766190034116938,0.3365874265967836,1.027583269353482,0.9799982097146995
2818,0.20844355305063522,1.7140661228172478,1.766190034116938,0.33657467841666855,1.027583269353482,0.9799982097146995
2819,0.20809453143607815,1.7140661228172478,1.766190034116938,0.3365610761723027,1.027583269353482,0.9799982097146995
2820,0.20793958236818896,1.7140661228172478,1.766190034116938,0.3365469498721605,1.027583269353482,0.9799982097146995
2821,0.2075279832429034,1.7140661228172478,1.766190034116938,0.33653262909014686,1.027583269353482,0.9799982097146995
2822,0.20738371735062597,1.7140661228172478,1.766190034116938,0.33651843824831645,1.027583269353482,0.9799982097146995
2823,0.20699999527727034,1.7140661228172478,1.766190034116938,0.33650469203413386,1.027583269353482,0.9799982097146995
2824,0.20681063349099124,1.7140661228172478,1.766190034116938,0.3364916910179086,1.027583269353482,0.9799982097146995
2825,0.20671756966032878,1.7140661228172478,1.766190034116938,0.33647971752526057,1.027583269353482,0.9799982097146995
2826,0.20652147707173196,1.7140661228172478,1.766190034116938,0.33646903180374677,1.027583269353482,0.9799982097146995
2827,0.20658109313487374,1.7140661228172478,1.766190034116938,0.3364598684980121,1.027583269353482,0.9799982097146995
2828,0.206404630292745,1.7140661228172478,1.766190034116938,0.33645243340219133,1.027583269353482,0.9799982097146995
2829,0.2061480059318949,1.7140661228172478,1.766190034116938,0.3364469003528803,1.027583269353482,0.9799982097146995
2830,0.2060136937895464,1.7140661228172478,1.766190034116938,0.3364434078023572,1.027583269353482,0.9799982097146995
2831,0.20551142001635447,1.7140661228172478,1.766190034116938,0.33644205313592024,1.027583269353482,0.9799982097146995
2832,0.20549437504197432,1.7140661228172478,1.766190034116938,0.3364428675399111,1.027583269353482,0.9799982097146995
2833,0.20473510733346073,1.7140661228172478,1.766190034116938,0.33644598998621855,1.027583269353482,0.9799982097146995
2834,0.20476935102166635,1.7140661228172478,1.766190034116938,0.33645146381206603,1.027583269353482,0.9799982097146995
2835,0.20405275757083222,1.7140661228172478,1.766190034116938,0.3364592871417533,1.027583269353482,0.9799982097146995
2836,0.20414747885087076,1.7140661228172478,1.766190034116938,0.3364694184425247,1.027583269353482,0.9799982097146995
2837,0.2036599859845844,1.7140661228172478,1.766190034116938,0.3364817787914031,1.027583269353482,0.9799982097146995
2838,0.2037374249711361,1.7140661228172478,1.766190034116938,0.3364962536770537,1.027583269353482,0.9799982097146995
2839,0.20338585581050508,1.7140661228172478,1.766190034116938,0.3365126949138497,1.027583269353482,0.9799982097146995
2840,0.20340265911666644,1.7140661228172478,1.766190034116938,0.336530922834628,1.027583269353482,0.9799982097146995
2841,0.20312269691159338,1.7140661228172478,1.766190034116938,0.3365507288140916,1.027583269353482,0.9799982097146995
2842,0.20313942446426014,1.7140661228172478,1.766190034116938,0.33657187813344835,1.027583269353482,0.9799982097146995
2843,0.20281042597689544,1.7140661228172478,1.766190034116938,0.33659411317836574,1.027583269353482,0.9799982097146995
2844,0.20282791746831136,1.7140661228172478,1.766190034116938,0.33661715695181765,1.027583269353482,0.9799982097146995
2845,0.20250025836114055,1.7140661228172478,1.766190034116938,0.3366407168758134,1.027583269353482,0.9799982097146995
2846,0.20249508221503873,1.7140661228172478,1.766190034116938,0.33666448884916556,1.027583269353482,0.9799982097146995
2847,0.2022312259179359,1.7140661228172478,1.766190034116938,0.3366881615217136,1.027583269353482,0.9799982097146995
2848,0.20212242771547143,1.7140661228172478,1.766190034116938,0.33671142073840193,1.027583269353482,0.9799982097146995
2849,0.2021159093826777,1.7140661228172478,1.766190034116938,0.3367339540994834,1.027583269353482,0.9799982097146995
2850,0.20196140673809798,1.7140661228172478,1.766190034116938,0.33675545557605885,1.027583269353482,0.9799982097146995
2851,0.20190775840293534,1.7140661228172478,1.766190034116938,0.33677563011358347,1.027583269353482,0.9799982097146995
2852,0.20161742464970417,1.7140661228172478,1.766190034116938,0.3367941981503354,1.027583269353482,0.9799982097146995
2853,0.20162287173937748,1.7140661228172478,1.766190034116938,0.33681089997357583,1.027583269353482,0.9799982097146995
2854,0.20143588918615354,1.7140661228172478,1.766190034116938,0.33682549983377996,1.027583269353482,0.9799982097146995
2855,0.20131990811189532,1.7140661228172478,1.766190034116938,0.3368377897371939,1.027583269353482,0.9799982097146995
2856,0.20114968216616372,1.7140661228172478,1.766190034116938,0.33684759283949806,1.027583269353482,0.9799982097146995
2857,0.20113928191197003,1.7140661228172478,1.766190034116938,0.3368547663685906,1.027583269353482,0.9799982097146995
2858,0.20112205604754102,1.7140661228172478,1.766190034116938,0.3368592040125374,1.027583269353482,0.9799982097146995
2859,0.20079379665954758,1.7140661228172478,1.766190034116938,0.336860837719384,1.027583269353482,0.9799982097146995
2860,0.2007030383419469,1.7140661228172478,1.766190034116938,0.3368596388684287,1.027583269353482,0.9799982097146995
2861,0.20035285294298866,1.7140661228172478,1.766190034116938,0.33685561878726455,1.027583269353482,0.9799982097146995
2862,0.20020283362063426,1.7140661228172478,1.766190034116938,0.33684882860474746,1.027583269353482,0.9799982097146995
2863,0.199758792335195,1.7140661228172478,1.766190034116938,0.33683935844635704,1.027583269353482,0.9799982097146995
2864,0.19958064293078057,1.7140661228172478,1.766190034116938,0.3368273359944256,1.027583269353482,0.9799982097146995
2865,0.19901496014995906,1.7140661228172478,1.766190034116938,0.33681292445070377,1.027583269353482,0.9799982097146995
2866,0.19876139104387042,1.7140661228172478,1.766190034116938,0.33679631995204395,1.027583269353482,0.9799982097146995
2867,0.1985648732069468,1.7140661228172478,1.766190034116938,0.3367777485010731,1.027583269353482,0.9799982097146995
2868,0.19844734930543945,1.7140661228172478,1.766190034116938,0.33675746248222715,1.027583269353482,0.9799982097146995
2869,0.198352395241791,1.7140661228172478,1.766190034116938,0.33673573683917346,1.027583269353482,0.9799982097146995
2870,0.1982615758690686,1.7140661228172478,1.766190034116938,0.3367128649924536,1.027583269353482,0.9799982097146995
2871,0.19840889990243998,1.7140661228172478,1.766190034116938,0.3366891545762555,1.027583269353482,0.9799982097146995
2872,0.1983843412774356,1.7140661228172478,1.766190034116938,0.33666492307082674,1.027583269353482,0.9799982097146995
2873,0.19859025634938804,1.7140661228172478,1.766190034116938,0.33664049340260505,1.027583269353482,0.9799982097146995
2874,0.1986674293334568,1.7140661228172478,1.766190034116938,0.33661618957811257,1.027583269353482,0.9799982097146995
2875,0.19876066484041482,1.7140661228172478,1.766190034116938,0.3365923324105435,1.027583269353482,0.9799982097146995
2876,0.1988516083265578,1.7140661228172478,1.766190034116938,0.3365692353903119,1.027583269353482,0.9799982097146995
2877,0.19879762720044786,1.7140661228172478,1.766190034116938,0.33654720074301453,1.027583269353482,0.9799982097146995
2878,0.19872309823852585,1.7140661228172478,1.766190034116938,0.33652651571074305,1.027583269353482,0.9799982097146995
2879,0.1988758633082713,1.7140661228172478,1.766190034116938,0.3365074490856186,1.027583269353482,0.9799982097146995
2880,0.19883463038879529,1.7140661228172478,1.766190034116938,0.33649024801791877,1.027583269353482,0.9799982097146995
2881,0.1990059773763811,1.7140661228172478,1.766190034116938,0.3364751351148493,1.027583269353482,0.9799982097146995
2882,0.19890686064068913,1.7140661228172478,1.766190034116938,0.3364623058388891,1.027583269353482,0.9799982097146995
2883,0.19892914246609175,1.7140661228172478,1.766190034116938,0.3364519262037762,1.027583269353482,0.9799982097146995
2884,0.19860333583041642,1.7140661228172478,1.766190034116938,0.33644413074260066,1.027583269353482,0.9799982097146995
2885,0.1987578593553368,1.7140661228172478,1.766190034116938,0.33643902065212045,1.027583269353482,0.9799982097146995
2886,0.19858416176053162,1.7140661228172478,1.766190034116938,0.3364366617190073,1.027583269353482,0.9799982097146995
2887,0.1985299591920185,1.7140661228172478,1.766190034116938,0.33643707921917965,1.027583269353482,0.9799982097146995
2888,0.1983051930609768,1.7140661228172478,1.766190034116938,0.3364403436973924,1.027583269353482,0.9799982097146995
2889,0.19839441927502469,1.7140661228172478,1.766190034116938,0.33644643097332944,1.027583269353482,0.9799982097146995
2890,0.19831736914606896,1.7140661228172478,1.766190034116938,0.3364552767653678,1.027583269353482,0.9799982097146995
2891,0.1983278983031436,1.7140661228172478,1.766190034116938,0.3364667800033503,1.027583269353482,0.9799982097146995
2892,0.19828105071018431,1.7140661228172478,1.766190034116938,0.336480804761192,1.027583269353482,0.9799982097146995
2893,0.19821450743796648,1.7140661228172478,1.766190034116938,0.3364971822481865,1.027583269353482,0.9799982097146995
2894,0.19812103611238552,1.7140661228172478,1.766190034116938,0.33651571311490364,1.027583269353482,0.9799982097146995
2895,0.19812354685745429,1.7140661228172478,1.766190034116938,0.33653617013440795,1.027583269353482,0.9799982097146995
2896,0.19808111813378135,1.7140661228172478,1.766190034116938,0.33655830126196284,1.027583269353482,0.9799982097146995
2897,0.1980863623099408,1.7140661228172478,1.766190034116938,0.3365818330505964,1.027583269353482,0.9799982097146995
2898,0.19800590864544945,1.7140661228172478,1.766190034116938,0.3366064743840532,1.027583269353482,0.9799982097146995
2899,0.19808962192153165,1.7140661228172478,1.766190034116938,0.33663192047692553,1.027583269353482,0.9799982097146995
2900,0.1980210853820048,1.7140661228172478,1.766190034116938,0.3366578570825026,1.027583269353482,0.9799982097146995
2901,0.19815230822556312,1.7140661228172478,1.766190034116938,0.3366839648417589,1.027583269353482,0.9799982097146995
2902,0.19806219701641412,1.7140661228172478,1.766190034116938,0.33670992370185565,1.027583269353482,0.9799982097146995
2903,0.19819471889854348,1.7140661228172478,1.766190034116938,0.33673541732973516,1.027583269353482,0.9799982097146995
2904,0.1981654886133937,1.7140661228172478,1.766190034116938,0.3367601374458783,1.027583269353482,0.9799982097146995
2905,0.19824251096545747,1.7140661228172478,1.766190034116938,0.3367837880050802,1.027583269353482,0.9799982097146995
2906,0.19828441910221734,1.7140661228172478,1.766190034116938,0.3368060891550378,1.027583269353482,0.9799982097146995
2907,0.1982839117956278,1.7140661228172478,1.766190034116938,0.33682678090946466,1.027583269353482,0.9799982097146995
2908,0.1983296523877545,1.7140661228172478,1.766190034116938,0.3368456264799573,1.027583269353482,0.9799982097146995
2909,0.19823776211965918,1.7140661228172478,1.766190034116938,0.3368624152196242,1.027583269353482,0.9799982097146995
2910,0.19806549984235866,1.7140661228172478,1.766190034116938,0.3368769651410841,1.027583269353482,0.9799982097146995
2911,0.1980457465737373,1.7140661228172478,1.766190034116938,0.33688912498140267,1.027583269353482,0.9799982097146995
2912,0.19777448201223874,1.7140661228172478,1.766190034116938,0.33689877579646865,1.027583269353482,0.9799982097146995
2913,0.19786586825759614,1.7140661228172478,1.766190034116938,0.33690583207683483,1.027583269353482,0.9799982097146995
2914,0.1975660872454973,1.7140661228172478,1.766190034116938,0.3369102423858245,1.027583269353482,0.9799982097146995
2915,0.19770641893073446,1.7140661228172478,1.766190034116938,0.3369119895285432,1.027583269353482,0.9799982097146995
2916,0.19751309079833504,1.7140661228172478,1.766190034116938,0.3369110902671727,1.027583269353482,0.9799982097146995
2917,0.19761860040535667,1.7140661228172478,1.766190034116938,0.3369075946034798,1.027583269353482,0.9799982097146995
2918,0.19751595756635068,1.7140661228172478,1.766190034116938,0.33690158465389936,1.027583269353482,0.9799982097146995
2919,0.19757793087077333,1.7140661228172478,1.766190034116938,0.336893173145897,1.027583269353482,0.9799982097146995
2920,0.19768603588180697,1.7140661228172478,1.766190034116938,0.33688250156670335,1.027583269353482,0.9799982097146995
2921,0.19759321113468883,1.7140661228172478,1.766190034116938,0.33686973799714426,1.027583269353482,0.9799982097146995
2922,0.19748274040381134,1.7140661228172478,1.766190034116938,0.3368550746642818,1.027583269353482,0.9799982097146995
2923,0.19741884042341076,1.7140661228172478,1.766190034116938,0.33683872524715186,1.027583269353482,0.9799982097146995
2924,0.19740921825411545,1.7140661228172478,1.766190034116938,0.3368209219701714,1.027583269353482,0.9799982097146995
2925,0.19735978447325195,1.7140661228172478,1.766190034116938,0.3368019125189301,1.027583269353482,0.9799982097146995
2926,0.1975401170147361,1.7140661228172478,1.766190034116938,0.3367819568131895,1.027583269353482,0.9799982097146995
2927,0.19750046521147907,1.7140661228172478,1.766190034116938,0.3367613236720344,1.027583269353482,0.9799982097146995
2928,0.19763992566099162,1.7140661228172478,1.766190034116938,0.33674028740630935,1.027583269353482,0.9799982097146995
2929,0.19769812510568846,1.7140661228172478,1.766190034116938,0.3367191243736933,1.027583269353482,0.9799982097146995
2930,0.19792981171520518,1.7140661228172478,1.766190034116938,0.3366981095319908,1.027583269353482,0.9799982097146995
2931,0.19803311642075092,1.7140661228172478,1.766190034116938,0.336677513026385,1.027583269353482,0.9799982097146995
2932,0.1981796800696393,1.7140661228172478,1.766190034116938,0.33665759684639296,1.027583269353482,0.9799982097146995
2933,0.1982587264951332,1.7140661228172478,1.766190034116938,0.3366386115879716,1.027583269353482,0.9799982097146995
2934,0.198196434535536,1.7140661228172478,1.766190034116938,0.33662079335554557,1.027583269353482,0.9799982097146995
2935,0.19824042005617268,1.7140661228172478,1.766190034116938,0.33660436083737916,1.027583269353482,0.9799982097146995
2936,0.19803766388742555,1.7140661228172478,1.766190034116938,0.3365895125855432,1.027583269353482,0.9799982097146995
2937,0.19809304491263235,1.7140661228172478,1.766190034116938,0.3365764245280847,1.027583269353482,0.9799982097146995
2938,0.19793535660798234,1.7140661228172478,1.766190034116938,0.33656524773491825,1.027583269353482,0.9799982097146995
2939,0.19795663782311945,1.7140661228172478,1.766190034116938,0.3365561064475497,1.027583269353482,0.9799982097146995
2940,0.1976713862538974,1.7140661228172478,1.766190034116938,0.3365490963578774,1.027583269353482,0.9799982097146995
2941,0.19770968504849323,1.7140661228172478,1.766190034116938,0.33654428305371503,1.027583269353482,0.9799982097146995
2942,0.1976136761219597,1.7140661228172478,1.766190034116938,0.3365417002993134,1.027583269353482,0.9799982097146995
2943,0.1976167283105457,1.7140661228172478,1.766190034116938,0.33654134628456034,1.027583269353482,0.9799982097146995
2944,0.19729407233405122,1.7140661228172478,1.766190034116938,0.33654311859794206,1.027583269353482,0.9799982097146995
2945,0.19728742267492552,1.7140661228172478,1.766190034116938,0.3365469876938915,1.027583269353482,0.9799982097146995
2946,0.19712284615394124,1.7140661228172478,1.766190034116938,0.3365528875888398,1.027583269353482,0.9799982097146995
2947,0.19713278482236773,1.7140661228172478,1.766190034116938,0.33656072269662224,1.027583269353482,0.9799982097146995
2948,0.19700151119999612,1.7140661228172478,1.766190034116938,0.33657037019168456,1.027583269353482,0.9799982097146995
2949,0.19701851244602175,1.7140661228172478,1.766190034116938,0.3365816818700415,1.027583269353482,0.9799982097146995
2950,0.1968364057697697,1.7140661228172478,1.766190034116938,0.33659448606355513,1.027583269353482,0.9799982097146995
2951,0.19685324225701745,1.7140661228172478,1.766190034116938,0.33660858974309027,1.027583269353482,0.9799982097146995
2952,0.19691922115744961,1.7140661228172478,1.766190034116938,0.3366237808456968,1.027583269353482,0.9799982097146995
2953,0.19696118143501684,1.7140661228172478,1.766190034116938,0.3366398308267251,1.027583269353482,0.9799982097146995
2954,0.19677314132571846,1.7140661228172478,1.766190034116938,0.3366564974225858,1.027583269353482,0.9799982097146995
2955,0.1967312138351656,1.7140661228172478,1.766190034116938,0.336673527601367,1.027583269353482,0.9799982097146995
2956,0.19685078900500186,1.7140661228172478,1.766190034116938,0.3366906606728506,1.027583269353482,0.9799982097146995
2957,0.19677427884842916,1.7140661228172478,1.766190034116938,0.33670763152513894,1.027583269353482,0.9799982097146995
2958,0.19691690576060691,1.7140661228172478,1.766190034116938,0.3367241739516046,1.027583269353482,0.9799982097146995
2959,0.19683999032632976,1.7140661228172478,1.766190034116938,0.3367400240289171,1.027583269353482,0.9799982097146995
2960,0.19704066478087606,1.7140661228172478,1.766190034116938,0.3367549235045578,1.027583269353482,0.9799982097146995
2961,0.19697741329480117,1.7140661228172478,1.766190034116938,0.3367686231503844,1.027583269353482,0.9799982097146995
2962,0.1971079902182046,1.7140661228172478,1.766190034116938,0.3367808860376959,1.027583269353482,0.9799982097146995
2963,0.19711409256467485,1.7140661228172478,1.766190034116938,0.33679149068876935,1.027583269353482,0.9799982097146995
2964,0.19702254845342557,1.7140661228172478,1.766190034116938,0.33680023406028964,1.027583269353482,0.9799982097146995
2965,0.1969867998608829,1.7140661228172478,1.766190034116938,0.3368069343153387,1.027583269353482,0.9799982097146995
2966,0.19716608081626377,1.7140661228172478,1.766190034116938,0.33681143334289276,1.027583269353482,0.9799982097146995
2967,0.19721901558259286,1.7140661228172478,1.766190034116938,0.3368135989869499,1.027583269353482,0.9799982097146995
2968,0.19723252496440535,1.7140661228172478,1.766190034116938,0.3368133269515858,1.027583269353482,0.9799982097146995
2969,0.19717796765960977,1.7140661228172478,1.766190034116938,0.33681054235323415,1.027583269353482,0.9799982097146995
2970,0.19722875111269267,1.7140661228172478,1.766190034116938,0.3368052008972791,1.027583269353482,0.9799982097146995
2971,0.19712005868767693,1.7140661228172478,1.766190034116938,0.336797289662409,1.027583269353482,0.9799982097146995
2972,0.19706238524224745,1.7140661228172478,1.766190034116938,0.33678682748295324,1.027583269353482,0.9799982097146995
2973,0.19697832006922034,1.7140661228172478,1.766190034116938,0.3367738649263817,1.027583269353482,0.9799982097146995
2974,0.1967322747245454,1.7140661228172478,1.766190034116938,0.3367584838700115,1.027583269353482,0.9799982097146995
2975,0.19661902924682684,1.7140661228172478,1.766190034116938,0.33674079668757034,1.027583269353482,0.9799982097146995
2976,0.19641036289135252,1.7140661228172478,1.766190034116938,0.33672094506232414,1.027583269353482,0.9799982097146995
2977,0.19624582980333452,1.7140661228172478,1.766190034116938,0.33669909844881857,1.027583269353482,0.9799982097146995
2978,0.19640364812634067,1.7140661228172478,1.766190034116938,0.3366754522097886,1.027583269353482,0.9799982097146995
2979,0.19633501343849138,1.7140661228172478,1.766190034116938,0.33665022545828777,1.027583269353482,0.9799982097146995
2980,0.19648996236756303,1.7140661228172478,1.766190034116938,0.33662365863762306,1.027583269353482,0.9799982097146995
2981,0.19630625372745075,1.7140661228172478,1.766190034116938,0.3365960108732017,1.027583269353482,0.9799982097146995
2982,0.19648934302591298,1.7140661228172478,1.766190034116938,0.33656755713101033,1.027583269353482,0.9799982097146995
2983,0.19633237657141575,1.7140661228172478,1.766190034116938,0.3365385852172709,1.027583269353482,0.9799982097146995
2984,0.1964274133265286,1.7140661228172478,1.766190034116938,0.33650939265307256,1.027583269353482,0.9799982097146995
2985,0.19636134082175916,1.7140661228172478,1.766190034116938,0.3364802834565471,1.027583269353482,0.9799982097146995
2986,0.19631509884437306,1.7140661228172478,1.766190034116938,0.3364515648638631,1.027583269353482,0.9799982097146995
2987,0.1962984045812229,1.7140661228172478,1.766190034116938,0.33642354401900854,1.027583269353482,0.9799982097146995
2988,0.19631213762869654,1.7140661228172478,1.766190034116938,0.33639652466146774,1.027583269353482,0.9799982097146995
2989,0.19642255531753283,1.7140661228172478,1.766190034116938,0.3363708038406416,1.027583269353482,0.9799982097146995
2990,0.1963586579407435,1.7140661228172478,1.766190034116938,0.33634666868668467,1.027583269353482,0.9799982097146995
2991,0.19635603510352434,1.7140661228172478,1.766190034116938,0.33632439326986113,1.027583269353482,0.9799982097146995
2992,0.19634521344131084,1.7140661228172478,1.766190034116938,0.33630423558555966,1.027583269353482,0.9799982097146995
2993,0.19632838991129764,1.7140661228172478,1.766190034116938,0.33628643471185254,1.027583269353482,0.9799982097146995
2994,0.19627929265519048,1.7140661228172478,1.766190034116938,0.33627120820577555,1.027583269353482,0.9799982097146995
2995,0.19624045915518462,1.7140661228172478,1.766190034116938,0.3362587498464247,1.027583269353482,0.9799982097146995
2996,0.19616969099380754,1.7140661228172478,1.766190034116938,0.3362492279370237,1.027583269353482,0.9799982097146995
2997,0.19607278995414187,1.7140661228172478,1.766190034116938,0.336242784692928,1.027583269353482,0.9799982097146995
2998,0.19609017980786927,1.7140661228172478,1.766190034116938,0.33623953852610755,1.027583269353482,0.9799982097146995
2999,0.19611278747025299,1.7140661228172478,1.766190034116938,0.3362396003700981,1.027583269353482,0.9799982097146995
3000,0.1960353280768459,1.7140661228172478,1.766190034116938,0.33624145999887617,1.027583269353482,0.9799982097146995
3001,0.1958386204160348,1.7140661228172478,1.766190034116938,0.33624508659848384,1.027583269353482,0.9799982097146995
3002,0.1957803926588424,1.7140661228172478,1.766190034116938,0.33625045334374565,1.027583269353482,0.9799982097146995
3003,0.19540383208488457,1.7140661228172478,1.766190034116938,0.3362575286295164,1.027583269353482,0.9799982097146995
3004,0.19542323781035523,1.7140661228172478,1.766190034116938,0.33626627394826825,1.027583269353482,0.9799982097146995
3005,0.19528770125912273,1.7140661228172478,1.766190034116938,0.3362766431260356,1.027583269353482,0.9799982097146995
3006,0.19516486304013336,1.7140661228172478,1.766190034116938,0.33628858203441764,1.027583269353482,0.9799982097146995
3007,0.1949633765033745,1.7140661228172478,1.766190034116938,0.3363020285305974,1.027583269353482,0.9799982097146995
3008,0.19490342281727285,1.7140661228172478,1.766190034116938,0.33631691253561546,1.027583269353482,0.9799982097146995
3009,0.19488339438451316,1.7140661228172478,1.766190034116938,0.3363331562134773,1.027583269353482,0.9799982097146995
3010,0.19483532481830174,1.7140661228172478,1.766190034116938,0.3363506742342218,1.027583269353482,0.9799982097146995
3011,0.19474990611746384,1.7140661228172478,1.766190034116938,0.3363693741130267,1.027583269353482,0.9799982097146995
3012,0.19476788246845017,1.7140661228172478,1.766190034116938,0.33638915662144425,1.027583269353482,0.9799982097146995
3013,0.19465720177238696,1.7140661228172478,1.766190034116938,0.33640991626856687,1.027583269353482,0.9799982097146995
3014,0.1947175869974324,1.7140661228172478,1.766190034116938,0.33643154185036245,1.027583269353482,0.9799982097146995
3015,0.19471477382682972,1.7140661228172478,1.766190034116938,0.3364539170652096,1.027583269353482,0.9799982097146995
3016,0.19473223950026494,1.7140661228172478,1.766190034116938,0.33647692119295014,1.027583269353482,0.9799982097146995
3017,0.19467474670117346,1.7140661228172478,1.766190034116938,0.33650042983388606,1.027583269353482,0.9799982097146995
3018,0.1947134397954901,1.7140661228172478,1.766190034116938,0.3365243157030001,1.027583269353482,0.9799982097146995
3019,0.19494893953635983,1.7140661228172478,1.766190034116938,0.3365484494735482,1.027583269353482,0.9799982097146995
3020,0.19497456175759145,1.7140661228172478,1.766190034116938,0.3365727006629488,1.027583269353482,0.9799982097146995
3021,0.19507354541951463,1.7140661228172478,1.766190034116938,0.3365969385527694,1.027583269353482,0.9799982097146995
3022,0.1951220862401581,1.7140661228172478,1.766190034116938,0.3366210331335547,1.027583269353482,0.9799982097146995
3023,0.19507834437600116,1.7140661228172478,1.766190034116938,0.33664485606434114,1.027583269353482,0.9799982097146995
3024,0.19515097949820817,1.7140661228172478,1.766190034116938,0.3366682816359696,1.027583269353482,0.9799982097146995
3025,0.19511881626775232,1.7140661228172478,1.766190034116938,0.3366911877268234,1.027583269353482,0.9799982097146995
3026,0.1951669346781481,1.7140661228172478,1.766190034116938,0.33671345673932734,1.027583269353482,0.9799982097146995
3027,0.19499825972616672,1.7140661228172478,1.766190034116938,0.3367349765055636,1.027583269353482,0.9799982097146995
3028,0.19501471763190073,1.7140661228172478,1.766190034116938,0.33675564115058615,1.027583269353482,0.9799982097146995
3029,0.19470143515969143,1.7140661228172478,1.766190034116938,0.33677535190255564,1.027583269353482,0.9799982097146995
3030,0.19470425780757394,1.7140661228172478,1.766190034116938,0.33679401783956103,1.027583269353482,0.9799982097146995
3031,0.1944365949260823,1.7140661228172478,1.766190034116938,0.3368115565639878,1.027583269353482,0.9799982097146995
3032,0.19442836591191295,1.7140661228172478,1.766190034116938,0.3368278947964666,1.027583269353482,0.9799982097146995
3033,0.1940379977672564,1.7140661228172478,1.766190034116938,0.3368429688827779,1.027583269353482,0.9799982097146995
3034,0.194036142578694,1.7140661228172478,1.766190034116938,0.33685672520853444,1.027583269353482,0.9799982097146995
3035,0.1937395255504215,1.7140661228172478,1.766190034116938,0.33686912051799367,1.027583269353482,0.9799982097146995
3036,0.19374125941815773,1.7140661228172478,1.766190034116938,0.3368801221348902,1.027583269353482,0.9799982097146995
3037,0.19346425380744353,1.7140661228172478,1.766190034116938,0.33688970808471747,1.027583269353482,0.9799982097146995
3038,0.19346719871807044,1.7140661228172478,1.766190034116938,0.3368978671193578,1.027583269353482,0.9799982097146995
3039,0.1932722315526926,1.7140661228172478,1.766190034116938,0.33690459864632283,1.027583269353482,0.9799982097146995
3040,0.19327184372146022,1.7140661228172478,1.766190034116938,0.3369099125661166,1.027583269353482,0.9799982097146995
3041,0.19313624102391605,1.7140661228172478,1.766190034116938,0.33691382902232536,1.027583269353482,0.9799982097146995
3042,0.19312599277326276,1.7140661228172478,1.766190034116938,0.33691637806995434,1.027583269353482,0.9799982097146995
3043,0.19299104702753386,1.7140661228172478,1.766190034116938,0.3369175992682631,1.027583269353482,0.9799982097146995
3044,0.19298773723949603,1.7140661228172478,1.766190034116938,0.33691754120492085,1.027583269353482,0.9799982097146995
3045,0.1931680698406741,1.7140661228172478,1.766190034116938,0.33691626095866145,1.027583269353482,0.9799982097146995
3046,0.19315955740682736,1.7140661228172478,1.766190034116938,0.33691382350782395,1.027583269353482,0.9799982097146995
3047,0.19329539843427013,1.7140661228172478,1.766190034116938,0.33691030109221476,1.027583269353482,0.9799982097146995
3048,0.19335717449224132,1.7140661228172478,1.766190034116938,0.3369057725356257,1.027583269353482,0.9799982097146995
3049,0.1935122582201879,1.7140661228172478,1.766190034116938,0.3369003225361379,1.027583269353482,0.9799982097146995
3050,0.19359265766733708,1.7140661228172478,1.766190034116938,0.33689404093102565,1.027583269353482,0.9799982097146995
3051,0.19353916701364007,1.7140661228172478,1.766190034116938,0.33688702194270365,1.027583269353482,0.9799982097146995
3052,0.1936303598822441,1.7140661228172478,1.766190034116938,0.33687936341171876,1.027583269353482,0.9799982097146995
3053,0.193506797394556,1.7140661228172478,1.766190034116938,0.3368711660223486,1.027583269353482,0.9799982097146995
3054,0.1935945071332932,1.7140661228172478,1.766190034116938,0.33686253252586335,1.027583269353482,0.9799982097146995
3055,0.19363469818916734,1.7140661228172478,1.766190034116938,0.3368535669660903,1.027583269353482,0.9799982097146995
3056,0.19367144796563907,1.7140661228172478,1.766190034116938,0.3368443739114235,1.027583269353482,0.9799982097146995
3057,0.19371917995298815,1.7140661228172478,1.766190034116938,0.33683505769704764,1.027583269353482,0.9799982097146995
3058,0.1937413768533204,1.7140661228172478,1.766190034116938,0.3368257216807283,1.027583269353482,0.9799982097146995
3059,0.19382000020853282,1.7140661228172478,1.766190034116938,0.3368164675151769,1.027583269353482,0.9799982097146995
3060,0.19373472705989872,1.7140661228172478,1.766190034116938,0.33680739443967084,1.027583269353482,0.9799982097146995
3061,0.19352677814288247,1.7140661228172478,1.766190034116938,0.3367985985932812,1.027583269353482,0.9799982097146995
3062,0.19346405708094305,1.7140661228172478,1.766190034116938,0.33679017235172115,1.027583269353482,0.9799982097146995
3063,0.19328942312044786,1.7140661228172478,1.766190034116938,0.3367822036894138,1.027583269353482,0.9799982097146995
3064,0.1931853738469952,1.7140661228172478,1.766190034116938,0.3367747755678084,1.027583269353482,0.9799982097146995
3065,0.1930083379385985,1.7140661228172478,1.766190034116938,0.336767965350078,1.027583269353482,0.9799982097146995
3066,0.19296742537159117,1.7140661228172478,1.766190034116938,0.3367618442407777,1.027583269353482,0.9799982097146995
3067,0.19282895626044372,1.7140661228172478,1.766190034116938,0.33675647674616394,1.027583269353482,0.9799982097146995
3068,0.1929378869895109,1.7140661228172478,1.766190034116938,0.33675192014502037,1.027583269353482,0.9799982097146995
3069,0.19288987144278724,1.7140661228172478,1.766190034116938,0.33674822394683657,1.027583269353482,0.9799982097146995
3070,0.1930775679551285,1.7140661228172478,1.766190034116938,0.3367454292812864,1.027583269353482,0.9799982097146995
3071,0.19301165913869728,1.7140661228172478,1.766190034116938,0.33674356806321015,1.027583269353482,0.9799982097146995
3072,0.19332413166527307,1.7140661228172478,1.766190034116938,0.3367426613719975,1.027583269353482,0.9799982097146995
3073,0.19346426791979637,1.7140661228172478,1.766190034116938,0.33674271355328983,1.027583269353482,0.9799982097146995
3074,0.19366923862750549,1.7140661228172478,1.766190034116938,0.3367441509675541,1.027583269353482,0.9799982097146995
3075,0.19367752194148694,1.7140661228172478,1.766190034116938,0.33674700497955773,1.027583269353482,0.9799982097146995
3076,0.1939500551600341,1.7140661228172478,1.766190034116938,0.3367512793783241,1.027583269353482,0.9799982097146995
3077,0.194009292506148,1.7140661228172478,1.766190034116938,0.3367569565474313,1.027583269353482,0.9799982097146995
3078,0.19419321680884596,1.7140661228172478,1.766190034116938,0.33676399910892285,1.027583269353482,0.9799982097146995
3079,0.1941152896419944,1.7140661228172478,1.766190034116938,0.33677235083455237,1.027583269353482,0.9799982097146995
3080,0.1942666203316506,1.7140661228172478,1.766190034116938,0.33678193746873936,1.027583269353482,0.9799982097146995
3081,0.19404491123972048,1.7140661228172478,1.766190034116938,0.33679266764082144,1.027583269353482,0.9799982097146995
3082,0.19424887485458422,1.7140661228172478,1.766190034116938,0.33680443392441556,1.027583269353482,0.9799982097146995
3083,0.19414157895472176,1.7140661228172478,1.766190034116938,0.33681711405976034,1.027583269353482,0.9799982097146995
3084,0.19414379183100908,1.7140661228172478,1.766190034116938,0.33683057233659,1.027583269353482,0.9799982097146995
3085,0.1939274349130948,1.7140661228172478,1.766190034116938,0.3368446611256371,1.027583269353482,0.9799982097146995
3086,0.1941168564814086,1.7140661228172478,1.766190034116938,0.3368592225414704,1.027583269353482,0.9799982097146995
3087,0.19401664711844419,1.7140661228172478,1.766190034116938,0.336874090216153,1.027583269353482,0.9799982097146995
3088,0.19427703012468497,1.7140661228172478,1.766190034116938,0.33688909116142324,1.027583269353482,0.9799982097146995
3089,0.1942196868952688,1.7140661228172478,1.766190034116938,0.3369040476963319,1.027583269353482,0.9799982097146995
3090,0.19442132115221686,1.7140661228172478,1.766190034116938,0.3369187794172494,1.027583269353482,0.9799982097146995
3091,0.1943259193181631,1.7140661228172478,1.766190034116938,0.33693310518778335,1.027583269353482,0.9799982097146995
3092,0.19467253534332532,1.7140661228172478,1.766190034116938,0.33694684512717216,1.027583269353482,0.9799982097146995
3093,0.19464429806803524,1.7140661228172478,1.766190034116938,0.3369598225770783,1.027583269353482,0.9799982097146995
3094,0.1949875557110647,1.7140661228172478,1.766190034116938,0.33697186602824286,1.027583269353482,0.9799982097146995
3095,0.19504282184449698,1.7140661228172478,1.766190034116938,0.3369828109900271,1.027583269353482,0.9799982097146995
3096,0.19518207128653636,1.7140661228172478,1.766190034116938,0.33699250178743834,1.027583269353482,0.9799982097146995
3097,0.19515410741630143,1.7140661228172478,1.766190034116938,0.3370007932716434,1.027583269353482,0.9799982097146995
3098,0.19526480678568806,1.7140661228172478,1.766190034116938,0.3370075524312081,1.027583269353482,0.9799982097146995
3099,0.19520924114323893,1.7140661228172478,1.766190034116938,0.3370126598923335,1.027583269353482,0.9799982097146995
3100,0.19509692486798202,1.7140661228172478,1.766190034116938,0.33701601129714903,1.027583269353482,0.9799982097146995
3101,0.1949597494556342,1.7140661228172478,1.766190034116938,0.3370175185496984,1.027583269353482,0.9799982097146995
3102,0.19484841199924358,1.7140661228172478,1.766190034116938,0.33701711091966147,1.027583269353482,0.9799982097146995
3103,0.19466355434664298,1.7140661228172478,1.766190034116938,0.3370147359941254,1.027583269353482,0.9799982097146995
3104,0.1948165063758026,1.7140661228172478,1.766190034116938,0.33701036046794275,1.027583269353482,0.9799982097146995
3105,0.1946978282648182,1.7140661228172478,1.766190034116938,0.3370039707634476,1.027583269353482,0.9799982097146995
3106,0.19469853800152997,1.7140661228172478,1.766190034116938,0.33699557347063197,1.027583269353482,0.9799982097146995
3107,0.1945286114053411,1.7140661228172478,1.766190034116938,0.33698519559941603,1.027583269353482,0.9799982097146995
3108,0.19461715904941942,1.7140661228172478,1.766190034116938,0.33697288463637126,1.027583269353482,0.9799982097146995
3109,0.1945362675492357,1.7140661228172478,1.766190034116938,0.33695870839937825,1.027583269353482,0.9799982097146995
3110,0.1944654895270106,1.7140661228172478,1.766190034116938,0.33694275468507995,1.027583269353482,0.9799982097146995
3111,0.19438602220864695,1.7140661228172478,1.766190034116938,0.33692513070581576,1.027583269353482,0.9799982097146995
3112,0.19446418538982727,1.7140661228172478,1.766190034116938,0.3369059623148947,1.027583269353482,0.9799982097146995
3113,0.1944315758919325,1.7140661228172478,1.766190034116938,0.33688539302159504,1.027583269353482,0.9799982097146995
3114,0.19471532790349982,1.7140661228172478,1.766190034116938,0.3368635828001277,1.027583269353482,0.9799982097146995
3115,0.19475208245487946,1.7140661228172478,1.766190034116938,0.33684070669986016,1.027583269353482,0.9799982097146995
3116,0.1950359073906235,1.7140661228172478,1.766190034116938,0.33681695326736627,1.027583269353482,0.9799982097146995
3117,0.19505124038360735,1.7140661228172478,1.766190034116938,0.3367925227941125,1.027583269353482,0.9799982097146995
3118,0.19524208277647864,1.7140661228172478,1.766190034116938,0.3367676254068604,1.027583269353482,0.9799982097146995
3119,0.19523593977242648,1.7140661228172478,1.766190034116938,0.3367424790208898,1.027583269353482,0.9799982097146995
3120,0.19514367284443643,1.7140661228172478,1.766190034116938,0.3367173071789483,1.027583269353482,0.9799982097146995
3121,0.1950902357499888,1.7140661228172478,1.766190034116938,0.3366923368012198,1.027583269353482,0.9799982097146995
3122,0.19484818507965085,1.7140661228172478,1.766190034116938,0.3366677958735754,1.027583269353482,0.9799982097146995
3123,0.19476895891370033,1.7140661228172478,1.766190034116938,0.33664391110278513,1.027583269353482,0.9799982097146995
3124,0.19471472343732504,1.7140661228172478,1.766190034116938,0.33662090556831886,1.027583269353482,0.9799982097146995
3125,0.19467056644311181,1.7140661228172478,1.766190034116938,0.336598996400754,1.027583269353482,0.9799982097146995
3126,0.19454518810297078,1.7140661228172478,1.766190034116938,0.33657839251682165,1.027583269353482,0.9799982097146995
3127,0.19451505686519743,1.7140661228172478,1.766190034116938,0.33655929244084953,1.027583269353482,0.9799982097146995
3128,0.19438836298795553,1.7140661228172478,1.766190034116938,0.33654188224214043,1.027583269353482,0.9799982097146995
3129,0.19437298702306688,1.7140661228172478,1.766190034116938,0.33652633361824946,1.027583269353482,0.9799982097146995
3130,0.19421044569627027,1.7140661228172478,1.766190034116938,0.3365128021564023,1.027583269353482,0.9799982097146995
3131,0.19420367528224086,1.7140661228172478,1.766190034116938,0.3365014258122698,1.027583269353482,0.9799982097146995
3132,0.19387037465230275,1.7140661228172478,1.766190034116938,0.3364923236646649,1.027583269353482,0.9799982097146995
3133,0.19383198082616618,1.7140661228172478,1.766190034116938,0.33648559506053977,1.027583269353482,0.9799982097146995
3134,0.1937408040524601,1.7140661228172478,1.766190034116938,0.3364813194537066,1.027583269353482,0.9799982097146995
3135,0.19371087086819627,1.7140661228172478,1.766190034116938,0.336479558122775,1.027583269353482,0.9799982097146995
3136,0.19364442515411268,1.7140661228172478,1.766190034116938,0.33648036771280937,1.027583269353482,0.9799982097146995
3137,0.1936127101050114,1.7140661228172478,1.766190034116938,0.33648367925386435,1.027583269353482,0.9799982097146995
3138,0.19368681279489586,1.7140661228172478,1.766190034116938,0.33648945259670776,1.027583269353482,0.9799982097146995
3139,0.19367386501783895,1.7140661228172478,1.766190034116938,0.3364976317132808,1.027583269353482,0.9799982097146995
3140,0.19381499466810456,1.7140661228172478,1.766190034116938,0.336508141081831,1.027583269353482,0.9799982097146995
3141,0.19379777571946954,1.7140661228172478,1.766190034116938,0.3365208851809602,1.027583269353482,0.9799982097146995
3142,0.19378016630647624,1.7140661228172478,1.766190034116938,0.3365357488841117,1.027583269353482,0.9799982097146995
3143,0.1937564605475363,1.7140661228172478,1.766190034116938,0.3365525982955445,1.027583269353482,0.9799982097146995
3144,0.19379132820149622,1.7140661228172478,1.766190034116938,0.33657128187842517,1.027583269353482,0.9799982097146995
3145,0.19379157128276542,1.7140661228172478,1.766190034116938,0.3365916318098563,1.027583269353482,0.9799982097146995
3146,0.19374391900895646,1.7140661228172478,1.766190034116938,0.33661346552633886,1.027583269353482,0.9799982097146995
3147,0.1937589341978431,1.7140661228172478,1.766190034116938,0.33663658743414265,1.027583269353482,0.9799982097146995
3148,0.19366401138266093,1.7140661228172478,1.766190034116938,0.33666079076328703,1.027583269353482,0.9799982097146995
3149,0.19369999117703607,1.7140661228172478,1.766190034116938,0.3366858595451615,1.027583269353482,0.9799982097146995
3150,0.19353448396537914,1.7140661228172478,1.766190034116938,0.3367115706937484,1.027583269353482,0.9799982097146995
3151,0.1935686933054842,1.7140661228172478,1.766190034116938,0.33673769616970134,1.027583269353482,0.9799982097146995
3152,0.19330253885972118,1.7140661228172478,1.766190034116938,0.33676400520549904,1.027583269353482,0.9799982097146995
3153,0.1933070141614356,1.7140661228172478,1.766190034116938,0.33679026656880695,1.027583269353482,0.9799982097146995
3154,0.1931193534750202,1.7140661228172478,1.766190034116938,0.33681625084017,1.027583269353482,0.9799982097146995
3155,0.19315978920422178,1.7140661228172478,1.766190034116938,0.3368417326803507,1.027583269353482,0.9799982097146995
3156,0.19298708446639776,1.7140661228172478,1.766190034116938,0.33686649306211847,1.027583269353482,0.9799982097146995
3157,0.19303620893119633,1.7140661228172478,1.766190034116938,0.33689032144117037,1.027583269353482,0.9799982097146995
3158,0.1929955403388202,1.7140661228172478,1.766190034116938,0.33691301784113875,1.027583269353482,0.9799982097146995
3159,0.19304607393101939,1.7140661228172478,1.766190034116938,0.3369343948283962,1.027583269353482,0.9799982097146995
3160,0.19328408194640084,1.7140661228172478,1.766190034116938,0.3369542793535803,1.027583269353482,0.9799982097146995
3161,0.19351563515939235,1.7140661228172478,1.766190034116938,0.33697251443841175,1.027583269353482,0.9799982097146995
3162,0.1934733542650444,1.7140661228172478,1.766190034116938,0.33698896068848194,1.027583269353482,0.9799982097146995
3163,0.19351079435748458,1.7140661228172478,1.766190034116938,0.337003497615113,1.027583269353482,0.9799982097146995
3164,0.19358711817810773,1.7140661228172478,1.766190034116938,0.3370160247521436,1.027583269353482,0.9799982097146995
3165,0.19367963835040283,1.7140661228172478,1.766190034116938,0.33702646255644264,1.027583269353482,0.9799982097146995
3166,0.19367657618324993,1.7140661228172478,1.766190034116938,0.3370347530840337,1.027583269353482,0.9799982097146995
3167,0.1937521463819746,1.7140661228172478,1.766190034116938,0.33704086043679793,1.027583269353482,0.9799982097146995
3168,0.1938267631629689,1.7140661228172478,1.766190034116938,0.33704477097779517,1.027583269353482,0.9799982097146995
3169,0.19396826162522332,1.7140661228172478,1.766190034116938,0.33704649331612035,1.027583269353482,0.9799982097146995
3170,0.19400739736595696,1.7140661228172478,1.766190034116938,0.3370460580649392,1.027583269353482,0.9799982097146995
3171,0.1941375482559073,1.7140661228172478,1.766190034116938,0.33704351737874716,1.027583269353482,0.9799982097146995
3172,0.19404303655306765,1.7140661228172478,1.766190034116938,0.3370389442780706,1.027583269353482,0.9799982097146995
3173,0.19394333838849068,1.7140661228172478,1.766190034116938,0.3370324317716307,1.027583269353482,0.9799982097146995
3174,0.19384367647163378,1.7140661228172478,1.766190034116938,0.3370240917875044,1.027583269353482,0.9799982097146995
3175,0.1936642478479151,1.7140661228172478,1.766190034116938,0.33701405392605305,1.027583269353482,0.9799982097146995
3176,0.19337552203854994,1.7140661228172478,1.766190034116938,0.33700246404832035,1.027583269353482,0.9799982097146995
3177,0.19292950540246098,1.7140661228172478,1.766190034116938,0.3369894827143725,1.027583269353482,0.9799982097146995
3178,0.1926177166122836,1.7140661228172478,1.766190034116938,0.33697528348660655,1.027583269353482,0.9799982097146995
3179,0.1921055199757365,1.7140661228172478,1.766190034116938,0.33696005111353955,1.027583269353482,0.9799982097146995
3180,0.19173223702308181,1.7140661228172478,1.766190034116938,0.33694397961000144,1.027583269353482,0.9799982097146995
3181,0.19113097711634336,1.7140661228172478,1.766190034116938,0.3369272702500593,1.027583269353482,0.9799982097146995
3182,0.1907926940289542,1.7140661228172478,1.766190034116938,0.33691012948944954,1.027583269353482,0.9799982097146995
3183,0.19025722001234813,1.7140661228172478,1.766190034116938,0.3368927668347923,1.027583269353482,0.9799982097146995
3184,0.18987340241131634,1.7140661228172478,1.766190034116938,0.33687539267744315,1.027583269353482,0.9799982097146995
3185,0.18933134728597278,1.7140661228172478,1.766190034116938,0.3368582161104701,1.027583269353482,0.9799982097146995
3186,0.18906540233680583,1.7140661228172478,1.766190034116938,0.3368414427479371,1.027583269353482,0.9799982097146995
3187,0.18873497806999567,1.7140661228172478,1.766190034116938,0.33682527256634726,1.027583269353482,0.9799982097146995
3188,0.18848993098220843,1.7140661228172478,1.766190034116938,0.33680989778872017,1.027583269353482,0.9799982097146995
3189,0.18818788186548602,1.7140661228172478,1.766190034116938,0.33679550083226106,1.027583269353482,0.9799982097146995
3190,0.18799024228154065,1.7140661228172478,1.766190034116938,0.3367822523407466,1.027583269353482,0.9799982097146995
3191,0.1876474024627293,1.7140661228172478,1.766190034116938,0.33677030932255114,1.027583269353482,0.9799982097146995
3192,0.1874904839034236,1.7140661228172478,1.766190034116938,0.33675981341425687,1.027583269353482,0.9799982097146995
3193,0.18738395748857598,1.7140661228172478,1.766190034116938,0.3367508892875553,1.027583269353482,0.9799982097146995
3194,0.18712738578311033,1.7140661228172478,1.766190034116938,0.33674364321224914,1.027583269353482,0.9799982097146995
3195,0.18706880573132506,1.7140661228172478,1.766190034116938,0.3367381617765086,1.027583269353482,0.9799982097146995
3196,0.1868060333864898,1.7140661228172478,1.766190034116938,0.3367345107320316,1.027583269353482,0.9799982097146995
3197,0.18675145105690039,1.7140661228172478,1.766190034116938,0.33673273379839963,1.027583269353482,0.9799982097146995
3198,0.18655710413997303,1.7140661228172478,1.766190034116938,0.3367328502837761,1.027583269353482,0.9799982097146995
3199,0.18642102711824368,1.7140661228172478,1.766190034116938,0.33673494933264864,1.027583269353482,0.9799982097146995
3200,0.18634185951084348,1.7140661228172478,1.766190034116938,0.33673901516496324,1.027583269353482,0.9799982097146995
3201,0.18604393772170938,1.7140661228172478,1.766190034116938,0.33674500559477105,1.027583269353482,0.9799982097146995
3202,0.1859978245821994,1.7140661228172478,1.766190034116938,0.33675285405505634,1.027583269353482,0.9799982097146995
3203,0.18569094394965396,1.7140661228172478,1.766190034116938,0.33676247077357907,1.027583269353482,0.9799982097146995
3204,0.18561125905664025,1.7140661228172478,1.766190034116938,0.33677374399719856,1.027583269353482,0.9799982097146995
3205,0.18531061485273798,1.7140661228172478,1.766190034116938,0.33678654140526126,1.027583269353482,0.9799982097146995
3206,0.18530256443070323,1.7140661228172478,1.766190034116938,0.3368007117365228,1.027583269353482,0.9799982097146995
3207,0.18523436417653477,1.7140661228172478,1.766190034116938,0.3368160866221359,1.027583269353482,0.9799982097146995
3208,0.18524657360362498,1.7140661228172478,1.766190034116938,0.3368324826048334,1.027583269353482,0.9799982097146995
3209,0.1852342015559549,1.7140661228172478,1.766190034116938,0.3368497033184919,1.027583269353482,0.9799982097146995
3210,0.18528864332277328,1.7140661228172478,1.766190034116938,0.3368675417991165,1.027583269353482,0.9799982097146995
3211,0.1852902415025645,1.7140661228172478,1.766190034116938,0.3368857828967923,1.027583269353482,0.9799982097146995
3212,0.1852966058895737,1.7140661228172478,1.766190034116938,0.3369042057577476,1.027583269353482,0.9799982097146995
3213,0.18514935120390444,1.7140661228172478,1.766190034116938,0.3369225863461014,1.027583269353482,0.9799982097146995
3214,0.18513194362361116,1.7140661228172478,1.766190034116938,0.336940699975921,1.027583269353482,0.9799982097146995
3215,0.18501938098098705,1.7140661228172478,1.766190034116938,0.33695832382573887,1.027583269353482,0.9799982097146995
3216,0.18499738161784388,1.7140661228172478,1.766190034116938,0.33697523940948676,1.027583269353482,0.9799982097146995
3217,0.18497306616279185,1.7140661228172478,1.766190034116938,0.33699123497981776,1.027583269353482,0.9799982097146995
3218,0.18497720583849317,1.7140661228172478,1.766190034116938,0.337006107841788,1.027583269353482,0.9799982097146995
3219,0.18493094282982334,1.7140661228172478,1.766190034116938,0.3370196665568698,1.027583269353482,0.9799982097146995
3220,0.18493330606020342,1.7140661228172478,1.766190034116938,0.3370317330190664,1.027583269353482,0.9799982097146995
3221,0.1848084319114891,1.7140661228172478,1.766190034116938,0.3370421443865525,1.027583269353482,0.9799982097146995
3222,0.18478362386629707,1.7140661228172478,1.766190034116938,0.33705075485364794,1.027583269353482,0.9799982097146995
3223,0.18458919760978595,1.7140661228172478,1.766190034116938,0.3370574372491474,1.027583269353482,0.9799982097146995
3224,0.18454972484189525,1.7140661228172478,1.766190034116938,0.3370620844480067,1.027583269353482,0.9799982097146995
3225,0.18428563055739694,1.7140661228172478,1.766190034116938,0.33706461058428666,1.027583269353482,0.9799982097146995
3226,0.1842524594350079,1.7140661228172478,1.766190034116938,0.33706495205402226,1.027583269353482,0.9799982097146995
3227,0.18396043067760826,1.7140661228172478,1.766190034116938,0.33706306829755683,1.027583269353482,0.9799982097146995
3228,0.18392659752841678,1.7140661228172478,1.766190034116938,0.3370589423517716,1.027583269353482,0.9799982097146995
3229,0.18381533961431337,1.7140661228172478,1.766190034116938,0.3370525811638052,1.027583269353482,0.9799982097146995
3230,0.18387031911383905,1.7140661228172478,1.766190034116938,0.3370440156592429,1.027583269353482,0.9799982097146995
3231,0.1837626030463856,1.7140661228172478,1.766190034116938,0.3370333005595136,1.027583269353482,0.9799982097146995
3232,0.18368750824708666,1.7140661228172478,1.766190034116938,0.3370205139453514,1.027583269353482,0.9799982097146995
3233,0.18372910390299377,1.7140661228172478,1.766190034116938,0.33700575656570037,1.027583269353482,0.9799982097146995
3234,0.18381047735204775,1.7140661228172478,1.766190034116938,0.33698915089436615,1.027583269353482,0.9799982097146995
3235,0.18372648550091816,1.7140661228172478,1.766190034116938,0.33697083993995947,1.027583269353482,0.9799982097146995
3236,0.1838527477607354,1.7140661228172478,1.766190034116938,0.3369509858182229,1.027583269353482,0.9799982097146995
3237,0.18366612549022363,1.7140661228172478,1.766190034116938,0.33692976809953096,1.027583269353482,0.9799982097146995
3238,0.18354145906826166,1.7140661228172478,1.766190034116938,0.3369073819481342,1.027583269353482,0.9799982097146995
3239,0.18347098332225617,1.7140661228172478,1.766190034116938,0.3368840360734072,1.027583269353482,0.9799982097146995
3240,0.18338320973214822,1.7140661228172478,1.766190034116938,0.3368599505168291,1.027583269353482,0.9799982097146995
3241,0.1833589877219615,1.7140661228172478,1.766190034116938,0.336835354301566,1.027583269353482,0.9799982097146995
3242,0.18318378396125323,1.7140661228172478,1.766190034116938,0.336810482974143,1.027583269353482,0.9799982097146995
3243,0.18318292798046232,1.7140661228172478,1.766190034116938,0.3367855760697416,1.027583269353482,0.9799982097146995
3244,0.1829292044007537,1.7140661228172478,1.766190034116938,0.3367608745340238,1.027583269353482,0.9799982097146995
3245,0.18293336480236633,1.7140661228172478,1.766190034116938,0.3367366181350287,1.027583269353482,0.9799982097146995
3246,0.18272002767614642,1.7140661228172478,1.766190034116938,0.33671304289858683,1.027583269353482,0.9799982097146995
3247,0.18277731433238348,1.7140661228172478,1.766190034116938,0.3366903785999294,1.027583269353482,0.9799982097146995
3248,0.18234047307372342,1.7140661228172478,1.766190034116938,0.3366688463427751,1.027583269353482,0.9799982097146995
3249,0.18236044594642248,1.7140661228172478,1.766190034116938,0.33664865625532914,1.027583269353482,0.9799982097146995
3250,0.18228610507831067,1.7140661228172478,1.766190034116938,0.3366300053305435,1.027583269353482,0.9799982097146995
3251,0.18232064846710616,1.7140661228172478,1.766190034116938,0.33661307543603564,1.027583269353482,0.9799982097146995
3252,0.1823599548143133,1.7140661228172478,1.766190034116938,0.33659803151779316,1.027583269353482,0.9799982097146995
3253,0.18232480854725547,1.7140661228172478,1.766190034116938,0.33658502002246554,1.027583269353482,0.9799982097146995
3254,0.18244994437332523,1.7140661228172478,1.766190034116938,0.33657416756828873,1.027583269353482,0.9799982097146995
3255,0.18234177571755167,1.7140661228172478,1.766190034116938,0.33656557991182845,1.027583269353482,0.9799982097146995
3256,0.18251194233229326,1.7140661228172478,1.766190034116938,0.33655934131032783,1.027583269353482,0.9799982097146995
3257,0.18252970998512558,1.7140661228172478,1.766190034116938,0.33655551456580396,1.027583269353482,0.9799982097146995
3258,0.18251642030827944,1.7140661228172478,1.766190034116938,0.3365541429679531,1.027583269353482,0.9799982097146995
3259,0.18247836576211196,1.7140661228172478,1.766190034116938,0.3365552666619996,1.027583269353482,0.9799982097146995
3260,0.1824726905625906,1.7140661228172478,1.766190034116938,0.3365588268912937,1.027583269353482,0.9799982097146995
3261,0.18250279271620848,1.7140661228172478,1.766190034116938,0.33656476882984887,1.027583269353482,0.9799982097146995
3262,0.182433107735701,1.7140661228172478,1.766190034116938,0.3365730193534268,1.027583269353482,0.9799982097146995
3263,0.1823109206683905,1.7140661228172478,1.766190034116938,0.33658348488900985,1.027583269353482,0.9799982097146995
3264,0.182272905042022,1.7140661228172478,1.766190034116938,0.3365960514309502,1.027583269353482,0.9799982097146995
3265,0.1821034078732331,1.7140661228172478,1.766190034116938,0.33661058526124665,1.027583269353482,0.9799982097146995
3266,0.18207558974402488,1.7140661228172478,1.766190034116938,0.336626934043807,1.027583269353482,0.9799982097146995
3267,0.18208920977506793,1.7140661228172478,1.766190034116938,0.33664492818007796,1.027583269353482,0.9799982097146995
3268,0.18204071180301154,1.7140661228172478,1.766190034116938,0.3366643823751382,1.027583269353482,0.9799982097146995
3269,0.18212899743618094,1.7140661228172478,1.766190034116938,0.33668509738469976,1.027583269353482,0.9799982097146995
3270,0.1821128304625384,1.7140661228172478,1.766190034116938,0.33670686192148913,1.027583269353482,0.9799982097146995
3271,0.18211912302328345,1.7140661228172478,1.766190034116938,0.33672945470213467,1.027583269353482,0.9799982097146995
3272,0.1821265174220341,1.7140661228172478,1.766190034116938,0.3367526466158812,1.027583269353482,0.9799982097146995
3273,0.1820891525288665,1.7140661228172478,1.766190034116938,0.3367762029954417,1.027583269353482,0.9799982097146995
3274,0.18209637298847464,1.7140661228172478,1.766190034116938,0.33679988596859406,1.027583269353482,0.9799982097146995
3275,0.18179254672237857,1.7140661228172478,1.766190034116938,0.3368234568671802,1.027583269353482,0.9799982097146995
3276,0.18176900712068594,1.7140661228172478,1.766190034116938,0.3368466786681368,1.027583269353482,0.9799982097146995
3277,0.18130393468927772,1.7140661228172478,1.766190034116938,0.33686931843934914,1.027583269353482,0.9799982097146995
3278,0.18131319012149383,1.7140661228172478,1.766190034116938,0.3368911497615823,1.027583269353482,0.9799982097146995
3279,0.18077447904933744,1.7140661228172478,1.766190034116938,0.33691195509669997,1.027583269353482,0.9799982097146995
3280,0.18072548650816558,1.7140661228172478,1.766190034116938,0.33693152807192345,1.027583269353482,0.9799982097146995
3281,0.1805661919185084,1.7140661228172478,1.766190034116938,0.3369496756501064,1.027583269353482,0.9799982097146995
3282,0.18057308313905981,1.7140661228172478,1.766190034116938,0.336966220156966,1.027583269353482,0.9799982097146995
3283,0.1805036350996344,1.7140661228172478,1.766190034116938,0.33698100113791896,1.027583269353482,0.9799982097146995
3284,0.18034566425049675,1.7140661228172478,1.766190034116938,0.33699387701959527,1.027583269353482,0.9799982097146995
3285,0.18045377811026075,1.7140661228172478,1.766190034116938,0.3370047265542203,1.027583269353482,0.9799982097146995
3286,0.18026297771697372,1.7140661228172478,1.766190034116938,0.33701345002869226,1.027583269353482,0.9799982097146995
3287,0.18030939525882994,1.7140661228172478,1.766190034116938,0.33701997022427804,1.027583269353482,0.9799982097146995
3288,0.18016672398755731,1.7140661228172478,1.766190034116938,0.3370242331172342,1.027583269353482,0.9799982097146995
3289,0.1800480366948193,1.7140661228172478,1.766190034116938,0.3370262083151417,1.027583269353482,0.9799982097146995
3290,0.17983941219546262,1.7140661228172478,1.766190034116938,0.33702588922819404,1.027583269353482,0.9799982097146995
3291,0.17979194548331284,1.7140661228172478,1.766190034116938,0.33702329297892525,1.027583269353482,0.9799982097146995
3292,0.17968761345884404,1.7140661228172478,1.766190034116938,0.3370184600577595,1.027583269353482,0.9799982097146995
3293,0.17965376488947565,1.7140661228172478,1.766190034116938,0.3370114537352,1.027583269353482,0.9799982097146995
3294,0.17949716511970212,1.7140661228172478,1.766190034116938,0.33700235924435923,1.027583269353482,0.9799982097146995
3295,0.1795374177899615,1.7140661228172478,1.766190034116938,0.3369912827498156,1.027583269353482,0.9799982097146995
3296,0.17937369174727494,1.7140661228172478,1.766190034116938,0.33697835012044075,1.027583269353482,0.9799982097146995
3297,0.1794002838376584,1.7140661228172478,1.766190034116938,0.3369637055249011,1.027583269353482,0.9799982097146995
3298,0.17915849779001206,1.7140661228172478,1.766190034116938,0.3369475098690392,1.027583269353482,0.9799982097146995
3299,0.1791787699710358,1.7140661228172478,1.766190034116938,0.3369299390943552,1.027583269353482,0.9799982097146995
3300,0.17891697895673306,1.7140661228172478,1.766190034116938,0.33691118235646944,1.027583269353482,0.9799982097146995
3301,0.17893293692166198,1.7140661228172478,1.766190034116938,0.33689144010176864,1.027583269353482,0.9799982097146995
3302,0.1788844633675013,1.7140661228172478,1.766190034116938,0.33687092205968255,1.027583269353482,0.9799982097146995
3303,0.17886698904291776,1.7140661228172478,1.766190034116938,0.336849845167155,1.027583269353482,0.9799982097146995
3304,0.1788418786089464,1.7140661228172478,1.766190034116938,0.3368284314411011,1.027583269353482,0.9799982097146995
3305,0.17879795085025657,1.7140661228172478,1.766190034116938,0.3368069058139815,1.027583269353482,0.9799982097146995
3306,0.17872873262635613,1.7140661228172478,1.766190034116938,0.33678549394720686,1.027583269353482,0.9799982097146995
3307,0.17863418410374027,1.7140661228172478,1.766190034116938,0.33676442003689105,1.027583269353482,0.9799982097146995
3308,0.17859162011126925,1.7140661228172478,1.766190034116938,0.33674390462657655,1.027583269353482,0.9799982097146995
3309,0.1784752768027155,1.7140661228172478,1.766190034116938,0.33672416244191583,1.027583269353482,0.9799982097146995
3310,0.17840237598428396,1.7140661228172478,1.766190034116938,0.33670540026281703,1.027583269353482,0.9799982097146995
3311,0.1783159093932859,1.7140661228172478,1.766190034116938,0.3366878148492522,1.027583269353482,0.9799982097146995
3312,0.1784020114710507,1.7140661228172478,1.766190034116938,0.336671590937537,1.027583269353482,0.9799982097146995
3313,0.17835620489408496,1.7140661228172478,1.766190034116938,0.33665689932424236,1.027583269353482,0.9799982097146995
3314,0.17846303432601546,1.7140661228172478,1.766190034116938,0.3366438950546219,1.027583269353482,0.9799982097146995
3315,0.1784360370756688,1.7140661228172478,1.766190034116938,0.3366327157307423,1.027583269353482,0.9799982097146995
3316,0.17855479656294765,1.7140661228172478,1.766190034116938,0.3366234799497489,1.027583269353482,0.9799982097146995
3317,0.17852786396470777,1.7140661228172478,1.766190034116938,0.3366162858702066,1.027583269353482,0.9799982097146995
3318,0.17868007648653703,1.7140661228172478,1.766190034116938,0.33661120986864895,1.027583269353482,0.9799982097146995
3319,0.17870604530742426,1.7140661228172478,1.766190034116938,0.3366083051198768,1.027583269353482,0.9799982097146995
3320,0.17869085502474308,1.7140661228172478,1.766190034116938,0.3366075992225337,1.027583269353482,0.9799982097146995
3321,0.1786199712454756,1.7140661228172478,1.766190034116938,0.33660907607263957,1.027583269353482,0.9799982097146995
3322,0.17869739251773642,1.7140661228172478,1.766190034116938,0.33661273734814834,1.027583269353482,0.9799982097146995
3323,0.1786424372703372,1.7140661228172478,1.766190034116938,0.33661855416269443,1.027583269353482,0.9799982097146995
3324,0.17864849394844742,1.7140661228172478,1.766190034116938,0.3366264729702244,1.027583269353482,0.9799982097146995
3325,0.17848083375312984,1.7140661228172478,1.766190034116938,0.336636417081295,1.027583269353482,0.9799982097146995
3326,0.17857762360786072,1.7140661228172478,1.766190034116938,0.3366482877756788,1.027583269353482,0.9799982097146995
3327,0.1784281838622239,1.7140661228172478,1.766190034116938,0.3366619654756358,1.027583269353482,0.9799982097146995
3328,0.17851696654727892,1.7140661228172478,1.766190034116938,0.33667731108520577,1.027583269353482,0.9799982097146995
3329,0.1784456882830774,1.7140661228172478,1.766190034116938,0.33669416751995573,1.027583269353482,0.9799982097146995
3330,0.17842864801001437,1.7140661228172478,1.766190034116938,0.3367123614244421,1.027583269353482,0.9799982097146995
3331,0.17826800401634893,1.7140661228172478,1.766190034116938,0.3367317050625944,1.027583269353482,0.9799982097146995
3332,0.17833981199114893,1.7140661228172478,1.766190034116938,0.3367519983598128,1.027583269353482,0.9799982097146995
3333,0.17818098197607113,1.7140661228172478,1.766190034116938,0.3367730310717624,1.027583269353482,0.9799982097146995
3334,0.17822945399945947,1.7140661228172478,1.766190034116938,0.3367945850526779,1.027583269353482,0.9799982097146995
3335,0.17806453532989205,1.7140661228172478,1.766190034116938,0.33681643659492866,1.027583269353482,0.9799982097146995
3336,0.17806638642233516,1.7140661228172478,1.766190034116938,0.33683835881141116,1.027583269353482,0.9799982097146995
3337,0.1779293342008669,1.7140661228172478,1.766190034116938,0.33686012403292215,1.027583269353482,0.9799982097146995
3338,0.17795575814438921,1.7140661228172478,1.766190034116938,0.336881506193769,1.027583269353482,0.9799982097146995
3339,0.17806972172960492,1.7140661228172478,1.766190034116938,0.3369022831804592,1.027583269353482,0.9799982097146995
3340,0.1780660408726221,1.7140661228172478,1.766190034116938,0.33692223912017355,1.027583269353482,0.9799982097146995
3341,0.1783608765436996,1.7140661228172478,1.766190034116938,0.3369411665877419,1.027583269353482,0.9799982097146995
3342,0.1783521024792232,1.7140661228172478,1.766190034116938,0.33695886871191066,1.027583269353482,0.9799982097146995
3343,0.17855508215049817,1.7140661228172478,1.766190034116938,0.3369751611636735,1.027583269353482,0.9799982097146995
3344,0.17859393330605206,1.7140661228172478,1.766190034116938,0.33698987401125746,1.027583269353482,0.9799982097146995
3345,0.17866925137334944,1.7140661228172478,1.766190034116938,0.33700285342796005,1.027583269353482,0.9799982097146995
3346,0.1786900756424812,1.7140661228172478,1.766190034116938,0.337013963240369,1.027583269353482,0.9799982097146995
3347,0.17842773355239025,1.7140661228172478,1.766190034116938,0.3370230863055828,1.027583269353482,0.9799982097146995
3348,0.17844094796128845,1.7140661228172478,1.766190034116938,0.3370301257068726,1.027583269353482,0.9799982097146995
3349,0.1779728040032728,1.7140661228172478,1.766190034116938,0.3370350057578924,1.027583269353482,0.9799982097146995
3350,0.17796945903123274,1.7140661228172478,1.766190034116938,0.3370376728060721,1.027583269353482,0.9799982097146995
3351,0.17773681516984963,1.7140661228172478,1.766190034116938,0.3370380958263187,1.027583269353482,0.9799982097146995
3352,0.17773530129586831,1.7140661228172478,1.766190034116938,0.3370362667967572,1.027583269353482,0.9799982097146995
3353,0.17763507309916296,1.7140661228172478,1.766190034116938,0.33703220084897073,1.027583269353482,0.9799982097146995
3354,0.17763691421016847,1.7140661228172478,1.766190034116938,0.33702593618624627,1.027583269353482,0.9799982097146995
3355,0.1777878083061204,1.7140661228172478,1.766190034116938,0.33701753376470606,1.027583269353482,0.9799982097146995
3356,0.1777844404911859,1.7140661228172478,1.766190034116938,0.33700707673403607,1.027583269353482,0.9799982097146995
3357,0.17799195483326635,1.7140661228172478,1.766190034116938,0.3369946696367912,1.027583269353482,0.9799982097146995
3358,0.1779609736610735,1.7140661228172478,1.766190034116938,0.33698043736802474,1.027583269353482,0.9799982097146995
3359,0.17813024106852407,1.7140661228172478,1.766190034116938,0.33696452390019405,1.027583269353482,0.9799982097146995
3360,0.17808386098225815,1.7140661228172478,1.766190034116938,0.33694709078189566,1.027583269353482,0.9799982097146995
3361,0.17847847589745194,1.7140661228172478,1.766190034116938,0.33692831542284946,1.027583269353482,0.9799982097146995
3362,0.17845966857135068,1.7140661228172478,1.766190034116938,0.3369083891816362,1.027583269353482,0.9799982097146995
3363,0.17875806504713,1.7140661228172478,1.766190034116938,0.33688751527670724,1.027583269353482,0.9799982097146995
3364,0.17873112355485074,1.7140661228172478,1.766190034116938,0.3368659065451013,1.027583269353482,0.9799982097146995
3365,0.1789608815283755,1.7140661228172478,1.766190034116938,0.3368437830768601,1.027583269353482,0.9799982097146995
3366,0.17892722268332306,1.7140661228172478,1.766190034116938,0.3368213697561543,1.027583269353482,0.9799982097146995
3367,0.17916213085813784,1.7140661228172478,1.766190034116938,0.33679889374252764,1.027583269353482,0.9799982097146995
3368,0.17916878223128674,1.7140661228172478,1.766190034116938,0.33677658192721766,1.027583269353482,0.9799982097146995
3369,0.17928950998658966,1.7140661228172478,1.766190034116938,0.33675465840020297,1.027583269353482,0.9799982097146995
3370,0.17937998786443823,1.7140661228172478,1.766190034116938,0.3367333419633388,1.027583269353482,0.9799982097146995
3371,0.17929834870280165,1.7140661228172478,1.766190034116938,0.3367128437237053,1.027583269353482,0.9799982097146995
3372,0.17935551047690493,1.7140661228172478,1.766190034116938,0.33669336479911927,1.027583269353482,0.9799982097146995
3373,0.17922884706148193,1.7140661228172478,1.766190034116938,0.3366750941647044,1.027583269353482,0.9799982097146995
3374,0.1791508959100985,1.7140661228172478,1.766190034116938,0.33665820666555746,1.027583269353482,0.9799982097146995
3375,0.17919115360597138,1.7140661228172478,1.766190034116938,0.3366428612159566,1.027583269353482,0.9799982097146995
3376,0.17903308202033405,1.7140661228172478,1.766190034116938,0.33662919920016016,1.027583269353482,0.9799982097146995
3377,0.17918782786150095,1.7140661228172478,1.766190034116938,0.3366173430833878,1.027583269353482,0.9799982097146995
3378,0.17893363896484174,1.7140661228172478,1.766190034116938,0.3366073952330681,1.027583269353482,0.9799982097146995
3379,0.17921797327603697,1.7140661228172478,1.766190034116938,0.3365994369370008,1.027583269353482,0.9799982097146995
3380,0.17884343477191267,1.7140661228172478,1.766190034116938,0.3365935275771687,1.027583269353482,0.9799982097146995
3381,0.17926047975671894,1.7140661228172478,1.766190034116938,0.33658970383859277,1.027583269353482,0.9799982097146995
3382,0.17889107372643728,1.7140661228172478,1.766190034116938,0.336587978500673,1.027583269353482,0.9799982097146995
3383,0.1792620621921212,1.7140661228172478,1.766190034116938,0.3365883356234641,1.027583269353482,0.9799982097146995
3384,0.17889082591795816,1.7140661228172478,1.766190034116938,0.33659081483718056,1.027583269353482,0.9799982097146995
3385,0.17915368553833727,1.7140661228172478,1.766190034116938,0.33659537777393195,1.027583269353482,0.9799982097146995
3386,0.17885820209389436,1.7140661228172478,1.766190034116938,0.33660195949529054,1.027583269353482,0.9799982097146995
3387,0.17893591153971755,1.7140661228172478,1.766190034116938,0.33661047198338767,1.027583269353482,0.9799982097146995
3388,0.17878241187355765,1.7140661228172478,1.766190034116938,0.3366208058419011,1.027583269353482,0.9799982097146995
3389,0.17868452003046326,1.7140661228172478,1.766190034116938,0.3366328317328655,1.027583269353482,0.9799982097146995
3390,0.17851393986864073,1.7140661228172478,1.766190034116938,0.33664640182867267,1.027583269353482,0.9799982097146995
3391,0.17841055948246687,1.7140661228172478,1.766190034116938,0.3366613513561983,1.027583269353482,0.9799982097146995
3392,0.17818214462193394,1.7140661228172478,1.766190034116938,0.3366775002568386,1.027583269353482,0.9799982097146995
3393,0.1781627982870099,1.7140661228172478,1.766190034116938,0.33669465496814155,1.027583269353482,0.9799982097146995
3394,0.17808392833768008,1.7140661228172478,1.766190034116938,0.3367126103251868,1.027583269353482,0.9799982097146995
3395,0.17805902579808694,1.7140661228172478,1.766190034116938,0.33673115157603195,1.027583269353482,0.9799982097146995
3396,0.17774324608691142,1.7140661228172478,1.766190034116938,0.336750056502971,1.027583269353482,0.9799982097146995
3397,0.17774543735584977,1.7140661228172478,1.766190034116938,0.3367690976390788,1.027583269353482,0.9799982097146995
3398,0.17769426569142283,1.7140661228172478,1.766190034116938,0.33678804456723477,1.027583269353482,0.9799982097146995
3399,0.17769613170523332,1.7140661228172478,1.766190034116938,0.33680666628631406,1.027583269353482,0.9799982097146995
3400,0.17775784460649946,1.7140661228172478,1.766190034116938,0.33682473362653614,1.027583269353482,0.9799982097146995
3401,0.17774173088616058,1.7140661228172478,1.766190034116938,0.3368420216931274,1.027583269353482,0.9799982097146995
3402,0.17801587163030042,1.7140661228172478,1.766190034116938,0.3368583123145874,1.027583269353482,0.9799982097146995
3403,0.17796126496461093,1.7140661228172478,1.766190034116938,0.33687339646910314,1.027583269353482,0.9799982097146995
3404,0.17847937755029042,1.7140661228172478,1.766190034116938,0.3368870766601712,1.027583269353482,0.9799982097146995
3405,0.1784139472106956,1.7140661228172478,1.766190034116938,0.3368991692104894,1.027583269353482,0.9799982097146995
3406,0.17865737705250134,1.7140661228172478,1.766190034116938,0.33690950644174655,1.027583269353482,0.9799982097146995
3407,0.17852565587402397,1.7140661228172478,1.766190034116938,0.336917938707307,1.027583269353482,0.9799982097146995
3408,0.17883266965427516,1.7140661228172478,1.766190034116938,0.3369243362450122,1.027583269353482,0.9799982097146995
3409,0.17878210187548596,1.7140661228172478,1.766190034116938,0.33692859081852194,1.027583269353482,0.9799982097146995
3410,0.17908844452520292,1.7140661228172478,1.766190034116938,0.3369306171178071,1.027583269353482,0.9799982097146995
3411,0.17910609592457072,1.7140661228172478,1.766190034116938,0.3369303538925945,1.027583269353482,0.9799982097146995
3412,0.1793881795278171,1.7140661228172478,1.766190034116938,0.33692776479665204,1.027583269353482,0.9799982097146995
3413,0.17942664107026174,1.7140661228172478,1.766190034116938,0.33692283892573216,1.027583269353482,0.9799982097146995
3414,0.17965988941533675,1.7140661228172478,1.766190034116938,0.3369155910375089,1.027583269353482,0.9799982097146995
3415,0.17964047025771931,1.7140661228172478,1.766190034116938,0.33690606144785334,1.027583269353482,0.9799982097146995
3416,0.17976507347320317,1.7140661228172478,1.766190034116938,0.3368943156040054,1.027583269353482,0.9799982097146995
3417,0.1796058200872237,1.7140661228172478,1.766190034116938,0.33688044334138784,1.027583269353482,0.9799982097146995
3418,0.179787958550531,1.7140661228172478,1.766190034116938,0.3368645578367632,1.027583269353482,0.9799982097146995
3419,0.17976022374109446,1.7140661228172478,1.766190034116938,0.3368467942759264,1.027583269353482,0.9799982097146995
3420,0.17991550760964767,1.7140661228172478,1.766190034116938,0.33682730825894686,1.027583269353482,0.9799982097146995
3421,0.18002801616581243,1.7140661228172478,1.766190034116938,0.3368062739700223,1.027583269353482,0.9799982097146995
3422,0.18024052425470008,1.7140661228172478,1.766190034116938,0.3367838821421256,1.027583269353482,0.9799982097146995
3423,0.18037695346758983,1.7140661228172478,1.766190034116938,0.3367603378488098,1.027583269353482,0.9799982097146995
3424,0.180595991953534,1.7140661228172478,1.766190034116938,0.3367358581567422,1.027583269353482,0.9799982097146995
3425,0.18055845885832214,1.7140661228172478,1.766190034116938,0.3367106696728716,1.027583269353482,0.9799982097146995
3426,0.18079074434096634,1.7140661228172478,1.766190034116938,0.336685006019588,1.027583269353482,0.9799982097146995
3427,0.18051539834284563,1.7140661228172478,1.766190034116938,0.33665910527005516,1.027583269353482,0.9799982097146995
3428,0.18076546815859457,1.7140661228172478,1.766190034116938,0.3366332073740869,1.027583269353482,0.9799982097146995
3429,0.18049308068076894,1.7140661228172478,1.766190034116938,0.3366075516028029,1.027583269353482,0.9799982097146995
3430,0.18068193080600442,1.7140661228172478,1.766190034116938,0.3365823740378475,1.027583269353482,0.9799982097146995
3431,0.18053174472752692,1.7140661228172478,1.766190034116938,0.3365579051284673,1.027583269353482,0.9799982097146995
3432,0.18066305428234,1.7140661228172478,1.766190034116938,0.3365343673372615,1.027583269353482,0.9799982097146995
3433,0.18062380941321035,1.7140661228172478,1.766190034116938,0.33651197289308493,1.027583269353482,0.9799982097146995
3434,0.18074796403094542,1.7140661228172478,1.766190034116938,0.3364909216674978,1.027583269353482,0.9799982097146995
3435,0.18080722258431495,1.7140661228172478,1.766190034116938,0.3364713991893019,1.027583269353482,0.9799982097146995
3436,0.18088847449791914,1.7140661228172478,1.766190034116938,0.33645357481016164,1.027583269353482,0.9799982097146995
3437,0.18096081451536103,1.7140661228172478,1.766190034116938,0.33643760003295287,1.027583269353482,0.9799982097146995
3438,0.180968909485349,1.7140661228172478,1.766190034116938,0.33642360701329105,1.027583269353482,0.9799982097146995
3439,0.18105094007884462,1.7140661228172478,1.766190034116938,0.3364117072433164,1.027583269353482,0.9799982097146995
3440,0.18103796745727482,1.7140661228172478,1.766190034116938,0.33640199042485075,1.027583269353482,0.9799982097146995
3441,0.18116997246126884,1.7140661228172478,1.766190034116938,0.33639452353492105,1.027583269353482,0.9799982097146995
3442,0.18116346616564247,1.7140661228172478,1.766190034116938,0.33638935007566667,1.027583269353482,0.9799982097146995
3443,0.1811642778516886,1.7140661228172478,1.766190034116938,0.33638648946086297,1.027583269353482,0.9799982097146995
3444,0.1811988894362271,1.7140661228172478,1.766190034116938,0.33638593625901014,1.027583269353482,0.9799982097146995
3445,0.18109407750168874,1.7140661228172478,1.766190034116938,0.33638765297680767,1.027583269353482,0.9799982097146995
3446,0.18113361159897817,1.7140661228172478,1.766190034116938,0.33639159228126064,1.027583269353482,0.9799982097146995
3447,0.18081795245944315,1.7140661228172478,1.766190034116938,0.33639768178802226,1.027583269353482,0.9799982097146995
3448,0.18083540724850736,1.7140661228172478,1.766190034116938,0.3364058261137966,1.027583269353482,0.9799982097146995
3449,0.18046907219690822,1.7140661228172478,1.766190034116938,0.3364159080783406,1.027583269353482,0.9799982097146995
3450,0.18045176842780372,1.7140661228172478,1.766190034116938,0.33642778996933953,1.027583269353482,0.9799982097146995
3451,0.18003214040800825,1.7140661228172478,1.766190034116938,0.33644131498274976,1.027583269353482,0.9799982097146995
3452,0.18000335935457357,1.7140661228172478,1.766190034116938,0.3364563088584874,1.027583269353482,0.9799982097146995
3453,0.17960721333551918,1.7140661228172478,1.766190034116938,0.33647258170773253,1.027583269353482,0.9799982097146995
3454,0.17960710313895142,1.7140661228172478,1.766190034116938,0.33648993001833566,1.027583269353482,0.9799982097146995
3455,0.17930274319414302,1.7140661228172478,1.766190034116938,0.33650813881915076,1.027583269353482,0.9799982097146995
3456,0.17929508694185137,1.7140661228172478,1.766190034116938,0.3365269839800293,1.027583269353482,0.9799982097146995
3457,0.17886258152158405,1.7140661228172478,1.766190034116938,0.336546234621103,1.027583269353482,0.9799982097146995
3458,0.17885869198455215,1.7140661228172478,1.766190034116938,0.3365656556025912,1.027583269353482,0.9799982097146995
3459,0.1786013504500534,1.7140661228172478,1.766190034116938,0.3365850100646656,1.027583269353482,0.9799982097146995
3460,0.1785887386979406,1.7140661228172478,1.766190034116938,0.3366040619858936,1.027583269353482,0.9799982097146995
3461,0.17857427987570398,1.7140661228172478,1.766190034116938,0.33662257872845874,1.027583269353482,0.9799982097146995
3462,0.17858185942324326,1.7140661228172478,1.766190034116938,0.33664033353869516,1.027583269353482,0.9799982097146995
3463,0.1787361399956881,1.7140661228172478,1.766190034116938,0.33665710797244364,1.027583269353482,0.9799982097146995
3464,0.17879131113264807,1.7140661228172478,1.766190034116938,0.3366726942163258,1.027583269353482,0.9799982097146995
3465,0.17869661475040435,1.7140661228172478,1.766190034116938,0.33668689727804846,1.027583269353482,0.9799982097146995
3466,0.17882286375388887,1.7140661228172478,1.766190034116938,0.336699537021387,1.027583269353482,0.9799982097146995
3467,0.17844969028570246,1.7140661228172478,1.766190034116938,0.3367104500242448,1.027583269353482,0.9799982097146995
3468,0.17860110805220364,1.7140661228172478,1.766190034116938,0.3367194912412425,1.027583269353482,0.9799982097146995
3469,0.17842793087968373,1.7140661228172478,1.766190034116938,0.33672653545539183,1.027583269353482,0.9799982097146995
3470,0.17846603329979369,1.7140661228172478,1.766190034116938,0.3367314785065891,1.027583269353482,0.9799982097146995
3471,0.17832517323176714,1.7140661228172478,1.766190034116938,0.3367342382877468,1.027583269353482,0.9799982097146995
3472,0.1783822470721147,1.7140661228172478,1.766190034116938,0.336734755502367,1.027583269353482,0.9799982097146995
3473,0.17834159708654235,1.7140661228172478,1.766190034116938,0.3367329941801599,1.027583269353482,0.9799982097146995
3474,0.17849123066013162,1.7140661228172478,1.766190034116938,0.3367289419499007,1.027583269353482,0.9799982097146995
3475,0.1786350536661908,1.7140661228172478,1.766190034116938,0.3367226100711,1.027583269353482,0.9799982097146995
3476,0.17874152890055398,1.7140661228172478,1.766190034116938,0.3367140332281947,1.027583269353482,0.9799982097146995
3477,0.17875628278914474,1.7140661228172478,1.766190034116938,0.33670326909291326,1.027583269353482,0.9799982097146995
3478,0.1788706360755701,1.7140661228172478,1.766190034116938,0.3366903976622,1.027583269353482,0.9799982097146995
3479,0.17917162846156667,1.7140661228172478,1.766190034116938,0.3366755203806688,1.027583269353482,0.9799982097146995
3480,0.17937607921065452,1.7140661228172478,1.766190034116938,0.33665875905799764,1.027583269353482,0.9799982097146995
3481,0.17990461155873314,1.7140661228172478,1.766190034116938,0.3366402545930239,1.027583269353482,0.9799982097146995
3482,0.18004962028837163,1.7140661228172478,1.766190034116938,0.33662016551756657,1.027583269353482,0.9799982097146995
3483,0.1803508832046439,1.7140661228172478,1.766190034116938,0.33659866637422703,1.027583269353482,0.9799982097146995
3484,0.1805523840397263,1.7140661228172478,1.766190034116938,0.3365759459435987,1.027583269353482,0.9799982097146995
3485,0.18062384608192442,1.7140661228172478,1.766190034116938,0.3365522053374692,1.027583269353482,0.9799982097146995
3486,0.18080389939660738,1.7140661228172478,1.766190034116938,0.3365276559757183,1.027583269353482,0.9799982097146995
3487,0.1807098880640318,1.7140661228172478,1.766190034116938,0.3365025174656755,1.027583269353482,0.9799982097146995
3488,0.18080796145324704,1.7140661228172478,1.766190034116938,0.3364770154037261,1.027583269353482,0.9799982097146995
3489,0.1807676427506259,1.7140661228172478,1.766190034116938,0.33645137911983475,1.027583269353482,0.9799982097146995
3490,0.18088617664399895,1.7140661228172478,1.766190034116938,0.3364258393864781,1.027583269353482,0.9799982097146995
3491,0.18098819686747947,1.7140661228172478,1.766190034116938,0.33640062611407956,1.027583269353482,0.9799982097146995
3492,0.18111453851389747,1.7140661228172478,1.766190034116938,0.33637596605550973,1.027583269353482,0.9799982097146995
3493,0.1811559580914541,1.7140661228172478,1.766190034116938,0.3363520805424362,1.027583269353482,0.9799982097146995
3494,0.1813627751629552,1.7140661228172478,1.766190034116938,0.33632918327630684,1.027583269353482,0.9799982097146995
3495,0.1815320702484078,1.7140661228172478,1.766190034116938,0.3363074781965217,1.027583269353482,0.9799982097146995
3496,0.1815848646053059,1.7140661228172478,1.766190034116938,0.33628715744785226,1.027583269353482,0.9799982097146995
3497,0.1816879858283657,1.7140661228172478,1.766190034116938,0.33626839946850007,1.027583269353482,0.9799982097146995
3498,0.18170768459388364,1.7140661228172478,1.766190034116938,0.33625136721937027,1.027583269353482,0.9799982097146995
3499,0.1818319706124617,1.7140661228172478,1.766190034116938,0.33623620657432035,1.027583269353482,0.9799982097146995
3500,0.1819699879997574,1.7140661228172478,1.766190034116938,0.33622304489068666,1.027583269353482,0.9799982097146995
3501,0.1821757656812014,1.7140661228172478,1.766190034116938,0.3362119897799559,1.027583269353482,0.9799982097146995
3502,0.1822700067098637,1.7140661228172478,1.766190034116938,0.3362031281019756,1.027583269353482,0.9799982097146995
3503,0.18219655558575354,1.7140661228172478,1.766190034116938,0.33619652521839233,1.027583269353482,0.9799982097146995
3504,0.18234272329681697,1.7140661228172478,1.766190034116938,0.33619222458445236,1.027583269353482,0.9799982097146995
3505,0.18219614747649027,1.7140661228172478,1.766190034116938,0.3361902479529504,1.027583269353482,0.9799982097146995
3506,0.18225631770764228,1.7140661228172478,1.766190034116938,0.33619059807551455,1.027583269353482,0.9799982097146995
3507,0.18220986463856956,1.7140661228172478,1.766190034116938,0.33619320361627336,1.027583269353482,0.9799982097146995
3508,0.18223984826411319,1.7140661228172478,1.766190034116938,0.33619800955259344,1.027583269353482,0.9799982097146995
3509,0.18237861209604248,1.7140661228172478,1.766190034116938,0.3362049422858431,1.027583269353482,0.9799982097146995
3510,0.182415144196629,1.7140661228172478,1.766190034116938,0.3362139087190825,1.027583269353482,0.9799982097146995
3511,0.18256219344811775,1.7140661228172478,1.766190034116938,0.3362247967465293,1.027583269353482,0.9799982097146995
3512,0.18263173068764219,1.7140661228172478,1.766190034116938,0.3362374761985825,1.027583269353482,0.9799982097146995
3513,0.18273587669900065,1.7140661228172478,1.766190034116938,0.3362518000559472,1.027583269353482,0.9799982097146995
3514,0.18272714858017294,1.7140661228172478,1.766190034116938,0.33626760586843324,1.027583269353482,0.9799982097146995
3515,0.1827980769353274,1.7140661228172478,1.766190034116938,0.3362847173449164,1.027583269353482,0.9799982097146995
3516,0.18270027136062525,1.7140661228172478,1.766190034116938,0.33630294609062544,1.027583269353482,0.9799982097146995
3517,0.18279171435624744,1.7140661228172478,1.766190034116938,0.33632209347103886,1.027583269353482,0.9799982097146995
3518,0.182789141563069,1.7140661228172478,1.766190034116938,0.33634195258240696,1.027583269353482,0.9799982097146995
3519,0.1829651617806577,1.7140661228172478,1.766190034116938,0.3363623103087398,1.027583269353482,0.9799982097146995
3520,0.18308228886063754,1.7140661228172478,1.766190034116938,0.3363829494444721,1.027583269353482,0.9799982097146995
3521,0.18314632224694408,1.7140661228172478,1.766190034116938,0.33640365086131757,1.027583269353482,0.9799982097146995
3522,0.1833830756955548,1.7140661228172478,1.766190034116938,0.33642419569713106,1.027583269353482,0.9799982097146995
3523,0.18346585716011746,1.7140661228172478,1.766190034116938,0.33644436754401535,1.027583269353482,0.9799982097146995
3524,0.18354488701133823,1.7140661228172478,1.766190034116938,0.3364639546125235,1.027583269353482,0.9799982097146995
3525,0.18355597805717283,1.7140661228172478,1.766190034116938,0.33648275184866633,1.027583269353482,0.9799982097146995
3526,0.18353398350540376,1.7140661228172478,1.766190034116938,0.33650056298057585,1.027583269353482,0.9799982097146995
3527,0.1835535772033492,1.7140661228172478,1.766190034116938,0.33651720247214956,1.027583269353482,0.9799982097146995
3528,0.18357614941641887,1.7140661228172478,1.766190034116938,0.33653249736183444,1.027583269353482,0.9799982097146995
3529,0.1836367467184823,1.7140661228172478,1.766190034116938,0.33654628896589794,1.027583269353482,0.9799982097146995
3530,0.18368715082731626,1.7140661228172478,1.766190034116938,0.3365584344270948,1.027583269353482,0.9799982097146995
3531,0.18357067859356507,1.7140661228172478,1.766190034116938,0.3365688080915573,1.027583269353482,0.9799982097146995
3532,0.18366944613445127,1.7140661228172478,1.766190034116938,0.33657730269897435,1.027583269353482,0.9799982097146995
3533,0.18336288253892363,1.7140661228172478,1.766190034116938,0.3365838303736296,1.027583269353482,0.9799982097146995
3534,0.1834383074516646,1.7140661228172478,1.766190034116938,0.33658832340662553,1.027583269353482,0.9799982097146995
3535,0.18311484652167642,1.7140661228172478,1.766190034116938,0.33659073482250046,1.027583269353482,0.9799982097146995
3536,0.18315669248630684,1.7140661228172478,1.766190034116938,0.33659103872642976,1.027583269353482,0.9799982097146995
3537,0.18296972179706644,1.7140661228172478,1.766190034116938,0.33658923043118927,1.027583269353482,0.9799982097146995
3538,0.18304047291743225,1.7140661228172478,1.766190034116938,0.3365853263659606,1.027583269353482,0.9799982097146995
3539,0.18300239409035926,1.7140661228172478,1.766190034116938,0.33657936377183095,1.027583269353482,0.9799982097146995
3540,0.18314044865725101,1.7140661228172478,1.766190034116938,0.33657140019138393,1.027583269353482,0.9799982097146995
3541,0.18306543573603223,1.7140661228172478,1.766190034116938,0.3365615127620684,1.027583269353482,0.9799982097146995
3542,0.1832593117473845,1.7140661228172478,1.766190034116938,0.33654979732499674,1.027583269353482,0.9799982097146995
3543,0.18315369250372515,1.7140661228172478,1.766190034116938,0.33653636736246123,1.027583269353482,0.9799982097146995
3544,0.1832369079210723,1.7140661228172478,1.766190034116938,0.3365213527787388,1.027583269353482,0.9799982097146995
3545,0.18312438228714192,1.7140661228172478,1.766190034116938,0.33650489853967896,1.027583269353482,0.9799982097146995
3546,0.1831216899567372,1.7140661228172478,1.766190034116938,0.3364871631871859,1.027583269353482,0.9799982097146995
3547,0.18303158891304985,1.7140661228172478,1.766190034116938,0.33646831724498744,1.027583269353482,0.9799982097146995
3548,0.1831565467901083,1.7140661228172478,1.766190034116938,0.3364485415321528,1.027583269353482,0.9799982097146995
3549,0.18318529372703637,1.7140661228172478,1.766190034116938,0.3364280254006309,1.027583269353482,0.9799982097146995
3550,0.18327900236817832,1.7140661228172478,1.766190034116938,0.33640696491278027,1.027583269353482,0.9799982097146995
3551,0.183231587587718,1.7140661228172478,1.766190034116938,0.33638556097443356,1.027583269353482,0.9799982097146995
3552,0.18325782282867606,1.7140661228172478,1.766190034116938,0.336364017438579,1.027583269353482,0.9799982097146995
3553,0.18307090780999324,1.7140661228172478,1.766190034116938,0.3363425391942761,1.027583269353482,0.9799982097146995
3554,0.18319475357870366,1.7140661228172478,1.766190034116938,0.33632133025501487,1.027583269353482,0.9799982097146995
3555,0.18317108487043818,1.7140661228172478,1.766190034116938,0.33630059186038663,1.027583269353482,0.9799982097146995
3556,0.18302003977319306,1.7140661228172478,1.766190034116938,0.33628052060469427,1.027583269353482,0.9799982097146995
3557,0.18298858297559906,1.7140661228172478,1.766190034116938,0.3362613066060103,1.027583269353482,0.9799982097146995
3558,0.18290484531701984,1.7140661228172478,1.766190034116938,0.33624313172917164,1.027583269353482,0.9799982097146995
3559,0.18293567939190059,1.7140661228172478,1.766190034116938,0.3362261678762803,1.027583269353482,0.9799982097146995
3560,0.18293622824918127,1.7140661228172478,1.766190034116938,0.3362105753584617,1.027583269353482,0.9799982097146995
3561,0.1829376622285593,1.7140661228172478,1.766190034116938,0.3361965013628682,1.027583269353482,0.9799982097146995
3562,0.18292251668673662,1.7140661228172478,1.766190034116938,0.3361840785292734,1.027583269353482,0.9799982097146995
3563,0.18271743404188398,1.7140661228172478,1.766190034116938,0.33617342365112296,1.027583269353482,0.9799982097146995
3564,0.18298560022376256,1.7140661228172478,1.766190034116938,0.33616463651691847,1.027583269353482,0.9799982097146995
3565,0.1828738387328293,1.7140661228172478,1.766190034116938,0.3361577989102822,1.027583269353482,0.9799982097146995
3566,0.18299862610611833,1.7140661228172478,1.766190034116938,0.3361529737944202,1.027583269353482,0.9799982097146995
3567,0.18288574159169255,1.7140661228172478,1.766190034116938,0.33615020473459,1.027583269353482,0.9799982097146995
3568,0.18300148425356885,1.7140661228172478,1.766190034116938,0.3361495157709877,1.027583269353482,0.9799982097146995
3569,0.18291737011932233,1.7140661228172478,1.766190034116938,0.3361509150535649,1.027583269353482,0.9799982097146995
3570,0.1829738965036951,1.7140661228172478,1.766190034116938,0.33615438076211895,1.027583269353482,0.9799982097146995
3571,0.18292896586473173,1.7140661228172478,1.766190034116938,0.33615987232124234,1.027583269353482,0.9799982097146995
3572,0.18280028257632733,1.7140661228172478,1.766190034116938,0.33616732937335075,1.027583269353482,0.9799982097146995
3573,0.18271417287561093,1.7140661228172478,1.766190034116938,0.3361766720704856,1.027583269353482,0.9799982097146995
3574,0.1827116401867956,1.7140661228172478,1.766190034116938,0.3361878017295572,1.027583269353482,0.9799982097146995
3575,0.18266613038332424,1.7140661228172478,1.766190034116938,0.33620060173385397,1.027583269353482,0.9799982097146995
3576,0.1827857813193325,1.7140661228172478,1.766190034116938,0.3362149386445712,1.027583269353482,0.9799982097146995
3577,0.1827958568370605,1.7140661228172478,1.766190034116938,0.3362306635014313,1.027583269353482,0.9799982097146995
3578,0.18271172952728312,1.7140661228172478,1.766190034116938,0.33624761329429725,1.027583269353482,0.9799982097146995
3579,0.18262481238711478,1.7140661228172478,1.766190034116938,0.3362656125873395,1.027583269353482,0.9799982097146995
3580,0.1824786127812201,1.7140661228172478,1.766190034116938,0.3362844752760923,1.027583269353482,0.9799982097146995
3581,0.18237440787076187,1.7140661228172478,1.766190034116938,0.33630400645644104,1.027583269353482,0.9799982097146995
3582,0.18206495231352876,1.7140661228172478,1.766190034116938,0.33632400438345544,1.027583269353482,0.9799982097146995
3583,0.18198217640269043,1.7140661228172478,1.766190034116938,0.3363442624972377,1.027583269353482,0.9799982097146995
3584,0.1817595762692718,1.7140661228172478,1.766190034116938,0.3363645714925716,1.027583269353482,0.9799982097146995
3585,0.18169713984118963,1.7140661228172478,1.766190034116938,0.33638472140918946,1.027583269353482,0.9799982097146995
3586,0.18175114426081104,1.7140661228172478,1.766190034116938,0.3364045037199046,1.027583269353482,0.9799982097146995
3587,0.1816609462217967,1.7140661228172478,1.766190034116938,0.33642371339462673,1.027583269353482,0.9799982097146995
3588,0.1819276442617325,1.7140661228172478,1.766190034116938,0.3364421509193534,1.027583269353482,0.9799982097146995
3589,0.18181339636438112,1.7140661228172478,1.766190034116938,0.336459624250565,1.027583269353482,0.9799982097146995
3590,0.1820369845067175,1.7140661228172478,1.766190034116938,0.3364759506869341,1.027583269353482,0.9799982097146995
3591,0.181975457264125,1.7140661228172478,1.766190034116938,0.3364909586418771,1.027583269353482,0.9799982097146995
3592,0.1818152358079014,1.7140661228172478,1.766190034116938,0.33650448930213733,1.027583269353482,0.9799982097146995
3593,0.1817605156285747,1.7140661228172478,1.766190034116938,0.3365163981592228,1.027583269353482,0.9799982097146995
3594,0.18155623277016872,1.7140661228172478,1.766190034116938,0.33652655640212564,1.027583269353482,0.9799982097146995
3595,0.1816013893116511,1.7140661228172478,1.766190034116938,0.33653485216123363,1.027583269353482,0.9799982097146995
3596,0.18120744927736235,1.7140661228172478,1.766190034116938,0.3365411915947328,1.027583269353482,0.9799982097146995
3597,0.1812333854525583,1.7140661228172478,1.766190034116938,0.336545499810049,1.027583269353482,0.9799982097146995
3598,0.18088411345859834,1.7140661228172478,1.766190034116938,0.336547721613995,1.027583269353482,0.9799982097146995
3599,0.18087337045455573,1.7140661228172478,1.766190034116938,0.33654782208632034,1.027583269353482,0.9799982097146995
3600,0.18054156906232618,1.7140661228172478,1.766190034116938,0.3365457869722953,1.027583269353482,0.9799982097146995
3601,0.18047829263172993,1.7140661228172478,1.766190034116938,0.33654162289082984,1.027583269353482,0.9799982097146995
3602,0.18006779670808398,1.7140661228172478,1.766190034116938,0.3365353573555286,1.027583269353482,0.9799982097146995
3603,0.1799889687573289,1.7140661228172478,1.766190034116938,0.33652703860696814,1.027583269353482,0.9799982097146995
3604,0.17974356364433558,1.7140661228172478,1.766190034116938,0.33651673525548054,1.027583269353482,0.9799982097146995
3605,0.17970887718751483,1.7140661228172478,1.766190034116938,0.33650453573480393,1.027583269353482,0.9799982097146995
3606,0.1794835740645505,1.7140661228172478,1.766190034116938,0.33649054756821095,1.027583269353482,0.9799982097146995
3607,0.17942535390915942,1.7140661228172478,1.766190034116938,0.33647489645011763,1.027583269353482,0.9799982097146995
3608,0.17960031216385172,1.7140661228172478,1.766190034116938,0.33645772514775124,1.027583269353482,0.9799982097146995
3609,0.17959056130192072,1.7140661228172478,1.766190034116938,0.3364391922292195,1.027583269353482,0.9799982097146995
3610,0.17970344775575012,1.7140661228172478,1.766190034116938,0.3364194706262225,1.027583269353482,0.9799982097146995
3611,0.17967445434054896,1.7140661228172478,1.766190034116938,0.3363987460417068,1.027583269353482,0.9799982097146995
3612,0.17963912352249897,1.7140661228172478,1.766190034116938,0.33637721521489583,1.027583269353482,0.9799982097146995
3613,0.1795443713424518,1.7140661228172478,1.766190034116938,0.3363550840583001,1.027583269353482,0.9799982097146995
3614,0.17971367048146886,1.7140661228172478,1.766190034116938,0.3363325656834757,1.027583269353482,0.9799982097146995
3615,0.17965839130188005,1.7140661228172478,1.766190034116938,0.33630987833435055,1.027583269353482,0.9799982097146995
3616,0.1796442349374709,1.7140661228172478,1.766190034116938,0.33628724324885606,1.027583269353482,0.9799982097146995
3617,0.17960391155870226,1.7140661228172478,1.766190034116938,0.3362648824712675,1.027583269353482,0.9799982097146995
3618,0.17951361824212553,1.7140661228172478,1.766190034116938,0.3362430166390525,1.027583269353482,0.9799982097146995
3619,0.17949849162930331,1.7140661228172478,1.766190034116938,0.33622186276906807,1.027583269353482,0.9799982097146995
3620,0.17947395889203024,1.7140661228172478,1.766190034116938,0.33620163206864234,1.027583269353482,0.9799982097146995
3621,0.17947862082857474,1.7140661228172478,1.766190034116938,0.3361825277973586,1.027583269353482,0.9799982097146995
3622,0.1794075340795046,1.7140661228172478,1.766190034116938,0.33616474320531764,1.027583269353482,0.9799982097146995
3623,0.17943766670095412,1.7140661228172478,1.766190034116938,0.3361484595733422,1.027583269353482,0.9799982097146995
3624,0.17964709638010848,1.7140661228172478,1.766190034116938,0.3361338443801983,1.027583269353482,0.9799982097146995
3625,0.17967070819650413,1.7140661228172478,1.766190034116938,0.336121049621888,1.027583269353482,0.9799982097146995
3626,0.17975292838393767,1.7140661228172478,1.766190034116938,0.33611021030935206,1.027583269353482,0.9799982097146995
3627,0.17980245545424547,1.7140661228172478,1.766190034116938,0.3361014431760871,1.027583269353482,0.9799982097146995
3628,0.1797018899007388,1.7140661228172478,1.766190034116938,0.33609484564381376,1.027583269353482,0.9799982097146995
3629,0.1797985702276774,1.7140661228172478,1.766190034116938,0.33609049515156036,1.027583269353482,0.9799982097146995
3630,0.17973625303229743,1.7140661228172478,1.766190034116938,0.336088449204905,1.027583269353482,0.9799982097146995
3631,0.1797845069790698,1.7140661228172478,1.766190034116938,0.3360887485207194,1.027583269353482,0.9799982097146995
3632,0.17965736026614307,1.7140661228172478,1.766190034116938,0.33609133426343013,1.027583269353482,0.9799982097146995
3633,0.1796970700559219,1.7140661228172478,1.766190034116938,0.3360961851062391,1.027583269353482,0.9799982097146995
3634,0.1794993732357398,1.7140661228172478,1.766190034116938,0.33610326218708086,1.027583269353482,0.9799982097146995
3635,0.1795843718221806,1.7140661228172478,1.766190034116938,0.3361125073223244,1.027583269353482,0.9799982097146995
3636,0.1793084110830026,1.7140661228172478,1.766190034116938,0.3361238430124703,1.027583269353482,0.9799982097146995
3637,0.17943298352446133,1.7140661228172478,1.766190034116938,0.33613717297484386,1.027583269353482,0.9799982097146995
3638,0.17904912641537407,1.7140661228172478,1.766190034116938,0.3361523829668367,1.027583269353482,0.9799982097146995
3639,0.17927129138609404,1.7140661228172478,1.766190034116938,0.33616934182336,1.027583269353482,0.9799982097146995
3640,0.17900996477691197,1.7140661228172478,1.766190034116938,0.3361879026729185,1.027583269353482,0.9799982097146995
3641,0.17925554371093136,1.7140661228172478,1.766190034116938,0.336207904310023,1.027583269353482,0.9799982097146995
3642,0.17919186256433917,1.7140661228172478,1.766190034116938,0.3362291727065417,1.027583269353482,0.9799982097146995
3643,0.17948102952094785,1.7140661228172478,1.766190034116938,0.3362515226464696,1.027583269353482,0.9799982097146995
3644,0.17947101324347695,1.7140661228172478,1.766190034116938,0.3362747594691398,1.027583269353482,0.9799982097146995
3645,0.17985773115491566,1.7140661228172478,1.766190034116938,0.3362986809058657,1.027583269353482,0.9799982097146995
3646,0.1797952816776029,1.7140661228172478,1.766190034116938,0.33632307899462693,1.027583269353482,0.9799982097146995
3647,0.1801699588583064,1.7140661228172478,1.766190034116938,0.33634774205686085,1.027583269353482,0.9799982097146995
3648,0.17999941686934037,1.7140661228172478,1.766190034116938,0.3363724567197352,1.027583269353482,0.9799982097146995
3649,0.18026478797707834,1.7140661228172478,1.766190034116938,0.33639700996655914,1.027583269353482,0.9799982097146995
3650,0.18006761768982574,1.7140661228172478,1.766190034116938,0.33642119119723973,1.027583269353482,0.9799982097146995
3651,0.18019418271699644,1.7140661228172478,1.766190034116938,0.3364447942799526,1.027583269353482,0.9799982097146995
3652,0.1800086547307435,1.7140661228172478,1.766190034116938,0.336467619574576,1.027583269353482,0.9799982097146995
3653,0.1800319161050283,1.7140661228172478,1.766190034116938,0.3364894759078782,1.027583269353482,0.9799982097146995
3654,0.17985169133424425,1.7140661228172478,1.766190034116938,0.33651018248010417,1.027583269353482,0.9799982097146995
3655,0.17995467864207412,1.7140661228172478,1.766190034116938,0.3365295706824511,1.027583269353482,0.9799982097146995
3656,0.17991377531202238,1.7140661228172478,1.766190034116938,0.33654748580501487,1.027583269353482,0.9799982097146995
3657,0.17990821641913413,1.7140661228172478,1.766190034116938,0.3365637886152154,1.027583269353482,0.9799982097146995
3658,0.1798160205438302,1.7140661228172478,1.766190034116938,0.33657835678738074,1.027583269353482,0.9799982097146995
3659,0.17985756268823752,1.7140661228172478,1.766190034116938,0.3365910861652659,1.027583269353482,0.9799982097146995
3660,0.17967774212461582,1.7140661228172478,1.766190034116938,0.3366018918406639,1.027583269353482,0.9799982097146995
3661,0.17997710502238123,1.7140661228172478,1.766190034116938,0.336610709033018,1.027583269353482,0.9799982097146995
3662,0.17986079606027253,1.7140661228172478,1.766190034116938,0.33661749375702293,1.027583269353482,0.9799982097146995
3663,0.1801242035294166,1.7140661228172478,1.766190034116938,0.3366222232675771,1.027583269353482,0.9799982097146995
3664,0.18001308617660236,1.7140661228172478,1.766190034116938,0.3366248962740858,1.027583269353482,0.9799982097146995
3665,0.18030460000471163,1.7140661228172478,1.766190034116938,0.33662553291897074,1.027583269353482,0.9799982097146995
3666,0.18027342369645452,1.7140661228172478,1.766190034116938,0.3366241745182426,1.027583269353482,0.9799982097146995
3667,0.18049342208022298,1.7140661228172478,1.766190034116938,0.33662088306510474,1.027583269353482,0.9799982097146995
3668,0.18046635069270106,1.7140661228172478,1.766190034116938,0.33661574050069637,1.027583269353482,0.9799982097146995
3669,0.180614538223649,1.7140661228172478,1.766190034116938,0.3366088477591819,1.027583269353482,0.9799982097146995
3670,0.18056701262376826,1.7140661228172478,1.766190034116938,0.33660032359741876,1.027583269353482,0.9799982097146995
3671,0.1808790951722306,1.7140661228172478,1.766190034116938,0.33659030322228967,1.027583269353482,0.9799982097146995
3672,0.18085576822851188,1.7140661228172478,1.766190034116938,0.33657893673145245,1.027583269353482,0.9799982097146995
3673,0.18129732009801292,1.7140661228172478,1.766190034116938,0.33656638738566097,1.027583269353482,0.9799982097146995
3674,0.18129172902285307,1.7140661228172478,1.766190034116938,0.3365528297329664,1.027583269353482,0.9799982097146995
3675,0.18170594416404182,1.7140661228172478,1.766190034116938,0.33653844760688106,1.027583269353482,0.9799982097146995
3676,0.1816926559255126,1.7140661228172478,1.766190034116938,0.3365234320221118,1.027583269353482,0.9799982097146995
3677,0.1821555879110637,1.7140661228172478,1.766190034116938,0.33650797899257123,1.027583269353482,0.9799982097146995
3678,0.18212892782491755,1.7140661228172478,1.766190034116938,0.33649228729717134,1.027583269353482,0.9799982097146995
3679,0.18246625844958123,1.7140661228172478,1.766190034116938,0.33647655621930983,1.027583269353482,0.9799982097146995
3680,0.182449309087227,1.7140661228172478,1.766190034116938,0.33646098328601576,1.027583269353482,0.9799982097146995
3681,0.18262234946190198,1.7140661228172478,1.766190034116938,0.3364457620323976,1.027583269353482,0.9799982097146995
3682,0.1826039612246924,1.7140661228172478,1.766190034116938,0.33643107981633263,1.027583269353482,0.9799982097146995
3683,0.18228798404751986,1.7140661228172478,1.766190034116938,0.33641711570721045,1.027583269353482,0.9799982097146995
3684,0.1822794884281108,1.7140661228172478,1.766190034116938,0.3364040384709207,1.027583269353482,0.9799982097146995
3685,0.1818376458780129,1.7140661228172478,1.766190034116938,0.33639200467100155,1.027583269353482,0.9799982097146995
3686,0.18185390974282228,1.7140661228172478,1.766190034116938,0.3363811569026449,1.027583269353482,0.9799982097146995
3687,0.1815362097205663,1.7140661228172478,1.766190034116938,0.336371622171291,1.027583269353482,0.9799982097146995
3688,0.18154223228334168,1.7140661228172478,1.766190034116938,0.3363635104191947,1.027583269353482,0.9799982097146995
3689,0.18095804221141681,1.7140661228172478,1.766190034116938,0.3363569131870209,1.027583269353482,0.9799982097146995
3690,0.18100000056292445,1.7140661228172478,1.766190034116938,0.3363519023594623,1.027583269353482,0.9799982097146995
3691,0.18032471348288567,1.7140661228172478,1.766190034116938,0.33634852883388944,1.027583269353482,0.9799982097146995
3692,0.18036159451212616,1.7140661228172478,1.766190034116938,0.33634682051964254,1.027583269353482,0.9799982097146995
3693,0.1794616456456844,1.7140661228172478,1.766190034116938,0.33634677614128444,1.027583269353482,0.9799982097146995
3694,0.17946883232360575,1.7140661228172478,1.766190034116938,0.33634789040312113,1.027583269353482,0.9799982097146995
3695,0.17863882814894078,1.7140661228172478,1.766190034116938,0.3363501676978139,1.027583269353482,0.9799982097146995
3696,0.17862484264431056,1.7140661228172478,1.766190034116938,0.33635359609583987,1.027583269353482,0.9799982097146995
3697,0.1780241135947847,1.7140661228172478,1.766190034116938,0.3363581521368425,1.027583269353482,0.9799982097146995
3698,0.17803335448108376,1.7140661228172478,1.766190034116938,0.33636380210261735,1.027583269353482,0.9799982097146995
3699,0.17754886239943968,1.7140661228172478,1.766190034116938,0.3363705026574312,1.027583269353482,0.9799982097146995
3700,0.17760320679017097,1.7140661228172478,1.766190034116938,0.3363782013224782,1.027583269353482,0.9799982097146995
3701,0.17721268307005297,1.7140661228172478,1.766190034116938,0.33638683691510646,1.027583269353482,0.9799982097146995
3702,0.17731191164420396,1.7140661228172478,1.766190034116938,0.3363963400006116,1.027583269353482,0.9799982097146995
3703,0.17714360087023198,1.7140661228172478,1.766190034116938,0.33640663337696025,1.027583269353482,0.9799982097146995
3704,0.17728685332169586,1.7140661228172478,1.766190034116938,0.3364176326017937,1.027583269353482,0.9799982097146995
3705,0.17730931582823067,1.7140661228172478,1.766190034116938,0.33642924656587525,1.027583269353482,0.9799982097146995
3706,0.17742229704980458,1.7140661228172478,1.766190034116938,0.3364413781143376,1.027583269353482,0.9799982097146995
3707,0.1772721527498288,1.7140661228172478,1.766190034116938,0.3364539247153696,1.027583269353482,0.9799982097146995
3708,0.177416938238485,1.7140661228172478,1.766190034116938,0.3364667791747132,1.027583269353482,0.9799982097146995
3709,0.17718066527158924,1.7140661228172478,1.766190034116938,0.3364798303933593,1.027583269353482,0.9799982097146995
3710,0.17722043710879215,1.7140661228172478,1.766190034116938,0.33649296416497326,1.027583269353482,0.9799982097146995
3711,0.17659102260360027,1.7140661228172478,1.766190034116938,0.3365060640087749,1.027583269353482,0.9799982097146995
3712,0.17658947632564642,1.7140661228172478,1.766190034116938,0.3365190120328775,1.027583269353482,0.9799982097146995
3713,0.17594635433403447,1.7140661228172478,1.766190034116938,0.33653168982238857,1.027583269353482,0.9799982097146995
3714,0.17594451006802175,1.7140661228172478,1.766190034116938,0.336543979345956,1.027583269353482,0.9799982097146995
3715,0.17560385923257835,1.7140661228172478,1.766190034116938,0.33655576387384023,1.027583269353482,0.9799982097146995
3716,0.17561846951251006,1.7140661228172478,1.766190034116938,0.33656692890012163,1.027583269353482,0.9799982097146995
3717,0.17538351353525677,1.7140661228172478,1.766190034116938,0.33657736306121183,1.027583269353482,0.9799982097146995
3718,0.17551153977952566,1.7140661228172478,1.766190034116938,0.3365869590425332,1.027583269353482,0.9799982097146995
3719,0.17550962676830914,1.7140661228172478,1.766190034116938,0.3365956144650244,1.027583269353482,0.9799982097146995
3720,0.17563095794079536,1.7140661228172478,1.766190034116938,0.3366032327430355,1.027583269353482,0.9799982097146995
3721,0.17551654241597622,1.7140661228172478,1.766190034116938,0.33660972390523436,1.027583269353482,0.9799982097146995
3722,0.17558850831108472,1.7140661228172478,1.766190034116938,0.33661500537029815,1.027583269353482,0.9799982097146995
3723,0.17545248768547386,1.7140661228172478,1.766190034116938,0.3366190026694887,1.027583269353482,0.9799982097146995
3724,0.17550639684084146,1.7140661228172478,1.766190034116938,0.33662165010864004,1.027583269353482,0.9799982097146995
3725,0.17541878150112597,1.7140661228172478,1.766190034116938,0.33662289136264456,1.027583269353482,0.9799982097146995
3726,0.17550021345019606,1.7140661228172478,1.766190034116938,0.33662267999620604,1.027583269353482,0.9799982097146995
3727,0.17530747166757057,1.7140661228172478,1.766190034116938,0.33662097990540396,1.027583269353482,0.9799982097146995
3728,0.17547873054546287,1.7140661228172478,1.766190034116938,0.33661776567549156,1.027583269353482,0.9799982097146995
3729,0.17537146722670927,1.7140661228172478,1.766190034116938,0.33661302285127637,1.027583269353482,0.9799982097146995
3730,0.17545822026164773,1.7140661228172478,1.766190034116938,0.3366067481174445,1.027583269353482,0.9799982097146995
3731,0.17533073332742624,1.7140661228172478,1.766190034116938,0.3365989493872103,1.027583269353482,0.9799982097146995
3732,0.1753381950862055,1.7140661228172478,1.766190034116938,0.33658964579871586,1.027583269353482,0.9799982097146995
3733,0.17513893969928868,1.7140661228172478,1.766190034116938,0.33657886761965233,1.027583269353482,0.9799982097146995
3734,0.17525286340783128,1.7140661228172478,1.766190034116938,0.33656665606158087,1.027583269353482,0.9799982097146995
3735,0.1752372650500713,1.7140661228172478,1.766190034116938,0.33655306300640625,1.027583269353482,0.9799982097146995
3736,0.1753867094382519,1.7140661228172478,1.766190034116938,0.3365381506483673,1.027583269353482,0.9799982097146995
3737,0.17516480414372546,1.7140661228172478,1.766190034116938,0.3365219910557505,1.027583269353482,0.9799982097146995
3738,0.17534990168921055,1.7140661228172478,1.766190034116938,0.33650466565728687,1.027583269353482,0.9799982097146995
3739,0.1748239232575608,1.7140661228172478,1.766190034116938,0.33648626465884435,1.027583269353482,0.9799982097146995
3740,0.1749906727732645,1.7140661228172478,1.766190034116938,0.3364668863966013,1.027583269353482,0.9799982097146995
3741,0.17436933182052616,1.7140661228172478,1.766190034116938,0.3364466366333327,1.027583269353482,0.9799982097146995
3742,0.17446198966950432,1.7140661228172478,1.766190034116938,0.33642562780478646,1.027583269353482,0.9799982097146995
3743,0.1739921083719722,1.7140661228172478,1.766190034116938,0.3364039782233791,1.027583269353482,0.9799982097146995
3744,0.1741515319326795,1.7140661228172478,1.766190034116938,0.336381811246576,1.027583269353482,0.9799982097146995
3745,0.17416668039698813,1.7140661228172478,1.766190034116938,0.3363592544173722,1.027583269353482,0.9799982097146995
3746,0.17428325974578654,1.7140661228172478,1.766190034116938,0.3363364385842445,1.027583269353482,0.9799982097146995
3747,0.1743824219746843,1.7140661228172478,1.766190034116938,0.33631349700783036,1.027583269353482,0.9799982097146995
3748,0.17453203114209295,1.7140661228172478,1.766190034116938,0.3362905644614057,1.027583269353482,0.9799982097146995
3749,0.17452902948078633,1.7140661228172478,1.766190034116938,0.33626777633196986,1.027583269353482,0.9799982097146995
3750,0.17469863459517804,1.7140661228172478,1.766190034116938,0.33624526772848906,1.027583269353482,0.9799982097146995
3751,0.17478448448522393,1.7140661228172478,1.766190034116938,0.33622317260350426,1.027583269353482,0.9799982097146995
3752,0.1747421483235902,1.7140661228172478,1.766190034116938,0.3362016228939975,1.027583269353482,0.9799982097146995
3753,0.17475652066705588,1.7140661228172478,1.766190034116938,0.33618074768707695,1.027583269353482,0.9799982097146995
3754,0.17466232678278457,1.7140661228172478,1.766190034116938,0.3361606724157392,1.027583269353482,0.9799982097146995
3755,0.17471843604475407,1.7140661228172478,1.766190034116938,0.3361415180897284,1.027583269353482,0.9799982097146995
3756,0.1746248019849003,1.7140661228172478,1.766190034116938,0.3361234005663469,1.027583269353482,0.9799982097146995
3757,0.17451169364099725,1.7140661228172478,1.766190034116938,0.33610642986608674,1.027583269353482,0.9799982097146995
3758,0.17444460330842612,1.7140661228172478,1.766190034116938,0.3360907095381959,1.027583269353482,0.9799982097146995
3759,0.17399711736416898,1.7140661228172478,1.766190034116938,0.33607633608200493,1.027583269353482,0.9799982097146995
3760,0.17401625855089048,1.7140661228172478,1.766190034116938,0.3360633984313137,1.027583269353482,0.9799982097146995
3761,0.17356411727604584,1.7140661228172478,1.766190034116938,0.33605197751216714,1.027583269353482,0.9799982097146995
3762,0.173496347451876,1.7140661228172478,1.766190034116938,0.3360421458904528,1.027583269353482,0.9799982097146995
3763,0.17296633719592336,1.7140661228172478,1.766190034116938,0.33603396753900855,1.027583269353482,0.9799982097146995
3764,0.17304155672854502,1.7140661228172478,1.766190034116938,0.3360274977851745,1.027583269353482,0.9799982097146995
3765,0.17283602584181973,1.7140661228172478,1.766190034116938,0.3360227835847836,1.027583269353482,0.9799982097146995
3766,0.1729130192094086,1.7140661228172478,1.766190034116938,0.33601986455524213,1.027583269353482,0.9799982097146995
3767,0.17273244813773087,1.7140661228172478,1.766190034116938,0.3360187765953666,1.027583269353482,0.9799982097146995
3768,0.17281240309039836,1.7140661228172478,1.766190034116938,0.33601957616828076,1.027583269353482,0.9799982097146995
3769,0.17261237033090363,1.7140661228172478,1.766190034116938,0.3360221927770041,1.027583269353482,0.9799982097146995
3770,0.17264786835229531,1.7140661228172478,1.766190034116938,0.33602659216290337,1.027583269353482,0.9799982097146995
3771,0.17271628320761873,1.7140661228172478,1.766190034116938,0.33603273781077003,1.027583269353482,0.9799982097146995
3772,0.17251511692672117,1.7140661228172478,1.766190034116938,0.33604058655638924,1.027583269353482,0.9799982097146995
3773,0.17269379137040783,1.7140661228172478,1.766190034116938,0.33605008742122255,1.027583269353482,0.9799982097146995
3774,0.17246590305810128,1.7140661228172478,1.766190034116938,0.33606118131694035,1.027583269353482,0.9799982097146995
3775,0.17262902729276522,1.7140661228172478,1.766190034116938,0.3360738011033756,1.027583269353482,0.9799982097146995
3776,0.17246255784722914,1.7140661228172478,1.766190034116938,0.3360878718323316,1.027583269353482,0.9799982097146995
3777,0.17232728806199887,1.7140661228172478,1.766190034116938,0.3361033111088484,1.027583269353482,0.9799982097146995
3778,0.1723138038378268,1.7140661228172478,1.766190034116938,0.33612002953701675,1.027583269353482,0.9799982097146995
3779,0.1720098595238278,1.7140661228172478,1.766190034116938,0.33613793123217145,1.027583269353482,0.9799982097146995
3780,0.171921488838082,1.7140661228172478,1.766190034116938,0.3361569143880536,1.027583269353482,0.9799982097146995
3781,0.1715322800850992,1.7140661228172478,1.766190034116938,0.33617687189083423,1.027583269353482,0.9799982097146995
3782,0.17129631652283464,1.7140661228172478,1.766190034116938,0.3361976919735286,1.027583269353482,0.9799982097146995
3783,0.1708625227620694,1.7140661228172478,1.766190034116938,0.3362192589051641,1.027583269353482,0.9799982097146995
3784,0.170857807911676,1.7140661228172478,1.766190034116938,0.33624145370939107,1.027583269353482,0.9799982097146995
3785,0.17070115370293912,1.7140661228172478,1.766190034116938,0.3362641549073537,1.027583269353482,0.9799982097146995
3786,0.17065313805648835,1.7140661228172478,1.766190034116938,0.33628723927957904,1.027583269353482,0.9799982097146995
3787,0.1704663818640485,1.7140661228172478,1.766190034116938,0.3363105826415411,1.027583269353482,0.9799982097146995
3788,0.17052266713535716,1.7140661228172478,1.766190034116938,0.336334060627408,1.027583269353482,0.9799982097146995
3789,0.17030221648509802,1.7140661228172478,1.766190034116938,0.3363575494763299,1.027583269353482,0.9799982097146995
3790,0.17042196349894748,1.7140661228172478,1.766190034116938,0.33638092681549914,1.027583269353482,0.9799982097146995
3791,0.17034477768833853,1.7140661228172478,1.766190034116938,0.33640407243411974,1.027583269353482,0.9799982097146995
3792,0.1702280776380961,1.7140661228172478,1.766190034116938,0.33642686904238184,1.027583269353482,0.9799982097146995
3793,0.17007368694058053,1.7140661228172478,1.766190034116938,0.33644920300952824,1.027583269353482,0.9799982097146995
3794,0.17006597442305307,1.7140661228172478,1.766190034116938,0.3364709650752103,1.027583269353482,0.9799982097146995
3795,0.16997764275377614,1.7140661228172478,1.766190034116938,0.3364920510284392,1.027583269353482,0.9799982097146995
3796,0.1699030261468911,1.7140661228172478,1.766190034116938,0.33651236234867543,1.027583269353482,0.9799982097146995
3797,0.16979275033168897,1.7140661228172478,1.766190034116938,0.33653180680389466,1.027583269353482,0.9799982097146995
3798,0.16961495236856225,1.7140661228172478,1.766190034116938,0.33655029900080746,1.027583269353482,0.9799982097146995
3799,0.1694472913134098,1.7140661228172478,1.766190034116938,0.33656776088286616,1.027583269353482,0.9799982097146995
3800,0.1694522646002602,1.7140661228172478,1.766190034116938,0.3365841221721576,1.027583269353482,0.9799982097146995
3801,0.16944671455779825,1.7140661228172478,1.766190034116938,0.3365993207518489,1.027583269353482,0.9799982097146995
3802,0.16938278814263627,1.7140661228172478,1.766190034116938,0.33661330298642145,1.027583269353482,0.9799982097146995
3803,0.16935534402860578,1.7140661228172478,1.766190034116938,0.3366260239775777,1.027583269353482,0.9799982097146995
3804,0.1694444146882396,1.7140661228172478,1.766190034116938,0.33663744775433413,1.027583269353482,0.9799982097146995
3805,0.16932572043475086,1.7140661228172478,1.766190034116938,0.33664754739648284,1.027583269353482,0.9799982097146995
3806,0.16954210008230358,1.7140661228172478,1.766190034116938,0.3366563050912739,1.027583269353482,0.9799982097146995
3807,0.16926892482003567,1.7140661228172478,1.766190034116938,0.33666371212380747,1.027583269353482,0.9799982097146995
3808,0.16948955656014933,1.7140661228172478,1.766190034116938,0.3366697688022527,1.027583269353482,0.9799982097146995
3809,0.16910180957741916,1.7140661228172478,1.766190034116938,0.3366744843196101,1.027583269353482,0.9799982097146995
3810,0.16936812111724353,1.7140661228172478,1.766190034116938,0.33667787655427284,1.027583269353482,0.9799982097146995
3811,0.16905520638903135,1.7140661228172478,1.766190034116938,0.33667997181213843,1.027583269353482,0.9799982097146995
3812,0.16917270863736397,1.7140661228172478,1.766190034116938,0.33668080451347443,1.027583269353482,0.9799982097146995
3813,0.16898300639205918,1.7140661228172478,1.766190034116938,0.3366804168280968,1.027583269353482,0.9799982097146995
3814,0.16899349894307117,1.7140661228172478,1.766190034116938,0.33667885826274635,1.027583269353482,0.9799982097146995
3815,0.16882590986679863,1.7140661228172478,1.766190034116938,0.33667618520478715,1.027583269353482,0.9799982097146995
3816,0.16886754433064569,1.7140661228172478,1.766190034116938,0.3366724604265311,1.027583269353482,0.9799982097146995
3817,0.16875889337583683,1.7140661228172478,1.766190034116938,0.3366677525546091,1.027583269353482,0.9799982097146995
3818,0.16871541210773047,1.7140661228172478,1.766190034116938,0.33666213550886526,1.027583269353482,0.9799982097146995
3819,0.16867403723175517,1.7140661228172478,1.766190034116938,0.336655687915262,1.027583269353482,0.9799982097146995
3820,0.1685547803806264,1.7140661228172478,1.766190034116938,0.336648492497233,1.027583269353482,0.9799982097146995
3821,0.16858218719172557,1.7140661228172478,1.766190034116938,0.33664063544984363,1.027583269353482,0.9799982097146995
3822,0.16844878045744266,1.7140661228172478,1.766190034116938,0.3366322058010014,1.027583269353482,0.9799982097146995
3823,0.16844232400811257,1.7140661228172478,1.766190034116938,0.3366232947638212,1.027583269353482,0.9799982097146995
3824,0.16844413885435028,1.7140661228172478,1.766190034116938,0.3366139950840848,1.027583269353482,0.9799982097146995
3825,0.16833284712630892,1.7140661228172478,1.766190034116938,0.3366044003865747,1.027583269353482,0.9799982097146995
3826,0.16836524814437706,1.7140661228172478,1.766190034116938,0.33659460452388307,1.027583269353482,0.9799982097146995
3827,0.16816091514626932,1.7140661228172478,1.766190034116938,0.33658470093111625,1.027583269353482,0.9799982097146995
3828,0.1680869202162608,1.7140661228172478,1.766190034116938,0.3365747819897527,1.027583269353482,0.9799982097146995
3829,0.1678970928015513,1.7140661228172478,1.766190034116938,0.3365649384037405,1.027583269353482,0.9799982097146995
3830,0.1677435796525661,1.7140661228172478,1.766190034116938,0.3365552585907551,1.027583269353482,0.9799982097146995
3831,0.16766380488907862,1.7140661228172478,1.766190034116938,0.3365458280913683,1.027583269353482,0.9799982097146995
3832,0.167412226556949,1.7140661228172478,1.766190034116938,0.33653672899871656,1.027583269353482,0.9799982097146995
3833,0.16739470673245127,1.7140661228172478,1.766190034116938,0.33652803941103426,1.027583269353482,0.9799982097146995
3834,0.16749458478642515,1.7140661228172478,1.766190034116938,0.336519832909176,1.027583269353482,0.9799982097146995
3835,0.16751616133592176,1.7140661228172478,1.766190034116938,0.33651217806087985,1.027583269353482,0.9799982097146995
3836,0.16778684849536438,1.7140661228172478,1.766190034116938,0.3365051379529839,1.027583269353482,0.9799982097146995
3837,0.1677495289603583,1.7140661228172478,1.766190034116938,0.33649876975189286,1.027583269353482,0.9799982097146995
3838,0.16789674902939267,1.7140661228172478,1.766190034116938,0.3364931242910155,1.027583269353482,0.9799982097146995
3839,0.16779556184384,1.7140661228172478,1.766190034116938,0.3364882456808931,1.027583269353482,0.9799982097146995
3840,0.16776008687663668,1.7140661228172478,1.766190034116938,0.3364841709316193,1.027583269353482,0.9799982097146995
3841,0.16768287724147854,1.7140661228172478,1.766190034116938,0.3364809295632768,1.027583269353482,0.9799982097146995
3842,0.16735574281790028,1.7140661228172478,1.766190034116938,0.3364785431439197,1.027583269353482,0.9799982097146995
3843,0.16732078352347932,1.7140661228172478,1.766190034116938,0.3364770245794591,1.027583269353482,0.9799982097146995
3844,0.16698001350383554,1.7140661228172478,1.766190034116938,0.33647637647157314,1.027583269353482,0.9799982097146995
3845,0.16695315559850266,1.7140661228172478,1.766190034116938,0.33647658337735714,1.027583269353482,0.9799982097146995
3846,0.16662918917739025,1.7140661228172478,1.766190034116938,0.33647770600144805,1.027583269353482,0.9799982097146995
3847,0.16656166706123954,1.7140661228172478,1.766190034116938,0.33647974583724416,1.027583269353482,0.9799982097146995
3848,0.1664459775216757,1.7140661228172478,1.766190034116938,0.33648269043739143,1.027583269353482,0.9799982097146995
3849,0.16639319694788623,1.7140661228172478,1.766190034116938,0.33648651686355135,1.027583269353482,0.9799982097146995
3850,0.16644009080614247,1.7140661228172478,1.766190034116938,0.3364911927955534,1.027583269353482,0.9799982097146995
3851,0.166423108821642,1.7140661228172478,1.766190034116938,0.3364966771445016,1.027583269353482,0.9799982097146995
3852,0.1664092805092644,1.7140661228172478,1.766190034116938,0.3365029205345017,1.027583269353482,0.9799982097146995
3853,0.16636946189201082,1.7140661228172478,1.766190034116938,0.3365098657637414,1.027583269353482,0.9799982097146995
3854,0.16651251902832384,1.7140661228172478,1.766190034116938,0.3365174482863919,1.027583269353482,0.9799982097146995
3855,0.16647196951274937,1.7140661228172478,1.766190034116938,0.33652559673217997,1.027583269353482,0.9799982097146995
3856,0.16663823970709737,1.7140661228172478,1.766190034116938,0.33653423346994005,1.027583269353482,0.9799982097146995
3857,0.16659599867480177,1.7140661228172478,1.766190034116938,0.33654327521625105,1.027583269353482,0.9799982097146995
3858,0.16664496883560762,1.7140661228172478,1.766190034116938,0.3365526336873288,1.027583269353482,0.9799982097146995
3859,0.1666181128379408,1.7140661228172478,1.766190034116938,0.33656221629052735,1.027583269353482,0.9799982097146995
3860,0.16647710072102118,1.7140661228172478,1.766190034116938,0.33657192685061554,1.027583269353482,0.9799982097146995
3861,0.16646090201532324,1.7140661228172478,1.766190034116938,0.33658166636516523,1.027583269353482,0.9799982097146995
3862,0.16625809413142634,1.7140661228172478,1.766190034116938,0.3365913337828255,1.027583269353482,0.9799982097146995
3863,0.16624043258019372,1.7140661228172478,1.766190034116938,0.33660082679789555,1.027583269353482,0.9799982097146995
3864,0.16614642906278246,1.7140661228172478,1.766190034116938,0.3366100426544193,1.027583269353482,0.9799982097146995
3865,0.166133909054321,1.7140661228172478,1.766190034116938,0.33661887895296805,1.027583269353482,0.9799982097146995
3866,0.16585959856622282,1.7140661228172478,1.766190034116938,0.33662723445335613,1.027583269353482,0.9799982097146995
3867,0.16584853692565021,1.7140661228172478,1.766190034116938,0.3366350098667221,1.027583269353482,0.9799982097146995
3868,0.16552501549650867,1.7140661228172478,1.766190034116938,0.3366421086306756,1.027583269353482,0.9799982097146995
3869,0.16552486489072607,1.7140661228172478,1.766190034116938,0.33664843766159563,1.027583269353482,0.9799982097146995
3870,0.16504952792873592,1.7140661228172478,1.766190034116938,0.336653908078559,1.027583269353482,0.9799982097146995
3871,0.16505692241987308,1.7140661228172478,1.766190034116938,0.33665843589387406,1.027583269353482,0.9799982097146995
3872,0.16436827374934898,1.7140661228172478,1.766190034116938,0.3366619426656736,1.027583269353482,0.9799982097146995
3873,0.16436314492565154,1.7140661228172478,1.766190034116938,0.33666435610856016,1.027583269353482,0.9799982097146995
3874,0.16396487300027696,1.7140661228172478,1.766190034116938,0.33666561065879386,1.027583269353482,0.9799982097146995
3875,0.1639571630126552,1.7140661228172478,1.766190034116938,0.33666564799102955,1.027583269353482,0.9799982097146995
3876,0.16348555038873638,1.7140661228172478,1.766190034116938,0.3366644174840938,1.027583269353482,0.9799982097146995
3877,0.16348514799164804,1.7140661228172478,1.766190034116938,0.3366618766337307,1.027583269353482,0.9799982097146995
3878,0.163047540273253,1.7140661228172478,1.766190034116938,0.3366579914106761,1.027583269353482,0.9799982097146995
3879,0.16302619651778263,1.7140661228172478,1.766190034116938,0.3366527365627665,1.027583269353482,0.9799982097146995
3880,0.16272383139563132,1.7140661228172478,1.766190034116938,0.3366460958601458,1.027583269353482,0.9799982097146995
3881,0.16267865264935166,1.7140661228172478,1.766190034116938,0.3366380622828794,1.027583269353482,0.9799982097146995
3882,0.16252949363145205,1.7140661228172478,1.766190034116938,0.3366286381505595,1.027583269353482,0.9799982097146995
3883,0.16246096130904814,1.7140661228172478,1.766190034116938,0.33661783519367305,1.027583269353482,0.9799982097146995
3884,0.16266926358524775,1.7140661228172478,1.766190034116938,0.33660567456669094,1.027583269353482,0.9799982097146995
3885,0.16264525753607273,1.7140661228172478,1.766190034116938,0.3365921868029913,1.027583269353482,0.9799982097146995
3886,0.16292693761638288,1.7140661228172478,1.766190034116938,0.3365774117118694,1.027583269353482,0.9799982097146995
3887,0.1629605149961933,1.7140661228172478,1.766190034116938,0.3365613982180407,1.027583269353482,0.9799982097146995
3888,0.16313543615254503,1.7140661228172478,1.766190034116938,0.33654420414416947,1.027583269353482,0.9799982097146995
3889,0.16313557896242573,1.7140661228172478,1.766190034116938,0.33652589593712845,1.027583269353482,0.9799982097146995
3890,0.16332578481459226,1.7140661228172478,1.766190034116938,0.336506548338865,1.027583269353482,0.9799982097146995
3891,0.16347657479366082,1.7140661228172478,1.766190034116938,0.3364862440029631,1.027583269353482,0.9799982097146995
3892,0.16338929036060462,1.7140661228172478,1.766190034116938,0.33646507305822265,1.027583269353482,0.9799982097146995
3893,0.16342450337023504,1.7140661228172478,1.766190034116938,0.3364431326208508,1.027583269353482,0.9799982097146995
3894,0.16335561557849684,1.7140661228172478,1.766190034116938,0.33642052625717495,1.027583269353482,0.9799982097146995
3895,0.16331490169054955,1.7140661228172478,1.766190034116938,0.33639736339913534,1.027583269353482,0.9799982097146995
3896,0.16329911970662067,1.7140661228172478,1.766190034116938,0.3363737587151817,1.027583269353482,0.9799982097146995
3897,0.16316250364137402,1.7140661228172478,1.766190034116938,0.3363498314396187,1.027583269353482,0.9799982097146995
3898,0.16316097757575093,1.7140661228172478,1.766190034116938,0.33632570466387585,1.027583269353482,0.9799982097146995
3899,0.16286933071912407,1.7140661228172478,1.766190034116938,0.3363015045936073,1.027583269353482,0.9799982097146995
3900,0.1628896568627934,1.7140661228172478,1.766190034116938,0.33627735977599116,1.027583269353482,0.9799982097146995
3901,0.16274406462786292,1.7140661228172478,1.766190034116938,0.33625340030203954,1.027583269353482,0.9799982097146995
3902,0.16272246235105658,1.7140661228172478,1.766190034116938,0.3362297569891518,1.027583269353482,0.9799982097146995
3903,0.16259174308263052,1.7140661228172478,1.766190034116938,0.33620656054956183,1.027583269353482,0.9799982097146995
3904,0.1625925806924108,1.7140661228172478,1.766190034116938,0.33618394075070507,1.027583269353482,0.9799982097146995
3905,0.16279220167704792,1.7140661228172478,1.766190034116938,0.33616202557387975,1.027583269353482,0.9799982097146995
3906,0.16278921511010144,1.7140661228172478,1.766190034116938,0.3361409403778829,1.027583269353482,0.9799982097146995
3907,0.1630156369846568,1.7140661228172478,1.766190034116938,0.33612080707460595,1.027583269353482,0.9799982097146995
3908,0.1630437828962468,1.7140661228172478,1.766190034116938,0.33610174332387976,1.027583269353482,0.9799982097146995
3909,0.16302307514211573,1.7140661228172478,1.766190034116938,0.3360838617552018,1.027583269353482,0.9799982097146995
3910,0.16301641654949883,1.7140661228172478,1.766190034116938,0.3360672692244913,1.027583269353482,0.9799982097146995
3911,0.1630006650946752,1.7140661228172478,1.766190034116938,0.33605206611484784,1.027583269353482,0.9799982097146995
3912,0.16300553491486483,1.7140661228172478,1.766190034116938,0.3360383456917545,1.027583269353482,0.9799982097146995
3913,0.1627772597063311,1.7140661228172478,1.766190034116938,0.33602619352601687,1.027583269353482,0.9799982097146995
3914,0.16272911769549533,1.7140661228172478,1.766190034116938,0.33601568700340284,1.027583269353482,0.9799982097146995
3915,0.1624937095493035,1.7140661228172478,1.766190034116938,0.3360068949521778,1.027583269353482,0.9799982097146995
3916,0.16239385638620296,1.7140661228172478,1.766190034116938,0.33599987744835036,1.027583269353482,0.9799982097146995
3917,0.16232533036386373,1.7140661228172478,1.766190034116938,0.33599468593497495,1.027583269353482,0.9799982097146995
3918,0.16226864627640028,1.7140661228172478,1.766190034116938,0.33599136404105956,1.027583269353482,0.9799982097146995
3919,0.16219502475988867,1.7140661228172478,1.766190034116938,0.3359899506199909,1.027583269353482,0.9799982097146995
3920,0.1620516383780572,1.7140661228172478,1.766190034116938,0.33599049732285774,1.027583269353482,0.9799982097146995
3921,0.16202194034152456,1.7140661228172478,1.766190034116938,0.33599289897191614,1.027583269353482,0.9799982097146995
3922,0.16187515191263577,1.7140661228172478,1.766190034116938,0.3359971207963438,1.027583269353482,0.9799982097146995
3923,0.16179458583790346,1.7140661228172478,1.766190034116938,0.33600312725721243,1.027583269353482,0.9799982097146995
3924,0.1614775104287257,1.7140661228172478,1.766190034116938,0.33601087635974264,1.027583269353482,0.9799982097146995
3925,0.16144717955105242,1.7140661228172478,1.766190034116938,0.3360203181704139,1.027583269353482,0.9799982097146995
3926,0.16107334307287985,1.7140661228172478,1.766190034116938,0.3360313943763106,1.027583269353482,0.9799982097146995
3927,0.16105359604796693,1.7140661228172478,1.766190034116938,0.33604403824927415,1.027583269353482,0.9799982097146995
3928,0.16078019431880022,1.7140661228172478,1.766190034116938,0.33605817481643285,1.027583269353482,0.9799982097146995
3929,0.16075679355262185,1.7140661228172478,1.766190034116938,0.33607372115829615,1.027583269353482,0.9799982097146995
3930,0.16043867575496717,1.7140661228172478,1.766190034116938,0.3360905867974338,1.027583269353482,0.9799982097146995
3931,0.16045036069815471,1.7140661228172478,1.766190034116938,0.3361086741579478,1.027583269353482,0.9799982097146995
3932,0.16032771993510153,1.7140661228172478,1.766190034116938,0.33612787908388997,1.027583269353482,0.9799982097146995
3933,0.16032520903265288,1.7140661228172478,1.766190034116938,0.3361480914087223,1.027583269353482,0.9799982097146995
3934,0.16021000695440288,1.7140661228172478,1.766190034116938,0.33616919557001573,1.027583269353482,0.9799982097146995
3935,0.16016251429212033,1.7140661228172478,1.766190034116938,0.33619107126469283,1.027583269353482,0.9799982097146995
3936,0.160149181962171,1.7140661228172478,1.766190034116938,0.33621359414069457,1.027583269353482,0.9799982097146995
3937,0.16007902744129907,1.7140661228172478,1.766190034116938,0.33623663652121066,1.027583269353482,0.9799982097146995
3938,0.16008984705204626,1.7140661228172478,1.766190034116938,0.3362600681576496,1.027583269353482,0.9799982097146995
3939,0.16000105357823222,1.7140661228172478,1.766190034116938,0.33628375700741386,1.027583269353482,0.9799982097146995
3940,0.16008370106416084,1.7140661228172478,1.766190034116938,0.3363075700323679,1.027583269353482,0.9799982097146995
3941,0.15998922456205728,1.7140661228172478,1.766190034116938,0.3363313740135853,1.027583269353482,0.9799982097146995
3942,0.16019947302937898,1.7140661228172478,1.766190034116938,0.33635503637766195,1.027583269353482,0.9799982097146995
3943,0.16030907859512217,1.7140661228172478,1.766190034116938,0.33637842602952334,1.027583269353482,0.9799982097146995
3944,0.16033941687231917,1.7140661228172478,1.766190034116938,0.33640141418630554,1.027583269353482,0.9799982097146995
3945,0.16025031622147054,1.7140661228172478,1.766190034116938,0.33642387520652356,1.027583269353482,0.9799982097146995
3946,0.16033369186620192,1.7140661228172478,1.766190034116938,0.336445687408461,1.027583269353482,0.9799982097146995
3947,0.1603111791214723,1.7140661228172478,1.766190034116938,0.33646673387140197,1.027583269353482,0.9799982097146995
3948,0.16031194955413597,1.7140661228172478,1.766190034116938,0.3364869032131607,1.027583269353482,0.9799982097146995
3949,0.16017741162007543,1.7140661228172478,1.766190034116938,0.33650609033720363,1.027583269353482,0.9799982097146995
3950,0.1601780744328949,1.7140661228172478,1.766190034116938,0.3365241971426571,1.027583269353482,0.9799982097146995
3951,0.1600151886084078,1.7140661228172478,1.766190034116938,0.33654113319053625,1.027583269353482,0.9799982097146995
3952,0.16001732482149764,1.7140661228172478,1.766190034116938,0.3365568163197462,1.027583269353482,0.9799982097146995
3953,0.15990480890569503,1.7140661228172478,1.766190034116938,0.3365711732066805,1.027583269353482,0.9799982097146995
3954,0.1598921179465477,1.7140661228172478,1.766190034116938,0.3365841398626825,1.027583269353482,0.9799982097146995
3955,0.15983922605592663,1.7140661228172478,1.766190034116938,0.3365956620641604,1.027583269353482,0.9799982097146995
3956,0.15976857016055657,1.7140661228172478,1.766190034116938,0.3366056957107994,1.027583269353482,0.9799982097146995
3957,0.15986378791143674,1.7140661228172478,1.766190034116938,0.336614207108043,1.027583269353482,0.9799982097146995
3958,0.15977419686887898,1.7140661228172478,1.766190034116938,0.3366211731708539,1.027583269353482,0.9799982097146995
3959,0.1598382933225244,1.7140661228172478,1.766190034116938,0.336626581546643,1.027583269353482,0.9799982097146995
3960,0.1596852550601788,1.7140661228172478,1.766190034116938,0.33663043065618653,1.027583269353482,0.9799982097146995
3961,0.15980491957068602,1.7140661228172478,1.766190034116938,0.3366327296523237,1.027583269353482,0.9799982097146995
3962,0.15965449033798046,1.7140661228172478,1.766190034116938,0.3366334982971586,1.027583269353482,0.9799982097146995
3963,0.15966480924134752,1.7140661228172478,1.766190034116938,0.3366327667594457,1.027583269353482,0.9799982097146995
3964,0.15935254607587718,1.7140661228172478,1.766190034116938,0.3366305753347145,1.027583269353482,0.9799982097146995
3965,0.15940537403311122,1.7140661228172478,1.766190034116938,0.336626974091523,1.027583269353482,0.9799982097146995
3966,0.15912016451012548,1.7140661228172478,1.766190034116938,0.33662202244796097,1.027583269353482,0.9799982097146995
3967,0.15915570054989794,1.7140661228172478,1.766190034116938,0.3366157886831866,1.027583269353482,0.9799982097146995
3968,0.15888028239817914,1.7140661228172478,1.766190034116938,0.3366083493893001,1.027583269353482,0.9799982097146995
3969,0.15889445751313677,1.7140661228172478,1.766190034116938,0.33659978886929154,1.027583269353482,0.9799982097146995
3970,0.15875593777247088,1.7140661228172478,1.766190034116938,0.33659019848711014,1.027583269353482,0.9799982097146995
3971,0.15875193083228475,1.7140661228172478,1.766190034116938,0.3365796759760675,1.027583269353482,0.9799982097146995
3972,0.1587518468727843,1.7140661228172478,1.766190034116938,0.3365683247118838,1.027583269353482,0.9799982097146995
3973,0.15875704914352823,1.7140661228172478,1.766190034116938,0.33655625295663977,1.027583269353482,0.9799982097146995
3974,0.1587336244228846,1.7140661228172478,1.766190034116938,0.33654357307977384,1.027583269353482,0.9799982097146995
3975,0.15867357788018158,1.7140661228172478,1.766190034116938,0.33653040076204804,1.027583269353482,0.9799982097146995
3976,0.15886808976589217,1.7140661228172478,1.766190034116938,0.3365168541881378,1.027583269353482,0.9799982097146995
3977,0.15883132914608372,1.7140661228172478,1.766190034116938,0.3365030532331689,1.027583269353482,0.9799982097146995
3978,0.15895438829557892,1.7140661228172478,1.766190034116938,0.3364891186481553,1.027583269353482,0.9799982097146995
3979,0.15884777263714284,1.7140661228172478,1.766190034116938,0.3364751712489101,1.027583269353482,0.9799982097146995
3980,0.15891906877832124,1.7140661228172478,1.766190034116938,0.33646133111262255,1.027583269353482,0.9799982097146995
3981,0.15874507576399832,1.7140661228172478,1.766190034116938,0.33644771678588176,1.027583269353482,0.9799982097146995
3982,0.15875655088535767,1.7140661228172478,1.766190034116938,0.3364344445075857,1.027583269353482,0.9799982097146995
3983,0.15853183866174525,1.7140661228172478,1.766190034116938,0.33642162744980497,1.027583269353482,0.9799982097146995
3984,0.15850841548739,1.7140661228172478,1.766190034116938,0.3364093749793373,1.027583269353482,0.9799982097146995
3985,0.15816668846148685,1.7140661228172478,1.766190034116938,0.3363977919423434,1.027583269353482,0.9799982097146995
3986,0.15817491084929855,1.7140661228172478,1.766190034116938,0.33638697797411043,1.027583269353482,0.9799982097146995
3987,0.1581742650167331,1.7140661228172478,1.766190034116938,0.33637702683550025,1.027583269353482,0.9799982097146995
3988,0.15818740357228087,1.7140661228172478,1.766190034116938,0.33636802577698516,1.027583269353482,0.9799982097146995
3989,0.15814392506575634,1.7140661228172478,1.766190034116938,0.33636005492999094,1.027583269353482,0.9799982097146995
3990,0.1581917634676076,1.7140661228172478,1.766190034116938,0.3363531867230555,1.027583269353482,0.9799982097146995
3991,0.15819664847412507,1.7140661228172478,1.766190034116938,0.33634748531553404,1.027583269353482,0.9799982097146995
3992,0.15825556531276166,1.7140661228172478,1.766190034116938,0.33634300603027445,1.027583269353482,0.9799982097146995
3993,0.158426756949746,1.7140661228172478,1.766190034116938,0.3363397947353042,1.027583269353482,0.9799982097146995
3994,0.15856997818268975,1.7140661228172478,1.766190034116938,0.3363378870155758,1.027583269353482,0.9799982097146995
3995,0.1587488309408519,1.7140661228172478,1.766190034116938,0.33633730641202386,1.027583269353482,0.9799982097146995
3996,0.1589289338453015,1.7140661228172478,1.766190034116938,0.3363380527866927,1.027583269353482,0.9799982097146995
3997,0.15919392131342494,1.7140661228172478,1.766190034116938,0.3363401518327646,1.027583269353482,0.9799982097146995
3998,0.15947865978084316,1.7140661228172478,1.766190034116938,0.33634360969716315,1.027583269353482,0.9799982097146995
3999,0.15965501509409877,1.7140661228172478,1.766190034116938,0.33634842035722634,1.027583269353482,0.9799982097146995
4000,0.1598271274555633,1.7140661228172478,1.766190034116938,0.33635456671504566,1.027583269353482,0.9799982097146995
4001,0.15992177953811412,1.7140661228172478,1.766190034116938,0.33636202098859086,1.027583269353482,0.9799982097146995
4002,0.15996230904417874,1.7140661228172478,1.766190034116938,0.3363707449611163,1.027583269353482,0.9799982097146995
4003,0.1599983229785806,1.7140661228172478,1.766190034116938,0.336380690222215,1.027583269353482,0.9799982097146995
4004,0.15993528028342105,1.7140661228172478,1.766190034116938,0.3363917984458036,1.027583269353482,0.9799982097146995
4005,0.15994096723829568,1.7140661228172478,1.766190034116938,0.3364040017237805,1.027583269353482,0.9799982097146995
4006,0.15979642809974073,1.7140661228172478,1.766190034116938,0.33641722296388477,1.027583269353482,0.9799982097146995
4007,0.15977191903380675,1.7140661228172478,1.766190034116938,0.3364313763554143,1.027583269353482,0.9799982097146995
4008,0.15955228128729473,1.7140661228172478,1.766190034116938,0.33644636790373494,1.027583269353482,0.9799982097146995
4009,0.15944425944073165,1.7140661228172478,1.766190034116938,0.3364620960326309,1.027583269353482,0.9799982097146995
4010,0.1593437850309508,1.7140661228172478,1.766190034116938,0.33647845225213846,1.027583269353482,0.9799982097146995
4011,0.15918754759609835,1.7140661228172478,1.766190034116938,0.33649532188829606,1.027583269353482,0.9799982097146995
4012,0.15914398322982234,1.7140661228172478,1.766190034116938,0.3365125848702114,1.027583269353482,0.9799982097146995
4013,0.15898467672458044,1.7140661228172478,1.766190034116938,0.3365301165689244,1.027583269353482,0.9799982097146995
4014,0.15893820621518503,1.7140661228172478,1.766190034116938,0.3365477886817309,1.027583269353482,0.9799982097146995
4015,0.1587377808038724,1.7140661228172478,1.766190034116938,0.33656547015493454,1.027583269353482,0.9799982097146995
4016,0.15873917828123232,1.7140661228172478,1.766190034116938,0.3365830281374319,1.027583269353482,0.9799982097146995
4017,0.1585247569943095,1.7140661228172478,1.766190034116938,0.33660032895706643,1.027583269353482,0.9799982097146995
4018,0.15857763415725432,1.7140661228172478,1.766190034116938,0.3366172391114097,1.027583269353482,0.9799982097146995
4019,0.15851518453668595,1.7140661228172478,1.766190034116938,0.3366336262644184,1.027583269353482,0.9799982097146995
4020,0.15853430241771038,1.7140661228172478,1.766190034116938,0.33664936024040737,1.027583269353482,0.9799982097146995
4021,0.15857518008048355,1.7140661228172478,1.766190034116938,0.3366643140068645,1.027583269353482,0.9799982097146995
4022,0.1585787911179933,1.7140661228172478,1.766190034116938,0.33667836463784767,1.027583269353482,0.9799982097146995
4023,0.15843774671851993,1.7140661228172478,1.766190034116938,0.336691394250069,1.027583269353482,0.9799982097146995
4024,0.1584428662121552,1.7140661228172478,1.766190034116938,0.33670329090416207,1.027583269353482,0.9799982097146995
4025,0.15828617019017777,1.7140661228172478,1.766190034116938,0.3367139494641945,1.027583269353482,0.9799982097146995
4026,0.15831348578987028,1.7140661228172478,1.766190034116938,0.3367232724090405,1.027583269353482,0.9799982097146995
4027,0.1581621902791291,1.7140661228172478,1.766190034116938,0.33673117058986907,1.027583269353482,0.9799982097146995
4028,0.15818444337385007,1.7140661228172478,1.766190034116938,0.3367375639286631,1.027583269353482,0.9799982097146995
4029,0.15805413416482889,1.7140661228172478,1.766190034116938,0.33674238205334545,1.027583269353482,0.9799982097146995
4030,0.15796556331617223,1.7140661228172478,1.766190034116938,0.33674556486574647,1.027583269353482,0.9799982097146995
4031,0.1578299470264808,1.7140661228172478,1.766190034116938,0.3367470630392874,1.027583269353482,0.9799982097146995
4032,0.15735771970187676,1.7140661228172478,1.766190034116938,0.3367468384438468,1.027583269353482,0.9799982097146995
4033,0.15739500498321932,1.7140661228172478,1.766190034116938,0.33674486449583413,1.027583269353482,0.9799982097146995
4034,0.15683868331303616,1.7140661228172478,1.766190034116938,0.33674112643200727,1.027583269353482,0.9799982097146995
4035,0.15686240986083538,1.7140661228172478,1.766190034116938,0.33673562150601377,1.027583269353482,0.9799982097146995
4036,0.15630201286594267,1.7140661228172478,1.766190034116938,0.336728359107038,1.027583269353482,0.9799982097146995
4037,0.15623448958695527,1.7140661228172478,1.766190034116938,0.3367193608002944,1.027583269353482,0.9799982097146995
4038,0.15593430147080156,1.7140661228172478,1.766190034116938,0.33670866028940083,1.027583269353482,0.9799982097146995
4039,0.15576078724077622,1.7140661228172478,1.766190034116938,0.3366963033009529,1.027583269353482,0.9799982097146995
4040,0.1557890709963576,1.7140661228172478,1.766190034116938,0.33668234739186303,1.027583269353482,0.9799982097146995
4041,0.15563259551472985,1.7140661228172478,1.766190034116938,0.33666686168025967,1.027583269353482,0.9799982097146995
4042,0.15566906846420347,1.7140661228172478,1.766190034116938,0.3366499265009793,1.027583269353482,0.9799982097146995
4043,0.15545708722270382,1.7140661228172478,1.766190034116938,0.3366316329869253,1.027583269353482,0.9799982097146995
4044,0.15564519707217342,1.7140661228172478,1.766190034116938,0.33661208257783787,1.027583269353482,0.9799982097146995
4045,0.15564623045238735,1.7140661228172478,1.766190034116938,0.33659138645830317,1.027583269353482,0.9799982097146995
4046,0.15570134478085987,1.7140661228172478,1.766190034116938,0.33656966492717655,1.027583269353482,0.9799982097146995
4047,0.15574170904229984,1.7140661228172478,1.766190034116938,0.33654704670096175,1.027583269353482,0.9799982097146995
4048,0.1557191123059709,1.7140661228172478,1.766190034116938,0.336523668154134,1.027583269353482,0.9799982097146995
4049,0.1556343773954552,1.7140661228172478,1.766190034116938,0.3364996724998489,1.027583269353482,0.9799982097146995
4050,0.1556443317394944,1.7140661228172478,1.766190034116938,0.33647520891502053,1.027583269353482,0.9799982097146995
4051,0.15569155546092858,1.7140661228172478,1.766190034116938,0.336450431614315,1.027583269353482,0.9799982097146995
4052,0.155691240896875,1.7140661228172478,1.766190034116938,0.3364254988781994,1.027583269353482,0.9799982097146995
4053,0.15544006375550554,1.7140661228172478,1.766190034116938,0.33640057204081597,1.027583269353482,0.9799982097146995
4054,0.15542817752655363,1.7140661228172478,1.766190034116938,0.33637581444410014,1.027583269353482,0.9799982097146995
4055,0.1551147953274988,1.7140661228172478,1.766190034116938,0.33635139036518485,1.027583269353482,0.9799982097146995
4056,0.1549933020279474,1.7140661228172478,1.766190034116938,0.336327463924794,1.027583269353482,0.9799982097146995
4057,0.15503000353804836,1.7140661228172478,1.766190034116938,0.33630419798492694,1.027583269353482,0.9799982097146995
4058,0.15483153121725302,1.7140661228172478,1.766190034116938,0.3362817530447795,1.027583269353482,0.9799982097146995
4059,0.15485188846981313,1.7140661228172478,1.766190034116938,0.3362602861444211,1.027583269353482,0.9799982097146995
4060,0.15484322020094995,1.7140661228172478,1.766190034116938,0.336239949786429,1.027583269353482,0.9799982097146995
4061,0.15482735979886283,1.7140661228172478,1.766190034116938,0.33622089088641277,1.027583269353482,0.9799982097146995
4062,0.15489710692183137,1.7140661228172478,1.766190034116938,0.3362032497643958,1.027583269353482,0.9799982097146995
4063,0.15491762551123012,1.7140661228172478,1.766190034116938,0.33618715919056136,1.027583269353482,0.9799982097146995
4064,0.1549339696338011,1.7140661228172478,1.766190034116938,0.33617274350161486,1.027583269353482,0.9799982097146995
4065,0.15472333116616024,1.7140661228172478,1.766190034116938,0.3361601178091502,1.027583269353482,0.9799982097146995
4066,0.15479072161489205,1.7140661228172478,1.766190034116938,0.3361493873321269,1.027583269353482,0.9799982097146995
4067,0.1546726068623087,1.7140661228172478,1.766190034116938,0.3361406469097066,1.027583269353482,0.9799982097146995
4068,0.15468333136218648,1.7140661228172478,1.766190034116938,0.336133980812455,1.027583269353482,0.9799982097146995
4069,0.154695846088672,1.7140661228172478,1.766190034116938,0.3361294631576657,1.027583269353482,0.9799982097146995
4070,0.15472996357417473,1.7140661228172478,1.766190034116938,0.3361271599930577,1.027583269353482,0.9799982097146995
4071,0.1544462533464428,1.7140661228172478,1.766190034116938,0.33612713947031775,1.027583269353482,0.9799982097146995
4072,0.15456357333447995,1.7140661228172478,1.766190034116938,0.33612306918158597,1.027583269353482,0.9799982097146995
4073,0.15426756114899998,1.7140661228172478,1.766190034116938,0.33611505404350894,1.027583269353482,0.9799982097146995
4074,0.15432138015430016,1.7140661228172478,1.766190034116938,0.33610315095075294,1.027583269353482,0.9799982097146995
4075,0.15419736959257518,1.7140661228172478,1.766190034116938,0.3360873904152404,1.027583269353482,0.9799982097146995
4076,0.1543862686343654,1.7140661228172478,1.766190034116938,0.33606778419907174,1.027583269353482,0.9799982097146995
4077,0.15440377667929564,1.7140661228172478,1.766190034116938,0.33604433075426066,1.027583269353482,0.9799982097146995
4078,0.15461196187575274,1.7140661228172478,1.766190034116938,0.3360170205057163,1.027583269353482,0.9799982097146995
4079,0.15477361915320692,1.7140661228172478,1.766190034116938,0.33598584162922907,1.027583269353482,0.9799982097146995
4080,0.15491898330002887,1.7140661228172478,1.766190034116938,0.3359507866273457,1.027583269353482,0.9799982097146995
4081,0.15488909383794486,1.7140661228172478,1.766190034116938,0.33591185987499905,1.027583269353482,0.9799982097146995
4082,0.1549767296693084,1.7140661228172478,1.766190034116938,0.3358690862258371,1.027583269353482,0.9799982097146995
4083,0.15480497163287735,1.7140661228172478,1.766190034116938,0.3358225206892596,1.027583269353482,0.9799982097146995
4084,0.1548230301370075,1.7140661228172478,1.766190034116938,0.33577225908669717,1.027583269353482,0.9799982097146995
4085,0.15480195483293038,1.7140661228172478,1.766190034116938,0.33571844946326956,1.027583269353482,0.9799982097146995
4086,0.15478132398583475,1.7140661228172478,1.766190034116938,0.3356613038631588,1.027583269353482,0.9799982097146995
4087,0.15475666051171932,1.7140661228172478,1.766190034116938,0.33560110987568437,1.027583269353482,0.9799982097146995
4088,0.15464545878089403,1.7140661228172478,1.766190034116938,0.33553824113427644,1.027583269353482,0.9799982097146995
4089,0.15467033893915508,1.7140661228172478,1.766190034116938,0.3354731657234012,1.027583269353482,0.9799982097146995
4090,0.15466444551032263,1.7140661228172478,1.766190034116938,0.335406451252908,1.027583269353482,0.9799982097146995
4091,0.15468707093015063,1.7140661228172478,1.766190034116938,0.33533876524201556,1.027583269353482,0.9799982097146995
4092,0.15500142643362597,1.7140661228172478,1.766190034116938,0.33527086947232065,1.027583269353482,0.9799982097146995
4093,0.15501007593869096,1.7140661228172478,1.766190034116938,0.3352036071775387,1.027583269353482,0.9799982097146995
4094,0.15513707673469634,1.7140661228172478,1.766190034116938,0.3351378823804317,1.027583269353482,0.9799982097146995
4095,0.15535578591635013,1.7140661228172478,1.766190034116938,0.33507463137602067,1.027583269353482,0.9799982097146995
4096,0.15526291979096762,1.7140661228172478,1.766190034116938,0.3350147872560607,1.027583269353482,0.9799982097146995
4097,0.15550911280714255,1.7140661228172478,1.766190034116938,0.3349592393724157,1.027583269353482,0.9799982097146995
4098,0.15548622408518661,1.7140661228172478,1.766190034116938,0.3349087905874252,1.027583269353482,0.9799982097146995
4099,0.1557070071933034,1.7140661228172478,1.766190034116938,0.3348641158633202,1.027583269353482,0.9799982097146995
4100,0.1556872919520196,1.7140661228172478,1.766190034116938,0.334825726014541,1.027583269353482,0.9799982097146995
4101,0.15586043233571598,1.7140661228172478,1.766190034116938,0.33479394016316555,1.027583269353482,0.9799982097146995
4102,0.15595333031794445,1.7140661228172478,1.766190034116938,0.33476886958514585,1.027583269353482,0.9799982097146995
4103,0.1556713012257455,1.7140661228172478,1.766190034116938,0.33475041433088476,1.027583269353482,0.9799982097146995
4104,0.15577686864596646,1.7140661228172478,1.766190034116938,0.3347382724769994,1.027583269353482,0.9799982097146995
4105,0.15543551994556556,1.7140661228172478,1.766190034116938,0.33473196040252157,1.027583269353482,0.9799982097146995
4106,0.1552826437373586,1.7140661228172478,1.766190034116938,0.33473084134820497,1.027583269353482,0.9799982097146995
4107,0.1552240828604811,1.7140661228172478,1.766190034116938,0.334734158890106,1.027583269353482,0.9799982097146995
4108,0.15516255896050807,1.7140661228172478,1.766190034116938,0.3347410718898593,1.027583269353482,0.9799982097146995
4109,0.1551639968509156,1.7140661228172478,1.766190034116938,0.3347506879025414,1.027583269353482,0.9799982097146995
4110,0.15511438976749486,1.7140661228172478,1.766190034116938,0.3347620927710677,1.027583269353482,0.9799982097146995
4111,0.1552264160499089,1.7140661228172478,1.766190034116938,0.33477437502366414,1.027583269353482,0.9799982097146995
4112,0.15494516160353264,1.7140661228172478,1.766190034116938,0.3347866445448135,1.027583269353482,0.9799982097146995
4113,0.15506582352062126,1.7140661228172478,1.766190034116938,0.3347980456829605,1.027583269353482,0.9799982097146995
4114,0.15487920455118906,1.7140661228172478,1.766190034116938,0.33480776540947366,1.027583269353482,0.9799982097146995
4115,0.1548120415274661,1.7140661228172478,1.766190034116938,0.3348150372690678,1.027583269353482,0.9799982097146995
4116,0.15472857093472786,1.7140661228172478,1.766190034116938,0.3348191413175905,1.027583269353482,0.9799982097146995
4117,0.15470979469241486,1.7140661228172478,1.766190034116938,0.3348193959348543,1.027583269353482,0.9799982097146995
4118,0.1546914463192272,1.7140661228172478,1.766190034116938,0.33481467600097836,1.027583269353482,0.9799982097146995
4119,0.15447311960203197,1.7140661228172478,1.766190034116938,0.3348043507004398,1.027583269353482,0.9799982097146995
4120,0.15463522930883752,1.7140661228172478,1.766190034116938,0.3347878620635025,1.027583269353482,0.9799982097146995
4121,0.15397466034953847,1.7140661228172478,1.766190034116938,0.33476473751542296,1.027583269353482,0.9799982097146995
4122,0.15401200898769946,1.7140661228172478,1.766190034116938,0.33473459954727514,1.027583269353482,0.9799982097146995
4123,0.1535997789668563,1.7140661228172478,1.766190034116938,0.3346971772996106,1.027583269353482,0.9799982097146995
4124,0.15343322732635628,1.7140661228172478,1.766190034116938,0.33465232046998244,1.027583269353482,0.9799982097146995
4125,0.15336131376919102,1.7140661228172478,1.766190034116938,0.3346000151115925,1.027583269353482,0.9799982097146995
4126,0.1533061375423904,1.7140661228172478,1.766190034116938,0.33454040040954736,1.027583269353482,0.9799982097146995
4127,0.15330258174885386,1.7140661228172478,1.766190034116938,0.3344737851045772,1.027583269353482,0.9799982097146995
4128,0.15312777537396743,1.7140661228172478,1.766190034116938,0.3344006618532012,1.027583269353482,0.9799982097146995
4129,0.15319258889448592,1.7140661228172478,1.766190034116938,0.3343217175000755,1.027583269353482,0.9799982097146995
4130,0.15295460553190668,1.7140661228172478,1.766190034116938,0.3342378370506808,1.027583269353482,0.9799982097146995
4131,0.15270492331845048,1.7140661228172478,1.766190034116938,0.3341500991415382,1.027583269353482,0.9799982097146995
4132,0.15273267435689236,1.7140661228172478,1.766190034116938,0.33405976108086693,1.027583269353482,0.9799982097146995
4133,0.15238040508405706,1.7140661228172478,1.766190034116938,0.3339682321258707,1.027583269353482,0.9799982097146995
4134,0.15245869750260538,1.7140661228172478,1.766190034116938,0.3338770345849403,1.027583269353482,0.9799982097146995
4135,0.15247665536405033,1.7140661228172478,1.766190034116938,0.3337877535357133,1.027583269353482,0.9799982097146995
4136,0.15244965010497796,1.7140661228172478,1.766190034116938,0.3337019773151774,1.027583269353482,0.9799982097146995
4137,0.1523923663474826,1.7140661228172478,1.766190034116938,0.33362123228179347,1.027583269353482,0.9799982097146995
4138,0.15236567816267652,1.7140661228172478,1.766190034116938,0.33354691644641954,1.027583269353482,0.9799982097146995
4139,0.15219721452562968,1.7140661228172478,1.766190034116938,0.33348023719422026,1.027583269353482,0.9799982097146995
4140,0.15220694781263977,1.7140661228172478,1.766190034116938,0.33342215830427113,1.027583269353482,0.9799982097146995
4141,0.15217583101839938,1.7140661228172478,1.766190034116938,0.3333733607521925,1.027583269353482,0.9799982097146995
4142,0.1522012058883325,1.7140661228172478,1.766190034116938,0.3333342204225815,1.027583269353482,0.9799982097146995
4143,0.15218027150876035,1.7140661228172478,1.766190034116938,0.333304804060908,1.027583269353482,0.9799982097146995
4144,0.1520908933081252,1.7140661228172478,1.766190034116938,0.3332848828483282,1.027583269353482,0.9799982097146995
4145,0.15214644671008862,1.7140661228172478,1.766190034116938,0.3332739612031122,1.027583269353482,0.9799982097146995
4146,0.15204630177413334,1.7140661228172478,1.766190034116938,0.33327131706955415,1.027583269353482,0.9799982097146995
4147,0.1521326877058486,1.7140661228172478,1.766190034116938,0.33327604921837706,1.027583269353482,0.9799982097146995
4148,0.15218375242113075,1.7140661228172478,1.766190034116938,0.3332871269930527,1.027583269353482,0.9799982097146995
4149,0.15240749026882797,1.7140661228172478,1.766190034116938,0.3333034384157646,1.027583269353482,0.9799982097146995
4150,0.1523411139513943,1.7140661228172478,1.766190034116938,0.3333238334521497,1.027583269353482,0.9799982097146995
4151,0.15287210049499553,1.7140661228172478,1.766190034116938,0.3333471603265263,1.027583269353482,0.9799982097146995
4152,0.15280091899482637,1.7140661228172478,1.766190034116938,0.3333722938898384,1.027583269353482,0.9799982097146995
4153,0.15301499657908055,1.7140661228172478,1.766190034116938,0.33339815602430856,1.027583269353482,0.9799982097146995
4154,0.15319464602574376,1.7140661228172478,1.766190034116938,0.33342372883221094,1.027583269353482,0.9799982097146995
4155,0.1528579615836234,1.7140661228172478,1.766190034116938,0.3334480618677004,1.027583269353482,0.9799982097146995
4156,0.1529699265985828,1.7140661228172478,1.766190034116938,0.33347027494012726,1.027583269353482,0.9799982097146995
4157,0.15272080794359455,1.7140661228172478,1.766190034116938,0.33348955808026687,1.027583269353482,0.9799982097146995
4158,0.15267845300593882,1.7140661228172478,1.766190034116938,0.3335051701588487,1.027583269353482,0.9799982097146995
4159,0.1526279773073067,1.7140661228172478,1.766190034116938,0.3335164373988246,1.027583269353482,0.9799982097146995
4160,0.1525001919956118,1.7140661228172478,1.766190034116938,0.3335227525304462,1.027583269353482,0.9799982097146995
4161,0.152491841361932,1.7140661228172478,1.766190034116938,0.3335235735304272,1.027583269353482,0.9799982097146995
4162,0.15221971427256903,1.7140661228172478,1.766190034116938,0.33351835458887436,1.027583269353482,0.9799982097146995
4163,0.15225842644758122,1.7140661228172478,1.766190034116938,0.3335067285492604,1.027583269353482,0.9799982097146995
4164,0.15211959575733958,1.7140661228172478,1.766190034116938,0.3334884195723591,1.027583269353482,0.9799982097146995
4165,0.15208896247744344,1.7140661228172478,1.766190034116938,0.333463259724173,1.027583269353482,0.9799982097146995
4166,0.1521951949812628,1.7140661228172478,1.766190034116938,0.3334312034022662,1.027583269353482,0.9799982097146995
4167,0.15231394593723074,1.7140661228172478,1.766190034116938,0.33339234133252615,1.027583269353482,0.9799982097146995
4168,0.15237131208032095,1.7140661228172478,1.766190034116938,0.3333469131079701,1.027583269353482,0.9799982097146995
4169,0.15279792637080872,1.7140661228172478,1.766190034116938,0.3332953167701735,1.027583269353482,0.9799982097146995
4170,0.1527972026515343,1.7140661228172478,1.766190034116938,0.33323811381932666,1.027583269353482,0.9799982097146995
4171,0.1530566275831893,1.7140661228172478,1.766190034116938,0.3331760281327521,1.027583269353482,0.9799982097146995
4172,0.15312091179985474,1.7140661228172478,1.766190034116938,0.33310993756469665,1.027583269353482,0.9799982097146995
4173,0.15310654216144107,1.7140661228172478,1.766190034116938,0.3330408574865193,1.027583269353482,0.9799982097146995
4174,0.15310400087102208,1.7140661228172478,1.766190034116938,0.3329699161768189,1.027583269353482,0.9799982097146995
4175,0.15304463532062504,1.7140661228172478,1.766190034116938,0.33289832272581704,1.027583269353482,0.9799982097146995
4176,0.15302547167225916,1.7140661228172478,1.766190034116938,0.3328273288901212,1.027583269353482,0.9799982097146995
4177,0.1529949896318286,1.7140661228172478,1.766190034116938,0.33275818701880017,1.027583269353482,0.9799982097146995
4178,0.1530406016869188,1.7140661228172478,1.766190034116938,0.33269210666676163,1.027583269353482,0.9799982097146995
4179,0.15303828527590638,1.7140661228172478,1.766190034116938,0.33263021273503857,1.027583269353482,0.9799982097146995
4180,0.15300192824689948,1.7140661228172478,1.766190034116938,0.3325735078873914,1.027583269353482,0.9799982097146995
4181,0.15300207052440226,1.7140661228172478,1.766190034116938,0.3325228415957328,1.027583269353482,0.9799982097146995
4182,0.15291824765085785,1.7140661228172478,1.766190034116938,0.33247888751985694,1.027583269353482,0.9799982097146995
4183,0.1529394898942314,1.7140661228172478,1.766190034116938,0.3324421301248468,1.027583269353482,0.9799982097146995
4184,0.1529946664141762,1.7140661228172478,1.766190034116938,0.3324128605966388,1.027583269353482,0.9799982097146995
4185,0.1530855296765271,1.7140661228172478,1.766190034116938,0.3323911813441874,1.027583269353482,0.9799982097146995
4186,0.15313563849858286,1.7140661228172478,1.766190034116938,0.3323770177648084,1.027583269353482,0.9799982097146995
4187,0.1533560078706157,1.7140661228172478,1.766190034116938,0.3323701355519312,1.027583269353482,0.9799982097146995
4188,0.15329652376724226,1.7140661228172478,1.766190034116938,0.3323701616572933,1.027583269353482,0.9799982097146995
4189,0.15376934646437765,1.7140661228172478,1.766190034116938,0.3323766070635435,1.027583269353482,0.9799982097146995
4190,0.15366458297748084,1.7140661228172478,1.766190034116938,0.33238888973476227,1.027583269353482,0.9799982097146995
4191,0.154141457567558,1.7140661228172478,1.766190034116938,0.3324063564356392,1.027583269353482,0.9799982097146995
4192,0.15407003402614133,1.7140661228172478,1.766190034116938,0.3324283024879018,1.027583269353482,0.9799982097146995
4193,0.1545088894499876,1.7140661228172478,1.766190034116938,0.332453988915647,1.027583269353482,0.9799982097146995
4194,0.1545509618700989,1.7140661228172478,1.766190034116938,0.33248265678216865,1.027583269353482,0.9799982097146995
4195,0.15504926291659488,1.7140661228172478,1.766190034116938,0.3325135388160055,1.027583269353482,0.9799982097146995
4196,0.15512224942445607,1.7140661228172478,1.766190034116938,0.3325458686517446,1.027583269353482,0.9799982097146995
4197,0.1556115931531241,1.7140661228172478,1.766190034116938,0.3325788881693927,1.027583269353482,0.9799982097146995
4198,0.15567864121634145,1.7140661228172478,1.766190034116938,0.33261185350860395,1.027583269353482,0.9799982097146995
4199,0.155931037961327,1.7140661228172478,1.766190034116938,0.33264404036735035,1.027583269353482,0.9799982097146995
4200,0.156022998980524,1.7140661228172478,1.766190034116938,0.33267474917582673,1.027583269353482,0.9799982097146995
4201,0.15613318866521625,1.7140661228172478,1.766190034116938,0.33270331067167835,1.027583269353482,0.9799982097146995
4202,0.15619039555189923,1.7140661228172478,1.766190034116938,0.33272909229667874,1.027583269353482,0.9799982097146995
4203,0.15617490008472074,1.7140661228172478,1.766190034116938,0.3327515056908069,1.027583269353482,0.9799982097146995
4204,0.15605618887519404,1.7140661228172478,1.766190034116938,0.3327700153779134,1.027583269353482,0.9799982097146995
4205,0.15600043434091954,1.7140661228172478,1.766190034116938,0.3327841485106774,1.027583269353482,0.9799982097146995
4206,0.1558194583332494,1.7140661228172478,1.766190034116938,0.3327935052263251,1.027583269353482,0.9799982097146995
4207,0.15591749340851144,1.7140661228172478,1.766190034116938,0.33279776846878417,1.027583269353482,0.9799982097146995
4208,0.15568542138739425,1.7140661228172478,1.766190034116938,0.33279670770569736,1.027583269353482,0.9799982097146995
4209,0.1558595964150942,1.7140661228172478,1.766190034116938,0.3327902954324059,1.027583269353482,0.9799982097146995
4210,0.15558485257942614,1.7140661228172478,1.766190034116938,0.3327785553262534,1.027583269353482,0.9799982097146995
4211,0.1558731921029442,1.7140661228172478,1.766190034116938,0.33276162159180955,1.027583269353482,0.9799982097146995
4212,0.1557417115352846,1.7140661228172478,1.766190034116938,0.3327397431894987,1.027583269353482,0.9799982097146995
4213,0.15605280559366516,1.7140661228172478,1.766190034116938,0.3327132818771454,1.027583269353482,0.9799982097146995
4214,0.155997279277877,1.7140661228172478,1.766190034116938,0.33268270563643654,1.027583269353482,0.9799982097146995
4215,0.15627220947640916,1.7140661228172478,1.766190034116938,0.3326485778966586,1.027583269353482,0.9799982097146995
4216,0.156241072709201,1.7140661228172478,1.766190034116938,0.33261154305208396,1.027583269353482,0.9799982097146995
4217,0.15643676886937655,1.7140661228172478,1.766190034116938,0.33257230900017254,1.027583269353482,0.9799982097146995
4218,0.15642683169996566,1.7140661228172478,1.766190034116938,0.33253162763365085,1.027583269353482,0.9799982097146995
4219,0.1565507087469254,1.7140661228172478,1.766190034116938,0.33249027434436446,1.027583269353482,0.9799982097146995
4220,0.15656542759056472,1.7140661228172478,1.766190034116938,0.33244902761873873,1.027583269353482,0.9799982097146995
4221,0.15658222786761364,1.7140661228172478,1.766190034116938,0.3324086497228642,1.027583269353482,0.9799982097146995
4222,0.1565980103219237,1.7140661228172478,1.766190034116938,0.3323698693054373,1.027583269353482,0.9799982097146995
4223,0.15643692608192708,1.7140661228172478,1.766190034116938,0.3323333665160293,1.027583269353482,0.9799982097146995
4224,0.15648806514732505,1.7140661228172478,1.766190034116938,0.33229976097729813,1.027583269353482,0.9799982097146995
4225,0.1562219677335038,1.7140661228172478,1.766190034116938,0.33226960269518624,1.027583269353482,0.9799982097146995
4226,0.15625082558946027,1.7140661228172478,1.766190034116938,0.33224336576810015,1.027583269353482,0.9799982097146995
4227,0.15608126744758494,1.7140661228172478,1.766190034116938,0.3322214445835273,1.027583269353482,0.9799982097146995
4228,0.15595855009794274,1.7140661228172478,1.766190034116938,0.3322041520779562,1.027583269353482,0.9799982097146995
4229,0.1558625665076446,1.7140661228172478,1.766190034116938,0.3321917195843783,1.027583269353482,0.9799982097146995
4230,0.15570975994026648,1.7140661228172478,1.766190034116938,0.3321842977950813,1.027583269353482,0.9799982097146995
4231,0.15570033123977345,1.7140661228172478,1.766190034116938,0.3321819584158103,1.027583269353482,0.9799982097146995
4232,0.1556329212073927,1.7140661228172478,1.766190034116938,0.33218469616843266,1.027583269353482,0.9799982097146995
4233,0.15569994804738685,1.7140661228172478,1.766190034116938,0.3321924309007005,1.027583269353482,0.9799982097146995
4234,0.15560799113177984,1.7140661228172478,1.766190034116938,0.3322050096722822,1.027583269353482,0.9799982097146995
4235,0.1557769131176782,1.7140661228172478,1.766190034116938,0.33222220879634456,1.027583269353482,0.9799982097146995
4236,0.15553569025609468,1.7140661228172478,1.766190034116938,0.3322437359176948,1.027583269353482,0.9799982097146995
4237,0.15566130107604184,1.7140661228172478,1.766190034116938,0.3322692322954828,1.027583269353482,0.9799982097146995
4238,0.1554418096098685,1.7140661228172478,1.766190034116938,0.33229827552545227,1.027583269353482,0.9799982097146995
4239,0.15547459629189142,1.7140661228172478,1.766190034116938,0.33233038297943396,1.027583269353482,0.9799982097146995
4240,0.15532471112089888,1.7140661228172478,1.766190034116938,0.33236501625462084,1.027583269353482,0.9799982097146995
4241,0.15550932250752594,1.7140661228172478,1.766190034116938,0.33240158690968263,1.027583269353482,0.9799982097146995
4242,0.15542175222443444,1.7140661228172478,1.766190034116938,0.3324394637176956,1.027583269353482,0.9799982097146995
4243,0.15570110697582074,1.7140661228172478,1.766190034116938,0.33247798158797076,1.027583269353482,0.9799982097146995
4244,0.1556673400607592,1.7140661228172478,1.766190034116938,0.3325164522032825,1.027583269353482,0.9799982097146995
4245,0.15555704443102641,1.7140661228172478,1.766190034116938,0.3325541762919245,1.027583269353482,0.9799982097146995
4246,0.15557416594542425,1.7140661228172478,1.766190034116938,0.33259045731453,1.027583269353482,0.9799982097146995
4247,0.1552875677842477,1.7140661228172478,1.766190034116938,0.3326246162056088,1.027583269353482,0.9799982097146995
4248,0.15527310149693072,1.7140661228172478,1.766190034116938,0.3326560066827811,1.027583269353482,0.9799982097146995
4249,0.15524261630529787,1.7140661228172478,1.766190034116938,0.3326840305363674,1.027583269353482,0.9799982097146995
4250,0.15510042652446407,1.7140661228172478,1.766190034116938,0.33270815224981976,1.027583269353482,0.9799982097146995
4251,0.15513801308536215,1.7140661228172478,1.766190034116938,0.3327279122832696,1.027583269353482,0.9799982097146995
4252,0.15504860640771,1.7140661228172478,1.766190034116938,0.33274293837191043,1.027583269353482,0.9799982097146995
4253,0.1549952400132927,1.7140661228172478,1.766190034116938,0.3327529542056718,1.027583269353482,0.9799982097146995
4254,0.1548128930660932,1.7140661228172478,1.766190034116938,0.33275778464643985,1.027583269353482,0.9799982097146995
4255,0.15469419326088713,1.7140661228172478,1.766190034116938,0.3327573540957871,1.027583269353482,0.9799982097146995
4256,0.15425287898324558,1.7140661228172478,1.766190034116938,0.3327518691177544,1.027583269353482,0.9799982097146995
4257,0.15419300186498308,1.7140661228172478,1.766190034116938,0.33274148282128396,1.027583269353482,0.9799982097146995
4258,0.1538014232716566,1.7140661228172478,1.766190034116938,0.3327264331408646,1.027583269353482,0.9799982097146995
4259,0.15380204686945773,1.7140661228172478,1.766190034116938,0.33270703985321903,1.027583269353482,0.9799982097146995
4260,0.15349850741195456,1.7140661228172478,1.766190034116938,0.3326836975380374,1.027583269353482,0.9799982097146995
4261,0.15350226975194392,1.7140661228172478,1.766190034116938,0.33265686705213837,1.027583269353482,0.9799982097146995
4262,0.15310997523370123,1.7140661228172478,1.766190034116938,0.33262706626972127,1.027583269353482,0.9799982097146995
4263,0.1531936902092767,1.7140661228172478,1.766190034116938,0.33259486051210363,1.027583269353482,0.9799982097146995
4264,0.15274371224915606,1.7140661228172478,1.766190034116938,0.3325608529424006,1.027583269353482,0.9799982097146995
4265,0.1527299619539128,1.7140661228172478,1.766190034116938,0.3325256750897968,1.027583269353482,0.9799982097146995
4266,0.15243933645169244,1.7140661228172478,1.766190034116938,0.33248997757309834,1.027583269353482,0.9799982097146995
4267,0.15238128476204477,1.7140661228172478,1.766190034116938,0.33245442101463113,1.027583269353482,0.9799982097146995
4268,0.1522114995632559,1.7140661228172478,1.766190034116938,0.33241966707741694,1.027583269353482,0.9799982097146995
4269,0.152215188039752,1.7140661228172478,1.766190034116938,0.33238636952461614,1.027583269353482,0.9799982097146995
4270,0.15213312486284847,1.7140661228172478,1.766190034116938,0.332355165192372,1.027583269353482,0.9799982097146995
4271,0.1521055829226058,1.7140661228172478,1.766190034116938,0.3323266647852921,1.027583269353482,0.9799982097146995
4272,0.15210695302160687,1.7140661228172478,1.766190034116938,0.33230144344564805,1.027583269353482,0.9799982097146995
4273,0.15197148156649792,1.7140661228172478,1.766190034116938,0.332280031108975,1.027583269353482,0.9799982097146995
4274,0.15210621795347842,1.7140661228172478,1.766190034116938,0.332262902734421,1.027583269353482,0.9799982097146995
4275,0.15188506201598437,1.7140661228172478,1.766190034116938,0.3322504685809712,1.027583269353482,0.9799982097146995
4276,0.15211028832341997,1.7140661228172478,1.766190034116938,0.3322430647825496,1.027583269353482,0.9799982097146995
4277,0.15176889516515776,1.7140661228172478,1.766190034116938,0.3322409445474958,1.027583269353482,0.9799982097146995
4278,0.1520814016965649,1.7140661228172478,1.766190034116938,0.3322442703626881,1.027583269353482,0.9799982097146995
4279,0.15174087733702019,1.7140661228172478,1.766190034116938,0.3322531076120082,1.027583269353482,0.9799982097146995
4280,0.151886331128299,1.7140661228172478,1.766190034116938,0.33226742001713067,1.027583269353482,0.9799982097146995
4281,0.15159957492139245,1.7140661228172478,1.766190034116938,0.3322870672722926,1.027583269353482,0.9799982097146995
4282,0.1515196758714336,1.7140661228172478,1.766190034116938,0.33231180517352527,1.027583269353482,0.9799982097146995
4283,0.15130421358622084,1.7140661228172478,1.766190034116938,0.3323412884400934,1.027583269353482,0.9799982097146995
4284,0.15137663091432077,1.7140661228172478,1.766190034116938,0.33237507629840757,1.027583269353482,0.9799982097146995
4285,0.15131945574306388,1.7140661228172478,1.766190034116938,0.33241264075637805,1.027583269353482,0.9799982097146995
4286,0.15135179850545252,1.7140661228172478,1.766190034116938,0.3324533773511369,1.027583269353482,0.9799982097146995
4287,0.15133780844932657,1.7140661228172478,1.766190034116938,0.3324966180181748,1.027583269353482,0.9799982097146995
4288,0.15116445516353677,1.7140661228172478,1.766190034116938,0.3325416456175215,1.027583269353482,0.9799982097146995
4289,0.1511944277563365,1.7140661228172478,1.766190034116938,0.33258770957273787,1.027583269353482,0.9799982097146995
4290,0.15096514578829195,1.7140661228172478,1.766190034116938,0.33263404203796537,1.027583269353482,0.9799982097146995
4291,0.15105952643717055,1.7140661228172478,1.766190034116938,0.3326798740096606,1.027583269353482,0.9799982097146995
4292,0.1506357096406131,1.7140661228172478,1.766190034116938,0.33272445084122887,1.027583269353482,0.9799982097146995
4293,0.1507374913937459,1.7140661228172478,1.766190034116938,0.3327670466947667,1.027583269353482,0.9799982097146995
4294,0.15037760129231287,1.7140661228172478,1.766190034116938,0.3328069775657088,1.027583269353482,0.9799982097146995
4295,0.15044014128783065,1.7140661228172478,1.766190034116938,0.33284361263276147,1.027583269353482,0.9799982097146995
4296,0.1502854068187377,1.7140661228172478,1.766190034116938,0.3328763838059308,1.027583269353482,0.9799982097146995
4297,0.15011552944714357,1.7140661228172478,1.766190034116938,0.3329047934598892,1.027583269353482,0.9799982097146995
4298,0.14998940907172403,1.7140661228172478,1.766190034116938,0.332928420441179,1.027583269353482,0.9799982097146995
4299,0.14978532243155007,1.7140661228172478,1.766190034116938,0.3329469245246639,1.027583269353482,0.9799982097146995
4300,0.14971376125125818,1.7140661228172478,1.766190034116938,0.3329600495815693,1.027583269353482,0.9799982097146995
4301,0.14961638496158808,1.7140661228172478,1.766190034116938,0.33296762588838463,1.027583269353482,0.9799982097146995
4302,0.1495966845433662,1.7140661228172478,1.766190034116938,0.3329695728235224,1.027583269353482,0.9799982097146995
4303,0.1494750401062344,1.7140661228172478,1.766190034116938,0.3329659184830767,1.027583269353482,0.9799982097146995
4304,0.1494697962760167,1.7140661228172478,1.766190034116938,0.33295672565562284,1.027583269353482,0.9799982097146995
4305,0.1492359493735921,1.7140661228172478,1.766190034116938,0.3329421503345509,1.027583269353482,0.9799982097146995
4306,0.14929421349577085,1.7140661228172478,1.766190034116938,0.33292243259376664,1.027583269353482,0.9799982097146995
4307,0.14898299993438968,1.7140661228172478,1.766190034116938,0.33289789302994577,1.027583269353482,0.9799982097146995
4308,0.1491614947560674,1.7140661228172478,1.766190034116938,0.33286892928712414,1.027583269353482,0.9799982097146995
4309,0.14870122996744495,1.7140661228172478,1.766190034116938,0.33283601189576134,1.027583269353482,0.9799982097146995
4310,0.14883392130892334,1.7140661228172478,1.766190034116938,0.3327996790950037,1.027583269353482,0.9799982097146995
4311,0.14831505087944644,1.7140661228172478,1.766190034116938,0.33276053040232945,1.027583269353482,0.9799982097146995
4312,0.1483725610952271,1.7140661228172478,1.766190034116938,0.3327192187470107,1.027583269353482,0.9799982097146995
4313,0.14802322799446047,1.7140661228172478,1.766190034116938,0.3326764410438175,1.027583269353482,0.9799982097146995
4314,0.1480040942572789,1.7140661228172478,1.766190034116938,0.332632927162291,1.027583269353482,0.9799982097146995
4315,0.14789602643152827,1.7140661228172478,1.766190034116938,0.3325894273448775,1.027583269353482,0.9799982097146995
4316,0.14766205355655046,1.7140661228172478,1.766190034116938,0.3325466982393975,1.027583269353482,0.9799982097146995
4317,0.14763967870358205,1.7140661228172478,1.766190034116938,0.3325054878297702,1.027583269353482,0.9799982097146995
4318,0.1472579450765723,1.7140661228172478,1.766190034116938,0.33246651966341456,1.027583269353482,0.9799982097146995
4319,0.14724742037198818,1.7140661228172478,1.766190034116938,0.33243047687308447,1.027583269353482,0.9799982097146995
4320,0.14685258193709325,1.7140661228172478,1.766190034116938,0.332397986563975,1.027583269353482,0.9799982097146995
4321,0.1468499223534734,1.7140661228172478,1.766190034116938,0.3323696051741625,1.027583269353482,0.9799982097146995
4322,0.14647398668823633,1.7140661228172478,1.766190034116938,0.3323458054111708,1.027583269353482,0.9799982097146995
4323,0.14647462239466788,1.7140661228172478,1.766190034116938,0.3323269653170561,1.027583269353482,0.9799982097146995
4324,0.14603507220426976,1.7140661228172478,1.766190034116938,0.33231335992083094,1.027583269353482,0.9799982097146995
4325,0.14601496105352496,1.7140661228172478,1.766190034116938,0.33230515580724584,1.027583269353482,0.9799982097146995
4326,0.1455501597176817,1.7140661228172478,1.766190034116938,0.3323024087757432,1.027583269353482,0.9799982097146995
4327,0.1455435893222541,1.7140661228172478,1.766190034116938,0.3323050645967637,1.027583269353482,0.9799982097146995
4328,0.14520571838082702,1.7140661228172478,1.766190034116938,0.33231296270964666,1.027583269353482,0.9799982097146995
4329,0.14523064854264844,1.7140661228172478,1.766190034116938,0.3323258425616822,1.027583269353482,0.9799982097146995
4330,0.1450396477699917,1.7140661228172478,1.766190034116938,0.33234335217357097,1.027583269353482,0.9799982097146995
4331,0.14502023602202402,1.7140661228172478,1.766190034116938,0.3323650584411661,1.027583269353482,0.9799982097146995
4332,0.1447441761886196,1.7140661228172478,1.766190034116938,0.3323904586506848,1.027583269353482,0.9799982097146995
4333,0.14465991942090553,1.7140661228172478,1.766190034116938,0.3324189926938813,1.027583269353482,0.9799982097146995
4334,0.14436144589571487,1.7140661228172478,1.766190034116938,0.33245005551589846,1.027583269353482,0.9799982097146995
4335,0.14439686375740748,1.7140661228172478,1.766190034116938,0.332483009403417,1.027583269353482,0.9799982097146995
4336,0.14438326610665997,1.7140661228172478,1.766190034116938,0.33251719581397954,1.027583269353482,0.9799982097146995
4337,0.1445419893659961,1.7140661228172478,1.766190034116938,0.3325519465480751,1.027583269353482,0.9799982097146995
4338,0.14459082616498378,1.7140661228172478,1.766190034116938,0.3325865941632309,1.027583269353482,0.9799982097146995
4339,0.14496976733753691,1.7140661228172478,1.766190034116938,0.33262048161504415,1.027583269353482,0.9799982097146995
4340,0.14494604870198746,1.7140661228172478,1.766190034116938,0.33265297117701853,1.027583269353482,0.9799982097146995
4341,0.1452117676803947,1.7140661228172478,1.766190034116938,0.3326834527348014,1.027583269353482,0.9799982097146995
4342,0.14518323530929148,1.7140661228172478,1.766190034116938,0.33271135156918047,1.027583269353482,0.9799982097146995
4343,0.1449045418950641,1.7140661228172478,1.766190034116938,0.3327361357363286,1.027583269353482,0.9799982097146995
4344,0.14491945209793494,1.7140661228172478,1.766190034116938,0.332757323125642,1.027583269353482,0.9799982097146995
4345,0.14439900601438452,1.7140661228172478,1.766190034116938,0.3327744882286311,1.027583269353482,0.9799982097146995
4346,0.14437638377358886,1.7140661228172478,1.766190034116938,0.3327872685899263,1.027583269353482,0.9799982097146995
4347,0.14392652654791654,1.7140661228172478,1.766190034116938,0.3327953708309533,1.027583269353482,0.9799982097146995
4348,0.143929552287701,1.7140661228172478,1.766190034116938,0.33279857599180074,1.027583269353482,0.9799982097146995
4349,0.14372064874464127,1.7140661228172478,1.766190034116938,0.3327967430118939,1.027583269353482,0.9799982097146995
4350,0.14396985663835365,1.7140661228172478,1.766190034116938,0.3327898227700911,1.027583269353482,0.9799982097146995
4351,0.14386029927318733,1.7140661228172478,1.766190034116938,0.33277784855011944,1.027583269353482,0.9799982097146995
4352,0.1441956832270209,1.7140661228172478,1.766190034116938,0.33276094022289,1.027583269353482,0.9799982097146995
4353,0.14388190945937288,1.7140661228172478,1.766190034116938,0.3327393038963379,1.027583269353482,0.9799982097146995
4354,0.14421224693314155,1.7140661228172478,1.766190034116938,0.332713229421869,1.027583269353482,0.9799982097146995
4355,0.1438754928967344,1.7140661228172478,1.766190034116938,0.33268308581200257,1.027583269353482,0.9799982097146995
4356,0.1442633705469302,1.7140661228172478,1.766190034116938,0.3326493145806813,1.027583269353482,0.9799982097146995
4357,0.14411478547016626,1.7140661228172478,1.766190034116938,0.3326124210960253,1.027583269353482,0.9799982097146995
4358,0.14434684573555184,1.7140661228172478,1.766190034116938,0.3325729641350831,1.027583269353482,0.9799982097146995
4359,0.1442182277057941,1.7140661228172478,1.766190034116938,0.3325315439296526,1.027583269353482,0.9799982097146995
4360,0.1442925354024806,1.7140661228172478,1.766190034116938,0.3324887890799926,1.027583269353482,0.9799982097146995
4361,0.14416838811513527,1.7140661228172478,1.766190034116938,0.33244534278069826,1.027583269353482,0.9799982097146995
4362,0.14417335113431448,1.7140661228172478,1.766190034116938,0.33240184884389,1.027583269353482,0.9799982097146995
4363,0.14418401770900316,1.7140661228172478,1.766190034116938,0.332358938015431,1.027583269353482,0.9799982097146995
4364,0.1440276438139812,1.7140661228172478,1.766190034116938,0.33231721505910783,1.027583269353482,0.9799982097146995
4365,0.14404342964753003,1.7140661228172478,1.766190034116938,0.3322772470334707,1.027583269353482,0.9799982097146995
4366,0.14386366393444874,1.7140661228172478,1.766190034116938,0.33223955311072045,1.027583269353482,0.9799982097146995
4367,0.14387080860112372,1.7140661228172478,1.766190034116938,0.3322045961931751,1.027583269353482,0.9799982097146995
4368,0.14370289099171843,1.7140661228172478,1.766190034116938,0.3321727764782397,1.027583269353482,0.9799982097146995
4369,0.14373634972907856,1.7140661228172478,1.766190034116938,0.33214442701580993,1.027583269353482,0.9799982097146995
4370,0.14338586376166756,1.7140661228172478,1.766190034116938,0.3321198112007538,1.027583269353482,0.9799982097146995
4371,0.1434664011036257,1.7140661228172478,1.766190034116938,0.33209912205451564,1.027583269353482,0.9799982097146995
4372,0.14310008617483821,1.7140661228172478,1.766190034116938,0.3320824830795194,1.027583269353482,0.9799982097146995
4373,0.14313192220202883,1.7140661228172478,1.766190034116938,0.33206995042145243,1.027583269353482,0.9799982097146995
4374,0.14287266424401698,1.7140661228172478,1.766190034116938,0.3320615160492915,1.027583269353482,0.9799982097146995
4375,0.1429250022811467,1.7140661228172478,1.766190034116938,0.3320571116607154,1.027583269353482,0.9799982097146995
4376,0.14275411380444428,1.7140661228172478,1.766190034116938,0.3320566130393252,1.027583269353482,0.9799982097146995
4377,0.14291490033319504,1.7140661228172478,1.766190034116938,0.3320598446264701,1.027583269353482,0.9799982097146995
4378,0.14284369533747282,1.7140661228172478,1.766190034116938,0.33206658412015827,1.027583269353482,0.9799982097146995
4379,0.14291856642932582,1.7140661228172478,1.766190034116938,0.3320765669716278,1.027583269353482,0.9799982097146995
4380,0.14284435598418332,1.7140661228172478,1.766190034116938,0.33208949071162097,1.027583269353482,0.9799982097146995
4381,0.14285549671547002,1.7140661228172478,1.766190034116938,0.33210501909832085,1.027583269353482,0.9799982097146995
4382,0.14282156041927258,1.7140661228172478,1.766190034116938,0.33212278613276314,1.027583269353482,0.9799982097146995
4383,0.14278627692437343,1.7140661228172478,1.766190034116938,0.33214240003138307,1.027583269353482,0.9799982097146995
4384,0.1427689259429757,1.7140661228172478,1.766190034116938,0.3321634472761211,1.027583269353482,0.9799982097146995
4385,0.14268265620442408,1.7140661228172478,1.766190034116938,0.3321854968779324,1.027583269353482,0.9799982097146995
4386,0.1427180939453434,1.7140661228172478,1.766190034116938,0.33220810498844494,1.027583269353482,0.9799982097146995
4387,0.14254268673160675,1.7140661228172478,1.766190034116938,0.3322308199767957,1.027583269353482,0.9799982097146995
4388,0.1426145661406254,1.7140661228172478,1.766190034116938,0.3322531880552961,1.027583269353482,0.9799982097146995
4389,0.14217652711751935,1.7140661228172478,1.766190034116938,0.33227475949062707,1.027583269353482,0.9799982097146995
4390,0.14225547765747643,1.7140661228172478,1.766190034116938,0.33229509537963714,1.027583269353482,0.9799982097146995
4391,0.14181569107836448,1.7140661228172478,1.766190034116938,0.3323137749040036,1.027583269353482,0.9799982097146995
4392,0.14191469726911773,1.7140661228172478,1.766190034116938,0.3323304029092963,1.027583269353482,0.9799982097146995
4393,0.14181357553566387,1.7140661228172478,1.766190034116938,0.33234461758263534,1.027583269353482,0.9799982097146995
4394,0.14186877898706587,1.7140661228172478,1.766190034116938,0.3323560979235194,1.027583269353482,0.9799982097146995
4395,0.14190051595314565,1.7140661228172478,1.766190034116938,0.3323645705833344,1.027583269353482,0.9799982097146995
4396,0.14201563320478786,1.7140661228172478,1.766190034116938,0.33236981534304594,1.027583269353482,0.9799982097146995
4397,0.14203561370998846,1.7140661228172478,1.766190034116938,0.3323716670510339,1.027583269353482,0.9799982097146995
4398,0.14215768488930047,1.7140661228172478,1.766190034116938,0.3323699935029325,1.027583269353482,0.9799982097146995
4399,0.14226702638793245,1.7140661228172478,1.766190034116938,0.33236484366769525,1.027583269353482,0.9799982097146995
4400,0.14219839708209378,1.7140661228172478,1.766190034116938,0.33235629900357044,1.027583269353482,0.9799982097146995
4401,0.14233050524525556,1.7140661228172478,1.766190034116938,0.3323445020818943,1.027583269353482,0.9799982097146995
4402,0.14230513027812686,1.7140661228172478,1.766190034116938,0.33232965706969825,1.027583269353482,0.9799982097146995
4403,0.14240628560654978,1.7140661228172478,1.766190034116938,0.3323120259365355,1.027583269353482,0.9799982097146995
4404,0.14255796279195973,1.7140661228172478,1.766190034116938,0.3322919225414671,1.027583269353482,0.9799982097146995
4405,0.14260046914309632,1.7140661228172478,1.766190034116938,0.33226970527390537,1.027583269353482,0.9799982097146995
4406,0.14274343178597657,1.7140661228172478,1.766190034116938,0.3322457686713984,1.027583269353482,0.9799982097146995
4407,0.14274899691408177,1.7140661228172478,1.766190034116938,0.33222053438007215,1.027583269353482,0.9799982097146995
4408,0.14267070969914453,1.7140661228172478,1.766190034116938,0.33219444180067215,1.027583269353482,0.9799982097146995
4409,0.14265493095645737,1.7140661228172478,1.766190034116938,0.332167938739045,1.027583269353482,0.9799982097146995
4410,0.1425090713161185,1.7140661228172478,1.766190034116938,0.3321414723458117,1.027583269353482,0.9799982097146995
4411,0.14241209753139694,1.7140661228172478,1.766190034116938,0.3321154805851986,1.027583269353482,0.9799982097146995
4412,0.1424434322335154,1.7140661228172478,1.766190034116938,0.33209038442002814,1.027583269353482,0.9799982097146995
4413,0.1423008139112076,1.7140661228172478,1.766190034116938,0.3320665808424663,1.027583269353482,0.9799982097146995
4414,0.14251674343835866,1.7140661228172478,1.766190034116938,0.33204443682249957,1.027583269353482,0.9799982097146995
4415,0.1424644148845397,1.7140661228172478,1.766190034116938,0.33202428419238195,1.027583269353482,0.9799982097146995
4416,0.14264960867850804,1.7140661228172478,1.766190034116938,0.3320064154391071,1.027583269353482,0.9799982097146995
4417,0.14255081266268746,1.7140661228172478,1.766190034116938,0.33199108034117963,1.027583269353482,0.9799982097146995
4418,0.1424417902158108,1.7140661228172478,1.766190034116938,0.33197848336262026,1.027583269353482,0.9799982097146995
4419,0.14221199696813583,1.7140661228172478,1.766190034116938,0.33196878170708827,1.027583269353482,0.9799982097146995
4420,0.14197875025884063,1.7140661228172478,1.766190034116938,0.3319620839380613,1.027583269353482,0.9799982097146995
4421,0.14181454658906817,1.7140661228172478,1.766190034116938,0.3319584490859804,1.027583269353482,0.9799982097146995
4422,0.14171864120382516,1.7140661228172478,1.766190034116938,0.33195788618786537,1.027583269353482,0.9799982097146995
4423,0.14169192344401307,1.7140661228172478,1.766190034116938,0.33196035423616016,1.027583269353482,0.9799982097146995
4424,0.14160363329475317,1.7140661228172478,1.766190034116938,0.33196576254787236,1.027583269353482,0.9799982097146995
4425,0.14168950429236932,1.7140661228172478,1.766190034116938,0.3319739715985209,1.027583269353482,0.9799982097146995
4426,0.14157780010802629,1.7140661228172478,1.766190034116938,0.3319847943940776,1.027583269353482,0.9799982097146995
4427,0.141655633722666,1.7140661228172478,1.766190034116938,0.33199799847441275,1.027583269353482,0.9799982097146995
4428,0.14161475756560846,1.7140661228172478,1.766190034116938,0.33201330865076034,1.027583269353482,0.9799982097146995
4429,0.14151874519540938,1.7140661228172478,1.766190034116938,0.3320304105753743,1.027583269353482,0.9799982097146995
4430,0.1415268518071319,1.7140661228172478,1.766190034116938,0.33204895522298183,1.027583269353482,0.9799982097146995
4431,0.14145450347543514,1.7140661228172478,1.766190034116938,0.3320685643312438,1.027583269353482,0.9799982097146995
4432,0.14150372523755766,1.7140661228172478,1.766190034116938,0.33208883680293116,1.027583269353482,0.9799982097146995
4433,0.141517659726355,1.7140661228172478,1.766190034116938,0.3321093560188739,1.027583269353482,0.9799982097146995
4434,0.14163166890231926,1.7140661228172478,1.766190034116938,0.3321296979518944,1.027583269353482,0.9799982097146995
4435,0.14138900467004303,1.7140661228172478,1.766190034116938,0.3321494399125134,1.027583269353482,0.9799982097146995
4436,0.14158957994412752,1.7140661228172478,1.766190034116938,0.33216816970213686,1.027583269353482,0.9799982097146995
4437,0.14127664573032045,1.7140661228172478,1.766190034116938,0.33218549490322863,1.027583269353482,0.9799982097146995
4438,0.14151924297417431,1.7140661228172478,1.766190034116938,0.3322010520024683,1.027583269353482,0.9799982097146995
4439,0.14138945242725137,1.7140661228172478,1.766190034116938,0.33221451502396926,1.027583269353482,0.9799982097146995
4440,0.1415640591655184,1.7140661228172478,1.766190034116938,0.3322256033439743,1.027583269353482,0.9799982097146995
4441,0.14155529532315586,1.7140661228172478,1.766190034116938,0.33223408835628776,1.027583269353482,0.9799982097146995
4442,0.14167522422899972,1.7140661228172478,1.766190034116938,0.33223979861972897,1.027583269353482,0.9799982097146995
4443,0.14170283692653243,1.7140661228172478,1.766190034116938,0.3322426228448712,1.027583269353482,0.9799982097146995
4444,0.14174170851834994,1.7140661228172478,1.766190034116938,0.33224250768183244,1.027583269353482,0.9799982097146995
4445,0.14172036576514976,1.7140661228172478,1.766190034116938,0.3322397907587701,1.027583269353482,0.9799982097146995
4446,0.14168484075396862,1.7140661228172478,1.766190034116938,0.33223455343297015,1.027583269353482,0.9799982097146995
4447,0.14165435865074627,1.7140661228172478,1.766190034116938,0.3322269162002898,1.027583269353482,0.9799982097146995
4448,0.14148593057303338,1.7140661228172478,1.766190034116938,0.332217039642128,1.027583269353482,0.9799982097146995
4449,0.14146232610780946,1.7140661228172478,1.766190034116938,0.3322051219264759,1.027583269353482,0.9799982097146995
4450,0.14116969105318913,1.7140661228172478,1.766190034116938,0.33219139519383917,1.027583269353482,0.9799982097146995
4451,0.14116062167323723,1.7140661228172478,1.766190034116938,0.33217612131984353,1.027583269353482,0.9799982097146995
4452,0.14082330177669175,1.7140661228172478,1.766190034116938,0.33215958727720707,1.027583269353482,0.9799982097146995
4453,0.14088705689429196,1.7140661228172478,1.766190034116938,0.3321421002466289,1.027583269353482,0.9799982097146995
4454,0.1405240888331665,1.7140661228172478,1.766190034116938,0.3321239825936999,1.027583269353482,0.9799982097146995
4455,0.14060270844984488,1.7140661228172478,1.766190034116938,0.3321055668069532,1.027583269353482,0.9799982097146995
4456,0.1403092269526886,1.7140661228172478,1.766190034116938,0.3320871904734154,1.027583269353482,0.9799982097146995
4457,0.14042512352294295,1.7140661228172478,1.766190034116938,0.3320691913509496,1.027583269353482,0.9799982097146995
4458,0.14032005949896864,1.7140661228172478,1.766190034116938,0.3320519025814435,1.027583269353482,0.9799982097146995
4459,0.14047148254426686,1.7140661228172478,1.766190034116938,0.33203564807607455,1.027583269353482,0.9799982097146995
4460,0.14037433119446419,1.7140661228172478,1.766190034116938,0.3320207380940626,1.027583269353482,0.9799982097146995
4461,0.14062607045993972,1.7140661228172478,1.766190034116938,0.3320074650300124,1.027583269353482,0.9799982097146995
4462,0.14049239367223523,1.7140661228172478,1.766190034116938,0.3319960994222576,1.027583269353482,0.9799982097146995
4463,0.14074406157201616,1.7140661228172478,1.766190034116938,0.33198688619549654,1.027583269353482,0.9799982097146995
4464,0.14058570203813808,1.7140661228172478,1.766190034116938,0.33198004115507773,1.027583269353482,0.9799982097146995
4465,0.14060686325919133,1.7140661228172478,1.766190034116938,0.3319757477568337,1.027583269353482,0.9799982097146995
4466,0.1404847353948977,1.7140661228172478,1.766190034116938,0.33197415418460635,1.027583269353482,0.9799982097146995
4467,0.14037575339565614,1.7140661228172478,1.766190034116938,0.3319753707764459,1.027583269353482,0.9799982097146995
4468,0.14032550143717915,1.7140661228172478,1.766190034116938,0.33197946784888127,1.027583269353482,0.9799982097146995
4469,0.14015420572982226,1.7140661228172478,1.766190034116938,0.33198647397550163,1.027583269353482,0.9799982097146995
4470,0.1400773255451929,1.7140661228172478,1.766190034116938,0.33199637478043154,1.027583269353482,0.9799982097146995
4471,0.13990337045587836,1.7140661228172478,1.766190034116938,0.33200911230816504,1.027583269353482,0.9799982097146995
4472,0.13987640191857453,1.7140661228172478,1.766190034116938,0.3320245850281638,1.027583269353482,0.9799982097146995
4473,0.1398237375371803,1.7140661228172478,1.766190034116938,0.3320426485251413,1.027583269353482,0.9799982097146995
4474,0.13983380254581623,1.7140661228172478,1.766190034116938,0.3320631169140762,1.027583269353482,0.9799982097146995
4475,0.13968030292862324,1.7140661228172478,1.766190034116938,0.3320857650029887,1.027583269353482,0.9799982097146995
4476,0.13972911082740447,1.7140661228172478,1.766190034116938,0.3321103312069285,1.027583269353482,0.9799982097146995
4477,0.13954247224238167,1.7140661228172478,1.766190034116938,0.33213652119435455,1.027583269353482,0.9799982097146995
4478,0.1396571353964599,1.7140661228172478,1.766190034116938,0.33216401222324077,1.027583269353482,0.9799982097146995
4479,0.1394194757400976,1.7140661228172478,1.766190034116938,0.33219245810003933,1.027583269353482,0.9799982097146995
4480,0.1395250046740396,1.7140661228172478,1.766190034116938,0.33222149467150197,1.027583269353482,0.9799982097146995
4481,0.13914651617541593,1.7140661228172478,1.766190034116938,0.3322507457386117,1.027583269353482,0.9799982097146995
4482,0.1392314188667537,1.7140661228172478,1.766190034116938,0.33227982926475264,1.027583269353482,0.9799982097146995
4483,0.13896750680440423,1.7140661228172478,1.766190034116938,0.3323083637378985,1.027583269353482,0.9799982097146995
4484,0.13898620690730895,1.7140661228172478,1.766190034116938,0.3323359745397693,1.027583269353482,0.9799982097146995
4485,0.1387516005418305,1.7140661228172478,1.766190034116938,0.3323623001741503,1.027583269353482,0.9799982097146995
4486,0.1388330162586764,1.7140661228172478,1.766190034116938,0.33238699821201045,1.027583269353482,0.9799982097146995
4487,0.13856772453770355,1.7140661228172478,1.766190034116938,0.3324097508225219,1.027583269353482,0.9799982097146995
4488,0.1389625441519324,1.7140661228172478,1.766190034116938,0.3324302697761257,1.027583269353482,0.9799982097146995
4489,0.1388121380827079,1.7140661228172478,1.766190034116938,0.3324483008278649,1.027583269353482,0.9799982097146995
4490,0.13916958331917453,1.7140661228172478,1.766190034116938,0.3324636274160995,1.027583269353482,0.9799982097146995
4491,0.13910685732126069,1.7140661228172478,1.766190034116938,0.33247607364478954,1.027583269353482,0.9799982097146995
4492,0.13931411077252373,1.7140661228172478,1.766190034116938,0.33248550656354786,1.027583269353482,0.9799982097146995
4493,0.13928704711900605,1.7140661228172478,1.766190034116938,0.33249183784779945,1.027583269353482,0.9799982097146995
4494,0.13934185903037527,1.7140661228172478,1.766190034116938,0.3324950252642172,1.027583269353482,0.9799982097146995
4495,0.13937427043766729,1.7140661228172478,1.766190034116938,0.33249507616013535,1.027583269353482,0.9799982097146995
4496,0.13913286318705995,1.7140661228172478,1.766190034116938,0.33249261293864213,1.027583269353482,0.9799982097146995
4497,0.1392413287023813,1.7140661228172478,1.766190034116938,0.33248767297782844,1.027583269353482,0.9799982097146995
4498,0.13891853465247872,1.7140661228172478,1.766190034116938,0.33248032048870524,1.027583269353482,0.9799982097146995
4499,0.1389461895193584,1.7140661228172478,1.766190034116938,0.3324706424384566,1.027583269353482,0.9799982097146995
4500,0.13864655392367,1.7140661228172478,1.766190034116938,0.3324587468815093,1.027583269353482,0.9799982097146995
4501,0.13853000591960607,1.7140661228172478,1.766190034116938,0.33244476168675363,1.027583269353482,0.9799982097146995
4502,0.13839077878410738,1.7140661228172478,1.766190034116938,0.3324288333337089,1.027583269353482,0.9799982097146995
4503,0.13834974094407837,1.7140661228172478,1.766190034116938,0.3324111256817885,1.027583269353482,0.9799982097146995
4504,0.13839780282607397,1.7140661228172478,1.766190034116938,0.3323918186703299,1.027583269353482,0.9799982097146995
4505,0.138392342307362,1.7140661228172478,1.766190034116938,0.33237110692231797,1.027583269353482,0.9799982097146995
4506,0.13833211165615625,1.7140661228172478,1.766190034116938,0.33234919822946707,1.027583269353482,0.9799982097146995
4507,0.13828039934939812,1.7140661228172478,1.766190034116938,0.33232631189829,1.027583269353482,0.9799982097146995
4508,0.1380823393453771,1.7140661228172478,1.766190034116938,0.3323026769386195,1.027583269353482,0.9799982097146995
4509,0.13806883038163228,1.7140661228172478,1.766190034116938,0.3322785300788639,1.027583269353482,0.9799982097146995
4510,0.1379946135991291,1.7140661228172478,1.766190034116938,0.3322541135965735,1.027583269353482,0.9799982097146995
4511,0.13801530328475847,1.7140661228172478,1.766190034116938,0.3322296729588871,1.027583269353482,0.9799982097146995
4512,0.1380098009273196,1.7140661228172478,1.766190034116938,0.33220545427510245,1.027583269353482,0.9799982097146995
4513,0.13800883288286594,1.7140661228172478,1.766190034116938,0.3321817015728892,1.027583269353482,0.9799982097146995
4514,0.13801164851929826,1.7140661228172478,1.766190034116938,0.33215865392021526,1.027583269353482,0.9799982097146995
4515,0.13807617415289178,1.7140661228172478,1.766190034116938,0.3321365424264978,1.027583269353482,0.9799982097146995
4516,0.13811477873259978,1.7140661228172478,1.766190034116938,0.3321155871682837,1.027583269353482,0.9799982097146995
4517,0.13816620434677873,1.7140661228172478,1.766190034116938,0.3320959940962395,1.027583269353482,0.9799982097146995
4518,0.13819318144952789,1.7140661228172478,1.766190034116938,0.3320779519906675,1.027583269353482,0.9799982097146995
4519,0.13828241397605526,1.7140661228172478,1.766190034116938,0.33206162954134155,1.027583269353482,0.9799982097146995
4520,0.1381841206233993,1.7140661228172478,1.766190034116938,0.3320471726334156,1.027583269353482,0.9799982097146995
4521,0.13829340444106136,1.7140661228172478,1.766190034116938,0.33203470192374057,1.027583269353482,0.9799982097146995
4522,0.13812375937353172,1.7140661228172478,1.766190034116938,0.3320243107905646,1.027583269353482,0.9799982097146995
4523,0.13815518665973017,1.7140661228172478,1.766190034116938,0.3320160637338337,1.027583269353482,0.9799982097146995
4524,0.13797665721207694,1.7140661228172478,1.766190034116938,0.33200999529308167,1.027583269353482,0.9799982097146995
4525,0.13791152429578957,1.7140661228172478,1.766190034116938,0.3320061095353081,1.027583269353482,0.9799982097146995
4526,0.137603437136438,1.7140661228172478,1.766190034116938,0.33200438014680217,1.027583269353482,0.9799982097146995
4527,0.13750506683943792,1.7140661228172478,1.766190034116938,0.33200475114145883,1.027583269353482,0.9799982097146995
4528,0.13713191294319052,1.7140661228172478,1.766190034116938,0.3320071381747881,1.027583269353482,0.9799982097146995
4529,0.13708583148548537,1.7140661228172478,1.766190034116938,0.33201143042899506,1.027583269353482,0.9799982097146995
4530,0.1369258072569882,1.7140661228172478,1.766190034116938,0.3320174930116109,1.027583269353482,0.9799982097146995
4531,0.13691948637618642,1.7140661228172478,1.766190034116938,0.33202516978974544,1.027583269353482,0.9799982097146995
4532,0.1368320044456838,1.7140661228172478,1.766190034116938,0.33203428656545325,1.027583269353482,0.9799982097146995
4533,0.13683795181950417,1.7140661228172478,1.766190034116938,0.3320446544861209,1.027583269353482,0.9799982097146995
4534,0.1367922181530601,1.7140661228172478,1.766190034116938,0.33205607357798045,1.027583269353482,0.9799982097146995
4535,0.13686589438379276,1.7140661228172478,1.766190034116938,0.3320683362912191,1.027583269353482,0.9799982097146995
4536,0.13679993185311037,1.7140661228172478,1.766190034116938,0.3320812309515661,1.027583269353482,0.9799982097146995
4537,0.13689005454931452,1.7140661228172478,1.766190034116938,0.332094545025194,1.027583269353482,0.9799982097146995
4538,0.1368002568203495,1.7140661228172478,1.766190034116938,0.3321080681203019,1.027583269353482,0.9799982097146995
4539,0.13681810986549853,1.7140661228172478,1.766190034116938,0.3321215946686094,1.027583269353482,0.9799982097146995
4540,0.13681565335031662,1.7140661228172478,1.766190034116938,0.3321349262517346,1.027583269353482,0.9799982097146995
4541,0.13678112692207928,1.7140661228172478,1.766190034116938,0.33214787355953007,1.027583269353482,0.9799982097146995
4542,0.1368771913081524,1.7140661228172478,1.766190034116938,0.3321602579884887,1.027583269353482,0.9799982097146995
4543,0.13687423566159002,1.7140661228172478,1.766190034116938,0.33217191290698156,1.027583269353482,0.9799982097146995
4544,0.1370013586241025,1.7140661228172478,1.766190034116938,0.3321826846294713,1.027583269353482,0.9799982097146995
4545,0.13714018607401646,1.7140661228172478,1.766190034116938,0.332192433153318,1.027583269353482,0.9799982097146995
4546,0.1372430280863898,1.7140661228172478,1.766190034116938,0.3322010327193838,1.027583269353482,0.9799982097146995
4547,0.1374289176756659,1.7140661228172478,1.766190034116938,0.33220837226221844,1.027583269353482,0.9799982097146995
4548,0.13749215891485678,1.7140661228172478,1.766190034116938,0.33221435581981806,1.027583269353482,0.9799982097146995
4549,0.13759140969467665,1.7140661228172478,1.766190034116938,0.33221890298476425,1.027583269353482,0.9799982097146995
4550,0.13760261631699083,1.7140661228172478,1.766190034116938,0.33222194952641954,1.027583269353482,0.9799982097146995
4551,0.13743066626306405,1.7140661228172478,1.766190034116938,0.33222344854042835,1.027583269353482,0.9799982097146995
4552,0.13742491728745487,1.7140661228172478,1.766190034116938,0.3322233742172994,1.027583269353482,0.9799982097146995
4553,0.13699678439129753,1.7140661228172478,1.766190034116938,0.3322214764403903,1.027583269353482,0.9799982097146995
4554,0.13699523057666183,1.7140661228172478,1.766190034116938,0.33221774395174675,1.027583269353482,0.9799982097146995
4555,0.13662968269695416,1.7140661228172478,1.766190034116938,0.33221219638019944,1.027583269353482,0.9799982097146995
4556,0.13658805511264288,1.7140661228172478,1.766190034116938,0.3322048818778033,1.027583269353482,0.9799982097146995
4557,0.1364429302242426,1.7140661228172478,1.766190034116938,0.3321958768023738,1.027583269353482,0.9799982097146995
4558,0.13649031448174187,1.7140661228172478,1.766190034116938,0.33218528548706877,1.027583269353482,0.9799982097146995
4559,0.136610089159457,1.7140661228172478,1.766190034116938,0.33217323968324497,1.027583269353482,0.9799982097146995
4560,0.13668712682143538,1.7140661228172478,1.766190034116938,0.3321598974987768,1.027583269353482,0.9799982097146995
4561,0.13685017006357858,1.7140661228172478,1.766190034116938,0.3321454417298092,1.027583269353482,0.9799982097146995
4562,0.13683256203059088,1.7140661228172478,1.766190034116938,0.3321300775298508,1.027583269353482,0.9799982097146995
4563,0.13686661428489147,1.7140661228172478,1.766190034116938,0.3321140294008213,1.027583269353482,0.9799982097146995
4564,0.1370246260021911,1.7140661228172478,1.766190034116938,0.3320975375311589,1.027583269353482,0.9799982097146995
4565,0.1371621427589513,1.7140661228172478,1.766190034116938,0.33208085354611133,1.027583269353482,0.9799982097146995
4566,0.1374205379283389,1.7140661228172478,1.766190034116938,0.33206423577303157,1.027583269353482,0.9799982097146995
4567,0.1375144836594563,1.7140661228172478,1.766190034116938,0.33204794415749384,1.027583269353482,0.9799982097146995
4568,0.13760420014144775,1.7140661228172478,1.766190034116938,0.3320322349919765,1.027583269353482,0.9799982097146995
4569,0.13760967495622187,1.7140661228172478,1.766190034116938,0.33201735563574136,1.027583269353482,0.9799982097146995
4570,0.13767060997491978,1.7140661228172478,1.766190034116938,0.33200353941102134,1.027583269353482,0.9799982097146995
4571,0.13766660160168806,1.7140661228172478,1.766190034116938,0.33199100085605415,1.027583269353482,0.9799982097146995
4572,0.13752753283345456,1.7140661228172478,1.766190034116938,0.33197993150019844,1.027583269353482,0.9799982097146995
4573,0.13751647372254475,1.7140661228172478,1.766190034116938,0.3319704963012994,1.027583269353482,0.9799982097146995
4574,0.13728871253957642,1.7140661228172478,1.766190034116938,0.33196283085262174,1.027583269353482,0.9799982097146995
4575,0.13731490792640805,1.7140661228172478,1.766190034116938,0.3319570394283097,1.027583269353482,0.9799982097146995
4576,0.1373354784314169,1.7140661228172478,1.766190034116938,0.33195319389537964,1.027583269353482,0.9799982097146995
4577,0.1373284484014225,1.7140661228172478,1.766190034116938,0.33195133347947314,1.027583269353482,0.9799982097146995
4578,0.137384405944508,1.7140661228172478,1.766190034116938,0.33195146533380754,1.027583269353482,0.9799982097146995
4579,0.1373943169292566,1.7140661228172478,1.766190034116938,0.3319535658282712,1.027583269353482,0.9799982097146995
4580,0.13742487619225235,1.7140661228172478,1.766190034116938,0.3319575824502188,1.027583269353482,0.9799982097146995
4581,0.13757230075389382,1.7140661228172478,1.766190034116938,0.3319634361913639,1.027583269353482,0.9799982097146995
4582,0.13766964583929545,1.7140661228172478,1.766190034116938,0.3319710242866725,1.027583269353482,0.9799982097146995
4583,0.13787741178439225,1.7140661228172478,1.766190034116938,0.3319802231710856,1.027583269353482,0.9799982097146995
4584,0.13791008024108198,1.7140661228172478,1.766190034116938,0.33199089152742495,1.027583269353482,0.9799982097146995
4585,0.13819955494977906,1.7140661228172478,1.766190034116938,0.3320028733127373,1.027583269353482,0.9799982097146995
4586,0.13819913294539526,1.7140661228172478,1.766190034116938,0.33201600066901954,1.027583269353482,0.9799982097146995
4587,0.1384961165506351,1.7140661228172478,1.766190034116938,0.332030096646115,1.027583269353482,0.9799982097146995
4588,0.1384946689203125,1.7140661228172478,1.766190034116938,0.3320449776878918,1.027583269353482,0.9799982097146995
4589,0.1386034931321894,1.7140661228172478,1.766190034116938,0.3320604558560465,1.027583269353482,0.9799982097146995
4590,0.13860068255104924,1.7140661228172478,1.766190034116938,0.33207634078771603,1.027583269353482,0.9799982097146995
4591,0.13871102398798846,1.7140661228172478,1.766190034116938,0.332092441402407,1.027583269353482,0.9799982097146995
4592,0.13863902752462223,1.7140661228172478,1.766190034116938,0.33210856738976435,1.027583269353482,0.9799982097146995
4593,0.1386396024314923,1.7140661228172478,1.766190034116938,0.3321245305218383,1.027583269353482,0.9799982097146995
4594,0.13850913642987014,1.7140661228172478,1.766190034116938,0.3321401458414588,1.027583269353482,0.9799982097146995
4595,0.13838775666315328,1.7140661228172478,1.766190034116938,0.3321552327819872,1.027583269353482,0.9799982097146995
4596,0.13822469180870872,1.7140661228172478,1.766190034116938,0.3321696162732053,1.027583269353482,0.9799982097146995
4597,0.13813540063552984,1.7140661228172478,1.766190034116938,0.33218312788359766,1.027583269353482,0.9799982097146995
4598,0.13776751035129134,1.7140661228172478,1.766190034116938,0.3321956070412882,1.027583269353482,0.9799982097146995
4599,0.13772673226284637,1.7140661228172478,1.766190034116938,0.3322069023648377,1.027583269353482,0.9799982097146995
4600,0.1373855767095575,1.7140661228172478,1.766190034116938,0.3322168731218618,1.027583269353482,0.9799982097146995
4601,0.137381232609039,1.7140661228172478,1.766190034116938,0.33222539081900765,1.027583269353482,0.9799982097146995
4602,0.1372371086060906,1.7140661228172478,1.766190034116938,0.3322323409130641,1.027583269353482,0.9799982097146995
4603,0.1372347296568444,1.7140661228172478,1.766190034116938,0.33223762462387574,1.027583269353482,0.9799982097146995
4604,0.13700320507745278,1.7140661228172478,1.766190034116938,0.3322411608376274,1.027583269353482,0.9799982097146995
4605,0.13701601046291634,1.7140661228172478,1.766190034116938,0.33224288817392356,1.027583269353482,0.9799982097146995
4606,0.13663325950013683,1.7140661228172478,1.766190034116938,0.3322427680168412,1.027583269353482,0.9799982097146995
4607,0.13667159645429888,1.7140661228172478,1.766190034116938,0.3322407190191817,1.027583269353482,0.9799982097146995
4608,0.13629922682233284,1.7140661228172478,1.766190034116938,0.33223674086336075,1.027583269353482,0.9799982097146995
4609,0.13621693452600284,1.7140661228172478,1.766190034116938,0.33223086148313113,1.027583269353482,0.9799982097146995
4610,0.13591734061506927,1.7140661228172478,1.766190034116938,0.33222313646034535,1.027583269353482,0.9799982097146995
4611,0.1358432418429452,1.7140661228172478,1.766190034116938,0.3322136486751075,1.027583269353482,0.9799982097146995
4612,0.13574690908005116,1.7140661228172478,1.766190034116938,0.3322025075189398,1.027583269353482,0.9799982097146995
4613,0.13585865624469864,1.7140661228172478,1.766190034116938,0.3321898475457852,1.027583269353482,0.9799982097146995
4614,0.13586585715173027,1.7140661228172478,1.766190034116938,0.33217582654508043,1.027583269353482,0.9799982097146995
4615,0.13597151688360581,1.7140661228172478,1.766190034116938,0.33216062307096883,1.027583269353482,0.9799982097146995
4616,0.13594696481550322,1.7140661228172478,1.766190034116938,0.3321444334958384,1.027583269353482,0.9799982097146995
4617,0.13590749672675323,1.7140661228172478,1.766190034116938,0.3321274686819262,1.027583269353482,0.9799982097146995
4618,0.13589335952324527,1.7140661228172478,1.766190034116938,0.3321099503824188,1.027583269353482,0.9799982097146995
4619,0.13580367094325183,1.7140661228172478,1.766190034116938,0.33209210749292817,1.027583269353482,0.9799982097146995
4620,0.13580332871607442,1.7140661228172478,1.766190034116938,0.3320741722752002,1.027583269353482,0.9799982097146995
4621,0.13573051477146664,1.7140661228172478,1.766190034116938,0.33205637666778204,1.027583269353482,0.9799982097146995
4622,0.13575420800253557,1.7140661228172478,1.766190034116938,0.3320389487841844,1.027583269353482,0.9799982097146995
4623,0.13573686334030388,1.7140661228172478,1.766190034116938,0.33202210967934903,1.027583269353482,0.9799982097146995
4624,0.13580828653138358,1.7140661228172478,1.766190034116938,0.332006070441975,1.027583269353482,0.9799982097146995
4625,0.13572390103818663,1.7140661228172478,1.766190034116938,0.3319910296455818,1.027583269353482,0.9799982097146995
4626,0.1357844886248119,1.7140661228172478,1.766190034116938,0.3319771711671763,1.027583269353482,0.9799982097146995
4627,0.1356043568512209,1.7140661228172478,1.766190034116938,0.3319646623609241,1.027583269353482,0.9799982097146995
4628,0.13560247333092573,1.7140661228172478,1.766190034116938,0.3319536525567316,1.027583269353482,0.9799982097146995
4629,0.1354353032551256,1.7140661228172478,1.766190034116938,0.3319442718411412,1.027583269353482,0.9799982097146995
4630,0.1353743400600028,1.7140661228172478,1.766190034116938,0.3319366300709294,1.027583269353482,0.9799982097146995
4631,0.13522719859659263,1.7140661228172478,1.766190034116938,0.33193081606829317,1.027583269353482,0.9799982097146995
4632,0.13527909280503816,1.7140661228172478,1.766190034116938,0.33192689695013894,1.027583269353482,0.9799982097146995
4633,0.13512959668510982,1.7140661228172478,1.766190034116938,0.33192491755207504,1.027583269353482,0.9799982097146995
4634,0.13516812491828578,1.7140661228172478,1.766190034116938,0.33192489991930024,1.027583269353482,0.9799982097146995
4635,0.1351014128163639,1.7140661228172478,1.766190034116938,0.33192684285066054,1.027583269353482,0.9799982097146995
4636,0.13484971210308097,1.7140661228172478,1.766190034116938,0.3319307214975767,1.027583269353482,0.9799982097146995
4637,0.1348572139620658,1.7140661228172478,1.766190034116938,0.33193648703518586,1.027583269353482,0.9799982097146995
4638,0.13449052425056768,1.7140661228172478,1.766190034116938,0.3319440664378744,1.027583269353482,0.9799982097146995
4639,0.13452840018700957,1.7140661228172478,1.766190034116938,0.3319533624042891,1.027583269353482,0.9799982097146995
4640,0.134203127964555,1.7140661228172478,1.766190034116938,0.3319642534870628,1.027583269353482,0.9799982097146995
4641,0.1342441921472747,1.7140661228172478,1.766190034116938,0.331976594489008,1.027583269353482,0.9799982097146995
4642,0.13390494867138936,1.7140661228172478,1.766190034116938,0.33199021718976485,1.027583269353482,0.9799982097146995
4643,0.1339752617357782,1.7140661228172478,1.766190034116938,0.3320049314643291,1.027583269353482,0.9799982097146995
4644,0.13367211332583206,1.7140661228172478,1.766190034116938,0.3320205268472889,1.027583269353482,0.9799982097146995
4645,0.13364884902695506,1.7140661228172478,1.766190034116938,0.33203677458393593,1.027583269353482,0.9799982097146995
4646,0.1334589384946688,1.7140661228172478,1.766190034116938,0.33205343019204947,1.027583269353482,0.9799982097146995
4647,0.13332799456883337,1.7140661228172478,1.766190034116938,0.33207023653670986,1.027583269353482,0.9799982097146995
4648,0.13315111069556032,1.7140661228172478,1.766190034116938,0.3320869273960685,1.027583269353482,0.9799982097146995
4649,0.13311299204965585,1.7140661228172478,1.766190034116938,0.3321032314699142,1.027583269353482,0.9799982097146995
4650,0.13303184351367803,1.7140661228172478,1.766190034116938,0.332118876756836,1.027583269353482,0.9799982097146995
4651,0.13296430373740414,1.7140661228172478,1.766190034116938,0.332133595201486,1.027583269353482,0.9799982097146995
4652,0.13295443499289364,1.7140661228172478,1.766190034116938,0.3321471274928249,1.027583269353482,0.9799982097146995
4653,0.13274278140801368,1.7140661228172478,1.766190034116938,0.3321592278787145,1.027583269353482,0.9799982097146995
4654,0.13279060626796432,1.7140661228172478,1.766190034116938,0.3321696688529302,1.027583269353482,0.9799982097146995
4655,0.1327698822343053,1.7140661228172478,1.766190034116938,0.3321782455674954,1.027583269353482,0.9799982097146995
4656,0.13275779525336942,1.7140661228172478,1.766190034116938,0.33218477982350947,1.027583269353482,0.9799982097146995
4657,0.13279843219951165,1.7140661228172478,1.766190034116938,0.33218912348548657,1.027583269353482,0.9799982097146995
4658,0.1327487732099302,1.7140661228172478,1.766190034116938,0.33219116108535696,1.027583269353482,0.9799982097146995
4659,0.1327493376645295,1.7140661228172478,1.766190034116938,0.3321908105925133,1.027583269353482,0.9799982097146995
4660,0.13281135915058762,1.7140661228172478,1.766190034116938,0.33218805414795755,1.027583269353482,0.9799982097146995
4661,0.1328788166187022,1.7140661228172478,1.766190034116938,0.33218289164191256,1.027583269353482,0.9799982097146995
4662,0.13285762896454742,1.7140661228172478,1.766190034116938,0.3321753586352893,1.027583269353482,0.9799982097146995
4663,0.13287493101903547,1.7140661228172478,1.766190034116938,0.33216552648827774,1.027583269353482,0.9799982097146995
4664,0.13284163104921423,1.7140661228172478,1.766190034116938,0.33215350133525,1.027583269353482,0.9799982097146995
4665,0.13283637999385323,1.7140661228172478,1.766190034116938,0.33213942243392763,1.027583269353482,0.9799982097146995
4666,0.13296797412976022,1.7140661228172478,1.766190034116938,0.33212346004916454,1.027583269353482,0.9799982097146995
4667,0.13297768522309425,1.7140661228172478,1.766190034116938,0.3321058129725706,1.027583269353482,0.9799982097146995
4668,0.13304693900452297,1.7140661228172478,1.766190034116938,0.33208670575814764,1.027583269353482,0.9799982097146995
4669,0.13306657039656627,1.7140661228172478,1.766190034116938,0.33206638573891234,1.027583269353482,0.9799982097146995
4670,0.13314862326353563,1.7140661228172478,1.766190034116938,0.33204511987459495,1.027583269353482,0.9799982097146995
4671,0.1332150791078814,1.7140661228172478,1.766190034116938,0.3320231914655496,1.027583269353482,0.9799982097146995
4672,0.13338374747494589,1.7140661228172478,1.766190034116938,0.3320008967538267,1.027583269353482,0.9799982097146995
4673,0.13342281456552357,1.7140661228172478,1.766190034116938,0.3319785414200621,1.027583269353482,0.9799982097146995
4674,0.13349418134823435,1.7140661228172478,1.766190034116938,0.3319564369754699,1.027583269353482,0.9799982097146995
4675,0.1336006656382752,1.7140661228172478,1.766190034116938,0.3319348970426251,1.027583269353482,0.9799982097146995
4676,0.13365710989854745,1.7140661228172478,1.766190034116938,0.33191423351740656,1.027583269353482,0.9799982097146995
4677,0.13381206630758527,1.7140661228172478,1.766190034116938,0.3318947526076878,1.027583269353482,0.9799982097146995
4678,0.133838477591459,1.7140661228172478,1.766190034116938,0.33187675075206596,1.027583269353482,0.9799982097146995
4679,0.1338815669049421,1.7140661228172478,1.766190034116938,0.33186051043364523,1.027583269353482,0.9799982097146995
4680,0.13388596588549315,1.7140661228172478,1.766190034116938,0.3318462959190382,1.027583269353482,0.9799982097146995
4681,0.1339338288312049,1.7140661228172478,1.766190034116938,0.3318343489702794,1.027583269353482,0.9799982097146995
4682,0.13396559280360615,1.7140661228172478,1.766190034116938,0.3318248845960943,1.027583269353482,0.9799982097146995
4683,0.13407173442539513,1.7140661228172478,1.766190034116938,0.33181808692749853,1.027583269353482,0.9799982097146995
4684,0.13404850262338283,1.7140661228172478,1.766190034116938,0.3318141053194911,1.027583269353482,0.9799982097146995
4685,0.1342614571928876,1.7140661228172478,1.766190034116938,0.3318130507940377,1.027583269353482,0.9799982097146995
4686,0.134273374704643,1.7140661228172478,1.766190034116938,0.3318149929481005,1.027583269353482,0.9799982097146995
4687,0.13450259472302317,1.7140661228172478,1.766190034116938,0.3318199574528093,1.027583269353482,0.9799982097146995
4688,0.13456697536687223,1.7140661228172478,1.766190034116938,0.33182792426494057,1.027583269353482,0.9799982097146995
4689,0.13461404149623754,1.7140661228172478,1.766190034116938,0.33183882665913494,1.027583269353482,0.9799982097146995
4690,0.1346726320193731,1.7140661228172478,1.766190034116938,0.33185255116867873,1.027583269353482,0.9799982097146995
4691,0.13460392584738592,1.7140661228172478,1.766190034116938,0.33186893849486626,1.027583269353482,0.9799982097146995
4692,0.13462145301228332,1.7140661228172478,1.766190034116938,0.33188778541116976,1.027583269353482,0.9799982097146995
4693,0.13462960388930154,1.7140661228172478,1.766190034116938,0.33190884765058076,1.027583269353482,0.9799982097146995
4694,0.13454003572037757,1.7140661228172478,1.766190034116938,0.3319318437248771,1.027583269353482,0.9799982097146995
4695,0.1345491291503887,1.7140661228172478,1.766190034116938,0.3319564595858601,1.027583269353482,0.9799982097146995
4696,0.1345205587752777,1.7140661228172478,1.766190034116938,0.33198235400355225,1.027583269353482,0.9799982097146995
4697,0.13451701285743317,1.7140661228172478,1.766190034116938,0.3320091645074152,1.027583269353482,0.9799982097146995
4698,0.13461360663061153,1.7140661228172478,1.766190034116938,0.3320365137160062,1.027583269353482,0.9799982097146995
4699,0.13460936613919738,1.7140661228172478,1.766190034116938,0.3320640158695084,1.027583269353482,0.9799982097146995
4700,0.13457717823930626,1.7140661228172478,1.766190034116938,0.3320912833789713,1.027583269353482,0.9799982097146995
4701,0.1345378347186986,1.7140661228172478,1.766190034116938,0.3321179332156105,1.027583269353482,0.9799982097146995
4702,0.13444629284779214,1.7140661228172478,1.766190034116938,0.33214359298218205,1.027583269353482,0.9799982097146995
4703,0.13440304572363126,1.7140661228172478,1.766190034116938,0.3321679065344926,1.027583269353482,0.9799982097146995
4704,0.13435622291311197,1.7140661228172478,1.766190034116938,0.3321905390522525,1.027583269353482,0.9799982097146995
4705,0.13424262808573523,1.7140661228172478,1.766190034116938,0.3322111814922535,1.027583269353482,0.9799982097146995
4706,0.13417557502294622,1.7140661228172478,1.766190034116938,0.3322295543904717,1.027583269353482,0.9799982097146995
4707,0.13405430191532083,1.7140661228172478,1.766190034116938,0.33224541101071725,1.027583269353482,0.9799982097146995
4708,0.13400623397433936,1.7140661228172478,1.766190034116938,0.33225853986332693,1.027583269353482,0.9799982097146995
4709,0.13385941503789905,1.7140661228172478,1.766190034116938,0.33226876663545163,1.027583269353482,0.9799982097146995
4710,0.13382429878750868,1.7140661228172478,1.766190034116938,0.33227595557959966,1.027583269353482,0.9799982097146995
4711,0.13368360167728122,1.7140661228172478,1.766190034116938,0.33228001038004945,1.027583269353482,0.9799982097146995
4712,0.13364626879746458,1.7140661228172478,1.766190034116938,0.3322808743192359,1.027583269353482,0.9799982097146995
4713,0.13362599538289283,1.7140661228172478,1.766190034116938,0.332278524905434,1.027583269353482,0.9799982097146995
4714,0.1336489125692729,1.7140661228172478,1.766190034116938,0.33227299190605714,1.027583269353482,0.9799982097146995
4715,0.13349383241699242,1.7140661228172478,1.766190034116938,0.3322643440169765,1.027583269353482,0.9799982097146995
4716,0.13354347315900295,1.7140661228172478,1.766190034116938,0.33225268961769316,1.027583269353482,0.9799982097146995
4717,0.13319839580868484,1.7140661228172478,1.766190034116938,0.33223817627216606,1.027583269353482,0.9799982097146995
4718,0.13326397107495433,1.7140661228172478,1.766190034116938,0.33222098980406856,1.027583269353482,0.9799982097146995
4719,0.13311918776535017,1.7140661228172478,1.766190034116938,0.3322013530038303,1.027583269353482,0.9799982097146995
4720,0.1331395908667787,1.7140661228172478,1.766190034116938,0.3321795239294294,1.027583269353482,0.9799982097146995
4721,0.13318098621774213,1.7140661228172478,1.766190034116938,0.33215579373585347,1.027583269353482,0.9799982097146995
4722,0.13325993973589928,1.7140661228172478,1.766190034116938,0.3321304839602459,1.027583269353482,0.9799982097146995
4723,0.13334777805017178,1.7140661228172478,1.766190034116938,0.33210394319319764,1.027583269353482,0.9799982097146995
4724,0.13354361459842004,1.7140661228172478,1.766190034116938,0.33207654307984474,1.027583269353482,0.9799982097146995
4725,0.13362137517561018,1.7140661228172478,1.766190034116938,0.33204867361683227,1.027583269353482,0.9799982097146995
4726,0.13373126842745486,1.7140661228172478,1.766190034116938,0.3320207377420469,1.027583269353482,0.9799982097146995
4727,0.13375667930063107,1.7140661228172478,1.766190034116938,0.3319931452519906,1.027583269353482,0.9799982097146995
4728,0.1338031985180009,1.7140661228172478,1.766190034116938,0.33196630612470146,1.027583269353482,0.9799982097146995
4729,0.13379867522559463,1.7140661228172478,1.766190034116938,0.33194062337149743,1.027583269353482,0.9799982097146995
4730,0.1339165657621307,1.7140661228172478,1.766190034116938,0.3319164855851625,1.027583269353482,0.9799982097146995
4731,0.1338718132715549,1.7140661228172478,1.766190034116938,0.33189425939179673,1.027583269353482,0.9799982097146995
4732,0.133996669286128,1.7140661228172478,1.766190034116938,0.331874282044565,1.027583269353482,0.9799982097146995
4733,0.13397462973979507,1.7140661228172478,1.766190034116938,0.3318568544165568,1.027583269353482,0.9799982097146995
4734,0.13416001112582995,1.7140661228172478,1.766190034116938,0.33184223465406365,1.027583269353482,0.9799982097146995
4735,0.13418321040062223,1.7140661228172478,1.766190034116938,0.33183063273915253,1.027583269353482,0.9799982097146995
4736,0.134348733607993,1.7140661228172478,1.766190034116938,0.33182220618112906,1.027583269353482,0.9799982097146995
4737,0.13438167292788214,1.7140661228172478,1.766190034116938,0.33181705701163905,1.027583269353482,0.9799982097146995
4738,0.13439341780362246,1.7140661228172478,1.766190034116938,0.3318152302004862,1.027583269353482,0.9799982097146995
4739,0.13446636706082082,1.7140661228172478,1.766190034116938,0.33181671354287945,1.027583269353482,0.9799982097146995
4740,0.1344550713704232,1.7140661228172478,1.766190034116938,0.331821438998751,1.027583269353482,0.9799982097146995
4741,0.13448515929202595,1.7140661228172478,1.766190034116938,0.3318292853964364,1.027583269353482,0.9799982097146995
4742,0.13449579714193946,1.7140661228172478,1.766190034116938,0.33184008235156937,1.027583269353482,0.9799982097146995
4743,0.13435089884021928,1.7140661228172478,1.766190034116938,0.3318536152021009,1.027583269353482,0.9799982097146995
4744,0.13434454641750918,1.7140661228172478,1.766190034116938,0.33186963072513515,1.027583269353482,0.9799982097146995
4745,0.13405972571132535,1.7140661228172478,1.766190034116938,0.33188784338275573,1.027583269353482,0.9799982097146995
4746,0.13403942142484895,1.7140661228172478,1.766190034116938,0.33190794184241407,1.027583269353482,0.9799982097146995
4747,0.13374574051541996,1.7140661228172478,1.766190034116938,0.331929595531621,1.027583269353482,0.9799982097146995
4748,0.1336593097368436,1.7140661228172478,1.766190034116938,0.3319524610142573,1.027583269353482,0.9799982097146995
4749,0.13343278858511717,1.7140661228172478,1.766190034116938,0.3319761880134487,1.027583269353482,0.9799982097146995
4750,0.13326479011643097,1.7140661228172478,1.766190034116938,0.33200042495000537,1.027583269353482,0.9799982097146995
4751,0.1331443486756067,1.7140661228172478,1.766190034116938,0.33202482391201804,1.027583269353482,0.9799982097146995
4752,0.1330206611591946,1.7140661228172478,1.766190034116938,0.3320490450169021,1.027583269353482,0.9799982097146995
4753,0.1329844851030226,1.7140661228172478,1.766190034116938,0.33207276016889153,1.027583269353482,0.9799982097146995
4754,0.13280381498789462,1.7140661228172478,1.766190034116938,0.3320956562504585,1.027583269353482,0.9799982097146995
4755,0.13281500428882587,1.7140661228172478,1.766190034116938,0.3321174378137105,1.027583269353482,0.9799982097146995
4756,0.1325033060843311,1.7140661228172478,1.766190034116938,0.3321378293565011,1.027583269353482,0.9799982097146995
4757,0.13251248032654758,1.7140661228172478,1.766190034116938,0.3321565772774789,1.027583269353482,0.9799982097146995
4758,0.1322271846192039,1.7140661228172478,1.766190034116938,0.33217345160447914,1.027583269353482,0.9799982097146995
4759,0.1322140665887184,1.7140661228172478,1.766190034116938,0.33218824758167775,1.027583269353482,0.9799982097146995
4760,0.13199167215168808,1.7140661228172478,1.766190034116938,0.33220078718239066,1.027583269353482,0.9799982097146995
4761,0.13194455509687972,1.7140661228172478,1.766190034116938,0.3322109205840251,1.027583269353482,0.9799982097146995
4762,0.1317386295778487,1.7140661228172478,1.766190034116938,0.33221852759013215,1.027583269353482,0.9799982097146995
4763,0.13173317945567647,1.7140661228172478,1.766190034116938,0.3322235188719937,1.027583269353482,0.9799982097146995
4764,0.1316043308752132,1.7140661228172478,1.766190034116938,0.3322258365085569,1.027583269353482,0.9799982097146995
4765,0.13158996640268095,1.7140661228172478,1.766190034116938,0.3322254503006324,1.027583269353482,0.9799982097146995
4766,0.13147215068685525,1.7140661228172478,1.766190034116938,0.33222246648410597,1.027583269353482,0.9799982097146995
4767,0.1313876753782383,1.7140661228172478,1.766190034116938,0.33221695144107755,1.027583269353482,0.9799982097146995
4768,0.1312802762903484,1.7140661228172478,1.766190034116938,0.3322090018491221,1.027583269353482,0.9799982097146995
4769,0.13122040893495612,1.7140661228172478,1.766190034116938,0.3321987478051197,1.027583269353482,0.9799982097146995
4770,0.1311753980439586,1.7140661228172478,1.766190034116938,0.33218635313395845,1.027583269353482,0.9799982097146995
4771,0.1310493294974716,1.7140661228172478,1.766190034116938,0.33217201453244083,1.027583269353482,0.9799982097146995
4772,0.1310095249130699,1.7140661228172478,1.766190034116938,0.332155959782482,1.027583269353482,0.9799982097146995
4773,0.13078567151277606,1.7140661228172478,1.766190034116938,0.332138445070253,1.027583269353482,0.9799982097146995
4774,0.13080575178810955,1.7140661228172478,1.766190034116938,0.33211975142686107,1.027583269353482,0.9799982097146995
4775,0.13044545918853548,1.7140661228172478,1.766190034116938,0.33210018033028205,1.027583269353482,0.9799982097146995
4776,0.13054131752775236,1.7140661228172478,1.766190034116938,0.3320800485477651,1.027583269353482,0.9799982097146995
4777,0.13010296979811942,1.7140661228172478,1.766190034116938,0.3320596823418918,1.027583269353482,0.9799982097146995
4778,0.13016468966705594,1.7140661228172478,1.766190034116938,0.33203941120549296,1.027583269353482,0.9799982097146995
4779,0.1298844166791,1.7140661228172478,1.766190034116938,0.33201956132604127,1.027583269353482,0.9799982097146995
4780,0.12994546938176188,1.7140661228172478,1.766190034116938,0.33200044900506726,1.027583269353482,0.9799982097146995
4781,0.12984092567623118,1.7140661228172478,1.766190034116938,0.33198237426988664,1.027583269353482,0.9799982097146995
4782,0.1299476225639851,1.7140661228172478,1.766190034116938,0.3319656149118827,1.027583269353482,0.9799982097146995
4783,0.12987148114542163,1.7140661228172478,1.766190034116938,0.3319504211675736,1.027583269353482,0.9799982097146995
4784,0.12998313955044322,1.7140661228172478,1.766190034116938,0.3319370112269585,1.027583269353482,0.9799982097146995
4785,0.12992812663177228,1.7140661228172478,1.766190034116938,0.3319255677105995,1.027583269353482,0.9799982097146995
4786,0.12996083668130182,1.7140661228172478,1.766190034116938,0.3319162352060799,1.027583269353482,0.9799982097146995
4787,0.1299662875961622,1.7140661228172478,1.766190034116938,0.33190911889991037,1.027583269353482,0.9799982097146995
4788,0.12986785543328494,1.7140661228172478,1.766190034116938,0.3319042842868758,1.027583269353482,0.9799982097146995
4789,0.1298825531714235,1.7140661228172478,1.766190034116938,0.33190175788919696,1.027583269353482,0.9799982097146995
4790,0.12970500179406347,1.7140661228172478,1.766190034116938,0.3319015288759292,1.027583269353482,0.9799982097146995
4791,0.12970268836057716,1.7140661228172478,1.766190034116938,0.3319035514412372,1.027583269353482,0.9799982097146995
4792,0.12953485620342448,1.7140661228172478,1.766190034116938,0.3319077477797309,1.027583269353482,0.9799982097146995
4793,0.12947675836780195,1.7140661228172478,1.766190034116938,0.3319140114883341,1.027583269353482,0.9799982097146995
4794,0.12929877076924617,1.7140661228172478,1.766190034116938,0.33192221122637905,1.027583269353482,0.9799982097146995
4795,0.12917973649949904,1.7140661228172478,1.766190034116938,0.3319321944774302,1.027583269353482,0.9799982097146995
4796,0.1290497756509304,1.7140661228172478,1.766190034116938,0.331943791275779,1.027583269353482,0.9799982097146995
4797,0.12897022105494954,1.7140661228172478,1.766190034116938,0.3319568177853946,1.027583269353482,0.9799982097146995
4798,0.12887699189565544,1.7140661228172478,1.766190034116938,0.33197107964717903,1.027583269353482,0.9799982097146995
4799,0.12885880288342674,1.7140661228172478,1.766190034116938,0.3319863750394988,1.027583269353482,0.9799982097146995
4800,0.12884366639402153,1.7140661228172478,1.766190034116938,0.3320024974253335,1.027583269353482,0.9799982097146995
4801,0.12881185862451253,1.7140661228172478,1.766190034116938,0.3320192379854598,1.027583269353482,0.9799982097146995
4802,0.1288464875603351,1.7140661228172478,1.766190034116938,0.3320363877596475,1.027583269353482,0.9799982097146995
4803,0.12876577682937806,1.7140661228172478,1.766190034116938,0.3320537395360562,1.027583269353482,0.9799982097146995
4804,0.12879961706047588,1.7140661228172478,1.766190034116938,0.3320710895422437,1.027583269353482,0.9799982097146995
4805,0.12880095065431887,1.7140661228172478,1.766190034116938,0.33208823899908546,1.027583269353482,0.9799982097146995
4806,0.1288484441573807,1.7140661228172478,1.766190034116938,0.3321049956013251,1.027583269353482,0.9799982097146995
4807,0.1288682706949125,1.7140661228172478,1.766190034116938,0.3321211749854121,1.027583269353482,0.9799982097146995
4808,0.12896469216983988,1.7140661228172478,1.766190034116938,0.3321366022370236,1.027583269353482,0.9799982097146995
4809,0.1288755263775636,1.7140661228172478,1.766190034116938,0.33215111347755455,1.027583269353482,0.9799982097146995
4810,0.12900296937148528,1.7140661228172478,1.766190034116938,0.33216455755164515,1.027583269353482,0.9799982097146995
4811,0.12890441962194926,1.7140661228172478,1.766190034116938,0.3321767978173653,1.027583269353482,0.9799982097146995
4812,0.1289306109292548,1.7140661228172478,1.766190034116938,0.3321877140182142,1.027583269353482,0.9799982097146995
4813,0.1288840385419686,1.7140661228172478,1.766190034116938,0.3321972041931197,1.027583269353482,0.9799982097146995
4814,0.12873821072923886,1.7140661228172478,1.766190034116938,0.3322051865586736,1.027583269353482,0.9799982097146995
4815,0.12877696576007885,1.7140661228172478,1.766190034116938,0.3322116012784827,1.027583269353482,0.9799982097146995
4816,0.12849276151904745,1.7140661228172478,1.766190034116938,0.33221641201837154,1.027583269353482,0.9799982097146995
4817,0.12863068425942792,1.7140661228172478,1.766190034116938,0.33221960717037313,1.027583269353482,0.9799982097146995
4818,0.12825501908999706,1.7140661228172478,1.766190034116938,0.3322212005911581,1.027583269353482,0.9799982097146995
4819,0.12850239981405712,1.7140661228172478,1.766190034116938,0.33222123143280297,1.027583269353482,0.9799982097146995
4820,0.12810177167678238,1.7140661228172478,1.766190034116938,0.33221967119683565,1.027583269353482,0.9799982097146995
4821,0.12830035267348402,1.7140661228172478,1.766190034116938,0.33221662798053686,1.027583269353482,0.9799982097146995
4822,0.12792481380184545,1.7140661228172478,1.766190034116938,0.33221223656026405,1.027583269353482,0.9799982097146995
4823,0.12809833383065833,1.7140661228172478,1.766190034116938,0.33220665633798235,1.027583269353482,0.9799982097146995
4824,0.12792231324711467,1.7140661228172478,1.766190034116938,0.3322000680293582,1.027583269353482,0.9799982097146995
4825,0.12817085696322153,1.7140661228172478,1.766190034116938,0.3321926696718087,1.027583269353482,0.9799982097146995
4826,0.12806997387196675,1.7140661228172478,1.766190034116938,0.3321846721958448,1.027583269353482,0.9799982097146995
4827,0.12831614637390323,1.7140661228172478,1.766190034116938,0.3321762947724445,1.027583269353482,0.9799982097146995
4828,0.12828901750122185,1.7140661228172478,1.766190034116938,0.33216776014234994,1.027583269353482,0.9799982097146995
4829,0.12849467674571968,1.7140661228172478,1.766190034116938,0.33215929011958994,1.027583269353482,0.9799982097146995
4830,0.12854330975600217,1.7140661228172478,1.766190034116938,0.3321511014368542,1.027583269353482,0.9799982097146995
4831,0.12860331695540309,1.7140661228172478,1.766190034116938,0.33214340206582715,1.027583269353482,0.9799982097146995
4832,0.12866632818696636,1.7140661228172478,1.766190034116938,0.33213638810446444,1.027583269353482,0.9799982097146995
4833,0.12869744012463047,1.7140661228172478,1.766190034116938,0.3321302412793979,1.027583269353482,0.9799982097146995
4834,0.12881582043843648,1.7140661228172478,1.766190034116938,0.3321251270689173,1.027583269353482,0.9799982097146995
4835,0.12880308134301735,1.7140661228172478,1.766190034116938,0.3321211934136711,1.027583269353482,0.9799982097146995
4836,0.12891501252372564,1.7140661228172478,1.766190034116938,0.33211856995076317,1.027583269353482,0.9799982097146995
4837,0.12878505138959664,1.7140661228172478,1.766190034116938,0.33211736768385397,1.027583269353482,0.9799982097146995
4838,0.1288327598633286,1.7140661228172478,1.766190034116938,0.33211767898786965,1.027583269353482,0.9799982097146995
4839,0.12867675154821054,1.7140661228172478,1.766190034116938,0.3321195778417414,1.027583269353482,0.9799982097146995
4840,0.12866715294298375,1.7140661228172478,1.766190034116938,0.33212312018560214,1.027583269353482,0.9799982097146995
4841,0.1286161185706418,1.7140661228172478,1.766190034116938,0.33212834430880883,1.027583269353482,0.9799982097146995
4842,0.1285852501216028,1.7140661228172478,1.766190034116938,0.3321352711907753,1.027583269353482,0.9799982097146995
4843,0.12858757867857604,1.7140661228172478,1.766190034116938,0.33214390473637984,1.027583269353482,0.9799982097146995
4844,0.12854296972462656,1.7140661228172478,1.766190034116938,0.3321542318703383,1.027583269353482,0.9799982097146995
4845,0.12866024068386622,1.7140661228172478,1.766190034116938,0.33216622247900984,1.027583269353482,0.9799982097146995
4846,0.12863732919058077,1.7140661228172478,1.766190034116938,0.3321798292124427,1.027583269353482,0.9799982097146995
4847,0.1288998480567101,1.7140661228172478,1.766190034116938,0.332194987182822,1.027583269353482,0.9799982097146995
4848,0.12886996457825164,1.7140661228172478,1.766190034116938,0.33221161361675344,1.027583269353482,0.9799982097146995
4849,0.12906518543172943,1.7140661228172478,1.766190034116938,0.3322296075367909,1.027583269353482,0.9799982097146995
4850,0.12906115623413567,1.7140661228172478,1.766190034116938,0.3322488495612289,1.027583269353482,0.9799982097146995
4851,0.12922984701474777,1.7140661228172478,1.766190034116938,0.3322692019192748,1.027583269353482,0.9799982097146995
4852,0.1292262921578273,1.7140661228172478,1.766190034116938,0.3322905087803793,1.027583269353482,0.9799982097146995
4853,0.12940527458524112,1.7140661228172478,1.766190034116938,0.33231259699094673,1.027583269353482,0.9799982097146995
4854,0.12939186287704618,1.7140661228172478,1.766190034116938,0.3323352772985088,1.027583269353482,0.9799982097146995
4855,0.1295242946018208,1.7140661228172478,1.766190034116938,0.33235834612277276,1.027583269353482,0.9799982097146995
4856,0.12953354508077014,1.7140661228172478,1.766190034116938,0.3323815879054428,1.027583269353482,0.9799982097146995
4857,0.1295639661128723,1.7140661228172478,1.766190034116938,0.33240477803771634,1.027583269353482,0.9799982097146995
4858,0.12956924788490523,1.7140661228172478,1.766190034116938,0.3324276863278204,1.027583269353482,0.9799982097146995
4859,0.12951884430199886,1.7140661228172478,1.766190034116938,0.33245008093350126,1.027583269353482,0.9799982097146995
4860,0.12947860381234236,1.7140661228172478,1.766190034116938,0.3324717326489227,1.027583269353482,0.9799982097146995
4861,0.12937954215004893,1.7140661228172478,1.766190034116938,0.33249241940505925,1.027583269353482,0.9799982097146995
4862,0.12932678459825778,1.7140661228172478,1.766190034116938,0.332511930820268,1.027583269353482,0.9799982097146995
4863,0.12918566437550866,1.7140661228172478,1.766190034116938,0.33253007262559475,1.027583269353482,0.9799982097146995
4864,0.12899011616379175,1.7140661228172478,1.766190034116938,0.3325466707890966,1.027583269353482,0.9799982097146995
4865,0.12887802840659013,1.7140661228172478,1.766190034116938,0.3325615751753953,1.027583269353482,0.9799982097146995
4866,0.12844838693339386,1.7140661228172478,1.766190034116938,0.3325746626002612,1.027583269353482,0.9799982097146995
4867,0.12841355973177598,1.7140661228172478,1.766190034116938,0.33258583917348084,1.027583269353482,0.9799982097146995
4868,0.12793503290209152,1.7140661228172478,1.766190034116938,0.3325950418641998,1.027583269353482,0.9799982097146995
4869,0.12797783672227397,1.7140661228172478,1.766190034116938,0.3326022392689065,1.027583269353482,0.9799982097146995
4870,0.12763853942950684,1.7140661228172478,1.766190034116938,0.3326074316126819,1.027583269353482,0.9799982097146995
4871,0.12768688573155512,1.7140661228172478,1.766190034116938,0.33261065007833446,1.027583269353482,0.9799982097146995
4872,0.12740124120570115,1.7140661228172478,1.766190034116938,0.33261195570573737,1.027583269353482,0.9799982097146995
4873,0.12744631329052405,1.7140661228172478,1.766190034116938,0.33261143925174624,1.027583269353482,0.9799982097146995
4874,0.12730757712893306,1.7140661228172478,1.766190034116938,0.3326092003218839,1.027583269353482,0.9799982097146995
4875,0.12733728569247102,1.7140661228172478,1.766190034116938,0.332605371220487,1.027583269353482,0.9799982097146995
4876,0.12736169559828095,1.7140661228172478,1.766190034116938,0.3326001058220907,1.027583269353482,0.9799982097146995
4877,0.1273914943756203,1.7140661228172478,1.766190034116938,0.3325935760712871,1.027583269353482,0.9799982097146995
4878,0.12743065270827114,1.7140661228172478,1.766190034116938,0.3325859690579038,1.027583269353482,0.9799982097146995
4879,0.12747185244209464,1.7140661228172478,1.766190034116938,0.3325774843399799,1.027583269353482,0.9799982097146995
4880,0.12747460146158993,1.7140661228172478,1.766190034116938,0.3325683314714505,1.027583269353482,0.9799982097146995
4881,0.1274254422679868,1.7140661228172478,1.766190034116938,0.33255872771764217,1.027583269353482,0.9799982097146995
4882,0.12742333199563158,1.7140661228172478,1.766190034116938,0.33254889592932413,1.027583269353482,0.9799982097146995
4883,0.12731135361823653,1.7140661228172478,1.766190034116938,0.33253906252746296,1.027583269353482,0.9799982097146995
4884,0.12728513173858766,1.7140661228172478,1.766190034116938,0.33252945553443924,1.027583269353482,0.9799982097146995
4885,0.12713449800569948,1.7140661228172478,1.766190034116938,0.3325203025766021,1.027583269353482,0.9799982097146995
4886,0.12707578705660313,1.7140661228172478,1.766190034116938,0.33251182877933405,1.027583269353482,0.9799982097146995
4887,0.12696580825794473,1.7140661228172478,1.766190034116938,0.33250425448016707,1.027583269353482,0.9799982097146995
4888,0.12696903788523806,1.7140661228172478,1.766190034116938,0.33249779269821667,1.027583269353482,0.9799982097146995
4889,0.1268644013496911,1.7140661228172478,1.766190034116938,0.33249264631899667,1.027583269353482,0.9799982097146995
4890,0.1268485015692057,1.7140661228172478,1.766190034116938,0.33248900498177186,1.027583269353482,0.9799982097146995
4891,0.12678168342962615,1.7140661228172478,1.766190034116938,0.3324870416904711,1.027583269353482,0.9799982097146995
4892,0.12675902611594556,1.7140661228172478,1.766190034116938,0.33248690920675866,1.027583269353482,0.9799982097146995
4893,0.12677286647412855,1.7140661228172478,1.766190034116938,0.3324887363224886,1.027583269353482,0.9799982097146995
4894,0.12671985737845526,1.7140661228172478,1.766190034116938,0.33249262414522546,1.027583269353482,0.9799982097146995
4895,0.12677697675506042,1.7140661228172478,1.766190034116938,0.3324986425614059,1.027583269353482,0.9799982097146995
4896,0.1266866104705501,1.7140661228172478,1.766190034116938,0.33250682706361195,1.027583269353482,0.9799982097146995
4897,0.12677795767629618,1.7140661228172478,1.766190034116938,0.332517176138252,1.027583269353482,0.9799982097146995
4898,0.12670672980584058,1.7140661228172478,1.766190034116938,0.3325296494054493,1.027583269353482,0.9799982097146995
4899,0.1267849721496691,1.7140661228172478,1.766190034116938,0.3325441666829578,1.027583269353482,0.9799982097146995
4900,0.1267428463848264,1.7140661228172478,1.766190034116938,0.33256060811073773,1.027583269353482,0.9799982097146995
4901,0.12678556394173765,1.7140661228172478,1.766190034116938,0.3325788154242267,1.027583269353482,0.9799982097146995
4902,0.12676522308335816,1.7140661228172478,1.766190034116938,0.33259859440565137,1.027583269353482,0.9799982097146995
4903,0.12688326885535475,1.7140661228172478,1.766190034116938,0.33261971847849386,1.027583269353482,0.9799982097146995
4904,0.12687921763540397,1.7140661228172478,1.766190034116938,0.33264193334574005,1.027583269353482,0.9799982097146995
4905,0.1270647322113241,1.7140661228172478,1.766190034116938,0.3326649625133646,1.027583269353482,0.9799982097146995
4906,0.12706261123487456,1.7140661228172478,1.766190034116938,0.33268851349170936,1.027583269353482,0.9799982097146995
4907,0.1272215090378532,1.7140661228172478,1.766190034116938,0.33271228443312045,1.027583269353482,0.9799982097146995
4908,0.1272267543218181,1.7140661228172478,1.766190034116938,0.33273597094702173,1.027583269353482,0.9799982097146995
4909,0.12733825395734338,1.7140661228172478,1.766190034116938,0.33275927283440004,1.027583269353482,0.9799982097146995
4910,0.1273093952660771,1.7140661228172478,1.766190034116938,0.33278190050162126,1.027583269353482,0.9799982097146995
4911,0.12735463910425215,1.7140661228172478,1.766190034116938,0.3328035808460953,1.027583269353482,0.9799982097146995
4912,0.1272772178952772,1.7140661228172478,1.766190034116938,0.332824062449958,1.027583269353482,0.9799982097146995
4913,0.12726939017708144,1.7140661228172478,1.766190034116938,0.33284311996822424,1.027583269353482,0.9799982097146995
4914,0.1271155969293821,1.7140661228172478,1.766190034116938,0.3328605576502292,1.027583269353482,0.9799982097146995
4915,0.1270668785114379,1.7140661228172478,1.766190034116938,0.3328762119832522,1.027583269353482,0.9799982097146995
4916,0.1267681704230609,1.7140661228172478,1.766190034116938,0.3328899534912542,1.027583269353482,0.9799982097146995
4917,0.12672490621881516,1.7140661228172478,1.766190034116938,0.332901687756735,1.027583269353482,0.9799982097146995
4918,0.12648445980011652,1.7140661228172478,1.766190034116938,0.3329113557574446,1.027583269353482,0.9799982097146995
4919,0.1264914343327304,1.7140661228172478,1.766190034116938,0.3329189336198076,1.027583269353482,0.9799982097146995
4920,0.12635705484634524,1.7140661228172478,1.766190034116938,0.33292443188230736,1.027583269353482,0.9799982097146995
4921,0.1263549397093914,1.7140661228172478,1.766190034116938,0.33292789431431874,1.027583269353482,0.9799982097146995
4922,0.12622735254631573,1.7140661228172478,1.766190034116938,0.332929396129701,1.027583269353482,0.9799982097146995
4923,0.12627981504991595,1.7140661228172478,1.766190034116938,0.33292903969433757,1.027583269353482,0.9799982097146995
4924,0.1261730992019115,1.7140661228172478,1.766190034116938,0.3329269979744836,1.027583269353482,0.9799982097146995
4925,0.12625626481873486,1.7140661228172478,1.766190034116938,0.3329234387255571,1.027583269353482,0.9799982097146995
4926,0.1261484758908687,1.7140661228172478,1.766190034116938,0.3329185508896411,1.027583269353482,0.9799982097146995
4927,0.1261770517813712,1.7140661228172478,1.766190034116938,0.33291254445944046,1.027583269353482,0.9799982097146995
4928,0.12611062199107648,1.7140661228172478,1.766190034116938,0.3329056489390762,1.027583269353482,0.9799982097146995
4929,0.12619761852319114,1.7140661228172478,1.766190034116938,0.3328981113129838,1.027583269353482,0.9799982097146995
4930,0.12619647208197995,1.7140661228172478,1.766190034116938,0.33289019365288114,1.027583269353482,0.9799982097146995
4931,0.1262752438842808,1.7140661228172478,1.766190034116938,0.33288217036584916,1.027583269353482,0.9799982097146995
4932,0.12626671690753524,1.7140661228172478,1.766190034116938,0.3328743250624048,1.027583269353482,0.9799982097146995
4933,0.12624779070290557,1.7140661228172478,1.766190034116938,0.33286694702911784,1.027583269353482,0.9799982097146995
4934,0.1262517468563066,1.7140661228172478,1.766190034116938,0.33286032730914467,1.027583269353482,0.9799982097146995
4935,0.12623353378743046,1.7140661228172478,1.766190034116938,0.332854754419898,1.027583269353482,0.9799982097146995
4936,0.12621172085847815,1.7140661228172478,1.766190034116938,0.3328505097662808,1.027583269353482,0.9799982097146995
4937,0.1261477881627365,1.7140661228172478,1.766190034116938,0.33284786283743945,1.027583269353482,0.9799982097146995
4938,0.12612104738573862,1.7140661228172478,1.766190034116938,0.332847066301952,1.027583269353482,0.9799982097146995
4939,0.12596142665095258,1.7140661228172478,1.766190034116938,0.33284835113813593,1.027583269353482,0.9799982097146995
4940,0.12601900337503888,1.7140661228172478,1.766190034116938,0.33285192195049085,1.027583269353482,0.9799982097146995
4941,0.12585137766822255,1.7140661228172478,1.766190034116938,0.3328579526285804,1.027583269353482,0.9799982097146995
4942,0.1259348846197609,1.7140661228172478,1.766190034116938,0.33286658250004747,1.027583269353482,0.9799982097146995
4943,0.12576988252112453,1.7140661228172478,1.766190034116938,0.33287791311509146,1.027583269353482,0.9799982097146995
4944,0.12577682628589876,1.7140661228172478,1.766190034116938,0.33289200577647227,1.027583269353482,0.9799982097146995
4945,0.12571593820059182,1.7140661228172478,1.766190034116938,0.33290887989886137,1.027583269353482,0.9799982097146995
4946,0.12574783336302045,1.7140661228172478,1.766190034116938,0.3329285122464247,1.027583269353482,0.9799982097146995
4947,0.12574621223734786,1.7140661228172478,1.766190034116938,0.33295083706071765,1.027583269353482,0.9799982097146995
4948,0.12578316429477096,1.7140661228172478,1.766190034116938,0.3329757470551101,1.027583269353482,0.9799982097146995
4949,0.12578191679143974,1.7140661228172478,1.766190034116938,0.33300309521960014,1.027583269353482,0.9799982097146995
4950,0.1257583300468755,1.7140661228172478,1.766190034116938,0.33303269735323027,1.027583269353482,0.9799982097146995
4951,0.12574441098002537,1.7140661228172478,1.766190034116938,0.33306433522176204,1.027583269353482,0.9799982097146995
4952,0.125629756222103,1.7140661228172478,1.766190034116938,0.33309776022666193,1.027583269353482,0.9799982097146995
4953,0.12557720820929058,1.7140661228172478,1.766190034116938,0.3331326974676999,1.027583269353482,0.9799982097146995
4954,0.12545328388349347,1.7140661228172478,1.766190034116938,0.33316885008497016,1.027583269353482,0.9799982097146995
4955,0.12540642560718324,1.7140661228172478,1.766190034116938,0.3332059037756931,1.027583269353482,0.9799982097146995
4956,0.12536430198145615,1.7140661228172478,1.766190034116938,0.3332435313951679,1.027583269353482,0.9799982097146995
4957,0.1253478662952959,1.7140661228172478,1.766190034116938,0.3332813975679563,1.027583269353482,0.9799982097146995
4958,0.1253292359494786,1.7140661228172478,1.766190034116938,0.3333191632530099,1.027583269353482,0.9799982097146995
4959,0.12532921059810687,1.7140661228172478,1.766190034116938,0.3333564902233135,1.027583269353482,0.9799982097146995
4960,0.12531253421671007,1.7140661228172478,1.766190034116938,0.333393045435267,1.027583269353482,0.9799982097146995
4961,0.12532530495112182,1.7140661228172478,1.766190034116938,0.33342850527433177,1.027583269353482,0.9799982097146995
4962,0.12532372443504153,1.7140661228172478,1.766190034116938,0.3334625596706564,1.027583269353482,0.9799982097146995
4963,0.12533137720229687,1.7140661228172478,1.766190034116938,0.33349491608103243,1.027583269353482,0.9799982097146995
4964,0.125332281870183,1.7140661228172478,1.766190034116938,0.3335253033316542,1.027583269353482,0.9799982097146995
4965,0.12527782510090354,1.7140661228172478,1.766190034116938,0.3335534753100343,1.027583269353482,0.9799982097146995
4966,0.12530137155711174,1.7140661228172478,1.766190034116938,0.333579214484781,1.027583269353482,0.9799982097146995
4967,0.1251409543477699,1.7140661228172478,1.766190034116938,0.3336023352196944,1.027583269353482,0.9799982097146995
4968,0.12518914884483054,1.7140661228172478,1.766190034116938,0.33362268683490737,1.027583269353482,0.9799982097146995
4969,0.12497455430759441,1.7140661228172478,1.766190034116938,0.33364015635382577,1.027583269353482,0.9799982097146995
4970,0.12496138413038346,1.7140661228172478,1.766190034116938,0.3336546708613998,1.027583269353482,0.9799982097146995
4971,0.12476597112899836,1.7140661228172478,1.766190034116938,0.33366619938691766,1.027583269353482,0.9799982097146995
4972,0.1246554814425861,1.7140661228172478,1.766190034116938,0.3336747542103651,1.027583269353482,0.9799982097146995
4973,0.12457956754406518,1.7140661228172478,1.766190034116938,0.3336803914609195,1.027583269353482,0.9799982097146995
4974,0.12453447136610903,1.7140661228172478,1.766190034116938,0.33368321075117546,1.027583269353482,0.9799982097146995
4975,0.12449689875018154,1.7140661228172478,1.766190034116938,0.33368335266733107,1.027583269353482,0.9799982097146995
4976,0.12454927564288441,1.7140661228172478,1.766190034116938,0.33368087875815344,1.027583269353482,0.9799982097146995
4977,0.12453899228876886,1.7140661228172478,1.766190034116938,0.33367605422888375,1.027583269353482,0.9799982097146995
4978,0.12463187688768385,1.7140661228172478,1.766190034116938,0.333669180754019,1.027583269353482,0.9799982097146995
4979,0.1246474436073982,1.7140661228172478,1.766190034116938,0.33366059450965935,1.027583269353482,0.9799982097146995
4980,0.12477563696752643,1.7140661228172478,1.766190034116938,0.3336506610597009,1.027583269353482,0.9799982097146995
4981,0.12476261592061313,1.7140661228172478,1.766190034116938,0.3336397691606066,1.027583269353482,0.9799982097146995
4982,0.12497597703938633,1.7140661228172478,1.766190034116938,0.3336283239821276,1.027583269353482,0.9799982097146995
4983,0.12495983002225224,1.7140661228172478,1.766190034116938,0.33361674003838215,1.027583269353482,0.9799982097146995
4984,0.1251744566129118,1.7140661228172478,1.766190034116938,0.33360543407312065,1.027583269353482,0.9799982097146995
4985,0.12520331812303148,1.7140661228172478,1.766190034116938,0.3335948181156876,1.027583269353482,0.9799982097146995
4986,0.1253217364523567,1.7140661228172478,1.766190034116938,0.3335852928957029,1.027583269353482,0.9799982097146995
4987,0.12533028690096643,1.7140661228172478,1.766190034116938,0.333577241770143,1.027583269353482,0.9799982097146995
4988,0.1253544474618968,1.7140661228172478,1.766190034116938,0.3335710252769312,1.027583269353482,0.9799982097146995
4989,0.12524958100008846,1.7140661228172478,1.766190034116938,0.333566976386832,1.027583269353482,0.9799982097146995
4990,0.1252509034829231,1.7140661228172478,1.766190034116938,0.3335653964835829,1.027583269353482,0.9799982097146995
4991,0.1250977218607554,1.7140661228172478,1.766190034116938,0.3335665520637629,1.027583269353482,0.9799982097146995
4992,0.12509921352963482,1.7140661228172478,1.766190034116938,0.33357067211559627,1.027583269353482,0.9799982097146995
4993,0.12491489629413031,1.7140661228172478,1.766190034116938,0.3335779461116234,1.027583269353482,0.9799982097146995
4994,0.12495397470889129,1.7140661228172478,1.766190034116938,0.33358852253504473,1.027583269353482,0.9799982097146995
4995,0.12474019356212736,1.7140661228172478,1.766190034116938,0.3336025078539562,1.027583269353482,0.9799982097146995
4996,0.12486259032342206,1.7140661228172478,1.766190034116938,0.33361996586104964,1.027583269353482,0.9799982097146995
4997,0.12468564356183248,1.7140661228172478,1.766190034116938,0.3336409173077066,1.027583269353482,0.9799982097146995
4998,0.12478164121903516,1.7140661228172478,1.766190034116938,0.3336653397790677,1.027583269353482,0.9799982097146995
4999,0.12468718753262789,1.7140661228172478,1.766190034116938,0.33369316777873803,1.027583269353482,0.9799982097146995
5000,0.12470584708881906,1.7140661228172478,1.766190034116938,0.3337242930162009,1.027583269353482,0.9799982097146995
